State,Constituency,Candidate,Party,Total Votes,% of Votes,Result
Andaman & Nicobar Islands,Andaman & Nicobar Islands,BISHNU PADA RAY,Bharatiya Janata Party,102436,50.58,Won
Andaman & Nicobar Islands,Andaman & Nicobar Islands,KULDEEP RAI SHARMA,Indian National Congress,78040,38.54,Lost
Andaman & Nicobar Islands,Andaman & Nicobar Islands,MANOJ PAUL,Andaman Nicobar Democratic Congress,8254,04.08,Lost
Andaman & Nicobar Islands,Andaman & Nicobar Islands,D AYYAPPAN,Communist Party of India  (Marxist),6017,2.97,Lost
Andaman & Nicobar Islands,Andaman & Nicobar Islands,V.K. ABDUL AZIZ,Independent,2203,01.09,Lost
Andaman & Nicobar Islands,Andaman & Nicobar Islands,K J B SELVARAJ,All India Anna Dravida Munnetra Kazhagam,914,0.45,Lost
Andaman & Nicobar Islands,Andaman & Nicobar Islands,DR ARUN KUMAR MALLIK,Bahujan Samaj Party,719,0.36,Lost
Andaman & Nicobar Islands,Andaman & Nicobar Islands,RINKU MALA MONDAL,Independent,542,0.27,Lost
Andaman & Nicobar Islands,Andaman & Nicobar Islands,K VENKAT RAM BABU,Independent,507,0.25,Lost
Andaman & Nicobar Islands,Andaman & Nicobar Islands,USHA KUMARI,Independent,380,0.19,Lost
Andaman & Nicobar Islands,Andaman & Nicobar Islands,SALAMAT MONDAL,Socialist Unity Centre Of India (COMMUNIST),351,0.17,Lost
Andaman & Nicobar Islands,Andaman & Nicobar Islands,ANAND RAMNATH ARLEKAR,Independent,342,0.17,Lost
Andaman & Nicobar Islands,Andaman & Nicobar Islands,NOTA,None of the Above,1809,0.89,Lost
Andhra Pradesh,Amalapuram (SC),G M HARISH (BALAYOGI),Telugu Desam,796981,61.25,Won
Andhra Pradesh,Amalapuram (SC),RAPAKA VARAPRASADA RAO,Yuvajana Sramika Rythu Congress Party,454785,34.95,Lost
Andhra Pradesh,Amalapuram (SC),GOUTHAM JANGA,Indian National Congress,15082,1.16,Lost
Andhra Pradesh,Amalapuram (SC),DORABABU YALLA,Bahujan Samaj Party,5388,0.41,Lost
Andhra Pradesh,Amalapuram (SC),KATRU NAGA BABU,Telugu Nava Garjana Party,3741,0.29,Lost
Andhra Pradesh,Amalapuram (SC),VADDI LALITH KUMAR,Independent,2977,0.23,Lost
Andhra Pradesh,Amalapuram (SC),MAKEY DAVY PRASAD,Independent,2111,0.16,Lost
Andhra Pradesh,Amalapuram (SC),GUDE VENKATESWARULU,Independent,1745,0.13,Lost
Andhra Pradesh,Amalapuram (SC),RAMESH JILLELLA,Jatiya Jana Sena Party,872,0.07,Lost
Andhra Pradesh,Amalapuram (SC),YALANGI RAMESH,Jaibhim Rao Bharat Party,740,0.06,Lost
Andhra Pradesh,Amalapuram (SC),MATHA KRISHNA,Pyramid Party of India,719,0.06,Lost
Andhra Pradesh,Amalapuram (SC),GIDDI JNANA PRAKASA RAO,Republican Party of India,726,0.06,Lost
Andhra Pradesh,Amalapuram (SC),YADLA RAJESH,Liberation Congress Party,635,0.05,Lost
Andhra Pradesh,Amalapuram (SC),KAPA KALYAN,Republican Party of India (A),581,0.04,Lost
Andhra Pradesh,Amalapuram (SC),PATHURI RAMESH,Peoples Party of India (Democratic),505,0.04,Lost
Andhra Pradesh,Amalapuram (SC),NOTA,None of the Above,13518,01.04,Lost
Andhra Pradesh,Anakapalle,C.M.RAMESH,Bharatiya Janata Party,762069,57.5,Won
Andhra Pradesh,Anakapalle,BUDI MUTYALA NAIDU,Yuvajana Sramika Rythu Congress Party,465539,35.13,Lost
Andhra Pradesh,Anakapalle,VEGI VENKATESH,Indian National Congress,25651,1.94,Lost
Andhra Pradesh,Anakapalle,PALAKA SREERAMA MURTHY,Bahujan Samaj Party,19157,1.45,Lost
Andhra Pradesh,Anakapalle,VANKAYALA RAMACHANDRA RAO,Independent,4002,0.3,Lost
Andhra Pradesh,Anakapalle,LOVARAJU SIDDHA,Independent,3852,0.29,Lost
Andhra Pradesh,Anakapalle,KRISHNA SWAROOP VADLAMURI,Dalita Bahujana Party,3557,0.27,Lost
Andhra Pradesh,Anakapalle,GARA SURYA RAO,Independent,3124,0.24,Lost
Andhra Pradesh,Anakapalle,APPALA RAJU NAMMI,Bharatha Chaitanya Yuvajana Party,2619,0.2,Lost
Andhra Pradesh,Anakapalle,NAGESWARA RAO PETLA,Independent,2184,0.16,Lost
Andhra Pradesh,Anakapalle,ADARI SARAT CHANDRA,Jai Bharat National Party,1913,0.14,Lost
Andhra Pradesh,Anakapalle,VIJAYA LAKSHMI KARRI,Pyramid Party of India,1591,0.12,Lost
Andhra Pradesh,Anakapalle,DR. THUMMAPALA HARI  SHANKAR,Independent,1576,0.12,Lost
Andhra Pradesh,Anakapalle,JUNNURI J SRINIVAS,Independent,1201,0.09,Lost
Andhra Pradesh,Anakapalle,APPALANAIDU TUMMAGUNTA,Independent,1062,0.08,Lost
Andhra Pradesh,Anakapalle,NOTA,None of the Above,26235,1.98,Lost
Andhra Pradesh,Ananthapur,AMBICA G LAKSHMINARAYANA VALMIKI,Telugu Desam,768245,53.33,Won
Andhra Pradesh,Ananthapur,MALAGUNDLA SANKAR NARAYANA,Yuvajana Sramika Rythu Congress Party,579690,40.24,Lost
Andhra Pradesh,Ananthapur,MALLIKARJUNA VAJJALA,Indian National Congress,43217,3,Lost
Andhra Pradesh,Ananthapur,G.V.RAMANA REDDY,Independent,6439,0.45,Lost
Andhra Pradesh,Ananthapur,BANASI NARAYANAPPA,Bahujan Samaj Party,6396,0.44,Lost
Andhra Pradesh,Ananthapur,V.MURALI PRASAD REDDY,Independent,5778,0.4,Lost
Andhra Pradesh,Ananthapur,DR.NALLANI RAMESH NAIDU,Andhra Rastra Praja Samithi,4989,0.35,Lost
Andhra Pradesh,Ananthapur,M.SURENDRA,Pyramid Party of India,2935,0.2,Lost
Andhra Pradesh,Ananthapur,U.C.VENKATASUBBAIAH,Jaathia Chethi Vruthula Ikya Vedika Party,2540,0.18,Lost
Andhra Pradesh,Ananthapur,P.CHOWDESWARI,Independent,1518,0.11,Lost
Andhra Pradesh,Ananthapur,VADLA KESAVAIAH,Independent,1494,0.1,Lost
Andhra Pradesh,Ananthapur,B.RAGHAVENDRA PRASAD,Independent,1318,0.09,Lost
Andhra Pradesh,Ananthapur,KETHIREDDY RAGHUNATHAREDDY,Independent,1091,0.08,Lost
Andhra Pradesh,Ananthapur,LOKANATH GOWD SURAGOWINI,Independent,1091,0.08,Lost
Andhra Pradesh,Ananthapur,SREERANGARAJULA GOPINATH ROYAL,Independent,904,0.06,Lost
Andhra Pradesh,Ananthapur,SHAIK.NIZAM,Samajwadi Party,753,0.05,Lost
Andhra Pradesh,Ananthapur,RAMAVTH CHINNA RAMAPPA NAIK,Jaibhim Rao Bharat Party,745,0.05,Lost
Andhra Pradesh,Ananthapur,KURUBA MALLIKARJUNA.S.,All India Kisan Janatha party,578,0.04,Lost
Andhra Pradesh,Ananthapur,B.NAGAMUTHYALU,Socialist Unity Centre Of India (COMMUNIST),570,0.04,Lost
Andhra Pradesh,Ananthapur,SRINIVASA RAJU.O,Bhartiya Panchyat Party,494,0.03,Lost
Andhra Pradesh,Ananthapur,DURGA PRASAD D BYATARAYANAJI,Challengers Party,444,0.03,Lost
Andhra Pradesh,Ananthapur,NOTA,None of the Above,9199,0.64,Lost
Andhra Pradesh,Araku (ST),GUMMA THANUJA RANI,Yuvajana Sramika Rythu Congress Party,477005,40.96,Won
Andhra Pradesh,Araku (ST),KOTHAPALLI GEETHA,Bharatiya Janata Party,426425,36.62,Lost
Andhra Pradesh,Araku (ST),APPALANARASA PACHIPENTA,Communist Party of India  (Marxist),123129,10.57,Lost
Andhra Pradesh,Araku (ST),AVASHYA LAHARI . VARAM,Bahujan Samaj Party,25750,2.21,Lost
Andhra Pradesh,Araku (ST),SAMAREDDY BALAKRISHNA,Independent,9535,0.82,Lost
Andhra Pradesh,Araku (ST),NIMMAKA JAYARAJU,Independent,9462,0.81,Lost
Andhra Pradesh,Araku (ST),ATHIDHI,Independent,8136,0.7,Lost
Andhra Pradesh,Araku (ST),CHANTI BADNAINA,Jai Bharat National Party,7252,0.62,Lost
Andhra Pradesh,Araku (ST),MOTTADAM . RAJABABU,Bharat Adivasi Party,6766,0.58,Lost
Andhra Pradesh,Araku (ST),RANJITH KUMAR PALAKA,Independent,6047,0.52,Lost
Andhra Pradesh,Araku (ST),RAMBABU JALLI,Telugu Rajadhikara Samiti Party,4959,0.43,Lost
Andhra Pradesh,Araku (ST),MANDALA GIRIDHARA RAO,Independent,4967,0.43,Lost
Andhra Pradesh,Araku (ST),VUYAKA NIREEKSHAN  (V. CHENCHU),India Praja Bandhu Party,4542,0.39,Lost
Andhra Pradesh,Araku (ST),NOTA,None of the Above,50470,4.33,Lost
Andhra Pradesh,Bapatla (SC),KRISHNA PRASAD TENNETI,Telugu Desam,717493,55.16,Won
Andhra Pradesh,Bapatla (SC),NANDIGAM SURESH BABU,Yuvajana Sramika Rythu Congress Party,509462,39.17,Lost
Andhra Pradesh,Bapatla (SC),J.D. SEELAM,Indian National Congress,43259,3.33,Lost
Andhra Pradesh,Bapatla (SC),DOKKA JAGAN MOHANA RAO,Bahujan Samaj Party,6857,0.53,Lost
Andhra Pradesh,Bapatla (SC),NALAMALA TIRUPATI RAO,Navataram Party,2964,0.23,Lost
Andhra Pradesh,Bapatla (SC),BUSSA. NAGARAJU,Independent,1318,0.1,Lost
Andhra Pradesh,Bapatla (SC),GADDE. VIJAYA LAKSHMI,Independent,1051,0.08,Lost
Andhra Pradesh,Bapatla (SC),KATTAPOGU. VIJAY KUMAR,Pyramid Party of India,897,0.07,Lost
Andhra Pradesh,Bapatla (SC),KONDRU KIRAN KUMAR,Independent,797,0.06,Lost
Andhra Pradesh,Bapatla (SC),KATTA ANAND BABU,Independent,729,0.06,Lost
Andhra Pradesh,Bapatla (SC),MERUGUPALA SADASIVA RAO,India Praja Bandhu Party,673,0.05,Lost
Andhra Pradesh,Bapatla (SC),KATTA HEMANAND,Independent,549,0.04,Lost
Andhra Pradesh,Bapatla (SC),PARRE. KOTAIAH,Jaibhim Rao Bharat Party,412,0.03,Lost
Andhra Pradesh,Bapatla (SC),PALADUG VIJENDRA RAO (BAHUJAN),Liberation Congress Party,306,0.02,Lost
Andhra Pradesh,Bapatla (SC),CHINNAM MURALIDHAR,All Peoples Party,255,0.02,Lost
Andhra Pradesh,Bapatla (SC),NOTA,None of the Above,13723,01.06,Lost
Andhra Pradesh,Chittoor(SC),DAGGUMALLA PRASADA RAO,Telugu Desam,778071,54.84,Won
Andhra Pradesh,Chittoor(SC),REDDEPPA.N .,Yuvajana Sramika Rythu Congress Party,557592,39.3,Lost
Andhra Pradesh,Chittoor(SC),MOTUKUR JAGAPATHI,Indian National Congress,30150,2.12,Lost
Andhra Pradesh,Chittoor(SC),THOGURU VIJAYA KUMAR,Bahujan Samaj Party,13511,0.95,Lost
Andhra Pradesh,Chittoor(SC),YUGANDAR . KONDA,Independent,6973,0.49,Lost
Andhra Pradesh,Chittoor(SC),K.MUNI KRISHNA,Independent,3956,0.28,Lost
Andhra Pradesh,Chittoor(SC),P.JANAKI RAMA RAO ( BABU),National Maha Sabha Party,2833,0.2,Lost
Andhra Pradesh,Chittoor(SC),PETA.MOHAN .,Independent,2366,0.17,Lost
Andhra Pradesh,Chittoor(SC),C.SUDHAKAR,Independent,1935,0.14,Lost
Andhra Pradesh,Chittoor(SC),N.CHANDRABABU,Independent,1885,0.13,Lost
Andhra Pradesh,Chittoor(SC),MADASI SUDHARSHAN,Independent,1578,0.11,Lost
Andhra Pradesh,Chittoor(SC),D.MAHESH,Independent,1119,0.08,Lost
Andhra Pradesh,Chittoor(SC),P.MADHU,Independent,906,0.06,Lost
Andhra Pradesh,Chittoor(SC),N.BHUPATHI,Independent,894,0.06,Lost
Andhra Pradesh,Chittoor(SC),A. PURNA CHANDRA,Independent,857,0.06,Lost
Andhra Pradesh,Chittoor(SC),PALLIPATTU.ABHINAV VISHNU,Samajwadi Party,676,0.05,Lost
Andhra Pradesh,Chittoor(SC),N.GANGAIAH .,Independent,552,0.04,Lost
Andhra Pradesh,Chittoor(SC),T NARESH,Independent,534,0.04,Lost
Andhra Pradesh,Chittoor(SC),BANDAPALLI RAMESH,Independent,493,0.03,Lost
Andhra Pradesh,Chittoor(SC),NOTA,None of the Above,11976,0.84,Lost
Andhra Pradesh,Eluru,PUTTA MAHESH KUMAR,Telugu Desam,746351,54,Won
Andhra Pradesh,Eluru,KARUMURI SUNIL KUMAR,Yuvajana Sramika Rythu Congress Party,564494,40.84,Lost
Andhra Pradesh,Eluru,KAVURI LAVANYA,Indian National Congress,20826,1.51,Lost
Andhra Pradesh,Eluru,AJAY BABU BODA,Navarang Congress Party,12210,0.88,Lost
Andhra Pradesh,Eluru,NITTA AKHILA DHARANI PAL,Bahujan Samaj Party,6732,0.49,Lost
Andhra Pradesh,Eluru,BOKINALA KOTESWARA RAO,Independent,2263,0.16,Lost
Andhra Pradesh,Eluru,RUDRAPAKA RATNA RAO (R.R.R),Andhra Rastra Praja Samithi,1526,0.11,Lost
Andhra Pradesh,Eluru,KANDAVALLI JEEVA DEVA DAYAKAR,Independent,1180,0.09,Lost
Andhra Pradesh,Eluru,AGASTEEN KOMMINA,Independent,1004,0.07,Lost
Andhra Pradesh,Eluru,DR. MENDEM SANTHOSH KUMAR (PEDDA BABULU),Liberation Congress Party,786,0.06,Lost
Andhra Pradesh,Eluru,RAJESWARA RAO KONDRU,Bharatheeya Jawan Kisan Party,732,0.05,Lost
Andhra Pradesh,Eluru,GODUGUPATI VEERA RAGHAVULU,Pyramid Party of India,715,0.05,Lost
Andhra Pradesh,Eluru,BYRABOYINA MALYADRI,Bharatha Chaitanya Yuvajana Party,715,0.05,Lost
Andhra Pradesh,Eluru,NOTA,None of the Above,22515,1.63,Lost
Andhra Pradesh,Guntur,DR CHANDRA SEKHAR PEMMASANI,Telugu Desam,864948,60.68,Won
Andhra Pradesh,Guntur,KILARI VENKATA ROSAIAH,Yuvajana Sramika Rythu Congress Party,520253,36.5,Lost
Andhra Pradesh,Guntur,JANGALA AJAY KUMAR,Communist Party of India,8637,0.61,Lost
Andhra Pradesh,Guntur,SIVAREDDY. ENDREDDY,Navataram Party,5629,0.39,Lost
Andhra Pradesh,Guntur,TENALI PRAKASH,Bahujan Samaj Party,4272,0.3,Lost
Andhra Pradesh,Guntur,SIKHAKOLLI HEMA GOWRI SHANKAR,Jatiya Jana Sena Party,1964,0.14,Lost
Andhra Pradesh,Guntur,SAMUDRALA CHINNA KOTAIAH,Jaibhim Rao Bharat Party,1753,0.12,Lost
Andhra Pradesh,Guntur,UMAR BHASHA SHAIK,Jana Sahayaka Sakthi,1275,0.09,Lost
Andhra Pradesh,Guntur,SYED. SAIDA,Navarang Congress Party,1222,0.09,Lost
Andhra Pradesh,Guntur,AMBATI CHALAMAIAH,Pyramid Party of India,1031,0.07,Lost
Andhra Pradesh,Guntur,PILLI BABU RAO,Independent,692,0.05,Lost
Andhra Pradesh,Guntur,HARI VENKATA SATISH  KURNALA,Jai Bharat National Party,542,0.04,Lost
Andhra Pradesh,Guntur,VISHNU REDDY LANKIREDDY,Bengaluru Nava Nirmana Party,461,0.03,Lost
Andhra Pradesh,Guntur,EMANI. CHANDRASEKHAR RAO,Navodayam Party,414,0.03,Lost
Andhra Pradesh,Guntur,SHAIK. KHAJAVALI,Independent,391,0.03,Lost
Andhra Pradesh,Guntur,CHALLAPALLI RATAN RAJU,Viduthalai Chiruthaigal Katchi,378,0.03,Lost
Andhra Pradesh,Guntur,KANNEBOYINA VAMSI KRISHNA YADAV,Independent,375,0.03,Lost
Andhra Pradesh,Guntur,MOHAMMAD KHAJA MOINUDDIN CHISTI PASHA,Andhra Pradesh Rashtra Samithi,358,0.03,Lost
Andhra Pradesh,Guntur,GAYATRI AUDHIPUDI,Independent,357,0.03,Lost
Andhra Pradesh,Guntur,ASHOK ANAND GALI,Independent,335,0.02,Lost
Andhra Pradesh,Guntur,SHAIK ASLAM AKTHER,Independent,335,0.02,Lost
Andhra Pradesh,Guntur,PATHAN KHAJA (BASHA),Telugu Rajadhikara Samiti Party,332,0.02,Lost
Andhra Pradesh,Guntur,AMARTHALURI VENKATESWARA RAO.,Marxist Communist Party of India (United),312,0.02,Lost
Andhra Pradesh,Guntur,DR. RAYAPUDI RAJESH VIJAY KUMAR,Indian Labour Party (Ambedkar Phule),310,0.02,Lost
Andhra Pradesh,Guntur,BURAGA RATNAM,Loktantrik Janta Dal,316,0.02,Lost
Andhra Pradesh,Guntur,VANKAYALAPATI VENKATA SIVA RAMANJANEYULU,Independent,268,0.02,Lost
Andhra Pradesh,Guntur,SIVA PARVATHI,Independent,266,0.02,Lost
Andhra Pradesh,Guntur,BOMMASANI MUTYALA RAO,All Peoples Party,207,0.01,Lost
Andhra Pradesh,Guntur,SRIKRISHNA AKKISETTI,Independent,179,0.01,Lost
Andhra Pradesh,Guntur,MADAVARAPU NAGA RAJU,Independent,172,0.01,Lost
Andhra Pradesh,Guntur,NOTA,None of the Above,7387,0.52,Lost
Andhra Pradesh,Hindupur,B K PARTHASARATHI,Telugu Desam,725534,51.23,Won
Andhra Pradesh,Hindupur,J SHANTHA,Yuvajana Sramika Rythu Congress Party,593107,41.88,Lost
Andhra Pradesh,Hindupur,B A SAMAD SHAHEEN,Indian National Congress,55059,3.89,Lost
Andhra Pradesh,Hindupur,BHAGYA R S,Bahujan Samaj Party,8015,0.57,Lost
Andhra Pradesh,Hindupur,PRATHAP REDDY GORLA,Independent,5444,0.38,Lost
Andhra Pradesh,Hindupur,H D HANUMANTHE GOWD,Independent,2278,0.16,Lost
Andhra Pradesh,Hindupur,ANJINAPPA GARI SREENIVASULU,Revolutionary Socialist Party,2051,0.14,Lost
Andhra Pradesh,Hindupur,S N SURESH,Independent,1631,0.12,Lost
Andhra Pradesh,Hindupur,DASAGANIPALLI KULLAYAPPA,Independent,1328,0.09,Lost
Andhra Pradesh,Hindupur,ASHOK,Socialist Unity Centre Of India (COMMUNIST),1292,0.09,Lost
Andhra Pradesh,Hindupur,T SUDHAKAR REDDY,Independent,1237,0.09,Lost
Andhra Pradesh,Hindupur,S RAGHUNATHA REDDY,Independent,710,0.05,Lost
Andhra Pradesh,Hindupur,BUDILI DHANUNJAYA,National Nava Kranthi Party,682,0.05,Lost
Andhra Pradesh,Hindupur,NOTA,None of the Above,17971,1.27,Lost
Andhra Pradesh,Kadapa,Y. S. AVINASH REDDY,Yuvajana Sramika Rythu Congress Party,605143,45.78,Won
Andhra Pradesh,Kadapa,CHADIPIRALLA BHUPESH SUBBARAMI REDDY,Telugu Desam,542448,41.03,Lost
Andhra Pradesh,Kadapa,Y.S. SHARMILA REDDY,Indian National Congress,141039,10.67,Lost
Andhra Pradesh,Kadapa,PANDITI. GURAPPA.,Bahujan Samaj Party,3810,0.29,Lost
Andhra Pradesh,Kadapa,VENU GOPAL RACHINENI,Rashtriya Praja Congress  (Secular),3570,0.27,Lost
Andhra Pradesh,Kadapa,CHINNAPUREDDY GOPALA KRISHNA REDDY,Independent,2430,0.18,Lost
Andhra Pradesh,Kadapa,KUNCHAM. VENKATA SUBBA REDDY,Rayalaseema Rashtra Samithi,2333,0.18,Lost
Andhra Pradesh,Kadapa,L. KHAJA HUSSAIN,Independent,1088,0.08,Lost
Andhra Pradesh,Kadapa,ANKIREDDY. SURESH KUMAR REDDY.,All India Forward Bloc,755,0.06,Lost
Andhra Pradesh,Kadapa,KAKARLA SHANMUKHA REDDY,Independent,647,0.05,Lost
Andhra Pradesh,Kadapa,PALLE RAMESH,Jaibhim Rao Bharat Party,624,0.05,Lost
Andhra Pradesh,Kadapa,CHAN BASHA. S,Anna YSR Congress Party,439,0.03,Lost
Andhra Pradesh,Kadapa,J. V. RAMANA,Jaathia Chethi Vruthula Ikya Vedika Party,434,0.03,Lost
Andhra Pradesh,Kadapa,MALIKIREDDY. HANUMANTHA REDDY,Jana Sahayaka Sakthi,369,0.03,Lost
Andhra Pradesh,Kadapa,NOTA,None of the Above,16846,1.27,Lost
Andhra Pradesh,Kakinada,TANGELLA UDAY SRINIVAS  (TEA TIME UDAY),Janasena Party,729699,54.87,Won
Andhra Pradesh,Kakinada,CHALAMALASETTY SUNIL,Yuvajana Sramika Rythu Congress Party,500208,37.62,Lost
Andhra Pradesh,Kakinada,MALLIPUDI MANGAPATI PALLAM RAJU,Indian National Congress,21109,1.59,Lost
Andhra Pradesh,Kakinada,UDAY,Navarang Congress Party,15703,1.18,Lost
Andhra Pradesh,Kakinada,KANDREGULA NARASIMHAM,Bahujan Samaj Party,11979,0.9,Lost
Andhra Pradesh,Kakinada,DR ANUSHA YADAV,Bharatha Chaitanya Yuvajana Party,9854,0.74,Lost
Andhra Pradesh,Kakinada,TANGELLA SRINIVASU,Jatiya Jana Sena Party,6559,0.49,Lost
Andhra Pradesh,Kakinada,YEDIDA VARA PRASAD KUMAR,Republican Party of India (A),3927,0.3,Lost
Andhra Pradesh,Kakinada,BUGATHA BANGARRAO,Communist Party of India  (Marxist-Leninist)  (Liberation),2823,0.21,Lost
Andhra Pradesh,Kakinada,SUDHA VEERA GANESH,Independent,2647,0.2,Lost
Andhra Pradesh,Kakinada,BHAVANI SANKAR PRASAD MERLA,Independent,1969,0.15,Lost
Andhra Pradesh,Kakinada,YENUGUPALLI KRISHNA,Jaibhim Rao Bharat Party,1780,0.13,Lost
Andhra Pradesh,Kakinada,BODDETI APPARAO,Independent,1687,0.13,Lost
Andhra Pradesh,Kakinada,NEELAKANTAM DONAM,Independent,1412,0.11,Lost
Andhra Pradesh,Kakinada,PASUPULETI S.V.S.BHUSHANAM,Independent,1227,0.09,Lost
Andhra Pradesh,Kakinada,NOTA,None of the Above,17220,1.29,Lost
Andhra Pradesh,Kurnoolu,BASTIPATI NAGARAJU PANCHALINGALA,Telugu Desam,658914,49.51,Won
Andhra Pradesh,Kurnoolu,B Y RAMAIAH,Yuvajana Sramika Rythu Congress Party,547616,41.15,Lost
Andhra Pradesh,Kurnoolu,P.G.RAMPULLAIAH YADAV LUCKY-2,Indian National Congress,70373,5.29,Lost
Andhra Pradesh,Kurnoolu,MANCHALA LAKSHMI NARAYANA,Bahujan Samaj Party,8589,0.65,Lost
Andhra Pradesh,Kurnoolu,BOYA SURESH,Independent,5900,0.44,Lost
Andhra Pradesh,Kurnoolu,T. BEECHUPALLI,Independent,5127,0.39,Lost
Andhra Pradesh,Kurnoolu,VIJAYA BHASKAR .REDDYPOGU,Independent,3508,0.26,Lost
Andhra Pradesh,Kurnoolu,PAGADALA KODANDA,Independent,3076,0.23,Lost
Andhra Pradesh,Kurnoolu,DEVARAPOGU MADDILETY,Independent,2582,0.19,Lost
Andhra Pradesh,Kurnoolu,PRAKASH REDDY RALAMPADU,Independent,2225,0.17,Lost
Andhra Pradesh,Kurnoolu,JAHANGIR AHMED,Social Democratic Party Of India,2074,0.16,Lost
Andhra Pradesh,Kurnoolu,DR. REDDYPOGU PRAVEEN KUMAR,Independent,1856,0.14,Lost
Andhra Pradesh,Kurnoolu,ABDUL SATTAR  A.S.R,Anna YSR Congress Party,1601,0.12,Lost
Andhra Pradesh,Kurnoolu,VALMIKI ARJUNA,Bharatha Chaitanya Yuvajana Party,1390,0.1,Lost
Andhra Pradesh,Kurnoolu,URUKUNDU VADDE,Independent,1295,0.1,Lost
Andhra Pradesh,Kurnoolu,MALLEPOGU NAGANNA,Socialist Unity Centre Of India (COMMUNIST),1164,0.09,Lost
Andhra Pradesh,Kurnoolu,SUNKARA SREEDHAR,Jai Bharat National Party,1163,0.09,Lost
Andhra Pradesh,Kurnoolu,TARIGOPULA RAJABABU,All Peoples Party,1033,0.08,Lost
Andhra Pradesh,Kurnoolu,AMRUTH KUMAR SALKAPURAM,Liberation Congress Party,783,0.06,Lost
Andhra Pradesh,Kurnoolu,NOTA,None of the Above,10511,0.79,Lost
Andhra Pradesh,Machilipatnam,BALASHOWRY VALLABHANENI,Janasena Party,724439,55.22,Won
Andhra Pradesh,Machilipatnam,SIMHADRI CHANDRA SEKHAR RAO,Yuvajana Sramika Rythu Congress Party,501260,38.21,Lost
Andhra Pradesh,Machilipatnam,GOLLU KRISHNA,Indian National Congress,31825,2.43,Lost
Andhra Pradesh,Machilipatnam,BAAL SHOURI CHODABATHINA,Jatiya Jana Sena Party,11141,0.85,Lost
Andhra Pradesh,Machilipatnam,DEVAMANI DEVARAPALLI,Bahujan Samaj Party,10028,0.76,Lost
Andhra Pradesh,Machilipatnam,KOMMARAJU SIVA NARASIMHA RAO,All India Forward Bloc,5254,0.4,Lost
Andhra Pradesh,Machilipatnam,VALLABHANENI NAGA PAVAN KUMAR,Independent,5220,0.4,Lost
Andhra Pradesh,Machilipatnam,MARADANI K R SWAMY,Jai Maha Bharath Party,2214,0.17,Lost
Andhra Pradesh,Machilipatnam,GANDHI  DHANEKULA,Independent,1991,0.15,Lost
Andhra Pradesh,Machilipatnam,PAMULA BALA SOWRYAMMA,Independent,1582,0.12,Lost
Andhra Pradesh,Machilipatnam,ANUSHA YERUVA,Independent,1235,0.09,Lost
Andhra Pradesh,Machilipatnam,GUDAVALLI VENKATA KEDARESWARA RAO,Independent,1111,0.08,Lost
Andhra Pradesh,Machilipatnam,JOGI VEERANJANEYULU,Independent,1022,0.08,Lost
Andhra Pradesh,Machilipatnam,DAMODARA RAO GUDAVALLI,Independent,930,0.07,Lost
Andhra Pradesh,Machilipatnam,APPARAO ENNETI,Independent,626,0.05,Lost
Andhra Pradesh,Machilipatnam,NOTA,None of the Above,12126,0.92,Lost
Andhra Pradesh,Nandyal,DR BYREDDY SHABARI,Telugu Desam,701131,49.92,Won
Andhra Pradesh,Nandyal,POCHA BRAHMANANDA REDDY,Yuvajana Sramika Rythu Congress Party,589156,41.95,Lost
Andhra Pradesh,Nandyal,J LAKSHMI NARASIMHA YADAV,Indian National Congress,56204,4,Lost
Andhra Pradesh,Nandyal,P GURUVAIAH,Independent,8191,0.58,Lost
Andhra Pradesh,Nandyal,A CHINNA MOULALI,Bahujan Samaj Party,7831,0.56,Lost
Andhra Pradesh,Nandyal,HAFIZ ATAULLAH KHAN,Social Democratic Party Of India,6932,0.49,Lost
Andhra Pradesh,Nandyal,KOMMUSANI PEDDA KAMBAGIRI SWAMY,Independent,4633,0.33,Lost
Andhra Pradesh,Nandyal,GAGGERA VENKATA RAMANAIAH,Independent,3031,0.22,Lost
Andhra Pradesh,Nandyal,DUMAVATH SWAMY NAIK,Independent,2358,0.17,Lost
Andhra Pradesh,Nandyal,KUNUKUNTLA RAMUDU,Independent,1413,0.1,Lost
Andhra Pradesh,Nandyal,E ANIL KUMAR,Independent,1334,0.09,Lost
Andhra Pradesh,Nandyal,C SURENDRA NATHA REDDY,Independent,1268,0.09,Lost
Andhra Pradesh,Nandyal,BRAHMANANDA REDDY K,Independent,1272,0.09,Lost
Andhra Pradesh,Nandyal,UPPU SUBBARAYUDU,Jaathia Chethi Vruthula Ikya Vedika Party,791,0.06,Lost
Andhra Pradesh,Nandyal,NAGESWARA RAO,Independent,680,0.05,Lost
Andhra Pradesh,Nandyal,VIJAYA BHASKAR REDDYPOGU,Independent,641,0.05,Lost
Andhra Pradesh,Nandyal,YELAMPALLE GOVARDHAN REDDY,All India Forward Bloc,642,0.05,Lost
Andhra Pradesh,Nandyal,BHUMA VEERA BHADRA REDDY,Navarang Congress Party,646,0.05,Lost
Andhra Pradesh,Nandyal,PANDU RANGA YADAV SIDDAPU,Samajwadi Party,605,0.04,Lost
Andhra Pradesh,Nandyal,CHANDINI REDDY VAKATI,Liberation Congress Party,556,0.04,Lost
Andhra Pradesh,Nandyal,B C RAMANADHA AREDDY,Independent,472,0.03,Lost
Andhra Pradesh,Nandyal,GAJULA SHALIMIYA,Anna YSR Congress Party,486,0.03,Lost
Andhra Pradesh,Nandyal,KULURU RAMA KRISHNA REDDY,Neethi Nijayithi Party,430,0.03,Lost
Andhra Pradesh,Nandyal,CH P MALLESWARUDU,Independent,421,0.03,Lost
Andhra Pradesh,Nandyal,I V PAKKIR REDDY,Independent,410,0.03,Lost
Andhra Pradesh,Nandyal,V MADHUSUDHANA REDDY,Independent,401,0.03,Lost
Andhra Pradesh,Nandyal,BUSHAKU MAHESWARA REDDY,Independent,390,0.03,Lost
Andhra Pradesh,Nandyal,U P MUNI REDDY,Independent,376,0.03,Lost
Andhra Pradesh,Nandyal,GOGULA SUGUNAMMA,Jai Maha Bharath Party,379,0.03,Lost
Andhra Pradesh,Nandyal,BELLAMKONDA SREENIVASULU,Independent,353,0.03,Lost
Andhra Pradesh,Nandyal,BALIJA SHIVA KUMAR,Independent,288,0.02,Lost
Andhra Pradesh,Nandyal,NOTA,None of the Above,10697,0.76,Lost
Andhra Pradesh,Narsapuram,BHUPATHI RAJU SRINIVASA VARMA (B.J.P.VARMA),Bharatiya Janata Party,707343,57.46,Won
Andhra Pradesh,Narsapuram,UMABALA GUDURI,Yuvajana Sramika Rythu Congress Party,430541,34.98,Lost
Andhra Pradesh,Narsapuram,K.B.R.NAIDU,Indian National Congress,35213,2.86,Lost
Andhra Pradesh,Narsapuram,PRASANNA KUMAR UNDURTHI,Independent,6364,0.52,Lost
Andhra Pradesh,Narsapuram,MEDAPATI VENKATA VARAHALA REDDY,Independent,5969,0.48,Lost
Andhra Pradesh,Narsapuram,SIRRA RAJU,Bahujan Samaj Party,6014,0.49,Lost
Andhra Pradesh,Narsapuram,BALAGAM NAYAKAR,Independent,5240,0.43,Lost
Andhra Pradesh,Narsapuram,NALLI RAJESH,Independent,4684,0.38,Lost
Andhra Pradesh,Narsapuram,KETHA SREENU,Independent,3145,0.26,Lost
Andhra Pradesh,Narsapuram,OLETY NAGENDRA KRISHNA,Jaibhim Rao Bharat Party,3116,0.25,Lost
Andhra Pradesh,Narsapuram,ADDEPALLI VEERA VENKAT SUBBA RAO,Independent,2783,0.23,Lost
Andhra Pradesh,Narsapuram,ANAND CHANDULAL JASTI,Independent,2726,0.22,Lost
Andhra Pradesh,Narsapuram,GANJI PURNIMA,Republican Party of India (A),1649,0.13,Lost
Andhra Pradesh,Narsapuram,GEDALA LAXMANA RAO,Independent,1527,0.12,Lost
Andhra Pradesh,Narsapuram,ADDANKI DORABABU,Independent,1393,0.11,Lost
Andhra Pradesh,Narsapuram,GOTTUMUKKALA SHIVAJI,Independent,1384,0.11,Lost
Andhra Pradesh,Narsapuram,ADINARAYANA DUPPANAPUDI,Independent,1007,0.08,Lost
Andhra Pradesh,Narsapuram,MANNE LEELA RAMA NARENDRA,Pyramid Party of India,930,0.08,Lost
Andhra Pradesh,Narsapuram,RAMA DURGA PRASAD THOLETI,Independent,920,0.07,Lost
Andhra Pradesh,Narsapuram,RUKHMINI,Independent,686,0.06,Lost
Andhra Pradesh,Narsapuram,ADABALA SIVA,Independent,683,0.06,Lost
Andhra Pradesh,Narsapuram,NOTA,None of the Above,7677,0.62,Lost
Andhra Pradesh,Narsaraopet,LAVU SRIKRISHNA DEVARAYALU,Telugu Desam,807996,53.88,Won
Andhra Pradesh,Narsaraopet,ANIL KUMAR POLUBOINA,Yuvajana Sramika Rythu Congress Party,648267,43.23,Lost
Andhra Pradesh,Narsaraopet,GARNEPUDI ALEXANDER SUDHAKAR,Indian National Congress,18046,1.2,Lost
Andhra Pradesh,Narsaraopet,ORSU PREMARAJU,Bahujan Samaj Party,5309,0.35,Lost
Andhra Pradesh,Narsaraopet,KUCHIPUDI JOHN BABU,Jaibhim Rao Bharat Party,2336,0.16,Lost
Andhra Pradesh,Narsaraopet,GARLAPATI SUBHASH PREM,Revolutionary Socialist Party,1245,0.08,Lost
Andhra Pradesh,Narsaraopet,YAMPATI VEERANJANEYA REDDY,Independent,1057,0.07,Lost
Andhra Pradesh,Narsaraopet,SUBBARAO CHALLA,Independent,1051,0.07,Lost
Andhra Pradesh,Narsaraopet,ABDUL RAJAK SHAIK,Independent,723,0.05,Lost
Andhra Pradesh,Narsaraopet,KOTA POTHURAJU,Pyramid Party of India,670,0.04,Lost
Andhra Pradesh,Narsaraopet,P VENKATESH,Jaathia Chethi Vruthula Ikya Vedika Party,388,0.03,Lost
Andhra Pradesh,Narsaraopet,PASUPULETI PICHAIAH,National Nava Kranthi Party,356,0.02,Lost
Andhra Pradesh,Narsaraopet,PAPPULA SAMBASIVA RAO,Navarang Congress Party,332,0.02,Lost
Andhra Pradesh,Narsaraopet,DOCTOR GODA RAMESH KUMAR,Jatiya Jana Sena Party,309,0.02,Lost
Andhra Pradesh,Narsaraopet,THOKALA NAGA RAJU,All India Forward Bloc,285,0.02,Lost
Andhra Pradesh,Narsaraopet,NOTA,None of the Above,11199,0.75,Lost
Andhra Pradesh,Nellore,PRABHAKAR REDDY VEMIREDDY,Telugu Desam,766202,55.7,Won
Andhra Pradesh,Nellore,VENUMBAKA VIJAYASAI REDDY,Yuvajana Sramika Rythu Congress Party,520300,37.82,Lost
Andhra Pradesh,Nellore,KOPPULA RAJU,Indian National Congress,54844,3.99,Lost
Andhra Pradesh,Nellore,BHASKAR NASINA,Bahujan Samaj Party,5811,0.42,Lost
Andhra Pradesh,Nellore,VIVEKA MANNEPALLI,Revolutionary Socialist Party,2804,0.2,Lost
Andhra Pradesh,Nellore,KOPPALA RAGHU,Independent,2015,0.15,Lost
Andhra Pradesh,Nellore,GAJULA SOMA SEKHAR,Jai Bharat National Party,1779,0.13,Lost
Andhra Pradesh,Nellore,SHAIK MUZIBUR RAHAMAN,Pyramid Party of India,1330,0.1,Lost
Andhra Pradesh,Nellore,SHAIK MAHABOOB BASHA (MABU),Republican Party of India (A),1233,0.09,Lost
Andhra Pradesh,Nellore,MALLEPALLY RAGHU,Navarang Congress Party,1105,0.08,Lost
Andhra Pradesh,Nellore,SHAIK SHAFI AHMED,All India Forward Bloc,1037,0.08,Lost
Andhra Pradesh,Nellore,NAKKA DINESH,Bharatha Chaitanya Yuvajana Party,600,0.04,Lost
Andhra Pradesh,Nellore,TALARI VENKATAIAH,Jaibhim Rao Bharat Party,558,0.04,Lost
Andhra Pradesh,Nellore,PUNGANURU PRASANNA GANAPATHI,Radical Party of India (Ambedkarist),454,0.03,Lost
Andhra Pradesh,Nellore,NOTA,None of the Above,15577,1.13,Lost
Andhra Pradesh,Ongole,MAGUNTA SREENIVASULU REDDY,Telugu Desam,701894,49.35,Won
Andhra Pradesh,Ongole,DR CHEVIREDDY BHASKAR REDD,Yuvajana Sramika Rythu Congress Party,651695,45.82,Lost
Andhra Pradesh,Ongole,EDA SUDHAKARA REDDY,Indian National Congress,26722,1.88,Lost
Andhra Pradesh,Ongole,DHARANIKOTA LAKSHMI NARAYANA,Bahujan Samaj Party,6314,0.44,Lost
Andhra Pradesh,Ongole,BUCHI EDUKONDALU,Independent,3048,0.21,Lost
Andhra Pradesh,Ongole,PODILI RAMBABU,Independent,3073,0.22,Lost
Andhra Pradesh,Ongole,ORSU VEENA,Jai Bharat National Party,2267,0.16,Lost
Andhra Pradesh,Ongole,BONTHA RANGA REDDY,Independent,1923,0.14,Lost
Andhra Pradesh,Ongole,BODDU KRANTHI KUMAR,Independent,1798,0.13,Lost
Andhra Pradesh,Ongole,MOHAN GOUD J V,Independent,1447,0.1,Lost
Andhra Pradesh,Ongole,U MADHU BABU,Independent,1008,0.07,Lost
Andhra Pradesh,Ongole,KARATAPU RAJU,Independent,735,0.05,Lost
Andhra Pradesh,Ongole,JAGADEESH RAYAPATI,Independent,725,0.05,Lost
Andhra Pradesh,Ongole,DEVIREDDY BALANJANEYULU,Independent,716,0.05,Lost
Andhra Pradesh,Ongole,HARI PRASAD TUPAKULA,Independent,711,0.05,Lost
Andhra Pradesh,Ongole,PASAM VENKATESWARLU YADAV,Samajwadi Party,743,0.05,Lost
Andhra Pradesh,Ongole,SURYA TEJA KOTA,Pyramid Party of India,683,0.05,Lost
Andhra Pradesh,Ongole,AKUMALLA MALLIKARJUNA REDDY,Independent,575,0.04,Lost
Andhra Pradesh,Ongole,VESHAPOGU GURAVABABU,Independent,461,0.03,Lost
Andhra Pradesh,Ongole,KOMMU YOHANU,Liberation Congress Party,461,0.03,Lost
Andhra Pradesh,Ongole,SESHUBABU GUDDANTI,Independent,449,0.03,Lost
Andhra Pradesh,Ongole,SINGAMNENI SREEKANTH,Independent,410,0.03,Lost
Andhra Pradesh,Ongole,YARRA DASARADHARAMAIAH,Independent,394,0.03,Lost
Andhra Pradesh,Ongole,KOTA VAMSI KRISHNA,Independent,365,0.03,Lost
Andhra Pradesh,Ongole,K PAVAN KALYAN,Jatiya Jana Sena Party,392,0.03,Lost
Andhra Pradesh,Ongole,NOTA,None of the Above,13205,0.93,Lost
Andhra Pradesh,Rajahmundry,DAGGUBATI PURANDHESHWARI,Bharatiya Janata Party,726515,54.82,Won
Andhra Pradesh,Rajahmundry,DR. GUDURI SRINIVAS,Yuvajana Sramika Rythu Congress Party,487376,36.77,Lost
Andhra Pradesh,Rajahmundry,GIDUGU RUDRARAJU,Indian National Congress,32508,2.45,Lost
Andhra Pradesh,Rajahmundry,GANESWARA RAO PARAMATA,Bahujan Samaj Party,20409,1.54,Lost
Andhra Pradesh,Rajahmundry,BATTULA BALARAMAKRISHNA,Navarang Congress Party,17008,1.28,Lost
Andhra Pradesh,Rajahmundry,SALOPANTULA RAGHAVENDRA RAO,Independent,3278,0.25,Lost
Andhra Pradesh,Rajahmundry,DR. MEDISI RATNARAO ALIAS VINAY,Independent,3115,0.24,Lost
Andhra Pradesh,Rajahmundry,MOHANARAO SINGULURI,Jai Bharat National Party,2833,0.21,Lost
Andhra Pradesh,Rajahmundry,MEDA SRINIVASA RAO,Rashtriya Praja Congress  (Secular),2429,0.18,Lost
Andhra Pradesh,Rajahmundry,BOMMANABOINA VSR MURTHY,Independent,2179,0.16,Lost
Andhra Pradesh,Rajahmundry,BHANU CHANDAR KURUVELLA,Independent,1958,0.15,Lost
Andhra Pradesh,Rajahmundry,JALLI BALA NAVEENA,Independent,1254,0.09,Lost
Andhra Pradesh,Rajahmundry,NOTA,None of the Above,24435,1.84,Lost
Andhra Pradesh,Rajampet,P V MIDHUN REDDY,Yuvajana Sramika Rythu Congress Party,644844,48.38,Won
Andhra Pradesh,Rajampet,NALLARI KIRAN KUMAR REDDY,Bharatiya Janata Party,568773,42.67,Lost
Andhra Pradesh,Rajampet,SHAIK BASHEED,Indian National Congress,53300,4,Lost
Andhra Pradesh,Rajampet,ABBAVARAM UGENDRA,Bahujan Samaj Party,12363,0.93,Lost
Andhra Pradesh,Rajampet,POOLA REDDY SEKHAR,Independent,6100,0.46,Lost
Andhra Pradesh,Rajampet,NAGARAJU JETTI,Independent,5999,0.45,Lost
Andhra Pradesh,Rajampet,PRADEEP PENAMADU,All India Forward Bloc,5672,0.43,Lost
Andhra Pradesh,Rajampet,CHOUDVARAM SUBBANARASAIAH,Independent,4735,0.36,Lost
Andhra Pradesh,Rajampet,PULI SREENIVASULU,Independent,4616,0.35,Lost
Andhra Pradesh,Rajampet,SREENIVASULU MARRIPATI,Independent,4443,0.33,Lost
Andhra Pradesh,Rajampet,AKBAR M BASHA,Anna YSR Congress Party,2411,0.18,Lost
Andhra Pradesh,Rajampet,SANGARAJU NAGESWARA RAJU,Independent,1535,0.12,Lost
Andhra Pradesh,Rajampet,MADA RAJA,Jaathia Chethi Vruthula Ikya Vedika Party,1415,0.11,Lost
Andhra Pradesh,Rajampet,BATTHALA RAMANAIAH,Jai Bharat National Party,1366,0.1,Lost
Andhra Pradesh,Rajampet,DODDAPANENI RAJA NAIDU,Independent,1318,0.1,Lost
Andhra Pradesh,Rajampet,MAYANA MOHAMMED SALMAN KHAN,Liberation Congress Party,1071,0.08,Lost
Andhra Pradesh,Rajampet,KASTURI OBAIAH NAIDU,Independent,887,0.07,Lost
Andhra Pradesh,Rajampet,ASADI VENKATADRI,Independent,691,0.05,Lost
Andhra Pradesh,Rajampet,NOTA,None of the Above,11400,0.86,Lost
Andhra Pradesh,Srikakulam,KINJARAPU RAMMOHAN NAIDU,Telugu Desam,754328,61.05,Won
Andhra Pradesh,Srikakulam,TILAK PERADA,Yuvajana Sramika Rythu Congress Party,426427,34.51,Lost
Andhra Pradesh,Srikakulam,PEDADA PARAMESWARA RAO,Indian National Congress,7172,0.58,Lost
Andhra Pradesh,Srikakulam,SANAPALA SRAVAN KUMAR,Independent,5958,0.48,Lost
Andhra Pradesh,Srikakulam,NAIDUGARI RAJASEKHAR,Bahujan Samaj Party,4742,0.38,Lost
Andhra Pradesh,Srikakulam,VABA YOGESWARA RAO,Independent,3598,0.29,Lost
Andhra Pradesh,Srikakulam,BETHA VIVEKANANDA MAHARAJ,Independent,2536,0.21,Lost
Andhra Pradesh,Srikakulam,YEDDU LAKSHMINARAYANA,Independent,1605,0.13,Lost
Andhra Pradesh,Srikakulam,BORUBADRA CHANDRAKALA,Bharatha Chaitanya Yuvajana Party,1357,0.11,Lost
Andhra Pradesh,Srikakulam,IPPILI SEETHARAJU,Jai Bharat National Party,1130,0.09,Lost
Andhra Pradesh,Srikakulam,KAYA DURGARAO,Navarang Congress Party,818,0.07,Lost
Andhra Pradesh,Srikakulam,CHELLURI DANIYAL,Independent,816,0.07,Lost
Andhra Pradesh,Srikakulam,BOMMALI TIRUPATI RAO,Pyramid Party of India,594,0.05,Lost
Andhra Pradesh,Srikakulam,NOTA,None of the Above,24605,1.99,Lost
Andhra Pradesh,Thirupathi(SC),GURUMOORTHY MADDILA,Yuvajana Sramika Rythu Congress Party,632228,45.73,Won
Andhra Pradesh,Thirupathi(SC),VARA PRASAD RAO VELAGAPALLI,Bharatiya Janata Party,617659,44.67,Lost
Andhra Pradesh,Thirupathi(SC),CHINTA MOHAN,Indian National Congress,65523,4.74,Lost
Andhra Pradesh,Thirupathi(SC),PENUMURU. GURAPPA,Bahujan Samaj Party,10506,0.76,Lost
Andhra Pradesh,Thirupathi(SC),KATTAMANCHI. PRABHAKAR,Independent,5802,0.42,Lost
Andhra Pradesh,Thirupathi(SC),M UMADEVI,Janata Congress,5425,0.39,Lost
Andhra Pradesh,Thirupathi(SC),ALLAM.RAJA,Independent,4970,0.36,Lost
Andhra Pradesh,Thirupathi(SC),VIJAY KUMAR G.SRKR,Liberation Congress Party,4302,0.31,Lost
Andhra Pradesh,Thirupathi(SC),ANJAIAH.P,Republican Party of India (A),3666,0.27,Lost
Andhra Pradesh,Thirupathi(SC),V.C. NAVEEN GUPTA,Independent,1731,0.13,Lost
Andhra Pradesh,Thirupathi(SC),A. VARAPRASAD,Jatiya Jana Sena Party,1698,0.12,Lost
Andhra Pradesh,Thirupathi(SC),SYAMDHAN KURAPATI,Aihra National Party,1568,0.11,Lost
Andhra Pradesh,Thirupathi(SC),C. PUNYAMURTHY,United Republican Party of India,1515,0.11,Lost
Andhra Pradesh,Thirupathi(SC),KARRA SIVA,Pyramid Party of India,1510,0.11,Lost
Andhra Pradesh,Thirupathi(SC),VELURU. THEJOVATHI,Samajwadi Party,1389,0.1,Lost
Andhra Pradesh,Thirupathi(SC),C. DAVID,Indian Believers Party (IBP),1239,0.09,Lost
Andhra Pradesh,Thirupathi(SC),K. JEEVARATHNAM,Independent,1204,0.09,Lost
Andhra Pradesh,Thirupathi(SC),DASARI. GOWTHAM,Independent,1087,0.08,Lost
Andhra Pradesh,Thirupathi(SC),VIJAYA KUMAR.G,Independent,801,0.06,Lost
Andhra Pradesh,Thirupathi(SC),A. MADHU,Jai Hindustan Party,711,0.05,Lost
Andhra Pradesh,Thirupathi(SC),B. BHARANI BAS,Ambedkar National Congress,688,0.05,Lost
Andhra Pradesh,Thirupathi(SC),Y. MAHESH,Independent,622,0.04,Lost
Andhra Pradesh,Thirupathi(SC),PRASAD PATIBANDLA,Independent,608,0.04,Lost
Andhra Pradesh,Thirupathi(SC),NOTA,None of the Above,16118,1.17,Lost
Andhra Pradesh,Vijayawada,KESINENI SIVANATH (CHINNI),Telugu Desam,794154,58.21,Won
Andhra Pradesh,Vijayawada,KESINENI SRINIVAS  (NANI),Yuvajana Sramika Rythu Congress Party,512069,37.53,Lost
Andhra Pradesh,Vijayawada,BHARGAV VALLURU,Indian National Congress,24106,1.77,Lost
Andhra Pradesh,Vijayawada,KRISHNA KISHORE YANAMANDRA,Navataram Party,7878,0.58,Lost
Andhra Pradesh,Vijayawada,VENKATA ASHOK PAPPURI,Independent,6672,0.49,Lost
Andhra Pradesh,Vijayawada,DEVARAPALLI MALLIKARJUNA RAO (MAHESH),Independent,3199,0.23,Lost
Andhra Pradesh,Vijayawada,MEKA VENKATESWARA RAO,Bahujan Samaj Party,2233,0.16,Lost
Andhra Pradesh,Vijayawada,ANIL KUMAR MADDINENI,Independent,1240,0.09,Lost
Andhra Pradesh,Vijayawada,BARRE SREENIVASARAO (JAI BHEEM SRINIVAS),Telugu Rajadhikara Samiti Party,615,0.05,Lost
Andhra Pradesh,Vijayawada,SYED KHAMURUNNISA,Navarang Congress Party,601,0.04,Lost
Andhra Pradesh,Vijayawada,CHAGANTIPATI GANGADHAR GANDHI,Pyramid Party of India,489,0.04,Lost
Andhra Pradesh,Vijayawada,DATLA LURTHU MERI,Jaibhim Rao Bharat Party,417,0.03,Lost
Andhra Pradesh,Vijayawada,PERAM SIVA NAGESWARA RAO,Republican Party of India (Athawale),368,0.03,Lost
Andhra Pradesh,Vijayawada,DEVARASETTY RAVEENDRA BABU,Andhra Rastra Praja Samithi,331,0.02,Lost
Andhra Pradesh,Vijayawada,GUJJULA LALITHA,Socialist Unity Centre Of India (COMMUNIST),327,0.02,Lost
Andhra Pradesh,Vijayawada,N DASARADHA RAMI REDDY,All India Jaihind Party,269,0.02,Lost
Andhra Pradesh,Vijayawada,CHINTHALACHERUVU HEMALATHA,Jai Maha Bharath Party,244,0.02,Lost
Andhra Pradesh,Vijayawada,NOTA,None of the Above,9193,0.67,Lost
Andhra Pradesh,Visakhapatnam,SRIBHARAT MATHUKUMILI,Telugu Desam,907467,65.42,Won
Andhra Pradesh,Visakhapatnam,JHANSI LAKSHMI. BOTCHA.,Yuvajana Sramika Rythu Congress Party,403220,29.07,Lost
Andhra Pradesh,Visakhapatnam,P. SATYA REDDY,Indian National Congress,30267,2.18,Lost
Andhra Pradesh,Visakhapatnam,K.A. PAUL,Praja Shanthi Party,7696,0.55,Lost
Andhra Pradesh,Visakhapatnam,PEDAPENKI SIVA PRASADA RAO,Bahujan Samaj Party,6091,0.44,Lost
Andhra Pradesh,Visakhapatnam,BIKKAVOLU. CHALAMAJI,Navarang Congress Party,4884,0.35,Lost
Andhra Pradesh,Visakhapatnam,V.N. SATYA NARAYANA,Rashtriya Praja Congress  (Secular),2537,0.18,Lost
Andhra Pradesh,Visakhapatnam,ARUNA SRI MURALA,Independent,1993,0.14,Lost
Andhra Pradesh,Visakhapatnam,VASUPILLI SURESH,Independent,1933,0.14,Lost
Andhra Pradesh,Visakhapatnam,SONDI KRISHNA.,Independent,1818,0.13,Lost
Andhra Pradesh,Visakhapatnam,ANDUKURI VIJAYA BHASKAR,India Praja Bandhu Party,1109,0.08,Lost
Andhra Pradesh,Visakhapatnam,DR. GANAPATHI KONGARAPU.,Republican Party of India (A),950,0.07,Lost
Andhra Pradesh,Visakhapatnam,BANNA. RAMESH,Dalita Bahujana Party,948,0.07,Lost
Andhra Pradesh,Visakhapatnam,P. SATYA VANI,Pyramid Party of India,882,0.06,Lost
Andhra Pradesh,Visakhapatnam,DURGA PRASAD. GUNTU,Bhartiya Rashtriya Dal,767,0.06,Lost
Andhra Pradesh,Visakhapatnam,CHAPPIDI RAMU,Independent,757,0.05,Lost
Andhra Pradesh,Visakhapatnam,M.G.M. KHAN,Independent,742,0.05,Lost
Andhra Pradesh,Visakhapatnam,SHANKAR DEVARA YADAV,Independent,661,0.05,Lost
Andhra Pradesh,Visakhapatnam,VENU MADHAV KARRI,Independent,647,0.05,Lost
Andhra Pradesh,Visakhapatnam,DR. ACHUTHA BALAJI YADAV (MURAPALA),Bharatha Chaitanya Yuvajana Party,638,0.05,Lost
Andhra Pradesh,Visakhapatnam,THOTA VENKATA SAI MUKUND,Praja Prasthanam Party,633,0.05,Lost
Andhra Pradesh,Visakhapatnam,PIDIDHI APPARAO,Independent,580,0.04,Lost
Andhra Pradesh,Visakhapatnam,G.A.N. ANAND,Independent,543,0.04,Lost
Andhra Pradesh,Visakhapatnam,VADDI. HARI GANESH,Independent,520,0.04,Lost
Andhra Pradesh,Visakhapatnam,JANARDHAN PONNADA.,Independent,500,0.04,Lost
Andhra Pradesh,Visakhapatnam,GANAPATHI. JAGADEESWARA RAO (JAGADEESH),Jai Maha Bharath Party,500,0.04,Lost
Andhra Pradesh,Visakhapatnam,JALADI VIJAYA KUMARI,Samajwadi Party,466,0.03,Lost
Andhra Pradesh,Visakhapatnam,CHINTADA SURYAM,Naba Bharata Nirmana Seva Party,448,0.03,Lost
Andhra Pradesh,Visakhapatnam,GANDIKOTA RAJESH,Navataram Party,393,0.03,Lost
Andhra Pradesh,Visakhapatnam,KOLLI NAGA RAJU,Independent,329,0.02,Lost
Andhra Pradesh,Visakhapatnam,METTA RAMA RAO,Independent,326,0.02,Lost
Andhra Pradesh,Visakhapatnam,LAGUDU. GOVINDA RAO,Independent,294,0.02,Lost
Andhra Pradesh,Visakhapatnam,MALLA SRAVANI,Independent,273,0.02,Lost
Andhra Pradesh,Visakhapatnam,NOTA,None of the Above,5313,0.38,Lost
Andhra Pradesh,Vizianagaram,APPALANAIDU KALISETTI,Telugu Desam,743113,57.2,Won
Andhra Pradesh,Vizianagaram,BELLANA CHANDRASEKHAR,Yuvajana Sramika Rythu Congress Party,493762,38,Lost
Andhra Pradesh,Vizianagaram,BOBBILI SRINU,Indian National Congress,10623,0.82,Lost
Andhra Pradesh,Vizianagaram,PEERUBANDI PRAKASH RAO,Bahujan Samaj Party,8038,0.62,Lost
Andhra Pradesh,Vizianagaram,VELURI VENKATA TRINADHARAO,Independent,4152,0.32,Lost
Andhra Pradesh,Vizianagaram,ALLU SRIRAMULU,Independent,3401,0.26,Lost
Andhra Pradesh,Vizianagaram,SIYYADULA YELLA RAO,Independent,3107,0.24,Lost
Andhra Pradesh,Vizianagaram,SRINIVASA RAO SAMBHANA,Yuga Thulasi Party,1761,0.14,Lost
Andhra Pradesh,Vizianagaram,MARISERLA KRISHNAMURTHY NAIDU,Independent,1629,0.13,Lost
Andhra Pradesh,Vizianagaram,VANGAPANDU MAHESWARA RAO,Naba Bharata Nirmana Seva Party,1553,0.12,Lost
Andhra Pradesh,Vizianagaram,CHINNAM ARUNA KUMAR,Jaibhim Rao Bharat Party,1411,0.11,Lost
Andhra Pradesh,Vizianagaram,ATCHIYYA NAIDU SAMIREDDY,Samajwadi Party,1070,0.08,Lost
Andhra Pradesh,Vizianagaram,ADINARAYANA TADDI,Independent,856,0.07,Lost
Andhra Pradesh,Vizianagaram,P V A ANANDA SAGAR,Independent,791,0.06,Lost
Andhra Pradesh,Vizianagaram,SAKHINETI ANANTHA RAJU,Pyramid Party of India,725,0.06,Lost
Andhra Pradesh,Vizianagaram,NOTA,None of the Above,23250,1.79,Lost
Arunachal Pradesh,Arunachal East,TAPIR GAO,Bharatiya Janata Party,145581,45.01,Won
Arunachal Pradesh,Arunachal East,BOSIRAM SIRAM,Indian National Congress,115160,35.6,Lost
Arunachal Pradesh,Arunachal East,TAMAT GAMOH,Independent,27603,8.53,Lost
Arunachal Pradesh,Arunachal East,SOTAI KRI,Independent,14213,4.39,Lost
Arunachal Pradesh,Arunachal East,OMAK NITIK,Independent,9369,2.9,Lost
Arunachal Pradesh,Arunachal East,BANDEY MILI,Arunachal Democratic Party,6622,02.05,Lost
Arunachal Pradesh,Arunachal East,NOTA,None of the Above,4895,1.51,Lost
Arunachal Pradesh,Arunachal West,KIREN RIJIJU,Bharatiya Janata Party,205417,51.38,Won
Arunachal Pradesh,Arunachal West,NABAM TUKI,Indian National Congress,104679,26.18,Lost
Arunachal Pradesh,Arunachal West,TECHI RANA,Independent,33314,8.33,Lost
Arunachal Pradesh,Arunachal West,TOKO SHEETAL,Gana Suraksha Party,30530,7.64,Lost
Arunachal Pradesh,Arunachal West,BIMPAK SIGA,Independent,11518,2.88,Lost
Arunachal Pradesh,Arunachal West,RUHI TAGUNG,Independent,7821,1.96,Lost
Arunachal Pradesh,Arunachal West,LEKI NORBU,Independent,2271,0.57,Lost
Arunachal Pradesh,Arunachal West,TANIA JUNE,Independent,1958,0.49,Lost
Arunachal Pradesh,Arunachal West,NOTA,None of the Above,2296,0.57,Lost
Assam,Barpeta,PHANI BHUSAN CHOUDHURY,Asom Gana Parishad,860113,51.02,Won
Assam,Barpeta,DEEP BAYAN,Indian National Congress,637762,37.83,Lost
Assam,Barpeta,MANORANJAN TALUKDAR,Communist Party of India  (Marxist),96138,5.7,Lost
Assam,Barpeta,ABUL KALAM AZAD,All India Trinamool Congress,16432,0.97,Lost
Assam,Barpeta,DEWAN MOHIBUL ISLAM,Independent,9941,0.59,Lost
Assam,Barpeta,SAMEJ UDDIN,Bodoland Peoples Front,9692,0.57,Lost
Assam,Barpeta,DULU AHMED,Independent,9338,0.55,Lost
Assam,Barpeta,MATIAR RAHMAN,Independent,7935,0.47,Lost
Assam,Barpeta,JAGANNATH RAY,Independent,5548,0.33,Lost
Assam,Barpeta,SHAJAHAN ALI KHAN,Voters Party  International,4448,0.26,Lost
Assam,Barpeta,AYNAL HAQUE,Independent,3192,0.19,Lost
Assam,Barpeta,CHITRALEKHA DAS,Socialist Unity Centre Of India (COMMUNIST),3131,0.19,Lost
Assam,Barpeta,AMZAD ALI,Republican Party of India (Athawale),2679,0.16,Lost
Assam,Barpeta,ABUBAKKAR SIDDIQUE,Rashtriya Ulama Council,2477,0.15,Lost
Assam,Barpeta,NOTA,None of the Above,17117,01.02,Lost
Assam,Darrang-Udalguri,DILIP SAIKIA,Bharatiya Janata Party,868387,47.95,Won
Assam,Darrang-Udalguri,MADHAB RAJBANGSHI,Indian National Congress,539375,29.78,Lost
Assam,Darrang-Udalguri,DURGADAS BORO,Bodoland Peoples Front,310574,17.15,Lost
Assam,Darrang-Udalguri,DANIEL MARDI,Independent,14291,0.79,Lost
Assam,Darrang-Udalguri,AROON BAROOA,Bharatheeya Jawan Kisan Party,12563,0.69,Lost
Assam,Darrang-Udalguri,SWARNA DEVI,Gana Suraksha Party,11112,0.61,Lost
Assam,Darrang-Udalguri,LALIT PEGU,Voters Party  International,10915,0.6,Lost
Assam,Darrang-Udalguri,JITENDRA CHALIHA,Socialist Unity Centre Of India (COMMUNIST),7452,0.41,Lost
Assam,Darrang-Udalguri,ABUL KASEM,Republican Party of India (Athawale),4973,0.27,Lost
Assam,Darrang-Udalguri,BIREN BASAK,Bharatiya Gana Parishad,4623,0.26,Lost
Assam,Darrang-Udalguri,ABDUL HAMED,Rashtriya Ulama Council,3731,0.21,Lost
Assam,Darrang-Udalguri,NOTA,None of the Above,23204,1.28,Lost
Assam,Dhubri,RAKIBUL HUSSAIN,Indian National Congress,1471885,59.99,Won
Assam,Dhubri,MOHAMMED BADRUDDIN AJMAL,All India United Democratic Front,459409,18.72,Lost
Assam,Dhubri,ZABED ISLAM,Asom Gana Parishad,438594,17.88,Lost
Assam,Dhubri,S. M. JIAUL HAQUE,Bharatiya Gana Parishad,12106,0.49,Lost
Assam,Dhubri,FARUK KHAN,Independent,10994,0.45,Lost
Assam,Dhubri,BISWAJIT RAY,Independent,7703,0.31,Lost
Assam,Dhubri,ALAKESH ROY,Independent,6990,0.28,Lost
Assam,Dhubri,HAFIZ BURHANUDDIN,The National Road Map Party of India,6940,0.28,Lost
Assam,Dhubri,RADHARANI BISWAS,Hindu Samaj Party,6287,0.26,Lost
Assam,Dhubri,TAHIDUR RAHMAN,Voters Party  International,5392,0.22,Lost
Assam,Dhubri,SHUKUR ALI,Asom Jana Morcha,4792,0.2,Lost
Assam,Dhubri,SURAT ZAMAN MONDAL,Socialist Unity Centre Of India (COMMUNIST),4015,0.16,Lost
Assam,Dhubri,REJAUL KARIM,Republican Party of India (Athawale),3486,0.14,Lost
Assam,Dhubri,NOTA,None of the Above,15015,0.61,Lost
Assam,Dibrugarh,SARBANANDA SONOWAL,Bharatiya Janata Party,693762,54.27,Won
Assam,Dibrugarh,LURINJYOTI GOGOI,Assam Jatiya Parishad,414441,32.42,Lost
Assam,Dibrugarh,MANOJ DHANOWAR,Aam Aadmi Party,137864,10.78,Lost
Assam,Dibrugarh,NOTA,None of the Above,32255,2.52,Lost
Assam,Diphu,AMARSING TISSO,Bharatiya Janata Party,334620,49.01,Won
Assam,Diphu,J. I. KATHAR,Independent,187017,27.39,Lost
Assam,Diphu,JOY RAM ENGLENG,Indian National Congress,124019,18.16,Lost
Assam,Diphu,JOHN BARNARD SANGMA,Gana Suraksha Party,11279,1.65,Lost
Assam,Diphu,JOTSON BEY,Autonomous State Demand Committee,9633,1.41,Lost
Assam,Diphu,NOTA,None of the Above,16259,2.38,Lost
Assam,Guwahati,BIJULI KALITA  MEDHI,Bharatiya Janata Party,894887,55.95,Won
Assam,Guwahati,MIRA BORTHAKUR GOSWAMI,Indian National Congress,643797,40.25,Lost
Assam,Guwahati,DIPAK KR BORO,Voters Party  International,8548,0.53,Lost
Assam,Guwahati,COLONEL GOKUL CHANDRA SINGHA,Independent,7678,0.48,Lost
Assam,Guwahati,AMITABH SARMA,Ekam Sanatan Bharat Dal,7527,0.47,Lost
Assam,Guwahati,KAZI NEKIB  AHMED,Independent,6761,0.42,Lost
Assam,Guwahati,SAMAD CHOUDHURY,Bharatiya Gana Parishad,5095,0.32,Lost
Assam,Guwahati,SHEJON GOYARY,Bahujan Maha Party,4847,0.3,Lost
Assam,Guwahati,NOTA,None of the Above,20249,1.27,Lost
Assam,Jorhat,GAURAV GOGOI,Indian National Congress,751771,54.04,Won
Assam,Jorhat,TOPON KUMAR GOGOI,Bharatiya Janata Party,607378,43.66,Lost
Assam,Jorhat,ARUN CHANDRA HANDIQUE,Ekam Sanatan Bharat Dal,9086,0.65,Lost
Assam,Jorhat,RAJ KUMAR DUWARA,Independent,8370,0.6,Lost
Assam,Jorhat,NOTA,None of the Above,14555,01.05,Lost
Assam,Karimganj,KRIPANATH MALLAH,Bharatiya Janata Party,545093,47.53,Won
Assam,Karimganj,HAFIZ RASHID AHMED CHOUDHURY,Indian National Congress,526733,45.93,Lost
Assam,Karimganj,SAHABUL ISLAM CHOUDHURY,All India United Democratic Front,29205,2.55,Lost
Assam,Karimganj,JIBESH DEB,Independent,7109,0.62,Lost
Assam,Karimganj,DEBOJYOTI NATH,Independent,5907,0.52,Lost
Assam,Karimganj,AHAD UDDIN,Rashtriya Ulama Council,4192,0.37,Lost
Assam,Karimganj,BINAY KRISHNA ROY,Independent,3628,0.32,Lost
Assam,Karimganj,DILIP KUMAR,Independent,2630,0.23,Lost
Assam,Karimganj,ROSID AHMED LASKAR,Independent,2601,0.23,Lost
Assam,Karimganj,MUZAKKIR HASAN LASKAR,Independent,2291,0.2,Lost
Assam,Karimganj,ABDUL BASIT TAPADAR,Independent,1923,0.17,Lost
Assam,Karimganj,GOPAL CHANDRA PAUL,Independent,1657,0.14,Lost
Assam,Karimganj,MD. NAZRUL ISLAM LASKAR,Independent,1382,0.12,Lost
Assam,Karimganj,SAHEL AHMED,Independent,1111,0.1,Lost
Assam,Karimganj,ABDUL GOFFAR TALUKDAR,Independent,1095,0.1,Lost
Assam,Karimganj,SAFIKUR RAHMAN HAZARI,Independent,1031,0.09,Lost
Assam,Karimganj,PRAJJWAL SUDIP DEB,Socialist Unity Centre Of India (COMMUNIST),1001,0.09,Lost
Assam,Karimganj,ABDUL KALAM MAZUMDER,Independent,975,0.09,Lost
Assam,Karimganj,ALIM UDDIN MAZUMDER,Independent,882,0.08,Lost
Assam,Karimganj,ABDUL HAMEED,Independent,842,0.07,Lost
Assam,Karimganj,DEBASHISH GHOSH,Bangali Nabanirman Sena,817,0.07,Lost
Assam,Karimganj,RASHID AHMED CHOUDHURY,Independent,721,0.06,Lost
Assam,Karimganj,ABDUS  SUBHAN TAPADAR,Independent,571,0.05,Lost
Assam,Karimganj,ROKIBUL HUSSAIN CHOUDHURY,Independent,545,0.05,Lost
Assam,Karimganj,NOTA,None of the Above,2940,0.26,Lost
Assam,Kaziranga,KAMAKHYA PRASAD TASA,Bharatiya Janata Party,897043,55.04,Won
Assam,Kaziranga,ROSELINA TIRKEY,Indian National Congress,648096,39.76,Lost
Assam,Kaziranga,DILUWARA BEGUM CHOWDHURY,Independent,11743,0.72,Lost
Assam,Kaziranga,BINOD GOGOI,Independent,10679,0.66,Lost
Assam,Kaziranga,ANIMA DEKA GUPTA,Voters Party  International,8673,0.53,Lost
Assam,Kaziranga,TRIDIV JYOTI BHUYAN,Independent,8128,0.5,Lost
Assam,Kaziranga,ABDUL HOQUE,Independent,6441,0.4,Lost
Assam,Kaziranga,JYOTISKA RANJAN GOSWAMI,Independent,4538,0.28,Lost
Assam,Kaziranga,SAILEN CH MALAKAR,Bharatiya Gana Parishad,3720,0.23,Lost
Assam,Kaziranga,SALIM AHMED,Asom Jana Morcha,3266,0.2,Lost
Assam,Kaziranga,SALEH AHMED MAZUMDAR,Republican Party of India (Athawale),3179,0.2,Lost
Assam,Kaziranga,NOTA,None of the Above,24431,1.5,Lost
Assam,Kokrajhar,JOYANTA BASUMATARY,"United People’s Party, Liberal",488995,39.39,Won
Assam,Kokrajhar,KAMPA BORGOYARI,Bodoland Peoples Front,437412,35.23,Lost
Assam,Kokrajhar,GARJAN MASHAHARY,Indian National Congress,113736,9.16,Lost
Assam,Kokrajhar,BINITA DEKA,Gana Suraksha Party,94189,7.59,Lost
Assam,Kokrajhar,PRITHVIRAJ NARAYAN DEV MECH,Independent,33737,2.72,Lost
Assam,Kokrajhar,GAURI SANKAR SARANIA,All India Trinamool Congress,23519,1.89,Lost
Assam,Kokrajhar,RANJAY KR BRAHMA,Independent,8830,0.71,Lost
Assam,Kokrajhar,LALIT PEGU,Voters Party  International,7932,0.64,Lost
Assam,Kokrajhar,JYOTISH KUMAR DAS,Independent,6106,0.49,Lost
Assam,Kokrajhar,PANKAJ ISLARY,Independent,4508,0.36,Lost
Assam,Kokrajhar,TRIPTINA RABHA,Independent,4540,0.37,Lost
Assam,Kokrajhar,AJOY NARZARY,Independent,4080,0.33,Lost
Assam,Kokrajhar,NOTA,None of the Above,13912,1.12,Lost
Assam,Lakhimpur,PRADAN BARUAH,Bharatiya Janata Party,663122,54.75,Won
Assam,Lakhimpur,UDAY SHANKAR HAZARIKA,Indian National Congress,461865,38.13,Lost
Assam,Lakhimpur,DHIREN KACHARI,Communist Party of India,19631,1.62,Lost
Assam,Lakhimpur,GHANA KANTA CHUTIA,All India Trinamool Congress,14197,1.17,Lost
Assam,Lakhimpur,BIKRAM RAMCHIARY,Independent,10293,0.85,Lost
Assam,Lakhimpur,GOBIN BISWAKARMA,Independent,7526,0.62,Lost
Assam,Lakhimpur,DEBA NATH PAIT,Independent,6163,0.51,Lost
Assam,Lakhimpur,PALLAB PEGU,Socialist Unity Centre Of India (COMMUNIST),6137,0.51,Lost
Assam,Lakhimpur,BIREN BAILUNG,Voters Party  International,5359,0.44,Lost
Assam,Lakhimpur,NOTA,None of the Above,16921,1.4,Lost
Assam,Nagaon,PRADYUT BORDOLOI,Indian National Congress,788850,50.89,Won
Assam,Nagaon,SURESH BORAH,Bharatiya Janata Party,576619,37.2,Lost
Assam,Nagaon,AMINUL ISLAM,All India United Democratic Front,137340,8.86,Lost
Assam,Nagaon,SIKHA SARMA,Independent,6620,0.43,Lost
Assam,Nagaon,SAMSUL ALAM,Independent,5069,0.33,Lost
Assam,Nagaon,BIPAD BHANJAN SARKAR,Independent,4885,0.32,Lost
Assam,Nagaon,ANUPAM BARUAH,Jai Prakash Janata Dal,4319,0.28,Lost
Assam,Nagaon,NIKHIL DEKARAJA,Independent,3627,0.23,Lost
Assam,Nagaon,RABBUL HAQUE,Rashtriya Ulama Council,2559,0.17,Lost
Assam,Nagaon,ABU SHAMA,Independent,2238,0.14,Lost
Assam,Nagaon,ABU EUSUF MD RAIHAN UDDIN,Independent,2030,0.13,Lost
Assam,Nagaon,SANTANU MUKHERJEE,Bharatiya Gana Parishad,2010,0.13,Lost
Assam,Nagaon,SAIFUL ISLAM CHOUDHURY,Asom Jana Morcha,1837,0.12,Lost
Assam,Nagaon,NOTA,None of the Above,11995,0.77,Lost
Assam,Silchar,PARIMAL SUKLABAIDYA,Bharatiya Janata Party,652405,59.89,Won
Assam,Silchar,SURYA KANTA SARKAR,Indian National Congress,388094,35.62,Lost
Assam,Silchar,RADHESHYAM BISWAS,All India Trinamool Congress,20493,1.88,Lost
Assam,Silchar,RAJU DAS,Independent,4597,0.42,Lost
Assam,Silchar,PROBASH CHANDRA SARKAR,Socialist Unity Centre Of India (COMMUNIST),4534,0.42,Lost
Assam,Silchar,ANANTA MOHAN ROY,Independent,3143,0.29,Lost
Assam,Silchar,RAJIB DAS,Bahujan Maha Party,1867,0.17,Lost
Assam,Silchar,BARINDRA KUMAR DAS,Bangali Nabanirman Sena,1593,0.15,Lost
Assam,Silchar,NOTA,None of the Above,12700,1.17,Lost
Assam,Sonitpur,RANJIT DUTTA,Bharatiya Janata Party,775788,60.21,Won
Assam,Sonitpur,PREMLAL GANJU,Indian National Congress,414380,32.16,Lost
Assam,Sonitpur,RISHIRAJ KAUNDINYA,Aam Aadmi Party,33048,2.56,Lost
Assam,Sonitpur,RAJU DEURI,Bodoland Peoples Front,19892,1.54,Lost
Assam,Sonitpur,PRADIP BHANDARI,Independent,8205,0.64,Lost
Assam,Sonitpur,KAMESWAR SWARGIARY,Voters Party  International,7382,0.57,Lost
Assam,Sonitpur,RINKU ROY,Gana Suraksha Party,6823,0.53,Lost
Assam,Sonitpur,ALAM ALI,Bahujan Maha Party,4202,0.33,Lost
Assam,Sonitpur,NOTA,None of the Above,18748,1.46,Lost
Bihar,Araria,PRADEEP KUMAR SINGH,Bharatiya Janata Party,600146,47.91,Won
Bihar,Araria,SHAHNAWAZ,Rashtriya Janata Dal,580052,46.31,Lost
Bihar,Araria,SHATRUGHAN PRASAD SUMAN,Independent,13746,1.1,Lost
Bihar,Araria,MD GHOUSUL AZAM,Bahujan Samaj Party,12690,01.01,Lost
Bihar,Araria,MD. MOBINUL HAQUE,Independent,12008,0.96,Lost
Bihar,Araria,MD. ISMAIL,Bharatiya Momin Front,7354,0.59,Lost
Bihar,Araria,AKHILESH KUMAR,Independent,5120,0.41,Lost
Bihar,Araria,MUSHTAK ALAM,Independent,4899,0.39,Lost
Bihar,Araria,ZAWED AKHTAR,The National Road Map Party of India,3041,0.24,Lost
Bihar,Araria,NOTA,None of the Above,13504,01.08,Lost
Bihar,Arrah,SUDAMA PRASAD,Communist Party of India  (Marxist-Leninist)  (Liberation),529382,48.28,Won
Bihar,Arrah,R. K. SINGH,Bharatiya Janata Party,469574,42.82,Lost
Bihar,Arrah,VIRENDRA KUMAR SINGH,Independent,23635,2.16,Lost
Bihar,Arrah,SHIV DAS SINGH,Independent,13379,1.22,Lost
Bihar,Arrah,LAL BADSAH SINGH,Bahujan Samaj Party,10826,0.99,Lost
Bihar,Arrah,KRISHNA PASWAN,Bhartiya Kranti Vir Party,8749,0.8,Lost
Bihar,Arrah,RANDHIR LAL,Independent,5766,0.53,Lost
Bihar,Arrah,NAVNIT KUMAR,Independent,4773,0.44,Lost
Bihar,Arrah,RAM SARE SINGH,Peoples Party of India (Democratic),2541,0.23,Lost
Bihar,Arrah,DHARMATMA SHARMA,Socialist Unity Centre Of India (COMMUNIST),2467,0.22,Lost
Bihar,Arrah,RAMJEE SINGH,Voters Party  International,2440,0.22,Lost
Bihar,Arrah,ASHOK TIWARY,Independent,2295,0.21,Lost
Bihar,Arrah,MANMOHAN SINGH,Rashtrawadi Janlok Party (Satya),2097,0.19,Lost
Bihar,Arrah,SUMITRA DEVI,Jagrook Janta Party,1674,0.15,Lost
Bihar,Arrah,NOTA,None of the Above,16963,1.55,Lost
Bihar,Aurangabad,ABHAY KUMAR SINHA,Rashtriya Janata Dal,465567,49.22,Won
Bihar,Aurangabad,SUSHIL KUMAR SINGH,Bharatiya Janata Party,386456,40.86,Lost
Bihar,Aurangabad,SUNESH KUMAR,Bahujan Samaj Party,20309,2.15,Lost
Bihar,Aurangabad,PRATIBHA RANI,Peoples Party of India (Democratic),12308,1.3,Lost
Bihar,Aurangabad,RAJ BALLABH SINGH,Independent,11159,1.18,Lost
Bihar,Aurangabad,RAMJIT SINGH,Rashtriya Jansambhavna Party,9243,0.98,Lost
Bihar,Aurangabad,SURESH PRASAD VERMA,Independent,6711,0.71,Lost
Bihar,Aurangabad,MOHAMMAD WALIULLAH KHAN,Independent,6604,0.7,Lost
Bihar,Aurangabad,SHAILESH RAHI,Akhil Hind Forward Bloc (Krantikari),4896,0.52,Lost
Bihar,Aurangabad,NOTA,None of the Above,22627,2.39,Lost
Bihar,Banka,GIRIDHARI YADAV,Janata Dal  (United),506678,49.96,Won
Bihar,Banka,JAI PRAKASH NARAYAN YADAV,Rashtriya Janata Dal,402834,39.72,Lost
Bihar,Banka,NARESH YADAV,Independent,14939,1.47,Lost
Bihar,Banka,JAY PRAKASH YADAV,Rashtriya Jansambhavna Party,12277,1.21,Lost
Bihar,Banka,AMRIT TANTI,Bhartiya Dalit Party,9670,0.95,Lost
Bihar,Banka,NARESH KUMAR PRIYADARSHI,Independent,8125,0.8,Lost
Bihar,Banka,GANESH KUMAR KUSHAWAHA,Samata Party,7645,0.75,Lost
Bihar,Banka,UTTAM KUMAR SINGH,Aam Janta Party Rashtriya,6911,0.68,Lost
Bihar,Banka,KAVINDRA PANDIT,Socialist Unity Centre Of India (COMMUNIST),5246,0.52,Lost
Bihar,Banka,UMAKANT YADAV,Independent,4941,0.49,Lost
Bihar,Banka,NOTA,None of the Above,34889,3.44,Lost
Bihar,Begusarai,GIRIRAJ SINGH,Bharatiya Janata Party,649331,50.15,Won
Bihar,Begusarai,ABDHESH KUMAR ROY,Communist Party of India,567851,43.86,Lost
Bihar,Begusarai,INDRAJEET KUMAR ROY,Independent,12953,1,Lost
Bihar,Begusarai,RAJNISH KUMAR MUKHIYA,Rashtriya Jansambhavna Party,10872,0.84,Lost
Bihar,Begusarai,ADV CHANDAN KUMAR DAS,Bahujan Samaj Party,8453,0.65,Lost
Bihar,Begusarai,RAM BADAN RAI,Karpoori Janta Dal,6644,0.51,Lost
Bihar,Begusarai,MD SHAHNAWAZ HASSAN,Independent,6152,0.48,Lost
Bihar,Begusarai,ARUN KUMAR,Independent,4045,0.31,Lost
Bihar,Begusarai,RAJ KUMAR SAH,Akhil Bhartiya Parivar Party,3350,0.26,Lost
Bihar,Begusarai,RAMUDGAR,Socialist Unity Centre Of India (COMMUNIST),2640,0.2,Lost
Bihar,Begusarai,NOTA,None of the Above,22382,1.73,Lost
Bihar,Bhagalpur,AJAY KUMAR MANDAL,Janata Dal  (United),536031,50.38,Won
Bihar,Bhagalpur,AJEET SHARMA,Indian National Congress,431163,40.52,Lost
Bihar,Bhagalpur,POONAM SINGH,Bahujan Samaj Party,12646,1.19,Lost
Bihar,Bhagalpur,HARERAM YADAV,Independent,12258,1.15,Lost
Bihar,Bhagalpur,DEEPAK KUMAR SINGH,Rashtriya Jansambhavna Party,7670,0.72,Lost
Bihar,Bhagalpur,CHHOTE LAL KUMAR,Independent,6683,0.63,Lost
Bihar,Bhagalpur,RAMESH TUDU,Independent,6634,0.62,Lost
Bihar,Bhagalpur,UMESH PRASAD YADAV,Peoples Party of India (Democratic),5126,0.48,Lost
Bihar,Bhagalpur,DEEPAK KUMAR,Socialist Unity Centre Of India (COMMUNIST),3763,0.35,Lost
Bihar,Bhagalpur,MUKESH KUMAR,Akhil Bhartiya Parivar Party,3681,0.35,Lost
Bihar,Bhagalpur,DAYARAM MANDAL,Lok Sewa Dal,3519,0.33,Lost
Bihar,Bhagalpur,OM PRAKASH PODDAR,Independent,3104,0.29,Lost
Bihar,Bhagalpur,NOTA,None of the Above,31803,2.99,Lost
Bihar,Buxar,SUDHAKAR SINGH,Rashtriya Janata Dal,438345,40.82,Won
Bihar,Buxar,MITHILESH TIWARI,Bharatiya Janata Party,408254,38.02,Lost
Bihar,Buxar,ANIL KUMAR,Bahujan Samaj Party,114714,10.68,Lost
Bihar,Buxar,ANAND MISHRA S/O- PARAM HANS MISHRA,Independent,47409,4.42,Lost
Bihar,Buxar,DADAN YADAV,Independent,15836,1.47,Lost
Bihar,Buxar,SUDHAKAR MISHRA,Independent,12749,1.19,Lost
Bihar,Buxar,SUNIL KUMAR DUBY,Independent,7759,0.72,Lost
Bihar,Buxar,RAM SWAROOP CHAUHAN,Independent,5516,0.51,Lost
Bihar,Buxar,RAJU SINGH,Bahujan Mukti Party,4339,0.4,Lost
Bihar,Buxar,AANAND MISRA S/O MADAN KUMAR MISRA,Independent,2834,0.26,Lost
Bihar,Buxar,BHAGWAN SINGH YADAV,Independent,2053,0.19,Lost
Bihar,Buxar,NIRANJAN KUMAR RAY,Independent,1669,0.16,Lost
Bihar,Buxar,HEM LATA,Jagrook Janta Party,1570,0.15,Lost
Bihar,Buxar,AKHILESH KUMAR PANDEY,Independent,1095,0.1,Lost
Bihar,Buxar,NOTA,None of the Above,9617,0.9,Lost
Bihar,Darbhanga,GOPAL JEE THAKUR,Bharatiya Janata Party,566630,55.33,Won
Bihar,Darbhanga,LALIT KUMAR YADAV,Rashtriya Janata Dal,388474,37.93,Lost
Bihar,Darbhanga,SAROJ CHAUDHARY,Mithilanchal Mukti Morcha,18025,1.76,Lost
Bihar,Darbhanga,DURGANANDA MAHAVIR NAYAK,Bahujan Samaj Party,8268,0.81,Lost
Bihar,Darbhanga,MITHILESH MAHTO,Independent,6992,0.68,Lost
Bihar,Darbhanga,KISHOR KUMAR DAS,Akhil Bhartiya Parivar Party,5721,0.56,Lost
Bihar,Darbhanga,RAJNISH KUMAR,Jantantra Awaj Party,3638,0.36,Lost
Bihar,Darbhanga,RANJEET KUMAR RAM,Wazib Adhikar Party,2532,0.25,Lost
Bihar,Darbhanga,NOTA,None of the Above,23904,2.33,Lost
Bihar,Gaya,JITAN RAM MANJHI,Hindustani Awam Morcha (Secular),494960,51.36,Won
Bihar,Gaya,KUMAR SARVJEET,Rashtriya Janata Dal,393148,40.8,Lost
Bihar,Gaya,SUSHMA KUMARI,Bahujan Samaj Party,12376,1.28,Lost
Bihar,Gaya,DEVENDRA PRATAP,Independent,9211,0.96,Lost
Bihar,Gaya,DHEERENDRA PRASAD,Loktantrik Samajwadi Party,5629,0.58,Lost
Bihar,Gaya,GIRIDHAR SAPERA,The National Road Map Party of India,4727,0.49,Lost
Bihar,Gaya,RANU KUMAR CHAUDHARY,Independent,4505,0.47,Lost
Bihar,Gaya,RANJAN KUMAR,Independent,4234,0.44,Lost
Bihar,Gaya,AYUSH KUMAR,Independent,4103,0.43,Lost
Bihar,Gaya,SURENDRA MANJHI,Rashtriya Jansambhavna Party,3035,0.31,Lost
Bihar,Gaya,AMRESH KUMAR,Independent,2821,0.29,Lost
Bihar,Gaya,ASHOK KUMAR PASWAN,Independent,2701,0.28,Lost
Bihar,Gaya,ARUN KUMAR,Independent,2554,0.27,Lost
Bihar,Gaya,SHEO SHANKAR,Bhartiya Lok Chetna Party,2384,0.25,Lost
Bihar,Gaya,NOTA,None of the Above,17288,1.79,Lost
Bihar,Gopalganj,DR. ALOK KUMAR SUMAN,Janata Dal  (United),511866,48.15,Won
Bihar,Gopalganj,PREM NATH CHANCHAL ALIAS CHANCHAL PASWAN,Vikassheel Insaan Party,384686,36.19,Lost
Bihar,Gopalganj,DINANATH MANJHI,All India Majlis-E-Ittehadul Muslimeen,29992,2.82,Lost
Bihar,Gopalganj,SUJEET KUMAR RAM,Bahujan Samaj Party,29272,2.75,Lost
Bihar,Gopalganj,ANIL RAM,Independent,13002,1.22,Lost
Bihar,Gopalganj,SATYENDRA BAITHA,Independent,12269,1.15,Lost
Bihar,Gopalganj,BHOLA HARIJAN,Independent,11140,01.05,Lost
Bihar,Gopalganj,RAM KUMAR MANJHI,Gana Suraksha Party,8540,0.8,Lost
Bihar,Gopalganj,NAMI RAM,Independent,6716,0.63,Lost
Bihar,Gopalganj,SURENDRA RAM,Bhartiya Rashtriya Dal,6712,0.63,Lost
Bihar,Gopalganj,JITENDRA RAM,Bahujan Mukti Party,5969,0.56,Lost
Bihar,Gopalganj,NOTA,None of the Above,42863,04.03,Lost
Bihar,Hajipur,CHIRAG PASWAN,Lok Janshakti Party(Ram Vilas),615718,53.29,Won
Bihar,Hajipur,SHIV CHANDRA RAM,Rashtriya Janata Dal,445613,38.57,Lost
Bihar,Hajipur,SURENDRA KUMAR PASWAN,Independent,17245,1.49,Lost
Bihar,Hajipur,SHASHI SWARAJ,Bahujan Samaj Party,8679,0.75,Lost
Bihar,Hajipur,HARIWANSH PASWAN,Independent,7117,0.62,Lost
Bihar,Hajipur,SHAILENDRA KUMAR,Independent,6161,0.53,Lost
Bihar,Hajipur,ASHOK KUMAR,Samata Party,4721,0.41,Lost
Bihar,Hajipur,RANDHIR PASWAN,Independent,2675,0.23,Lost
Bihar,Hajipur,RAJ KUMAR PASWAN,Yuva Bihar Sena,1990,0.17,Lost
Bihar,Hajipur,DHARMENDRA KUMAR,Jantantra Awaj Party,1978,0.17,Lost
Bihar,Hajipur,MADHUSUDHAN PASWAN,Independent,1801,0.16,Lost
Bihar,Hajipur,RAJESH KUMAR RAUSHAN,Socialist Unity Centre Of India (COMMUNIST),1701,0.15,Lost
Bihar,Hajipur,MEGHNATH PASWAN,Independent,1680,0.15,Lost
Bihar,Hajipur,BALENDRA DAS,Janshakti Janta Dal,1318,0.11,Lost
Bihar,Hajipur,NOTA,None of the Above,36927,3.2,Lost
Bihar,Jahanabad,SURENDRA PRASAD YADAV,Rashtriya Janata Dal,443035,47.88,Won
Bihar,Jahanabad,CHANDESHWAR PRASAD,Janata Dal  (United),300444,32.47,Lost
Bihar,Jahanabad,ARUN KUMAR,Bahujan Samaj Party,86380,9.33,Lost
Bihar,Jahanabad,MINTA DEVI,Independent,16123,1.74,Lost
Bihar,Jahanabad,MUNILAL YADAV,Independent,13029,1.41,Lost
Bihar,Jahanabad,ASHUTOSH KUMAR,Rashtriya Jan Jan Party,13213,1.43,Lost
Bihar,Jahanabad,DEEPAK KUMAR,Jagrook Janta Party,8970,0.97,Lost
Bihar,Jahanabad,BUDDHADEV SAV,Independent,5773,0.62,Lost
Bihar,Jahanabad,NARESH KUMAR,Independent,5712,0.62,Lost
Bihar,Jahanabad,CHANDESHWAR PRASAD,Independent,5378,0.58,Lost
Bihar,Jahanabad,PIYUSH SINGH,Shoshit Samaj Dal,4618,0.5,Lost
Bihar,Jahanabad,RAJ KISHOR SHARMA,Bhartiya Sarthak Party,3243,0.35,Lost
Bihar,Jahanabad,KAPIL CHAUHAN,Jan Janwadi Party,2964,0.32,Lost
Bihar,Jahanabad,ASHUTOSH VINAY KUMAR,Rashtriya Garib Dal,2909,0.31,Lost
Bihar,Jahanabad,UMA SHANKAR VERMA,Socialist Unity Centre Of India (COMMUNIST),2524,0.27,Lost
Bihar,Jahanabad,NOTA,None of the Above,11055,1.19,Lost
Bihar,Jamui,ARUN BHARTI,Lok Janshakti Party(Ram Vilas),509046,51.98,Won
Bihar,Jamui,ARCHANA KUMARI,Rashtriya Janata Dal,396564,40.5,Lost
Bihar,Jamui,SUBHASH PASWAN,Independent,13875,1.42,Lost
Bihar,Jamui,SAKALDEO DAS,Bahujan Samaj Party,12366,1.26,Lost
Bihar,Jamui,SRAWON KUMAR,Rashtriya Jansambhavna Party,8625,0.88,Lost
Bihar,Jamui,JAGDISH PRASAD,Loktantrik Samajik Nyay Party,6542,0.67,Lost
Bihar,Jamui,SANTOSH KUMAR DAS,Socialist Unity Centre Of India (COMMUNIST),6033,0.62,Lost
Bihar,Jamui,NOTA,None of the Above,26182,2.67,Lost
Bihar,Jhanjharpur,RAMPRIT MANDAL,Janata Dal  (United),533032,48.73,Won
Bihar,Jhanjharpur,SUMAN KUMAR MAHASETH,Vikassheel Insaan Party,348863,31.9,Lost
Bihar,Jhanjharpur,GULAB YADAV,Bahujan Samaj Party,73884,6.76,Lost
Bihar,Jhanjharpur,RAM PRASAD RAUT,Independent,26010,2.38,Lost
Bihar,Jhanjharpur,GANGA PRASAD YADAV,Independent,18074,1.65,Lost
Bihar,Jhanjharpur,GAURI SHANKAR SAHU,Independent,14325,1.31,Lost
Bihar,Jhanjharpur,RAJIV KUMAR JHA,Independent,12513,1.14,Lost
Bihar,Jhanjharpur,BABLU KUMAR,Aadarsh Mithila Party,11673,01.07,Lost
Bihar,Jhanjharpur,VIDYA NAND RAM,Wazib Adhikar Party,10862,0.99,Lost
Bihar,Jhanjharpur,VIJAY KUMAR MANDAL,Socialist Unity Centre Of India (COMMUNIST),8577,0.78,Lost
Bihar,Jhanjharpur,NOTA,None of the Above,35928,3.28,Lost
Bihar,Karakat,RAJA RAM SINGH,Communist Party of India  (Marxist-Leninist)  (Liberation),380581,36.89,Won
Bihar,Karakat,PAWAN SINGH,Independent,274723,26.63,Lost
Bihar,Karakat,UPENDRA KUSHWAHA,Rashtriya Lok Morcha,253876,24.61,Lost
Bihar,Karakat,DHEERAJ KUMAR SINGH,Bahujan Samaj Party,23657,2.29,Lost
Bihar,Karakat,RAJA RAM SINGH,Independent,21383,02.07,Lost
Bihar,Karakat,PRIYANKA PRASAD CHOUDHARY,All India Majlis-E-Ittehadul Muslimeen,11006,01.07,Lost
Bihar,Karakat,AJEET KUMAR SINGH,Peoples Party of India (Democratic),9653,0.94,Lost
Bihar,Karakat,VIKASH VINAYAK,Jan Janwadi Party,7664,0.74,Lost
Bihar,Karakat,INDRA RAJ ROUSHAN,Independent,6324,0.61,Lost
Bihar,Karakat,PRADEEP KUMAR JOSHI,Rashtra Sewa Dal,5919,0.57,Lost
Bihar,Karakat,AVADHESH PASAWAN,Bharatiya Aam Awam Party,5585,0.54,Lost
Bihar,Karakat,RAJESHWAR PASWAN,Akhil Hind Forward Bloc (Krantikari),5006,0.49,Lost
Bihar,Karakat,PRAYAG PASWAN,Socialist Unity Centre Of India (COMMUNIST),4646,0.45,Lost
Bihar,Karakat,NOTA,None of the Above,21595,02.09,Lost
Bihar,Katihar,TARIQ ANWAR,Indian National Congress,567092,48.41,Won
Bihar,Katihar,DULAL CHANDRA GOSWAMI,Janata Dal  (United),517229,44.15,Lost
Bihar,Katihar,GOPAL KUMAR MAHTO,Bahujan Samaj Party,14498,1.24,Lost
Bihar,Katihar,GYANESHWAR SOREN,Independent,12317,01.05,Lost
Bihar,Katihar,KHALID MOBARAK,Independent,10871,0.93,Lost
Bihar,Katihar,RAJ KUMAR MANDAL,Rashtriya Jansambhavna Party,8487,0.72,Lost
Bihar,Katihar,VISHNU SINGH,Bharat Jago Janta Party,6340,0.54,Lost
Bihar,Katihar,MARANG HANSADA,Peoples Party of India (Democratic),5889,0.5,Lost
Bihar,Katihar,BINDU KUMARI,Samaj Shakti Party,5884,0.5,Lost
Bihar,Katihar,NOTA,None of the Above,22939,1.96,Lost
Bihar,Khagaria,RAJESH VERMA,Lok Janshakti Party(Ram Vilas),538657,50.73,Won
Bihar,Khagaria,SANJAY KUMAR,Communist Party of India  (Marxist),377526,35.55,Lost
Bihar,Khagaria,RUPAM DEVI,Independent,27395,2.58,Lost
Bihar,Khagaria,SONU KUMAR,Independent,24483,2.31,Lost
Bihar,Khagaria,PINKESH KUMAR,Rashtriya Jan Kalyan Party Secular,19495,1.84,Lost
Bihar,Khagaria,DR RAVI KUMAR,Bahujan Samaj Party,14053,1.32,Lost
Bihar,Khagaria,AJAY KUMAR,Rashtriya Jansambhavna Party,8310,0.78,Lost
Bihar,Khagaria,PRIYADARSHEE DINKAR,Independent,7904,0.74,Lost
Bihar,Khagaria,DINANATH CHANDRAVANSHI,Independent,6162,0.58,Lost
Bihar,Khagaria,CHANDRA KISHOR THAKUR,Aam Janta Party Rashtriya,2849,0.27,Lost
Bihar,Khagaria,ASIF IMAM,Aadarsh Mithila Party,2443,0.23,Lost
Bihar,Khagaria,KANCHAN MALA,Hindustan People's Party (Democratic),1506,0.14,Lost
Bihar,Khagaria,NOTA,None of the Above,31111,2.93,Lost
Bihar,Kishanganj,MOHAMMAD JAWED,Indian National Congress,402850,35,Won
Bihar,Kishanganj,MUJAHID ALAM,Janata Dal  (United),343158,29.81,Lost
Bihar,Kishanganj,AKHTARUL IMAN,All India Majlis-E-Ittehadul Muslimeen,309264,26.87,Lost
Bihar,Kishanganj,BIDESHI RISHIDEV,Independent,11818,01.03,Lost
Bihar,Kishanganj,VISHWANATH TUDU,Independent,11302,0.98,Lost
Bihar,Kishanganj,MD GUFRAN JAMALI,Independent,9993,0.87,Lost
Bihar,Kishanganj,HASIRUL,Independent,9524,0.83,Lost
Bihar,Kishanganj,BABUL ALAM,Bahujan Samaj Party,7579,0.66,Lost
Bihar,Kishanganj,RAVI KUMAR ROY,Independent,7302,0.63,Lost
Bihar,Kishanganj,SHAHABUZZAMA BHARTIYA,Rashtriya Samaj Paksha,6055,0.53,Lost
Bihar,Kishanganj,CHHOTE LAL MAHTO,Independent,3763,0.33,Lost
Bihar,Kishanganj,MOHAMMAD KAUSAR PERWEZ,Independent,3525,0.31,Lost
Bihar,Kishanganj,NOTA,None of the Above,24966,2.17,Lost
Bihar,Madhepura,DINESH CHANDRA YADAV,Janata Dal  (United),640649,52.96,Won
Bihar,Madhepura,DA KUMAR CHANDRADEEP,Rashtriya Janata Dal,466115,38.53,Lost
Bihar,Madhepura,SURESHWAR PODDAR,Aadarsh Mithila Party,15434,1.28,Lost
Bihar,Madhepura,MD ARSHAD HUSSAIN,Bahujan Samaj Party,12991,01.07,Lost
Bihar,Madhepura,JAWAHAR LAL JAISWAL,Socialist Unity Centre Of India (COMMUNIST),11322,0.94,Lost
Bihar,Madhepura,UCHESHWAR PANDIT,Samajhdar Party,11149,0.92,Lost
Bihar,Madhepura,PRO KAMESHWAR YADAV,Bharatiya Jan Kranti Dal (Democratic),10674,0.88,Lost
Bihar,Madhepura,AJABLAL MEHTA,Yuva Krantikari Party,8736,0.72,Lost
Bihar,Madhepura,NOTA,None of the Above,32625,2.7,Lost
Bihar,Madhubani,ASHOK KUMAR YADAV,Bharatiya Janata Party,553428,53.85,Won
Bihar,Madhubani,MD ALI ASHRAF FATMI,Rashtriya Janata Dal,401483,39.07,Lost
Bihar,Madhubani,SHIV BODHAN SAHU,Independent,13370,1.3,Lost
Bihar,Madhubani,BIKASH KUMAR,Bahujan Samaj Party,7223,0.7,Lost
Bihar,Madhubani,PRIYE RANJAN,Independent,7050,0.69,Lost
Bihar,Madhubani,VAIDYANATH YADAV,Peoples Party of India (Democratic),4983,0.48,Lost
Bihar,Madhubani,SARFARAJ ALAM,Akhil Bhartiya Parivar Party,4623,0.45,Lost
Bihar,Madhubani,MD WAQUAR SIDDIQUI,All India Majlis-E-Ittehadul Muslimeen,4498,0.44,Lost
Bihar,Madhubani,MOHAN SHARMA,Rashtriya Jansambhavna Party,4464,0.43,Lost
Bihar,Madhubani,ABU BAKAR RAHMANI,Country Citizen Party,2097,0.2,Lost
Bihar,Madhubani,UDAY MANDAL,Samata Party,2007,0.2,Lost
Bihar,Madhubani,KUL BHUSHAN PRASAD,Loktantrik Lok Rajyam Party,1783,0.17,Lost
Bihar,Madhubani,NOTA,None of the Above,20719,02.02,Lost
Bihar,Maharajganj,"JANARDAN SINGH ""SIGRIWAL""",Bharatiya Janata Party,529533,52.22,Won
Bihar,Maharajganj,AAKASH KUMAR SINGH,Indian National Congress,426882,42.09,Lost
Bihar,Maharajganj,TRIBHUWAN RAM,Peoples Party of India (Democratic),14838,1.46,Lost
Bihar,Maharajganj,MADHUSUDAN SINGH,Bahujan Samaj Party,13402,1.32,Lost
Bihar,Maharajganj,AKHILESHWAR PRASAD SINGH,All India Majlis-E-Ittehadul Muslimeen,7767,0.77,Lost
Bihar,Maharajganj,NOTA,None of the Above,21687,2.14,Lost
Bihar,Munger,RAJIV RANJAN SINGH ALIAS LALAN SINGH,Janata Dal  (United),550146,48.3,Won
Bihar,Munger,KUMARI ANITA,Rashtriya Janata Dal,469276,41.2,Lost
Bihar,Munger,SHANKAR PRASAD BIND,Independent,21023,1.85,Lost
Bihar,Munger,PRIYADARSHI PIYUSH,Independent,15731,1.38,Lost
Bihar,Munger,A. K. SINGH ‘ASHOK’,Independent,13825,1.21,Lost
Bihar,Munger,KUMAR NAVNEET HIMANSHU,Bahujan Samaj Party,12280,01.08,Lost
Bihar,Munger,KULDIP YADAV,Hindustan People's Party (Democratic),9486,0.83,Lost
Bihar,Munger,NEETISH KUMAR,Independent,7507,0.66,Lost
Bihar,Munger,PRAVAL KUMAR,Independent,5375,0.47,Lost
Bihar,Munger,RAVINDRA MANDAL,Socialist Unity Centre Of India (COMMUNIST),4913,0.43,Lost
Bihar,Munger,ADITYA SINGH MADHUKAR,Independent,4140,0.36,Lost
Bihar,Munger,PANKAJ KUMAR,Independent,3428,0.3,Lost
Bihar,Munger,NOTA,None of the Above,21951,1.93,Lost
Bihar,Muzaffarpur,RAJ BHUSHAN CHOUDHARY,Bharatiya Janata Party,619749,55.71,Won
Bihar,Muzaffarpur,AJAY NISHAD,Indian National Congress,384822,34.59,Lost
Bihar,Muzaffarpur,ALOK KUMAR SINH,Independent,17225,1.55,Lost
Bihar,Muzaffarpur,AWADHESH PRASAD SINGH,Independent,15618,1.4,Lost
Bihar,Muzaffarpur,JITENDRA KUMAR,Independent,8700,0.78,Lost
Bihar,Muzaffarpur,NILIMA KUMARI,Independent,7310,0.66,Lost
Bihar,Muzaffarpur,VIJAYESH KUMAR,Bahujan Samaj Party,6547,0.59,Lost
Bihar,Muzaffarpur,AJAY SAHNI,Independent,5158,0.46,Lost
Bihar,Muzaffarpur,SUNITA KUMARI,Bajjikanchal Vikas Party,4792,0.43,Lost
Bihar,Muzaffarpur,MOHAMMAD ANZARUL HASAN,All India Majlis-E-Ittehadul Muslimeen,4131,0.37,Lost
Bihar,Muzaffarpur,MD HAIDAR,Independent,3897,0.35,Lost
Bihar,Muzaffarpur,MUKESH KUMAR,Independent,3225,0.29,Lost
Bihar,Muzaffarpur,SUDHIR KUMAR OJHA,Bhartiya Sarthak Party,2893,0.26,Lost
Bihar,Muzaffarpur,SABINA KHATOON,Indian National League,2453,0.22,Lost
Bihar,Muzaffarpur,SANDIP KUMAR,Jantantra Awaj Party,1971,0.18,Lost
Bihar,Muzaffarpur,ARVIND KUMAR CHAUDHARY,Socialist Unity Centre Of India (COMMUNIST),1857,0.17,Lost
Bihar,Muzaffarpur,AJITANSH GAUR,The Agrani Party,1843,0.17,Lost
Bihar,Muzaffarpur,SANJAY KUMAR,Independent,1812,0.16,Lost
Bihar,Muzaffarpur,BASKIT KUMAR SHARMA,Independent,1779,0.16,Lost
Bihar,Muzaffarpur,SONELAL PASWAN,Independent,1731,0.16,Lost
Bihar,Muzaffarpur,MANORANJAN KUMAR,Independent,1598,0.14,Lost
Bihar,Muzaffarpur,NAND KISHORE SHARMA,Apna Kisan Party,1522,0.14,Lost
Bihar,Muzaffarpur,ABHAY KUMAR,Samata Party,1174,0.11,Lost
Bihar,Muzaffarpur,PRABHAKAR RANJAN,Ekam Sanatan Bharat Dal,1116,0.1,Lost
Bihar,Muzaffarpur,RAJU SINGH,Independent,984,0.09,Lost
Bihar,Muzaffarpur,SAROJ KUMAR CHAUDHARY,Independent,965,0.09,Lost
Bihar,Muzaffarpur,NOTA,None of the Above,7588,0.68,Lost
Bihar,Nalanda,KAUSHALENDRA KUMAR,Janata Dal  (United),559422,48.88,Won
Bihar,Nalanda,DR. SANDEEP SAURAV,Communist Party of India  (Marxist-Leninist)  (Liberation),390308,34.11,Lost
Bihar,Nalanda,SUDHIR KUMAR,Sanyukt Kisan Vikas Party,25291,2.21,Lost
Bihar,Nalanda,SURENDRA PRASAD,Al-Hind Party,18576,1.62,Lost
Bihar,Nalanda,SHASHI KUMAR,Samaj Shakti Party,18480,1.61,Lost
Bihar,Nalanda,PRAMOD KUMAR NIRALA,Bahujan Samaj Party,15332,1.34,Lost
Bihar,Nalanda,AJEET KUMAR,Independent,14750,1.29,Lost
Bihar,Nalanda,VINAY PRATAP SINGH,Rashtriya Sanatan Party,9602,0.84,Lost
Bihar,Nalanda,SANJAY RAJESH,Karpoori Janta Dal,7887,0.69,Lost
Bihar,Nalanda,SUDHIR DAS,Independent,6806,0.59,Lost
Bihar,Nalanda,KANHAIYA LAL YADAV,Jagrook Janta Party,6692,0.58,Lost
Bihar,Nalanda,SANYUKTA KUMARI,Independent,6238,0.55,Lost
Bihar,Nalanda,AJIT KUMAR,Independent,5520,0.48,Lost
Bihar,Nalanda,SHYAM SUNDAR PRASAD,Independent,3932,0.34,Lost
Bihar,Nalanda,RAMESH KUMAR,Naki Bharatiya Ekta Party,3845,0.34,Lost
Bihar,Nalanda,KISLAY KUMAR,Independent,3602,0.31,Lost
Bihar,Nalanda,KESHO JAMADAR,Peoples Party of India (Democratic),3387,0.3,Lost
Bihar,Nalanda,SURENDER SINGH,Independent,3345,0.29,Lost
Bihar,Nalanda,DILIP KUMAR,Moolniwasi Samaj Party,2729,0.24,Lost
Bihar,Nalanda,NAND KISHOR PARASAD,Pragatisheel Magahi Samaj,2468,0.22,Lost
Bihar,Nalanda,NISHA RANJAN,Samata Party,2415,0.21,Lost
Bihar,Nalanda,SHASHIRANJAN SUMAN,Independent,2340,0.2,Lost
Bihar,Nalanda,GHANSHYAM PRASAD SINGH,Independent,2110,0.18,Lost
Bihar,Nalanda,KUMAR HARI CHARAN SINGH YADAV,Bharatiya Momin Front,1980,0.17,Lost
Bihar,Nalanda,MUNNA KUMAR,Sankhyanupati Bhagidari Party,1949,0.17,Lost
Bihar,Nalanda,MUNNA KUMAR,Samajwadi Lok Parishad,1880,0.16,Lost
Bihar,Nalanda,PAWAN KUMAR,Independent,1597,0.14,Lost
Bihar,Nalanda,PUJA DEVI,Independent,1505,0.13,Lost
Bihar,Nalanda,CHANDRA KISHOR PRASAD YADAV,Independent,1178,0.1,Lost
Bihar,Nalanda,NOTA,None of the Above,19217,1.68,Lost
Bihar,Nawada,VIVEK THAKUR,Bharatiya Janata Party,410608,47.2,Won
Bihar,Nawada,SHRAWAN KUMAR,Rashtriya Janata Dal,342938,39.42,Lost
Bihar,Nawada,BINOD YADAV,Independent,39519,4.54,Lost
Bihar,Nawada,GUNJAN KUMAR,Independent,29682,3.41,Lost
Bihar,Nawada,RANJIT KUMAR,Bahujan Samaj Party,16316,1.88,Lost
Bihar,Nawada,ANAND KUMAR VERMA,Bharat Jan Jagran Dal,7736,0.89,Lost
Bihar,Nawada,GAUTAM KUMAR BABLOO,Bhagidari Party(P),5889,0.68,Lost
Bihar,Nawada,GANAURI PANDIT,Peoples Party of India (Democratic),4590,0.53,Lost
Bihar,Nawada,NOTA,None of the Above,12592,1.45,Lost
Bihar,Paschim Champaran,DR.SANJAY JAISWAL,Bharatiya Janata Party,580421,53.43,Won
Bihar,Paschim Champaran,MADAN MOHAN TIWARI,Indian National Congress,443853,40.86,Lost
Bihar,Paschim Champaran,SANJAY KUMAR,Viro Ke Vir Indian Party,13145,1.21,Lost
Bihar,Paschim Champaran,UPENDRA RAM,Bahujan Samaj Party,10962,01.01,Lost
Bihar,Paschim Champaran,MOHAMMAD SOAIB,Independent,8994,0.83,Lost
Bihar,Paschim Champaran,RAUSHAN KUMAR SRIVASTAVA,Independent,8505,0.78,Lost
Bihar,Paschim Champaran,MD. KALAM SAI,Independent,4925,0.45,Lost
Bihar,Paschim Champaran,NAFISH AHMAD,Independent,4163,0.38,Lost
Bihar,Paschim Champaran,NOTA,None of the Above,11288,01.04,Lost
Bihar,Patliputra,MISHA BHARTI,Rashtriya Janata Dal,613283,49.86,Won
Bihar,Patliputra,RAM KRIPAL YADAV,Bharatiya Janata Party,528109,42.93,Lost
Bihar,Patliputra,DR S P SHARMA,Hindustan Vikas Dal,15140,1.23,Lost
Bihar,Patliputra,HARIKESHWAR RAM,Bahujan Samaj Party,10965,0.89,Lost
Bihar,Patliputra,VINDU DEVI,Rashtriya Jansambhavna Party,10744,0.87,Lost
Bihar,Patliputra,SHIV KUMAR SINGH,Apna Kisan Party,9016,0.73,Lost
Bihar,Patliputra,SANJAY KUMAR SINGH,Bhartiya Sarthak Party,4753,0.39,Lost
Bihar,Patliputra,MD FAROOQUE RAZA,All India Majlis-E-Ittehadul Muslimeen,4023,0.33,Lost
Bihar,Patliputra,RAM NIRANJAN ROY,Rashtrawadi Chetna Party,3915,0.32,Lost
Bihar,Patliputra,MRITUNJAY KUMAR,Bhagidari Party(P),3483,0.28,Lost
Bihar,Patliputra,DURGESH NANDAN SINGH,Independent,3106,0.25,Lost
Bihar,Patliputra,NAGESHWAR PRASAD,Peoples Party of India (Democratic),2051,0.17,Lost
Bihar,Patliputra,SUBHASH KUMAR,Bhartiya Lok Chetna Party,1979,0.16,Lost
Bihar,Patliputra,NITESH KUMAR PATEL,Adarsh Jankalyan Dal,1817,0.15,Lost
Bihar,Patliputra,RANJAN KUMAR,Independent,1809,0.15,Lost
Bihar,Patliputra,NIRAJ KUMAR,Independent,1771,0.14,Lost
Bihar,Patliputra,KUNAL KUMAR,Hamara Sahara Party,1614,0.13,Lost
Bihar,Patliputra,KHUSHBOO KUMARI,Akhil Bhartiya Parivar Party,1483,0.12,Lost
Bihar,Patliputra,ANIL DAS,Bhartiya Dalit Party,1469,0.12,Lost
Bihar,Patliputra,ANIL KUMAR CHAND,Socialist Unity Centre Of India (COMMUNIST),1424,0.12,Lost
Bihar,Patliputra,MADHURI KUMARI,All India Forward Bloc,1302,0.11,Lost
Bihar,Patliputra,JAWAHAR SINGH,Bhartiya Manavta Party,1237,0.1,Lost
Bihar,Patliputra,NOTA,None of the Above,5606,0.46,Lost
Bihar,Patna Sahib,RAVI SHANKAR PRASAD,Bharatiya Janata Party,588270,54.7,Won
Bihar,Patna Sahib,ANSHUL AVIJIT,Indian National Congress,434424,40.39,Lost
Bihar,Patna Sahib,RAKESH SHARMA,Independent,9943,0.92,Lost
Bihar,Patna Sahib,NEERAJ KUMAR,Bahujan Samaj Party,5928,0.55,Lost
Bihar,Patna Sahib,AWADHESH PRASAD,Independent,4974,0.46,Lost
Bihar,Patna Sahib,ENG UMESH RAJAK,Peoples Party of India (Democratic),4672,0.43,Lost
Bihar,Patna Sahib,SANJAY KUMAR URF SANJAY BALMIKI,Independent,4643,0.43,Lost
Bihar,Patna Sahib,DHARMVIR KUMAR BHASKAR,Independent,2416,0.22,Lost
Bihar,Patna Sahib,AMIT KUMAR ALBELA,Independent,2053,0.19,Lost
Bihar,Patna Sahib,MAHESH KUMAR,Samata Party,2003,0.19,Lost
Bihar,Patna Sahib,DHANJAY KUMAR,Rashtriya Jansambhavna Party,1971,0.18,Lost
Bihar,Patna Sahib,GULAB PRASAD,Loktantrik Samajwadi Party,1925,0.18,Lost
Bihar,Patna Sahib,SUMIT RANJAN SINHA,Akhand Bharat Janpriya Party,1716,0.16,Lost
Bihar,Patna Sahib,MAHBOOB ALAM ANSARI,Bharatiya Momin Front,1638,0.15,Lost
Bihar,Patna Sahib,DR RAKESH DUTTA MISHRA,Bharatiya Jan Kranti Dal (Democratic),1240,0.12,Lost
Bihar,Patna Sahib,SAROJ KUMAR SUMAN,Socialist Unity Centre Of India (COMMUNIST),1078,0.1,Lost
Bihar,Patna Sahib,SHAHID ALAM,Jantantra Awaj Party,1043,0.1,Lost
Bihar,Patna Sahib,NOTA,None of the Above,5559,0.52,Lost
Bihar,Purnia,RAJESH RANJAN ALIAS PAPPU YADAV,Independent,567556,47.46,Won
Bihar,Purnia,SANTOSH KUMAR,Janata Dal  (United),543709,45.47,Lost
Bihar,Purnia,BIMA BHARTI,Rashtriya Janata Dal,27120,2.27,Lost
Bihar,Purnia,ARUN DAS,Bahujan Samaj Party,10619,0.89,Lost
Bihar,Purnia,SATYENDRA YADAV,Independent,8459,0.71,Lost
Bihar,Purnia,NOMAN ALAM,Independent,7693,0.64,Lost
Bihar,Purnia,KISHOR KUMAR YADAV,All India Forward Bloc,6854,0.57,Lost
Bihar,Purnia,NOTA,None of the Above,23834,1.99,Lost
Bihar,Purvi Champaran,RADHA MOHAN SINGH,Bharatiya Janata Party,542193,50.5,Won
Bihar,Purvi Champaran,DR RAJESH KUMAR,Vikassheel Insaan Party,453906,42.28,Lost
Bihar,Purvi Champaran,MOHAMMAD AJMER ALAM,Independent,13047,1.22,Lost
Bihar,Purvi Champaran,VIJAY KUMAR SAHANI,Rashtriya Jansambhavna Party,8185,0.76,Lost
Bihar,Purvi Champaran,RAJESH SINGH,Independent,7182,0.67,Lost
Bihar,Purvi Champaran,GYANTI DEVI,Prabuddha Republican Party,7008,0.65,Lost
Bihar,Purvi Champaran,PAWAN KUMAR,Bhartiya Sarthak Party,4914,0.46,Lost
Bihar,Purvi Champaran,MUNESHWAR TIWARI,Independent,4022,0.37,Lost
Bihar,Purvi Champaran,RAJESH KUMAR S/O GAGANLAL SAHNI,Independent,3934,0.37,Lost
Bihar,Purvi Champaran,RAJESH KUMAR S/O VISHUN SAH,Independent,3492,0.33,Lost
Bihar,Purvi Champaran,NAWAL KISHOR PRASAD,Viro Ke Vir Indian Party,3464,0.32,Lost
Bihar,Purvi Champaran,NIKESH KUMAR,Independent,2553,0.24,Lost
Bihar,Purvi Champaran,NOTA,None of the Above,19788,1.84,Lost
Bihar,Samastipur,SHAMBHAVI,Lok Janshakti Party(Ram Vilas),579786,52.97,Won
Bihar,Samastipur,SUNNY HAZARI,Indian National Congress,392535,35.86,Lost
Bihar,Samastipur,SHASHI BHUSHAN DAS,Independent,25957,2.37,Lost
Bihar,Samastipur,RAVI RAUSHAN KUMAR,Independent,16155,1.48,Lost
Bihar,Samastipur,RAM LAKHAN  MAHTO,Bahujan Samaj Party,12732,1.16,Lost
Bihar,Samastipur,PINKU PASWAN,Rashtriya Jansambhavna Party,12437,1.14,Lost
Bihar,Samastipur,MUKESH CHAUPAL,Independent,5579,0.51,Lost
Bihar,Samastipur,JIBACHH KUMAR HAJARI,Independent,4694,0.43,Lost
Bihar,Samastipur,RATAN BIHARI,Desh Janhit Party,3419,0.31,Lost
Bihar,Samastipur,VIDYA NAND RAM,Wazib Adhikar Party,3112,0.28,Lost
Bihar,Samastipur,AMRITA KUMARI,Independent,2852,0.26,Lost
Bihar,Samastipur,LAL BABU MAHTO,Sathi Aur Aapka Faisala Party,2666,0.24,Lost
Bihar,Samastipur,NOTA,None of the Above,32668,2.98,Lost
Bihar,Saran,RAJIV PRATAP RUDY,Bharatiya Janata Party,471752,46.18,Won
Bihar,Saran,ROHINI ACHARYA,Rashtriya Janata Dal,458091,44.84,Lost
Bihar,Saran,LAXAMAN PRAO YADAV,Independent,22043,2.16,Lost
Bihar,Saran,SHAK NAUSHAD,Independent,16103,1.58,Lost
Bihar,Saran,AVINASH KUMAR,Bahujan Samaj Party,14770,1.45,Lost
Bihar,Saran,RAGHWENDRA PRATAP SINGH,Independent,5167,0.51,Lost
Bihar,Saran,GAJENDRA PRASAD CHAURSIYA,Janhit Kisan Party,5030,0.49,Lost
Bihar,Saran,SHATRUDHAN TIWARY,Bhartiya Sarthak Party,3687,0.36,Lost
Bihar,Saran,MOHAMAD SALIM,Independent,3151,0.31,Lost
Bihar,Saran,ARTI KUMARI,Independent,3023,0.3,Lost
Bihar,Saran,PRABHAT KUMAR,Independent,2306,0.23,Lost
Bihar,Saran,BARUN KUMAR DAS,Gana Suraksha Party,1775,0.17,Lost
Bihar,Saran,GYANI KUMAR SHARMA,Bharatiya Ekta Dal,1704,0.17,Lost
Bihar,Saran,RAJESH KUSHWAHA,Bhartiya Lok Chetna Party,1489,0.15,Lost
Bihar,Saran,NOTA,None of the Above,11417,1.12,Lost
Bihar,Sasaram,MANOJ KUMAR,Indian National Congress,513004,46.76,Won
Bihar,Sasaram,SHIVESH KUMAR,Bharatiya Janata Party,493847,45.01,Lost
Bihar,Sasaram,SANTOSH KUMAR,Bahujan Samaj Party,45598,4.16,Lost
Bihar,Sasaram,SHIV SHANKAR RAM,Independent,8019,0.73,Lost
Bihar,Sasaram,SANTOSH KUMAR KHARWAR,Bhartiya Gandhiwadi Party,4822,0.44,Lost
Bihar,Sasaram,BANARSI DAS,Peoples Party of India (Democratic),4498,0.41,Lost
Bihar,Sasaram,AMIT KUMAR AMBEDKAR,Bahujan Mukti Party,2834,0.26,Lost
Bihar,Sasaram,PUNAM DEVI,Jantantra Awaj Party,2654,0.24,Lost
Bihar,Sasaram,UJARAN MUSAHAR,Jan Janwadi Party,2620,0.24,Lost
Bihar,Sasaram,NANDLAL RAM,Rashtriya Samaj Paksha,1960,0.18,Lost
Bihar,Sasaram,NOTA,None of the Above,17219,1.57,Lost
Bihar,Sheohar,LOVELY ANAND,Janata Dal  (United),476612,45.15,Won
Bihar,Sheohar,RITU JAISWAL,Rashtriya Janata Dal,447469,42.39,Lost
Bihar,Sheohar,AKHILESHWAR SHRIVAISHANV,Independent,29094,2.76,Lost
Bihar,Sheohar,KANHAIYA KUMAR,Independent,20592,1.95,Lost
Bihar,Sheohar,RANA RANJIT,All India Majlis-E-Ittehadul Muslimeen,11979,1.13,Lost
Bihar,Sheohar,SUDHIR KUMAR SINGH,Viro Ke Vir Indian Party,9102,0.86,Lost
Bihar,Sheohar,VIJENDRA THAKUR,Bahujan Samaj Party,8888,0.84,Lost
Bihar,Sheohar,UPENDRA SAHANI,Rashtriya Jansambhavna Party,6338,0.6,Lost
Bihar,Sheohar,MAMTA KUMARI,Samata Party,5435,0.51,Lost
Bihar,Sheohar,MOHAMMAD MAHTAB ALAM,Samaj Shakti Party,4871,0.46,Lost
Bihar,Sheohar,JAGDISH PRASAD,Bajjikanchal Vikas Party,2955,0.28,Lost
Bihar,Sheohar,DILIP KUMAR MISHRA,Prabal Bharat Party,2099,0.2,Lost
Bihar,Sheohar,NOTA,None of the Above,30168,2.86,Lost
Bihar,Sitamarhi,DEVESH CHANDRA THAKUR,Janata Dal  (United),515719,47.14,Won
Bihar,Sitamarhi,ARJUN RAY,Rashtriya Janata Dal,464363,42.45,Lost
Bihar,Sitamarhi,SAIQUA NAWAZ AZMAT,Independent,28912,2.64,Lost
Bihar,Sitamarhi,SHYAM NANDAN KISHOR PRASAD,Independent,11188,01.02,Lost
Bihar,Sitamarhi,BHOLA SINGH,Bahujan Samaj Party,8810,0.81,Lost
Bihar,Sitamarhi,UPENDRA SAHANI,Rashtriya Jansambhavna Party,8454,0.77,Lost
Bihar,Sitamarhi,CHANDRIKA PRASAD,Independent,7114,0.65,Lost
Bihar,Sitamarhi,VINOD SAH,Independent,4481,0.41,Lost
Bihar,Sitamarhi,KRISHNA KISHORE,Independent,3280,0.3,Lost
Bihar,Sitamarhi,MUSHAHID RAZA,Desh Janhit Party,2192,0.2,Lost
Bihar,Sitamarhi,UMESH KUMAR YADAV,Independent,2128,0.19,Lost
Bihar,Sitamarhi,RAJENDRA MAHTO,Karpoori Janta Dal,1981,0.18,Lost
Bihar,Sitamarhi,ANAND KUMAR,Independent,1796,0.16,Lost
Bihar,Sitamarhi,ABDUL SAMAD,Independent,1441,0.13,Lost
Bihar,Sitamarhi,NOTA,None of the Above,32133,2.94,Lost
Bihar,Siwan,VIJAYLAKSHMI DEVI,Janata Dal  (United),386508,38.73,Won
Bihar,Siwan,HENA SHAHAB,Independent,293651,29.42,Lost
Bihar,Siwan,AWADH BIHARI CHOUDHARY,Rashtriya Janata Dal,198823,19.92,Lost
Bihar,Siwan,SATYENDRA KUSHWAHA,Independent,21565,2.16,Lost
Bihar,Siwan,JEEWAN KUMAR,Independent,18590,1.86,Lost
Bihar,Siwan,DILIP KU SINGH,Bahujan Samaj Party,12112,1.21,Lost
Bihar,Siwan,SANJAY KUMAR SAH,Bhartiya Lok Nayak Party,8879,0.89,Lost
Bihar,Siwan,DR. RAVINDRA NATH SHUKLA,Independent,8693,0.87,Lost
Bihar,Siwan,DEVKANT MISHRA,Independent,6181,0.62,Lost
Bihar,Siwan,PRAMOD KUMAR,Independent,5668,0.57,Lost
Bihar,Siwan,PRAKASH MANI TIWARI,Independent,4509,0.45,Lost
Bihar,Siwan,MAHENDRA SINGH ALIAS MAHENDRA RAI,Independent,3922,0.39,Lost
Bihar,Siwan,DILIP KUMAR SINGH,Independent,1953,0.2,Lost
Bihar,Siwan,NOTA,None of the Above,26964,2.7,Lost
Bihar,Supaul,DILESHWAR KAMAIT,Janata Dal  (United),595038,48.33,Won
Bihar,Supaul,CHANDRAHAS CHAUPAL,Rashtriya Janata Dal,425235,34.54,Lost
Bihar,Supaul,BAIDYA NATH MEHTA,Independent,51652,4.2,Lost
Bihar,Supaul,YOG NARAYAN SINGH,Independent,27454,2.23,Lost
Bihar,Supaul,VINDESHWARI PRASAD,Independent,18457,1.5,Lost
Bihar,Supaul,KIRAN DEVI,Bahujan Samaj Party,18079,1.47,Lost
Bihar,Supaul,MOHD KALIM KHAN,Rashtriya Jansambhavna Party,14078,1.14,Lost
Bihar,Supaul,UMESH PRASAD SAH,Jai Hind Party,13014,01.06,Lost
Bihar,Supaul,RAJ KUMAR YADAV,Viro Ke Vir Indian Party,10806,0.88,Lost
Bihar,Supaul,RAMESH KUMAR ANAND,"Proutist Bloc, India",9451,0.77,Lost
Bihar,Supaul,ABDUL MATIN,Independent,7194,0.58,Lost
Bihar,Supaul,BAMBAM KUMAR,Independent,7006,0.57,Lost
Bihar,Supaul,NITISH KUMAR,Independent,5915,0.48,Lost
Bihar,Supaul,AJAY KUMAR SAH,Independent,5351,0.43,Lost
Bihar,Supaul,SHIV HARI AGRAWAL,Bharat Nirman Party,3772,0.31,Lost
Bihar,Supaul,NOTA,None of the Above,18612,1.51,Lost
Bihar,Ujiarpur,NITYANAND RAI,Bharatiya Janata Party,515965,49.51,Won
Bihar,Ujiarpur,ALOK KUMAR MEHTA,Rashtriya Janata Dal,455863,43.75,Lost
Bihar,Ujiarpur,SANJAY PASWAN,Independent,16963,1.63,Lost
Bihar,Ujiarpur,MOHAN KUMAR MAURYA,Bahujan Samaj Party,7101,0.68,Lost
Bihar,Ujiarpur,RAKESH KUMAR,Independent,5957,0.57,Lost
Bihar,Ujiarpur,SANTHOSH RAI,Rashtriya Jansambhavna Party,4426,0.42,Lost
Bihar,Ujiarpur,NARENDRA GIRI,Independent,3151,0.3,Lost
Bihar,Ujiarpur,KISHOR KUMAR,Independent,2209,0.21,Lost
Bihar,Ujiarpur,AMARESH RAY,Independent,2143,0.21,Lost
Bihar,Ujiarpur,ANSHU KUMAR,Subhashwadi Bhartiya Samajwadi Party (Subhas Party),1756,0.17,Lost
Bihar,Ujiarpur,RAMPUKAR RAY,Socialist Unity Centre Of India (COMMUNIST),1306,0.13,Lost
Bihar,Ujiarpur,NIKKI JHA,Jagrook Janta Party,1020,0.1,Lost
Bihar,Ujiarpur,MANOJ KUMAR,Janta Raj Vikas Party,939,0.09,Lost
Bihar,Ujiarpur,NOTA,None of the Above,23269,2.23,Lost
Bihar,Vaishali,VEENA DEVI,Lok Janshakti Party(Ram Vilas),567043,48.38,Won
Bihar,Vaishali,VIJAY KUMAR SHUKLA,Rashtriya Janata Dal,477409,40.73,Lost
Bihar,Vaishali,VIKKY KUMAR,Independent,34256,2.92,Lost
Bihar,Vaishali,SHAMBHU KUMAR SINGH,Bahujan Samaj Party,21436,1.83,Lost
Bihar,Vaishali,RAJ NARAYAN YADAV,Independent,9616,0.82,Lost
Bihar,Vaishali,PARAMHANS SINGH,Independent,5317,0.45,Lost
Bihar,Vaishali,HARI NARAYAN RAM,Viro Ke Vir Indian Party,5100,0.44,Lost
Bihar,Vaishali,RAMESHWAR MAHTO,Bhartiya Sarthak Party,4150,0.35,Lost
Bihar,Vaishali,KUMAR SHISHIR,Independent,3907,0.33,Lost
Bihar,Vaishali,MUHAMAD AVAS,Independent,3758,0.32,Lost
Bihar,Vaishali,ABHA RAY,Peoples Party of India (Democratic),3274,0.28,Lost
Bihar,Vaishali,NARESH RAM,Socialist Unity Centre Of India (COMMUNIST),3009,0.26,Lost
Bihar,Vaishali,VINOD KUMAR SHARMA,Jantantra Awaj Party,2934,0.25,Lost
Bihar,Vaishali,ANIKET RAJ,Rashtriya Samaj Paksha,2025,0.17,Lost
Bihar,Vaishali,BALENDRA TIWARY,Hindustan Janta Party Secular,1366,0.12,Lost
Bihar,Vaishali,NOTA,None of the Above,27460,2.34,Lost
Bihar,Valmiki Nagar,SUNIL KUMAR,Janata Dal  (United),523422,47.5,Won
Bihar,Valmiki Nagar,DEEPAK YADAV,Rashtriya Janata Dal,424747,38.55,Lost
Bihar,Valmiki Nagar,PRAVESH KUMAR MISHRA @ ANUP,Independent,23225,2.11,Lost
Bihar,Valmiki Nagar,DINESH AGRAWAL,Independent,19810,1.8,Lost
Bihar,Valmiki Nagar,DURGESH SINGH CHAUHAN,Bahujan Samaj Party,18816,1.71,Lost
Bihar,Valmiki Nagar,CHANDRESHWAR MISHRA,Independent,13598,1.23,Lost
Bihar,Valmiki Nagar,SHAFI MOHAMMAD MIYA,Aazad Samaj Party (Kanshi Ram),13432,1.22,Lost
Bihar,Valmiki Nagar,PARSHURAM SAH,Independent,12150,1.1,Lost
Bihar,Valmiki Nagar,NABA KUMAR SARANIA (HIRA BHAI),Gana Suraksha Party,11423,01.04,Lost
Bihar,Valmiki Nagar,SHAMBHU PRASAD,Independent,10498,0.95,Lost
Bihar,Valmiki Nagar,NOTA,None of the Above,30709,2.79,Lost
Chandigarh,Chandigarh,MANISH TEWARI,Indian National Congress,216657,48.22,Won
Chandigarh,Chandigarh,SANJAY TANDON,Bharatiya Janata Party,214153,47.67,Lost
Chandigarh,Chandigarh,RITU SINGH,Bahujan Samaj Party,6708,1.49,Lost
Chandigarh,Chandigarh,LAKHVIR SINGH ALIAS KOTLA,Independent,2626,0.58,Lost
Chandigarh,Chandigarh,DEEPANSHU SHARMA,Akhil Bhartiya Parivar Party,1068,0.24,Lost
Chandigarh,Chandigarh,EX-ASSISTANT COMMANDANT RANPREET SINGH,Independent,1054,0.23,Lost
Chandigarh,Chandigarh,VINOD KUMAR,Independent,683,0.15,Lost
Chandigarh,Chandigarh,SUNIL THAMAN,Haryana Jansena Party,577,0.13,Lost
Chandigarh,Chandigarh,BALJEET SINGH ALIAS LADDI,Independent,436,0.1,Lost
Chandigarh,Chandigarh,SUNIL KUMAR,Independent,321,0.07,Lost
Chandigarh,Chandigarh,PARTAP SINGH RANA,Independent,307,0.07,Lost
Chandigarh,Chandigarh,MAHANT RAVI KANT MUNI,Independent,295,0.07,Lost
Chandigarh,Chandigarh,VIVEK SHARMA,Independent,294,0.07,Lost
Chandigarh,Chandigarh,PIAR CHAND ALIAS KOUNDAL,Independent,255,0.06,Lost
Chandigarh,Chandigarh,KISHOR KUMAR ALIAS BANTI BHAIYA,Independent,239,0.05,Lost
Chandigarh,Chandigarh,RAJINDER KAUR,Sainik Samaj Party,217,0.05,Lost
Chandigarh,Chandigarh,RAJ PRINCE SINGH,Super Power India Party,205,0.05,Lost
Chandigarh,Chandigarh,PUSHPINDER SINGH ALIAS LOVELY ATTAWA,Independent,154,0.03,Lost
Chandigarh,Chandigarh,KULDIP RAI ALIAS HAPPY SOOD MORINDA,Independent,114,0.03,Lost
Chandigarh,Chandigarh,NOTA,None of the Above,2912,0.65,Lost
Chhattisgarh,BASTAR,MAHESH KASHYAP,Bharatiya Janata Party,458398,45.5,Won
Chhattisgarh,BASTAR,KAWASI LAKHMA,Indian National Congress,403153,40.02,Lost
Chhattisgarh,BASTAR,PHULSINGH KACHLAM,Communist Party of India,35887,3.56,Lost
Chhattisgarh,BASTAR,AYTU RAM MANDAVI,Bahujan Samaj Party,19647,1.95,Lost
Chhattisgarh,BASTAR,SUNDAR BAGHEL,Independent,14207,1.41,Lost
Chhattisgarh,BASTAR,PRAKASH KUMAR GOTA,Independent,11245,1.12,Lost
Chhattisgarh,BASTAR,KANWAL SINGH BAGHEL,Rashtriya Jansabha Party,8800,0.87,Lost
Chhattisgarh,BASTAR,SHIVRAM NAG,Sarv Adi Dal,8279,0.82,Lost
Chhattisgarh,BASTAR,NARENDRA BURKA,Hamar Raj Party,4387,0.44,Lost
Chhattisgarh,BASTAR,JAGDISH NAG,Azad Janata Party,3592,0.36,Lost
Chhattisgarh,BASTAR,TIKAM NAGWANSHI,Gondvana Gantantra Party,3042,0.3,Lost
Chhattisgarh,BASTAR,NOTA,None of the Above,36758,3.65,Lost
Chhattisgarh,BILASPUR,TOKHAN SAHU,Bharatiya Janata Party,724937,53.25,Won
Chhattisgarh,BILASPUR,DEVENDRA YADAV,Indian National Congress,560379,41.16,Lost
Chhattisgarh,BILASPUR,ASHWANI RAJAK,Bahujan Samaj Party,13222,0.97,Lost
Chhattisgarh,BILASPUR,ANAND URAWAN,Independent,5898,0.43,Lost
Chhattisgarh,BILASPUR,ANILESH MISHRA (MAHARAJ),Independent,5376,0.39,Lost
Chhattisgarh,BILASPUR,KULESH KUMAR SAHU,Independent,4443,0.33,Lost
Chhattisgarh,BILASPUR,ASHAVANT SAHOO,Bhartiya Shakti Chetna Party,4354,0.32,Lost
Chhattisgarh,BILASPUR,SHRIKANT MALHWAYR (KASER),Loktantra Congress Party,4201,0.31,Lost
Chhattisgarh,BILASPUR,VIKRAMPRASAD JOGI,Independent,2862,0.21,Lost
Chhattisgarh,BILASPUR,KESHAV PRASAD,Independent,2767,0.2,Lost
Chhattisgarh,BILASPUR,SUDIEP SHRIVASTAVA,Hamar Raj Party,2312,0.17,Lost
Chhattisgarh,BILASPUR,RUPRAM SAHU,Independent,2261,0.17,Lost
Chhattisgarh,BILASPUR,KRISHNA NANDAN SINGH,Independent,2020,0.15,Lost
Chhattisgarh,BILASPUR,ROSHAN KUMAR,Independent,1920,0.14,Lost
Chhattisgarh,BILASPUR,DINESH PRATAP SINGH KHUSRO NIKHIL,Rashtriya Gondvana Party,1808,0.13,Lost
Chhattisgarh,BILASPUR,RAMESHWAR SAHU,Independent,1761,0.13,Lost
Chhattisgarh,BILASPUR,VIJAY KUMAR,Independent,1626,0.12,Lost
Chhattisgarh,BILASPUR,YASHUTOSH LAHARE,Ambedkarite Party of India,1274,0.09,Lost
Chhattisgarh,BILASPUR,GHANSHYAM URF SADHELAL BHARDWAJ,Independent,1251,0.09,Lost
Chhattisgarh,BILASPUR,VEDMANI SINGH KSHATRIYA (THAKUR),Independent,1163,0.09,Lost
Chhattisgarh,BILASPUR,SHEKHAR BANJARE,Independent,1160,0.09,Lost
Chhattisgarh,BILASPUR,SIDDHRAM LAHARE,Rashtriya Jansabha Party,1150,0.08,Lost
Chhattisgarh,BILASPUR,RAMPYARE RAI,Independent,1112,0.08,Lost
Chhattisgarh,BILASPUR,NAND KISHORE RAJ,Gondvana Gantantra Party,1061,0.08,Lost
Chhattisgarh,BILASPUR,BHUNESHWAR MARKO,Independent,970,0.07,Lost
Chhattisgarh,BILASPUR,RAJKUMAR SAHU,Independent,829,0.06,Lost
Chhattisgarh,BILASPUR,BHAGWAT PATRE,Prabuddha Republican Party,712,0.05,Lost
Chhattisgarh,BILASPUR,LAKSHMAN  PATHAK,Ekam Sanatan Bharat Dal,699,0.05,Lost
Chhattisgarh,BILASPUR,ADVOCATE SHAILENDRA BANJARE (SHAKTIPUTRA),Shakti Sena (Bharat Desh),690,0.05,Lost
Chhattisgarh,BILASPUR,RAJENDRA KUMAR TANDAN,Independent,656,0.05,Lost
Chhattisgarh,BILASPUR,SALIK RAM JOGI,Independent,576,0.04,Lost
Chhattisgarh,BILASPUR,BASANT BANSL,Independent,564,0.04,Lost
Chhattisgarh,BILASPUR,DEEPMALA CHOUHAN,Chhattisgarh Vikas Ganga Rashtriya Party,565,0.04,Lost
Chhattisgarh,BILASPUR,MAHESH KUMAR SONWANI,Independent,560,0.04,Lost
Chhattisgarh,BILASPUR,DEV PRASAD BRAIHA,Independent,511,0.04,Lost
Chhattisgarh,BILASPUR,SANJAY PRAKASH SAHU,Independent,436,0.03,Lost
Chhattisgarh,BILASPUR,PARAS RAM YADAV,Independent,415,0.03,Lost
Chhattisgarh,BILASPUR,NOTA,None of the Above,2849,0.21,Lost
Chhattisgarh,DURG,VIJAY BAGHEL,Bharatiya Janata Party,956497,62,Won
Chhattisgarh,DURG,RAJENDRA SAHU,Indian National Congress,518271,33.59,Lost
Chhattisgarh,DURG,DILIP RAMTEKE,Bahujan Samaj Party,13333,0.86,Lost
Chhattisgarh,DURG,ANOOP KUMAR PANDEY,Independent,7766,0.5,Lost
Chhattisgarh,DURG,DR. ANJU KEME,Ekam Sanatan Bharat Dal,5241,0.34,Lost
Chhattisgarh,DURG,ALI HUSSAIN SIDDIQUI,Independent,5050,0.33,Lost
Chhattisgarh,DURG,ARUN JOSHI,Independent,4753,0.31,Lost
Chhattisgarh,DURG,DHRUV KUMAR SONI URF LANGUR SONI,Independent,3815,0.25,Lost
Chhattisgarh,DURG,KHILANAND JASPAL,Independent,3281,0.21,Lost
Chhattisgarh,DURG,SUKHADEV TANDON,Rashtriya Jansabha Party,2617,0.17,Lost
Chhattisgarh,DURG,ASHOK JAIN,Independent,1902,0.12,Lost
Chhattisgarh,DURG,BALDEV SAHU,Independent,1613,0.1,Lost
Chhattisgarh,DURG,PUSHPA MAIRISHA,Ambedkarite Party of India,1561,0.1,Lost
Chhattisgarh,DURG,HARICHAND THAKUR,Independent,1452,0.09,Lost
Chhattisgarh,DURG,SAVITA SHAILENDRA BANJARE,Shakti Sena (Bharat Desh),1396,0.09,Lost
Chhattisgarh,DURG,RAKESH SAHU,Nyaydharmsabha,1262,0.08,Lost
Chhattisgarh,DURG,SHITKARAN MAHILWAR,Aazad Samaj Party (Kanshi Ram),1183,0.08,Lost
Chhattisgarh,DURG,DR. HARISHCHANDRA SAHU,Independent,1116,0.07,Lost
Chhattisgarh,DURG,SHANKAR THAKUR,Gondvana Gantantra Party,1073,0.07,Lost
Chhattisgarh,DURG,YASHWANT SITARAM SAHU,Bhartiya Shakti Chetna Party,901,0.06,Lost
Chhattisgarh,DURG,SHYAM SUNDER SAHU,Loktantra Congress Party,899,0.06,Lost
Chhattisgarh,DURG,VIKAS SHARMA,Lokshahi Ekta Party,798,0.05,Lost
Chhattisgarh,DURG,SANTOSH KUMAR MARKANDE,Independent,650,0.04,Lost
Chhattisgarh,DURG,BHAGBALI SIVARE,Independent,389,0.03,Lost
Chhattisgarh,DURG,BHANUPRATAP CHATURVEDI,Independent,351,0.02,Lost
Chhattisgarh,DURG,NOTA,None of the Above,5617,0.36,Lost
Chhattisgarh,JANJGIR-CHAMPA,KAMLESH JANGDE,Bharatiya Janata Party,678199,48.71,Won
Chhattisgarh,JANJGIR-CHAMPA,DR. SHIVKUMAR DAHARIYA,Indian National Congress,618199,44.4,Lost
Chhattisgarh,JANJGIR-CHAMPA,DR. ROHIT DAHARIA,Bahujan Samaj Party,48501,3.48,Lost
Chhattisgarh,JANJGIR-CHAMPA,ENGINEER REVA KURREY,Independent,8159,0.59,Lost
Chhattisgarh,JANJGIR-CHAMPA,AD. T.R. NIRALA,Independent,5794,0.42,Lost
Chhattisgarh,JANJGIR-CHAMPA,ANIL MANHAR,Hamar Raj Party,5780,0.42,Lost
Chhattisgarh,JANJGIR-CHAMPA,VIDYA DEVI SONI,Independent,4881,0.35,Lost
Chhattisgarh,JANJGIR-CHAMPA,MINA CHAUHAN,Independent,2931,0.21,Lost
Chhattisgarh,JANJGIR-CHAMPA,ANAND GILHARE,Independent,2877,0.21,Lost
Chhattisgarh,JANJGIR-CHAMPA,DEEPAK KUMAR KHUNTE,Aazad Samaj Party (Kanshi Ram),1829,0.13,Lost
Chhattisgarh,JANJGIR-CHAMPA,ARVIND KUMAR,Independent,1715,0.12,Lost
Chhattisgarh,JANJGIR-CHAMPA,GOPAL PRASAD KHUNTE,Bhartiya Shakti Chetna Party,1483,0.11,Lost
Chhattisgarh,JANJGIR-CHAMPA,VIJAYLAXMI SURYAWANSHI NAT,Asankhya Samaj Party,1422,0.1,Lost
Chhattisgarh,JANJGIR-CHAMPA,SIMA MAHILANGE,Independent,1336,0.1,Lost
Chhattisgarh,JANJGIR-CHAMPA,ADVOCATE SHAILENDRA BANJARE (SHAKTIPUTRA),Shakti Sena (Bharat Desh),1253,0.09,Lost
Chhattisgarh,JANJGIR-CHAMPA,VIJAY KUMAR KURRE,Rashtriya Jansabha Party,983,0.07,Lost
Chhattisgarh,JANJGIR-CHAMPA,BRINDA CHAUHAN,Chhattisgarh Vikas Ganga Rashtriya Party,924,0.07,Lost
Chhattisgarh,JANJGIR-CHAMPA,JAGJIVAN RAM SATNAMI,Azad Janata Party,837,0.06,Lost
Chhattisgarh,JANJGIR-CHAMPA,NOTA,None of the Above,5137,0.37,Lost
Chhattisgarh,KANKER,BHOJRAJ NAG,Bharatiya Janata Party,597624,47.23,Won
Chhattisgarh,KANKER,BIRESH THAKUR,Indian National Congress,595740,47.08,Lost
Chhattisgarh,KANKER,TILAK RAM MARKAM,Bahujan Samaj Party,11770,0.93,Lost
Chhattisgarh,KANKER,SONSINGH,Ambedkarite Party of India,11362,0.9,Lost
Chhattisgarh,KANKER,JIVAN LAL MATLAM,Sarv Adi Dal,8949,0.71,Lost
Chhattisgarh,KANKER,SUKCHAND NETAM,Gondvana Gantantra Party,8723,0.69,Lost
Chhattisgarh,KANKER,VINOD NAGWANSHI,Hamar Raj Party,5009,0.4,Lost
Chhattisgarh,KANKER,THAKESH MAHLA,Bhartiya Shakti Chetna Party,4222,0.33,Lost
Chhattisgarh,KANKER,BHOJRAM MANDAVI,Rashtriya Jansabha Party,3361,0.27,Lost
Chhattisgarh,KANKER,NOTA,None of the Above,18669,1.48,Lost
Chhattisgarh,KORBA,JYOTSNA CHARANDAS MAHANT,Indian National Congress,570182,46.53,Won
Chhattisgarh,KORBA,SAROJ PANDEY,Bharatiya Janata Party,526899,43,Lost
Chhattisgarh,KORBA,SHYAM SINGH MARKAM,Gondvana Gantantra Party,48587,3.97,Lost
Chhattisgarh,KORBA,NIRDOSH  KUMAR YADAV,Independent,11268,0.92,Lost
Chhattisgarh,KORBA,DUJRAM BOUDDH,Bahujan Samaj Party,10739,0.88,Lost
Chhattisgarh,KORBA,JAICHANDRA SONPAKAR,Independent,6182,0.5,Lost
Chhattisgarh,KORBA,PALAN SINGH,Independent,5709,0.47,Lost
Chhattisgarh,KORBA,KAMAL DEV,Bhartiya Shakti Chetna Party,4988,0.41,Lost
Chhattisgarh,KORBA,DILIP MIRI,Independent,3902,0.32,Lost
Chhattisgarh,KORBA,KAUSHALYA BAI PORTE,Independent,3632,0.3,Lost
Chhattisgarh,KORBA,PRATAP BHANU,Independent,2504,0.2,Lost
Chhattisgarh,KORBA,SANTOSH SHARMA,Independent,2477,0.2,Lost
Chhattisgarh,KORBA,AMRIKA KARPE,Independent,2232,0.18,Lost
Chhattisgarh,KORBA,RAJGURU KEWAL GOSWAMI,Independent,2202,0.18,Lost
Chhattisgarh,KORBA,SHOBRAN SINGH SAIMA,Independent,2073,0.17,Lost
Chhattisgarh,KORBA,KALYAN SINGH TANWAR,Independent,1964,0.16,Lost
Chhattisgarh,KORBA,RAJESH PANDEY,Independent,1814,0.15,Lost
Chhattisgarh,KORBA,SUSHIL KUMAR VISHWAKARMA,Bhartiya Janta Secular Party,1685,0.14,Lost
Chhattisgarh,KORBA,PRASHANT DANIEL,Sarv Adi Dal,1392,0.11,Lost
Chhattisgarh,KORBA,REKHA TIWARI,Chhattisgarh Vikas Ganga Rashtriya Party,1294,0.11,Lost
Chhattisgarh,KORBA,PURUSHOTTAM MANIKPURI,Independent,1212,0.1,Lost
Chhattisgarh,KORBA,PRIYANKA PATEL,Republican Party of India (A),1204,0.1,Lost
Chhattisgarh,KORBA,MAHENDRA KUMAR SHRIWAS (MANJU),Independent,1187,0.1,Lost
Chhattisgarh,KORBA,SHEKH RAUF,Independent,1168,0.1,Lost
Chhattisgarh,KORBA,SHIVPUJAN SINGH,Independent,1036,0.08,Lost
Chhattisgarh,KORBA,SHANTI BAI MARAVI,Independent,861,0.07,Lost
Chhattisgarh,KORBA,RAMESH DAS MAHANT,Independent,823,0.07,Lost
Chhattisgarh,KORBA,NOTA,None of the Above,6097,0.5,Lost
Chhattisgarh,MAHASAMUND,ROOP KUMARI CHOUDHARY,Bharatiya Janata Party,703659,53.06,Won
Chhattisgarh,MAHASAMUND,TAMRADHWAJ SAHU,Indian National Congress,558203,42.09,Lost
Chhattisgarh,MAHASAMUND,PROFESSOR SURESH SAHU,Independent,11888,0.9,Lost
Chhattisgarh,MAHASAMUND,BASANT SINHA,Bahujan Samaj Party,8860,0.67,Lost
Chhattisgarh,MAHASAMUND,REKHRAM BAGH,Independent,7878,0.59,Lost
Chhattisgarh,MAHASAMUND,GANESH RAM DHRUW,Hamar Raj Party,6651,0.5,Lost
Chhattisgarh,MAHASAMUND,SANTOSH DARCHAND BANJARE,Independent,6054,0.46,Lost
Chhattisgarh,MAHASAMUND,MUKESH KUMAR AGRAWAL,Independent,3691,0.28,Lost
Chhattisgarh,MAHASAMUND,SUKHNANDAN  DESHKAR,Independent,3555,0.27,Lost
Chhattisgarh,MAHASAMUND,NITESH KUMAR RATRE,Sunder Samaj Party,2373,0.18,Lost
Chhattisgarh,MAHASAMUND,DR. VIRENDRA CHAUDHRI,Bhartiya Shakti Chetna Party,2099,0.16,Lost
Chhattisgarh,MAHASAMUND,KALIYA PRASAD SETH,Independent,1531,0.12,Lost
Chhattisgarh,MAHASAMUND,MAHESH SWARN,Independent,1486,0.11,Lost
Chhattisgarh,MAHASAMUND,CHAMPA LAL PATEL GURUJI DHARTI PAKD,Right to Recall Party,1379,0.1,Lost
Chhattisgarh,MAHASAMUND,FARID QURAISHI,Gondvana Gantantra Party,1077,0.08,Lost
Chhattisgarh,MAHASAMUND,ISHWAR MARKANDE,Independent,957,0.07,Lost
Chhattisgarh,MAHASAMUND,NARAD PRASAD NISHAD,Shakti Sena (Bharat Desh),899,0.07,Lost
Chhattisgarh,MAHASAMUND,NOTA,None of the Above,3840,0.29,Lost
Chhattisgarh,RAIGARH,RADHESHYAM RATHIYA,Bharatiya Janata Party,808275,55.63,Won
Chhattisgarh,RAIGARH,DR. MENKA DEVI SINGH,Indian National Congress,567884,39.08,Lost
Chhattisgarh,RAIGARH,INNOCENT KUJUR - BIDANA ORAON,Bahujan Samaj Party,15600,01.07,Lost
Chhattisgarh,RAIGARH,ALBERT MING,Hamar Raj Party,10959,0.75,Lost
Chhattisgarh,RAIGARH,PRAKASH KUMAR URANW,Independent,7722,0.53,Lost
Chhattisgarh,RAIGARH,RUPNARAYAN EKKA,Independent,7420,0.51,Lost
Chhattisgarh,RAIGARH,GOWARDHAN RATHIA,Independent,4593,0.32,Lost
Chhattisgarh,RAIGARH,POOJA SIDAR,Independent,4167,0.29,Lost
Chhattisgarh,RAIGARH,MADAN PRASAD GOND,Gondvana Gantantra Party,3015,0.21,Lost
Chhattisgarh,RAIGARH,GULESHWAR PAINKRA,Bhartiya Shakti Chetna Party,2626,0.18,Lost
Chhattisgarh,RAIGARH,UDAY KUMAR RATHIA,Independent,2129,0.15,Lost
Chhattisgarh,RAIGARH,ABHAY KUMAR EKKA,Independent,1825,0.13,Lost
Chhattisgarh,RAIGARH,BADAL EKKA,Sarv Adi Dal,1728,0.12,Lost
Chhattisgarh,RAIGARH,NOTA,None of the Above,15022,01.03,Lost
Chhattisgarh,RAIPUR,BRIJMOHAN AGRAWAL,Bharatiya Janata Party,1050351,66.19,Won
Chhattisgarh,RAIPUR,VIKAS UPADHYAY,Indian National Congress,475066,29.94,Lost
Chhattisgarh,RAIPUR,MAMTA RANI SAHU,Bahujan Samaj Party,9299,0.59,Lost
Chhattisgarh,RAIPUR,SAVITA SHAILENDRA BANJARE,Shakti Sena (Bharat Desh),8768,0.55,Lost
Chhattisgarh,RAIPUR,RADHESHWARI GAIKWAD,Independent,4630,0.29,Lost
Chhattisgarh,RAIPUR,SURESH KUMAR NETAM,Hamar Raj Party,3499,0.22,Lost
Chhattisgarh,RAIPUR,ANIL MAHOBIA,Right to Recall Party,2916,0.18,Lost
Chhattisgarh,RAIPUR,ENGI. LAL BAHADUR YADAV,Gondvana Gantantra Party,2865,0.18,Lost
Chhattisgarh,RAIPUR,RAMKRISHNA VERMA,Independent,2185,0.14,Lost
Chhattisgarh,RAIPUR,YAKUB KHAN,Independent,2054,0.13,Lost
Chhattisgarh,RAIPUR,VISHWAJIT HARODE,Socialist Unity Centre Of India (COMMUNIST),1920,0.12,Lost
Chhattisgarh,RAIPUR,AMARNATH CHANDRAKAR,Independent,1608,0.1,Lost
Chhattisgarh,RAIPUR,LAKHAMOO RAM TANDON,Rashtriya Jansabha Party,1351,0.09,Lost
Chhattisgarh,RAIPUR,YASHUTOSH LAHARE,Ambedkarite Party of India,1312,0.08,Lost
Chhattisgarh,RAIPUR,RAJESH DHRUV,Independent,1193,0.08,Lost
Chhattisgarh,RAIPUR,BODHAN LAL FARIKAR,Independent,1059,0.07,Lost
Chhattisgarh,RAIPUR,DAYA SHANKER NISHAD,Bhartiya Shakti Chetna Party,1062,0.07,Lost
Chhattisgarh,RAIPUR,PILARAM ANANT,Sunder Samaj Party,1036,0.07,Lost
Chhattisgarh,RAIPUR,ROHIT KUMAR PATIL,Independent,960,0.06,Lost
Chhattisgarh,RAIPUR,HIRA NAND NAGWANI (ASHOK BHAIYA),Republican Party of India (A),960,0.06,Lost
Chhattisgarh,RAIPUR,BHANJAN JANGADE (ADHIWAKTA),Bharatiya Bahujan Congress,821,0.05,Lost
Chhattisgarh,RAIPUR,MO. AMIN,Bhrashtachar Mukti Morcha,766,0.05,Lost
Chhattisgarh,RAIPUR,MANOJ VERMA,Independent,724,0.05,Lost
Chhattisgarh,RAIPUR,PITAMBAR JANGDE,Aazad Samaj Party (Kanshi Ram),705,0.04,Lost
Chhattisgarh,RAIPUR,ASHISH KUMAR TIWARI,Aap Sabki Apni Party,528,0.03,Lost
Chhattisgarh,RAIPUR,ENGI. BHANU PRATAP TANDE,Independent,503,0.03,Lost
Chhattisgarh,RAIPUR,MO. IMRAN KHAN,Independent,467,0.03,Lost
Chhattisgarh,RAIPUR,NEERAJ SAINI PUJARI,Dhoom Sena,434,0.03,Lost
Chhattisgarh,RAIPUR,SUDHANSHU BHUSHAN,Independent,414,0.03,Lost
Chhattisgarh,RAIPUR,RAMPRASAD PRAJAPATI,Independent,391,0.02,Lost
Chhattisgarh,RAIPUR,PRAVIN JAIN,Independent,369,0.02,Lost
Chhattisgarh,RAIPUR,VINAYAK DHAMGAYE,Independent,349,0.02,Lost
Chhattisgarh,RAIPUR,NANDNI NAYAK,Independent,337,0.02,Lost
Chhattisgarh,RAIPUR,PRAVISHANT SALOMAN,Independent,310,0.02,Lost
Chhattisgarh,RAIPUR,SAYED IRSHAD,Independent,295,0.02,Lost
Chhattisgarh,RAIPUR,DR. OMPRAKASH SAHU,Independent,294,0.02,Lost
Chhattisgarh,RAIPUR,MO. NASIR,Independent,254,0.02,Lost
Chhattisgarh,RAIPUR,NURI KHAN,Independent,252,0.02,Lost
Chhattisgarh,RAIPUR,NOTA,None of the Above,4448,0.28,Lost
Chhattisgarh,RAJNANDGAON,SANTOSH PANDEY,Bharatiya Janata Party,712057,49.25,Won
Chhattisgarh,RAJNANDGAON,BHUPESH BAGHEL,Indian National Congress,667646,46.18,Lost
Chhattisgarh,RAJNANDGAON,A.H. SIDDIQUI,Independent,10737,0.74,Lost
Chhattisgarh,RAJNANDGAON,DEVLAL SINHA (SONVANSHI),Bahujan Samaj Party,9668,0.67,Lost
Chhattisgarh,RAJNANDGAON,NARAD PRASAD NISHAD,Shakti Sena (Bharat Desh),8030,0.56,Lost
Chhattisgarh,RAJNANDGAON,SUKHDEV SINHA,Independent,8001,0.55,Lost
Chhattisgarh,RAJNANDGAON,VISHESH DHAMGAYE,Independent,4873,0.34,Lost
Chhattisgarh,RAJNANDGAON,BHUVAN SAHU,Independent,4174,0.29,Lost
Chhattisgarh,RAJNANDGAON,LALITA KANWAR,Hamar Raj Party,2149,0.15,Lost
Chhattisgarh,RAJNANDGAON,ER. BASANT KUMAR MESHRAM,Independent,1820,0.13,Lost
Chhattisgarh,RAJNANDGAON,RAMESH RAJPUT,Bhartiya Shakti Chetna Party,1737,0.12,Lost
Chhattisgarh,RAJNANDGAON,TRIVENI PADOTI,Independent,1613,0.11,Lost
Chhattisgarh,RAJNANDGAON,RAMFAL PATIL,Nyaydharmsabha,1537,0.11,Lost
Chhattisgarh,RAJNANDGAON,AJAY PALI,Independent,1114,0.08,Lost
Chhattisgarh,RAJNANDGAON,LAKHAN SING TANDAN,Rashtriya Jansabha Party,1056,0.07,Lost
Chhattisgarh,RAJNANDGAON,NOTA,None of the Above,9553,0.66,Lost
Chhattisgarh,SURGUJA,CHINTAMANI MAHARAJ,Bharatiya Janata Party,713200,49.01,Won
Chhattisgarh,SURGUJA,SHASHI SINGH KORAM,Indian National Congress,648378,44.55,Lost
Chhattisgarh,SURGUJA,DR. L. S. UDAY SINGH,Gondvana Gantantra Party,15651,01.08,Lost
Chhattisgarh,SURGUJA,SANJAY KUMAR,Bahujan Samaj Party,15199,01.04,Lost
Chhattisgarh,SURGUJA,RAMADHAR SINGH,Independent,10861,0.75,Lost
Chhattisgarh,SURGUJA,PRINCE ABHISHEK KUJUR,Independent,6815,0.47,Lost
Chhattisgarh,SURGUJA,URMILA SINGH,Independent,5784,0.4,Lost
Chhattisgarh,SURGUJA,ARVIND KACHHAP,Independent,4184,0.29,Lost
Chhattisgarh,SURGUJA,KANTA MINJ,Akhil Bhartiya Parivar Party,4016,0.28,Lost
Chhattisgarh,SURGUJA,JEROME MINJ,Bharat Adivasi Party,3060,0.21,Lost
Chhattisgarh,SURGUJA,NOTA,None of the Above,28121,1.93,Lost
Dadra & Nagar Haveli and Daman & Diu,Dadar & Nagar Haveli,DELKAR KALABEN MOHANBHAI,Bharatiya Janata Party,121074,58.89,Won
Dadra & Nagar Haveli and Daman & Diu,Dadar & Nagar Haveli,AJIT RAMJIBHAI MAHALA,Indian National Congress,63490,30.88,Lost
Dadra & Nagar Haveli and Daman & Diu,Dadar & Nagar Haveli,KURADA DEEPAKBHAI,Bharat Adivasi Party,10197,4.96,Lost
Dadra & Nagar Haveli and Daman & Diu,Dadar & Nagar Haveli,BORSA SANDIPBHAI S,Bahujan Samaj Party,3152,1.53,Lost
Dadra & Nagar Haveli and Daman & Diu,Dadar & Nagar Haveli,SHAILESHBHAI VARTHA,Independent,2524,1.23,Lost
Dadra & Nagar Haveli and Daman & Diu,Dadar & Nagar Haveli,NOTA,None of the Above,5151,2.51,Lost
Dadra & Nagar Haveli and Daman & Diu,Daman & Diu,PATEL UMESHBHAI BABUBHAI,Independent,42523,46.02,Won
Dadra & Nagar Haveli and Daman & Diu,Daman & Diu,LALUBHAI BABUBHAI PATEL,Bharatiya Janata Party,36298,39.28,Lost
Dadra & Nagar Haveli and Daman & Diu,Daman & Diu,KETAN DAHYABHAI PATEL,Indian National Congress,11258,12.18,Lost
Dadra & Nagar Haveli and Daman & Diu,Daman & Diu,UMESH PATEL,Navsarjan Bharat Party,545,0.59,Lost
Dadra & Nagar Haveli and Daman & Diu,Daman & Diu,SAKIL LATIF KHAN,Independent,323,0.35,Lost
Dadra & Nagar Haveli and Daman & Diu,Daman & Diu,IDRISH G MULLA,Independent,247,0.27,Lost
Dadra & Nagar Haveli and Daman & Diu,Daman & Diu,PATEL UMESHBHAI BABU,Independent,238,0.26,Lost
Dadra & Nagar Haveli and Daman & Diu,Daman & Diu,NOTA,None of the Above,978,01.06,Lost
Goa,North Goa,SHRIPAD YESSO NAIK,Bharatiya Janata Party,257326,56.43,Won
Goa,North Goa,RAMAKANT KHALAP,Indian National Congress,141311,30.99,Lost
Goa,North Goa,TUKARAM BHARAT PARAB,Revolutionary Goans Party,45693,10.02,Lost
Goa,North Goa,MILAN R VAINGANKAR,Bahujan Samaj Party,1625,0.36,Lost
Goa,North Goa,MR SAKHARAM NAIK,Akhil Bhartiya Parivar Party,1417,0.31,Lost
Goa,North Goa,SHAKEEL JAMAL SHAIKH,Independent,807,0.18,Lost
Goa,North Goa,THOMAS AUGUSTINE FERNANDES,Independent,759,0.17,Lost
Goa,North Goa,ADV VISHAL NAIK,Independent,752,0.16,Lost
Goa,North Goa,NOTA,None of the Above,6328,1.39,Lost
Goa,South Goa,CAPTAIN  VIRIATO FERNANDES,Indian National Congress,217836,48.35,Won
Goa,South Goa,PALLAVI SHRINIVAS DEMPO,Bharatiya Janata Party,204301,45.35,Lost
Goa,South Goa,RUBERT PEREIRA,Revolutionary Goans Party,18885,4.19,Lost
Goa,South Goa,DR SWETA GAONKAR,Bahujan Samaj Party,1581,0.35,Lost
Goa,South Goa,DEEPKUMAR D MAPARI,Independent,1317,0.29,Lost
Goa,South Goa,DR KALIDAS VAINGANKAR,Independent,720,0.16,Lost
Goa,South Goa,ALEXY FERNANDES,Independent,542,0.12,Lost
Goa,South Goa,HARISHCHANDRA SUDHAKAR NAIK,Corruption Abolition Party,501,0.11,Lost
Goa,South Goa,NOTA,None of the Above,4837,01.07,Lost
Gujarat,Ahmedabad East,HASMUKHBHAI PATEL (H.S.PATEL),Bharatiya Janata Party,770459,68.28,Won
Gujarat,Ahmedabad East,HIMMATSINH PRAHLADSINH PATEL,Indian National Congress,308704,27.36,Lost
Gujarat,Ahmedabad East,MAKWANA JAYANTIBHAI KANJIBHAI,Bahujan Samaj Party,10482,0.93,Lost
Gujarat,Ahmedabad East,BRIJESH SHARMA,Independent,4526,0.4,Lost
Gujarat,Ahmedabad East,HARSHAD BABUBHAI NANDOLIYA,Independent,3571,0.32,Lost
Gujarat,Ahmedabad East,MAHESHKUMAR SOMABHAI THAKOR,Independent,3033,0.27,Lost
Gujarat,Ahmedabad East,KALPESHBHAI  SHETE,Gunj Satya Ni Janata Party,2937,0.26,Lost
Gujarat,Ahmedabad East,PATANI VISHNUBHAI NATAVARBHAI,Independent,2420,0.21,Lost
Gujarat,Ahmedabad East,ZALA SANJAYKUMAR MAHOBATSINH,Independent,2366,0.21,Lost
Gujarat,Ahmedabad East,DASHARATHBHAI KANTILAL PANCHAL,Independent,1480,0.13,Lost
Gujarat,Ahmedabad East,PRAMOD SAHDEVBHAI GUDADE,Swatantrata Abhivyakti Party,1279,0.11,Lost
Gujarat,Ahmedabad East,RAJESH HARIRAM MAURYA,Prajatantra Aadhar Party,1212,0.11,Lost
Gujarat,Ahmedabad East,INGOLE ROOPESHBHAI BABUBHAI,Independent,1169,0.1,Lost
Gujarat,Ahmedabad East,DHANANJAY GIRJASHANKAR RAJPUT,Bhartiya Jan Parishad,1120,0.1,Lost
Gujarat,Ahmedabad East,MANISH KUMAR DUBEY,Swaraj Kranti Party,909,0.08,Lost
Gujarat,Ahmedabad East,CHAUHAN MOHAMADFARUK  AHEMADHASANBHAI,Independent,778,0.07,Lost
Gujarat,Ahmedabad East,HITENDRABHAI PATEL,Aadi Bharat Party,742,0.07,Lost
Gujarat,Ahmedabad East,PIYUSHBHAI BHAVSAR,Youth India Peace Party,649,0.06,Lost
Gujarat,Ahmedabad East,NOTA,None of the Above,10503,0.93,Lost
Gujarat,Ahmedabad West,DINESHBHAI MAKWANA (ADVOCATE),Bharatiya Janata Party,611704,63.28,Won
Gujarat,Ahmedabad West,BHARAT YOGENDRA MAKWANA,Indian National Congress,325267,33.65,Lost
Gujarat,Ahmedabad West,ANILKUMAR VASANTBHAI VAGHELA,Bahujan Samaj Party,9600,0.99,Lost
Gujarat,Ahmedabad West,BHITORA BHAVESHKUMAR CHIMANLAL,Gujarat Loktantra Party,2458,0.25,Lost
Gujarat,Ahmedabad West,SHANKARBHAI KHUSHALBHAI RATHOD,Democratic Bharatiya Samaj Party,2389,0.25,Lost
Gujarat,Ahmedabad West,VEDUBHAI KAUTIKBHAI SIRASAT,Jan Sewa Driver Party,1221,0.13,Lost
Gujarat,Ahmedabad West,NOTA,None of the Above,14007,1.45,Lost
Gujarat,Amreli,BHARATBHAI MANUBHAI SUTARIYA,Bharatiya Janata Party,580872,66.28,Won
Gujarat,Amreli,JENNY THUMMAR,Indian National Congress,259804,29.64,Lost
Gujarat,Amreli,CHAUHAN RAVAJIBHAI MULABHAI,Bahujan Samaj Party,7543,0.86,Lost
Gujarat,Amreli,SANKHAT VIKRAMBHAI VISABHAI,Global Republican Party,5009,0.57,Lost
Gujarat,Amreli,BAVKUBHAI AMARUBHAI VALA,Independent,3777,0.43,Lost
Gujarat,Amreli,BHAVESHBHAI JENTIBHAI RANK,Independent,3671,0.42,Lost
Gujarat,Amreli,PUNJABHAI BAVBHAI DAFDA,Independent,2621,0.3,Lost
Gujarat,Amreli,PRITESH CHAUHAN (LALU),Independent,1780,0.2,Lost
Gujarat,Amreli,NOTA,None of the Above,11349,1.29,Lost
Gujarat,Anand,MITESH PATEL (BAKABHAI),Bharatiya Janata Party,612484,52.44,Won
Gujarat,Anand,AMIT CHAVDA,Indian National Congress,522545,44.74,Lost
Gujarat,Anand,SURESHBHAI DHULABHAI PATEL,Bahujan Samaj Party,5831,0.5,Lost
Gujarat,Anand,BHOI ASHISHKUMAR THAKORBHAI,Independent,5542,0.47,Lost
Gujarat,Anand,KEYURBHAI PRAVINBHAI PATEL (BAKABHAI),Independent,2298,0.2,Lost
Gujarat,Anand,DHEERAJKUMAR KSHATRIYA,Garib Kalyan Party,1747,0.15,Lost
Gujarat,Anand,BHATT SUNILKUMAR NARENDRABHAI,Right to Recall Party,1592,0.14,Lost
Gujarat,Anand,NOTA,None of the Above,15930,1.36,Lost
Gujarat,Banaskantha,GENIBEN NAGAJI THAKOR,Indian National Congress,671883,48.83,Won
Gujarat,Banaskantha,DR. REKHABEN HITESHBHAI CHAUDHARI,Bharatiya Janata Party,641477,46.62,Lost
Gujarat,Banaskantha,MANSUNGBHAI MASHRUBHAI PARMAR,Bahujan Samaj Party,9929,0.72,Lost
Gujarat,Banaskantha,RATHOD MAVJI BHEMAJI,Independent,7696,0.56,Lost
Gujarat,Banaskantha,SHRIMALI ASHOKBHAI BALCHANDBHAI,Independent,5481,0.4,Lost
Gujarat,Banaskantha,JASUBHAI GAMAR,Bharat Adivasi Party,4626,0.34,Lost
Gujarat,Banaskantha,PATEL PIYUSHBHAI KARSHANBHAI,Bharatiya Yuva Jan Ekta Party,3513,0.26,Lost
Gujarat,Banaskantha,BAJAG LASHABHAI LAVAJIBHAI,Independent,3009,0.22,Lost
Gujarat,Banaskantha,PRAVINBHAI ISHVARBHAI CHAUHAN,Swatantrata Abhivyakti Party,1823,0.13,Lost
Gujarat,Banaskantha,IBRAHIMBHAI PARASANI,Independent,1591,0.12,Lost
Gujarat,Banaskantha,PARMAR CHHAGANCHANDRARAJ,Independent,1374,0.1,Lost
Gujarat,Banaskantha,CHETANKUMAR KESHAVLAL OZA,Independent,1334,0.1,Lost
Gujarat,Banaskantha,NOTA,None of the Above,22167,1.61,Lost
Gujarat,Bardoli,PARBHUBHAI NAGARBHAI VASAVA,Bharatiya Janata Party,763950,57.04,Won
Gujarat,Bardoli,CHAUDHARY SIDDHARTH AMARSINH,Indian National Congress,533697,39.85,Lost
Gujarat,Bardoli,REKHABEN HARSINGBHAI CHAUDHARI,Bahujan Samaj Party,16144,1.21,Lost
Gujarat,Bardoli,NOTA,None of the Above,25542,1.91,Lost
Gujarat,Bharuch,MANSUKHBHAI DHANJIBHAI VASAVA,Bharatiya Janata Party,608157,50.72,Won
Gujarat,Bharuch,CHAITARBHAI DAMJIBHAI VASAVA,Aam Aadmi Party,522461,43.58,Lost
Gujarat,Bharuch,DILIPBHAI CHHOTUBHAI VASAVA,Bharat Adivasi Party,10014,0.84,Lost
Gujarat,Bharuch,SAJID YAKUB MUNSHI,Independent,9937,0.83,Lost
Gujarat,Bharuch,VASAVA CHETANBHAI KANJIBHAI,Bahujan Samaj Party,6324,0.53,Lost
Gujarat,Bharuch,NAVINBHAI BHIKHABHAI PATEL,Independent,3453,0.29,Lost
Gujarat,Bharuch,YUSUF VALI HASANALI,Independent,3247,0.27,Lost
Gujarat,Bharuch,GITABEN MANUBHAI MACHHI,Malwa Congress,2764,0.23,Lost
Gujarat,Bharuch,MITESHBHAI THAKORBHAI PADHIYAR,Independent,2459,0.21,Lost
Gujarat,Bharuch,MIRZA AABIDBEG YASINBEG,Independent,2050,0.17,Lost
Gujarat,Bharuch,ISMAIL AHMAD PATEL,Independent,1902,0.16,Lost
Gujarat,Bharuch,NARAYANBHAI LILADHARJI RAVAL,Independent,1583,0.13,Lost
Gujarat,Bharuch,DHARMESHKUMAR VISHNUBHAI VASAVA,Independent,1330,0.11,Lost
Gujarat,Bharuch,NOTA,None of the Above,23283,1.94,Lost
Gujarat,Bhavnagar,NIMUBEN JAYANTIBHAI BAMBHANIYA (NIMUBEN BAMBHANIYA),Bharatiya Janata Party,716883,68.46,Won
Gujarat,Bhavnagar,UMESHBHAI NARANBHAI MAKWANA,Aam Aadmi Party,261594,24.98,Lost
Gujarat,Bhavnagar,RATHOD DINESHBHAI LAKHABHAI,Bahujan Samaj Party,10130,0.97,Lost
Gujarat,Bhavnagar,ANILBHAI NARENDRABHAI CHAVDA,Swatantrata Abhivyakti Party,7619,0.73,Lost
Gujarat,Bhavnagar,PARMAR RAJESHKUMAR PREMJIBHAI,New India United Party,6493,0.62,Lost
Gujarat,Bhavnagar,KALANIYA SAGARBHAI POPATBHAI,Aapki Awaaz Party,6087,0.58,Lost
Gujarat,Bhavnagar,SANJAYBHAI MAGANBHAI MAKAWANA,Independent,4153,0.4,Lost
Gujarat,Bhavnagar,HARSH GOKLANI,Independent,3634,0.35,Lost
Gujarat,Bhavnagar,SHRI MULSHANKARBHAI RAGHURAMBHAI CHAUHAN,Independent,3406,0.33,Lost
Gujarat,Bhavnagar,SHRI TIDABHAI DEVSHIBHAI,Gujarat Sarva Samaj Party,2685,0.26,Lost
Gujarat,Bhavnagar,BHUPATBHAI MOHANBHAI VALA,Right to Recall Party,2394,0.23,Lost
Gujarat,Bhavnagar,NARESHBHAI NARANBHAI RATHOD,Independent,1765,0.17,Lost
Gujarat,Bhavnagar,BRAHMAKSHTRIYA BHAGVATIBEN KHETSINH,Independent,1624,0.16,Lost
Gujarat,Bhavnagar,NOTA,None of the Above,18765,1.79,Lost
Gujarat,Chhota Udaipur,JASHUBHAI BHILUBHAI RATHVA,Bharatiya Janata Party,796589,62.84,Won
Gujarat,Chhota Udaipur,SUKHRAMBHAI HARIYABHAI RATHWA,Indian National Congress,397812,31.38,Lost
Gujarat,Chhota Udaipur,BHIL SOMABHAI GOKALBHAI,Bahujan Samaj Party,16093,1.27,Lost
Gujarat,Chhota Udaipur,RATHVA FURAKANBHAI BALJIBHAI,Malwa Congress,11161,0.88,Lost
Gujarat,Chhota Udaipur,TADVI RANCHHODBHAI,Bharatiya Bahujan Congress,8344,0.66,Lost
Gujarat,Chhota Udaipur,RATHVA MUKESHBHAI NURABHAI,Independent,8065,0.64,Lost
Gujarat,Chhota Udaipur,NOTA,None of the Above,29655,2.34,Lost
Gujarat,Dahod,JASWANTSINH SUMANBHAI BHABHOR,Bharatiya Janata Party,688715,61.59,Won
Gujarat,Dahod,DR. PRABHABEN KISHORSINH TAVIYAD,Indian National Congress,355038,31.75,Lost
Gujarat,Dahod,MEDA DEVENDRAKUMAR LAXMANBHAI,Independent,11075,0.99,Lost
Gujarat,Dahod,BHABHOR DHULABHAI DITABHAI,Bahujan Samaj Party,8632,0.77,Lost
Gujarat,Dahod,BARIYA MANILAL HIRABHAI,Independent,6588,0.59,Lost
Gujarat,Dahod,DAMOR VESTABHAI JOKHANABHAI,Independent,4400,0.39,Lost
Gujarat,Dahod,DAMOR MANABHAI BHAVSINGBHAI,Independent,3173,0.28,Lost
Gujarat,Dahod,JAGDISHBHAI MANILAL MEDA,Bharatiya National Janata Dal,3062,0.27,Lost
Gujarat,Dahod,PASAYA NAVALSINH MULABHAI,Saath Sahakar Vikas Party,2673,0.24,Lost
Gujarat,Dahod,NOTA,None of the Above,34938,3.12,Lost
Gujarat,Gandhinagar,AMIT SHAH,Bharatiya Janata Party,1010972,76.48,Won
Gujarat,Gandhinagar,SONAL RAMANBHAI PATEL,Indian National Congress,266256,20.14,Lost
Gujarat,Gandhinagar,MOHAMMEDANISH DESAI,Bahujan Samaj Party,7394,0.56,Lost
Gujarat,Gandhinagar,SHAHNAWAZKHAN SULTANKHAN PATHAN,Independent,2332,0.18,Lost
Gujarat,Gandhinagar,MALEK MAKBUL SHAKIB,Independent,2058,0.16,Lost
Gujarat,Gandhinagar,THAKOR JITENDRASINH JASHAVANTSINH,Insaniyat Party,2009,0.15,Lost
Gujarat,Gandhinagar,PARIKH RAJIVBHAI KALABHAI,Independent,1751,0.13,Lost
Gujarat,Gandhinagar,MANSURI SUHANA,Independent,1453,0.11,Lost
Gujarat,Gandhinagar,MAURYA SUMITRA DEVNARIAN,Prajatantra Aadhar Party,1217,0.09,Lost
Gujarat,Gandhinagar,UMADIYA ALIBHAI RAJABHAI,Independent,1009,0.08,Lost
Gujarat,Gandhinagar,RAHUL CHIMANBHAI MEHTA,Right to Recall Party,1001,0.08,Lost
Gujarat,Gandhinagar,PATHAN IMTIYAJKHAN,Independent,842,0.06,Lost
Gujarat,Gandhinagar,BAGVAN BAHADURSHAH GULMOHAMMAD,Independent,771,0.06,Lost
Gujarat,Gandhinagar,NAVSADALAM IBRAHIMBHAI MALEK,Independent,732,0.06,Lost
Gujarat,Gandhinagar,NOTA,None of the Above,22005,1.66,Lost
Gujarat,Jamnagar,POONAMBEN HEMATBHAI MAADAM,Bharatiya Janata Party,620049,58.98,Won
Gujarat,Jamnagar,ADVOCATE J. P. MARAVIYA,Indian National Congress,382041,36.34,Lost
Gujarat,Jamnagar,JAYSUKH NATHUBHAI PINGALSUR,Bahujan Samaj Party,11462,01.09,Lost
Gujarat,Jamnagar,KANZARIYA RANCHHODBHAI NARANBHAI,Viro Ke Vir Indian Party,7002,0.67,Lost
Gujarat,Jamnagar,VIJAYSINH PRAVINSINH JADEJA,Independent,4834,0.46,Lost
Gujarat,Jamnagar,RATHOD PUNJABHAI PALABHAI,Independent,3732,0.36,Lost
Gujarat,Jamnagar,BHURALAL MEGHJIBHAI PARMAR,Independent,1928,0.18,Lost
Gujarat,Jamnagar,GHUGHA ALARAKHABHAI ISHAKBHAI,Independent,1585,0.15,Lost
Gujarat,Jamnagar,KHIRA YUSUF SIDIKBHAI,Independent,1371,0.13,Lost
Gujarat,Jamnagar,NANJI AMARSHI BATHWAR,Independent,1370,0.13,Lost
Gujarat,Jamnagar,ANWAR NOORMAMAD SANGHAR,Independent,1299,0.12,Lost
Gujarat,Jamnagar,PARESHBHAI PARSOTTAMBHAI MUNGARA,Rashtriya Mahaswaraj Bhumi Party,1270,0.12,Lost
Gujarat,Jamnagar,POPATPUTRA RAFIK ABUBAKAR,Independent,1138,0.11,Lost
Gujarat,Jamnagar,NADEEM MAHAMMAD HALA,Independent,1070,0.1,Lost
Gujarat,Jamnagar,NOTA,None of the Above,11084,01.05,Lost
Gujarat,Junagadh,CHUDASAMA RAJESHBHAI NARANBHAI,Bharatiya Janata Party,584049,54.67,Won
Gujarat,Junagadh,JOTVA HIRABHAI ARJANBHAI,Indian National Congress,448555,41.99,Lost
Gujarat,Junagadh,MAKADIA JAYANTILAL MALDEBHAI,Bahujan Samaj Party,7282,0.68,Lost
Gujarat,Junagadh,VADHER DANSING CHINABHAI,Independent,5189,0.49,Lost
Gujarat,Junagadh,DEVENDRABHAI DHANJIBHAI MOTIVARAS,Independent,2309,0.22,Lost
Gujarat,Junagadh,BORICHANGAR BHAVESH DALPATRAI,Independent,1908,0.18,Lost
Gujarat,Junagadh,DAKI NATHABHAI MENSIBHAI,Independent,1344,0.13,Lost
Gujarat,Junagadh,ISHWAR RAMBHAI SOLANKI,Right to Recall Party,1171,0.11,Lost
Gujarat,Junagadh,ALPESHKUMAR CHANDULAL TRAMBADIYA,Log Party,964,0.09,Lost
Gujarat,Junagadh,GORDHANBHAI MANGABHAI GOHEL,Independent,775,0.07,Lost
Gujarat,Junagadh,AARAB HASAM SUMRA,Independent,694,0.06,Lost
Gujarat,Junagadh,NOTA,None of the Above,14013,1.31,Lost
Gujarat,Kachchh,CHAVDA VINOD LAKHAMSHI,Bharatiya Janata Party,659574,60.23,Won
Gujarat,Kachchh,NITESH PARBATBHAI LALAN (MATANG),Indian National Congress,390792,35.68,Lost
Gujarat,Kachchh,VIJAY BHACHRA,Bahujan Samaj Party,6111,0.56,Lost
Gujarat,Kachchh,VANAZARA HIRABEN DALPATBHAI,Independent,5151,0.47,Lost
Gujarat,Kachchh,BABULAL LADHA CHAVDA,Independent,3354,0.31,Lost
Gujarat,Kachchh,KAVITABEN DINESHBHAI MACHCHHOYA,Independent,3366,0.31,Lost
Gujarat,Kachchh,DEVABHAI MITHABHAI GOHIL,Rashtriya Power Party,2101,0.19,Lost
Gujarat,Kachchh,SHAMLIA VIRJI CHAKU,Hindvi Swarajyay Dal,1573,0.14,Lost
Gujarat,Kachchh,ARVIND ASHOK SANGHELA,Gujarat Sarva Samaj Party,1526,0.14,Lost
Gujarat,Kachchh,BOCHIYA BHIMJI BHIKHA,Sarva Samaj Janata Party,1497,0.14,Lost
Gujarat,Kachchh,RAMJIBHAI JAKHUBHAI DAFDA,Right to Recall Party,1370,0.13,Lost
Gujarat,Kachchh,NOTA,None of the Above,18742,1.71,Lost
Gujarat,Kheda,DEVUSINH CHAUHAN,Bharatiya Janata Party,744435,63.31,Won
Gujarat,Kheda,KALUSINH DABHI,Indian National Congress,386677,32.88,Lost
Gujarat,Kheda,SODHA SANJAYKUMAR PARVATSINH,Independent,6139,0.52,Lost
Gujarat,Kheda,BHAILALBHAI KALUBHAI PANDAV,Bahujan Samaj Party,6152,0.52,Lost
Gujarat,Kheda,PARMAR HITESHKUMAR PARSOTTAMBHAI,Independent,2741,0.23,Lost
Gujarat,Kheda,UPENDRAKUMAR VALLAVBHAI PATEL,Independent,2715,0.23,Lost
Gujarat,Kheda,PATEL ANILKUMAR BHAILALBHAI,Rashtriya Mahaswaraj Bhumi Party,2523,0.21,Lost
Gujarat,Kheda,SAIYAD KADARI MOHAMMAD SABIR ANVAR HUSAIN,Bhartiya Jan Nayak Party,1838,0.16,Lost
Gujarat,Kheda,INDIRADEVI HIRALAL VORA,Garib Kalyan Party,1135,0.1,Lost
Gujarat,Kheda,KAMLESHBHAI POPATBHAI PATEL,Bhartiya Jan Parishad,949,0.08,Lost
Gujarat,Kheda,IMRANBHAI VANKAWALA,Right to Recall Party,928,0.08,Lost
Gujarat,Kheda,KANTIYA DASRATH HARJIVANBHAI,New India United Party,792,0.07,Lost
Gujarat,Kheda,NOTA,None of the Above,18824,1.6,Lost
Gujarat,Mahesana,HARIBHAI PATEL,Bharatiya Janata Party,686406,63.74,Won
Gujarat,Mahesana,RAMJI THAKOR,Indian National Congress,358360,33.28,Lost
Gujarat,Mahesana,AMRUTLAL MAKWANA,Bahujan Samaj Party,9874,0.92,Lost
Gujarat,Mahesana,CHAUHAN PRAKASHKUMAR TRIBHOVANDAS,Akhila Vijaya Party,3882,0.36,Lost
Gujarat,Mahesana,PATEL MANUBHAI SHANKARLAL,Independent,3672,0.34,Lost
Gujarat,Mahesana,ZALA VIKRAMSINH BANESINH,Rashtra Nirman Party,3007,0.28,Lost
Gujarat,Mahesana,NOTA,None of the Above,11626,01.08,Lost
Gujarat,Navsari,C R PATIL,Bharatiya Janata Party,1031065,77.05,Won
Gujarat,Navsari,NAISHADHBHAI BHUPATBHAI  DESAI,Indian National Congress,257514,19.24,Lost
Gujarat,Navsari,MALKHAN RAMKISHOR VARMA,Bahujan Samaj Party,8133,0.61,Lost
Gujarat,Navsari,KIRIT L. SURATI,Independent,4211,0.31,Lost
Gujarat,Navsari,RAJU VARDE,Independent,3184,0.24,Lost
Gujarat,Navsari,RAMZAN MANSURI (SENIOR JOURNALIST),Log Party,2653,0.2,Lost
Gujarat,Navsari,KADIR MAHEBOOB SAIYED,Social Democratic Party Of India,2538,0.19,Lost
Gujarat,Navsari,SHEKH MOHMMAD NISHAR (MUNNABHAI GARAGE),Independent,1483,0.11,Lost
Gujarat,Navsari,DR. KANUBHAI KHADADIYA,Socialist Unity Centre Of India (COMMUNIST),1485,0.11,Lost
Gujarat,Navsari,SUMANBEN  KHUSHWA (HANSIKA RAJPUT),Sardar Vallabhbhai Patel Party,1426,0.11,Lost
Gujarat,Navsari,ADVOCATE NAVINKUMAR SHANKERBHAI PATEL,Independent,1095,0.08,Lost
Gujarat,Navsari,MOHAMMAD HANIF SHAH,Garib Kalyan Party,1097,0.08,Lost
Gujarat,Navsari,CHANDANSINGH SHIVBADANSINGH THAKUR,Independent,1087,0.08,Lost
Gujarat,Navsari,KAZI AYAZ HUSNUDDIN,Independent,783,0.06,Lost
Gujarat,Navsari,NOTA,None of the Above,20462,1.53,Lost
Gujarat,Panchmahal,RAJPALSINH MAHENDRASINH JADAV,Bharatiya Janata Party,794579,70.22,Won
Gujarat,Panchmahal,GULABSINH SOMSINH CHAUHAN,Indian National Congress,285237,25.21,Lost
Gujarat,Panchmahal,HASMUKHKUMAR GANPATSINH RATHOD,Independent,10399,0.92,Lost
Gujarat,Panchmahal,JITESHKUMAR GHANSHYAMBHAI SEVAK,Dhanwan Bharat Party,8389,0.74,Lost
Gujarat,Panchmahal,MANOJSINH RANAJITSINH RATHOD,Independent,4013,0.35,Lost
Gujarat,Panchmahal,LAXMANBHAI GALABHAI BARIYA,"Aam Janmat Party,",3205,0.28,Lost
Gujarat,Panchmahal,TASLIM MOHAMMEDRAFIK DURVESH,Independent,3065,0.27,Lost
Gujarat,Panchmahal,PANDOR KAUSHIKKUMAR SHANKARBHAI,Independent,2507,0.22,Lost
Gujarat,Panchmahal,NOTA,None of the Above,20103,1.78,Lost
Gujarat,Patan,DABHI  BHARATSINHJI  SHANKARJI,Bharatiya Janata Party,591947,49.61,Won
Gujarat,Patan,CHANDANJI TALAJI THAKOR,Indian National Congress,560071,46.94,Lost
Gujarat,Patan,BALVANT CHHATRALIYA,Bahujan Samaj Party,5865,0.49,Lost
Gujarat,Patan,SOYAB HASAM BHORANIYA,Independent,5474,0.46,Lost
Gujarat,Patan,THAKOR KISHANBHAI KALUBHAI,Independent,2916,0.24,Lost
Gujarat,Patan,SHARMA RAKESHBHAI,Rashtriya Samaj Paksha,2774,0.23,Lost
Gujarat,Patan,GHAGHA MASIHULLAH ABDULHAMID,Social Democratic Party Of India,2312,0.19,Lost
Gujarat,Patan,CHANDURA DHANJIBHAI LAXAMANBHAI,Independent,2160,0.18,Lost
Gujarat,Patan,ABDULHAQ ISMAIL NEDARIYA,Independent,1524,0.13,Lost
Gujarat,Patan,ABDULKUDDUS,Independent,1360,0.11,Lost
Gujarat,Patan,NOTA,None of the Above,16722,1.4,Lost
Gujarat,Porbandar,DR. MANSUKH MANDAVIYA,Bharatiya Janata Party,633118,68.15,Won
Gujarat,Porbandar,LALIT VASOYA,Indian National Congress,249758,26.89,Lost
Gujarat,Porbandar,N. P. RATHOD,Bahujan Samaj Party,10922,1.18,Lost
Gujarat,Porbandar,NATHABHAI BHURABHAI ODEDRA,Independent,7296,0.79,Lost
Gujarat,Porbandar,LAKHANSI ODEDARA,Viro Ke Vir Indian Party,3163,0.34,Lost
Gujarat,Porbandar,SOLANKI JATIN DHIRUBHAI,Independent,2486,0.27,Lost
Gujarat,Porbandar,SODHA HUSHENBHAI ALIBHAI,Independent,2435,0.26,Lost
Gujarat,Porbandar,RATHOD CHANDUBHAI MOHANBHAI,Independent,1729,0.19,Lost
Gujarat,Porbandar,SHEKHAVA NILESHKUMAR RAMJIBHAI,Samajwadi Party,1609,0.17,Lost
Gujarat,Porbandar,SIDHHAPARA HARSUKHLAL JIVANBHAI,Log Party,1072,0.12,Lost
Gujarat,Porbandar,MAHEMUDBHAI SAIYAD,Independent,1029,0.11,Lost
Gujarat,Porbandar,JETHAVA BIPINKUMAR BHIKHALAL,Independent,797,0.09,Lost
Gujarat,Porbandar,NOTA,None of the Above,13563,1.46,Lost
Gujarat,Rajkot,PARSHOTTAMBHAI RUPALA,Bharatiya Janata Party,857984,67.37,Won
Gujarat,Rajkot,DHANANI PARESH,Indian National Congress,373724,29.35,Lost
Gujarat,Rajkot,CHAMANBHAI NAGJIBHAI SAVSANI,Bahujan Samaj Party,10465,0.82,Lost
Gujarat,Rajkot,AJAGIYA NIRALBHAI AMRUTLAL,Independent,3680,0.29,Lost
Gujarat,Rajkot,BHAVESHBHAI KANTILAL PIPALIYA,Independent,2856,0.22,Lost
Gujarat,Rajkot,BHAVESH UPENDRABHAI ACHARYA,Independent,2840,0.22,Lost
Gujarat,Rajkot,PRAKASH GOVINDBHAI SINDHAV,Independent,2389,0.19,Lost
Gujarat,Rajkot,ZALA NAYAN J.,Independent,2350,0.18,Lost
Gujarat,Rajkot,JIGNESHBHAI MAHAJAN,Independent,1332,0.1,Lost
Gujarat,Rajkot,NOTA,None of the Above,15922,1.25,Lost
Gujarat,Sabarkantha,SHOBHANABEN MAHENDRASINH BARAIYA,Bharatiya Janata Party,677318,53.36,Won
Gujarat,Sabarkantha,CHAUDHARI TUSHAR AMARSINH,Indian National Congress,521636,41.09,Lost
Gujarat,Sabarkantha,PARMAR RAMESHCHANDRA NANJIBHAI,Bahujan Samaj Party,9967,0.79,Lost
Gujarat,Sabarkantha,SOLANKI CHHAGANBHAI KEVLABHAI,Independent,7551,0.59,Lost
Gujarat,Sabarkantha,VIJAYSINH NAVALSINH CHAUHAN,Independent,6721,0.53,Lost
Gujarat,Sabarkantha,BHAVNABA NARENDRASINH PARMAR,Independent,5459,0.43,Lost
Gujarat,Sabarkantha,ANILKUMAR NIRANJANKUMAR MUNDADA,Log Party,5247,0.41,Lost
Gujarat,Sabarkantha,MUSTAKBHAI JAMALBHAI SANGHANI,Independent,3203,0.25,Lost
Gujarat,Sabarkantha,KATARA VARUNKUMAR KALYANSINH,Gunj Satya Ni Janata Party,2773,0.22,Lost
Gujarat,Sabarkantha,RAKESHSINH MAHOBATSINH ZALA,Bhartiya Jan Parishad,1951,0.15,Lost
Gujarat,Sabarkantha,PANDOR KAUSHIKKUMAR SHANKARBHAI,Independent,1827,0.14,Lost
Gujarat,Sabarkantha,ASHOK L VAGHELA,Independent,1688,0.13,Lost
Gujarat,Sabarkantha,KANUBHAI KHIMJIBHAI GADHAVI,Independent,1505,0.12,Lost
Gujarat,Sabarkantha,THAKOR INDIRABEN JITENDRASINH,Insaniyat Party,1436,0.11,Lost
Gujarat,Sabarkantha,NOTA,None of the Above,21076,1.66,Lost
Gujarat,Surat,MUKESHKUMAR CHANDRAKAANT DALAL ( Uncontested ),Bharatiya Janata Party,0,-,Won
Gujarat,Surendranagar,CHANDUBHAI CHHAGANBHAI SHIHORA,Bharatiya Janata Party,669749,59.2,Won
Gujarat,Surendranagar,RUTVIKBHAI LAVJIBHAI MAKWANA,Indian National Congress,408132,36.07,Lost
Gujarat,Surendranagar,DABHI ASHOKBHAI SUKHABHAI,Bahujan Samaj Party,12036,01.06,Lost
Gujarat,Surendranagar,VINODBHAI BABUBHAI SATROTIYA,Independent,5946,0.53,Lost
Gujarat,Surendranagar,KOLI RAMESHBHAI VIRSANGBHAI VAGHELA,Independent,5189,0.46,Lost
Gujarat,Surendranagar,CHAVDA NILESHBHAI MANSUKHBHAI,Rashtra Nirman Party,4129,0.36,Lost
Gujarat,Surendranagar,ZALA DEVRAJBHAI BABUBHAI,Independent,2463,0.22,Lost
Gujarat,Surendranagar,J.K.PATEL,Independent,2367,0.21,Lost
Gujarat,Surendranagar,DEVENDRA MOHANDAS MAHANT,Gunj Satya Ni Janata Party,2051,0.18,Lost
Gujarat,Surendranagar,GEDIYA KRUSHANAVADAN HARIPRASADBHAI,Independent,1459,0.13,Lost
Gujarat,Surendranagar,ANANDBHAI PACHANBHAI RATHOD,Independent,1249,0.11,Lost
Gujarat,Surendranagar,DILIPBHAI PARSHOTTAMBHAI MAKWANA,New India United Party,1257,0.11,Lost
Gujarat,Surendranagar,ASHOK PALAJIBHAI RATHOD,Independent,1091,0.1,Lost
Gujarat,Surendranagar,PATEL MADHUSUDAN BALDEVBHAI,Mission All India Independent Justice Party,960,0.08,Lost
Gujarat,Surendranagar,NOTA,None of the Above,13299,1.18,Lost
Gujarat,Vadodara,DR. HEMANG JOSHI,Bharatiya Janata Party,873189,72.04,Won
Gujarat,Vadodara,PADHIYAR  JASHPALSINH MAHENDRASINH (BAPU),Indian National Congress,291063,24.01,Lost
Gujarat,Vadodara,JADAV AMITKUMAR RAMJIBHAI,Bahujan Samaj Party,7529,0.62,Lost
Gujarat,Vadodara,RAJESH RATHOD,Independent,5469,0.45,Lost
Gujarat,Vadodara,ANILBHAI SHARMA,Hindrashtra Sangh,3453,0.28,Lost
Gujarat,Vadodara,DR. RAHUL VASUDEVBHAI VYAS,Independent,2752,0.23,Lost
Gujarat,Vadodara,PARMAR MAYURSINH ARVINDSINH,Independent,2208,0.18,Lost
Gujarat,Vadodara,NILKANTHKUMAR MANSUKHLAL MISTRI,Independent,1756,0.14,Lost
Gujarat,Vadodara,PARMAR HEMANTKUMAR ARVINDBHAI,Independent,1411,0.12,Lost
Gujarat,Vadodara,TAPAN DASGUPTA,Socialist Unity Centre Of India (COMMUNIST),1275,0.11,Lost
Gujarat,Vadodara,ATUL GAMECHI,Independent,1084,0.09,Lost
Gujarat,Vadodara,PARTHIV VIJAYKUMAR DAVE,Right to Recall Party,1057,0.09,Lost
Gujarat,Vadodara,NILESH JAGANNATH VASAIKAR,Independent,858,0.07,Lost
Gujarat,Vadodara,DOSHI HARDIK BIPINBHAI,Satyawadi Rakshak Party,657,0.05,Lost
Gujarat,Vadodara,NOTA,None of the Above,18388,1.52,Lost
Gujarat,Valsad,DHAVAL LAXMANBHAI  PATEL,Bharatiya Janata Party,764226,56.13,Won
Gujarat,Valsad,ANANTKUMAR HASMUKHBHAI PATEL,Indian National Congress,553522,40.66,Lost
Gujarat,Valsad,MANAKBHAI JATRUBHAI SHANKAR,Bahujan Samaj Party,7499,0.55,Lost
Gujarat,Valsad,RAMANBHAI KARSHANBHAI PATEL,Independent,6745,0.5,Lost
Gujarat,Valsad,JAYANTIBHAI KHANDUBHAI SHALUA,Viro Ke Vir Indian Party,4774,0.35,Lost
Gujarat,Valsad,CHIRAGKUMAR BHARATBHAI  PATEL,Independent,3440,0.25,Lost
Gujarat,Valsad,UMESHBHAI MAGANBHAI PATEL,Bahujan Republican  Socialist Party,2832,0.21,Lost
Gujarat,Valsad,NOTA,None of the Above,18373,1.35,Lost
Haryana,AMBALA,VARUN CHAUDHRY,Indian National Congress,663657,49.28,Won
Haryana,AMBALA,BANTO KATARIA,Bharatiya Janata Party,614621,45.64,Lost
Haryana,AMBALA,PAWAN RANDHAWA,Bahujan Samaj Party,23583,1.75,Lost
Haryana,AMBALA,GURPREET SINGH,Indian National Lok Dal,8986,0.67,Lost
Haryana,AMBALA,KAMAL KUMAR BARARA,Aazad Samaj Party (Kanshi Ram),8754,0.65,Lost
Haryana,AMBALA,KIRAN PUNIA,Jannayak Janta Party,6092,0.45,Lost
Haryana,AMBALA,RAKESH KUMAR,Haryana Jansena Party,3111,0.23,Lost
Haryana,AMBALA,BALJEET SINGH,Bharatheeya Jawan Kisan Party,2502,0.19,Lost
Haryana,AMBALA,MEHAR SINGH CHALIA,Ekam Sanatan Bharat Dal,2397,0.18,Lost
Haryana,AMBALA,GULAB SINGH NARWAL,Peoples Party of India (Democratic),1690,0.13,Lost
Haryana,AMBALA,SURAJ KUMAR,Bahujan Mukti Party,1506,0.11,Lost
Haryana,AMBALA,MOHAR SINGH STATION MASTER (RETD.),Independent,1263,0.09,Lost
Haryana,AMBALA,BETA MAM CHAND RATTUWALA,Bharatiya Yuva Jan Ekta Party,1251,0.09,Lost
Haryana,AMBALA,DR. NITESH CHOPRA (HONEY),Bhartiya Shakti Chetna Party,857,0.06,Lost
Haryana,AMBALA,NOTA,None of the Above,6452,0.48,Lost
Haryana,BHIWANI-MAHENDRAGARH,DHARAMBIR SINGH,Bharatiya Janata Party,588664,49.74,Won
Haryana,BHIWANI-MAHENDRAGARH,RAO DAN SINGH,Indian National Congress,547154,46.24,Lost
Haryana,BHIWANI-MAHENDRAGARH,BAHADUR SINGH,Jannayak Janta Party,15265,1.29,Lost
Haryana,BHIWANI-MAHENDRAGARH,SUNIL KUMAR SHARMA,Bahujan Samaj Party,6336,0.54,Lost
Haryana,BHIWANI-MAHENDRAGARH,SUBHASH,Rashtrawadi Janlok Party (Satya),4695,0.4,Lost
Haryana,BHIWANI-MAHENDRAGARH,HEMANT,Independent,3881,0.33,Lost
Haryana,BHIWANI-MAHENDRAGARH,SEEMA,Independent,2979,0.25,Lost
Haryana,BHIWANI-MAHENDRAGARH,VED PRAKASH,Independent,1900,0.16,Lost
Haryana,BHIWANI-MAHENDRAGARH,ANAND KUMAR,Bharatheeya Jawan Kisan Party,1668,0.14,Lost
Haryana,BHIWANI-MAHENDRAGARH,YOGBIR SINGH,Independent,1478,0.12,Lost
Haryana,BHIWANI-MAHENDRAGARH,VARSHA,Independent,1053,0.09,Lost
Haryana,BHIWANI-MAHENDRAGARH,BALWAN,Peoples Party of India (Democratic),857,0.07,Lost
Haryana,BHIWANI-MAHENDRAGARH,ROHTASH,Socialist Unity Centre Of India (COMMUNIST),640,0.05,Lost
Haryana,BHIWANI-MAHENDRAGARH,JAI SINGH,Independent,451,0.04,Lost
Haryana,BHIWANI-MAHENDRAGARH,BHARAT BHUSHAN,Bhartiya Shakti Chetna Party,443,0.04,Lost
Haryana,BHIWANI-MAHENDRAGARH,ENGINEER MAHAVIR SINGH YADAV,Independent,415,0.04,Lost
Haryana,BHIWANI-MAHENDRAGARH,JAGDISH,Independent,229,0.02,Lost
Haryana,BHIWANI-MAHENDRAGARH,NOTA,None of the Above,5287,0.45,Lost
Haryana,FARIDABAD,KRISHAN PAL,Bharatiya Janata Party,788569,53.6,Won
Haryana,FARIDABAD,MAHENDER PRATAP SINGH,Indian National Congress,615655,41.84,Lost
Haryana,FARIDABAD,KISHAN THAKUR,Bahujan Samaj Party,25206,1.71,Lost
Haryana,FARIDABAD,SUNIL TEWATIA,Indian National Lok Dal,8085,0.55,Lost
Haryana,FARIDABAD,NALIN HOODA,Jannayak Janta Party,5361,0.36,Lost
Haryana,FARIDABAD,SAWATANTAR SINGH CHAUHAN,Jan Shakti Dal,2955,0.2,Lost
Haryana,FARIDABAD,NEERAJ JATAV,Independent,2108,0.14,Lost
Haryana,FARIDABAD,HARI SHANKER RAJVANS,Adim Bhartiya Dal,1584,0.11,Lost
Haryana,FARIDABAD,ATUL,Independent,1458,0.1,Lost
Haryana,FARIDABAD,PANDIT SUMIT KUMAR SHARMA,AARAKSHAN VIRODHI PARTY,1444,0.1,Lost
Haryana,FARIDABAD,BRIJABALA,Peoples Party of India (Democratic),1380,0.09,Lost
Haryana,FARIDABAD,SHYAM SUNDER SINGH,Bhartiya Shakti Chetna Party,1247,0.08,Lost
Haryana,FARIDABAD,MAHESH PRATAP SHARMA,Rashtriya Vikas Party,1240,0.08,Lost
Haryana,FARIDABAD,SATAY DEO YADAV,Buland Bharat Party,955,0.06,Lost
Haryana,FARIDABAD,RANDHEER SINGH ALIAS DHEERU KHATANA,Akhil Bhartiya Kisan Majdoor Party,924,0.06,Lost
Haryana,FARIDABAD,SUNIL KUMAR,Independent,889,0.06,Lost
Haryana,FARIDABAD,BHARAT BHUSHAN KOLI,Rashtra Nirman Party,808,0.05,Lost
Haryana,FARIDABAD,SHIV NARAYAN BABA DUBEY,Kisan Mazdoor Sangharsh Party,771,0.05,Lost
Haryana,FARIDABAD,GYAN CHAND BAINSLA,Samrat Mihir Bhoj Samaj Party,756,0.05,Lost
Haryana,FARIDABAD,RAJESH GAUTAM,Independent,663,0.05,Lost
Haryana,FARIDABAD,SWAMI RAJENDRA DEV JI,Independent,663,0.05,Lost
Haryana,FARIDABAD,GIRRAJ,Independent,614,0.04,Lost
Haryana,FARIDABAD,LEKHRAM DABANG,Independent,615,0.04,Lost
Haryana,FARIDABAD,SHAKILA HUSSAIN,Loktantrik Janshakti Party,551,0.04,Lost
Haryana,FARIDABAD,NOTA,None of the Above,6821,0.46,Lost
Haryana,GURGAON,RAO INDERJIT SINGH,Bharatiya Janata Party,808336,50.48,Won
Haryana,GURGAON,RAJ BABBAR,Indian National Congress,733257,45.79,Lost
Haryana,GURGAON,RAHUL YADAV FAZILPURIA,Jannayak Janta Party,13278,0.83,Lost
Haryana,GURGAON,VIJAY KHATANA,Bahujan Samaj Party,8946,0.56,Lost
Haryana,GURGAON,SORAB KHAN,Indian National Lok Dal,4917,0.31,Lost
Haryana,GURGAON,AJAY KUMAR,Independent,3528,0.22,Lost
Haryana,GURGAON,ASHOK JANGRA,Independent,3005,0.19,Lost
Haryana,GURGAON,AZAD SINGH,Independent,2745,0.17,Lost
Haryana,GURGAON,AKSHAT GAIT,Independent,2550,0.16,Lost
Haryana,GURGAON,LAL CHAND YADAV,Bharatheeya Jawan Kisan Party,2222,0.14,Lost
Haryana,GURGAON,SAMAY SINGH,Independent,1887,0.12,Lost
Haryana,GURGAON,DHARMENDER THAKRAN,Swayam Shashan Party,1408,0.09,Lost
Haryana,GURGAON,VIJAY YADAV,Jan Sewak Kranti Party,1120,0.07,Lost
Haryana,GURGAON,ISHWAR SINGH SUTHANI,Peoples Party of India (Democratic),1114,0.07,Lost
Haryana,GURGAON,COMRADE SARWAN KUMAR GUPTA,Socialist Unity Centre Of India (COMMUNIST),1074,0.07,Lost
Haryana,GURGAON,VANDNA GULIYA,Right to Recall Party,1000,0.06,Lost
Haryana,GURGAON,SAMPOORN ANAND,Rashtriya Lokswaraj Party,915,0.06,Lost
Haryana,GURGAON,KUSHESHWAR  BHAGAT,Independent,794,0.05,Lost
Haryana,GURGAON,SINGH RAM,Independent,791,0.05,Lost
Haryana,GURGAON,ANWAR,Social Democratic Party Of India,578,0.04,Lost
Haryana,GURGAON,FAUJI JAI KAWAR TYAGI (DIXIT),Independent,474,0.03,Lost
Haryana,GURGAON,AKASH VYAS,Bhartiya Shakti Chetna Party,439,0.03,Lost
Haryana,GURGAON,VISHNU,Independent,437,0.03,Lost
Haryana,GURGAON,NOTA,None of the Above,6417,0.4,Lost
Haryana,HISAR,JAI PARKASH (J P) S/O HARIKESH,Indian National Congress,570424,48.58,Won
Haryana,HISAR,RANJIT SINGH,Bharatiya Janata Party,507043,43.19,Lost
Haryana,HISAR,DESH RAJ,Bahujan Samaj Party,26015,2.22,Lost
Haryana,HISAR,SUNAINA CHAUTALA,Indian National Lok Dal,22303,1.9,Lost
Haryana,HISAR,NAINA SINGH CHAUTALA,Jannayak Janta Party,22032,1.88,Lost
Haryana,HISAR,PARDEEP DAHIYA,Independent,3608,0.31,Lost
Haryana,HISAR,JAI PRAKASH (J.P.) S/O UMA DUTT,Independent,3273,0.28,Lost
Haryana,HISAR,JILE SINGH,Independent,3196,0.27,Lost
Haryana,HISAR,POONAM MOR,Independent,1241,0.11,Lost
Haryana,HISAR,ISHWAR JHAJHRIA,Independent,1122,0.1,Lost
Haryana,HISAR,ATMA RAM BISHNOI,Independent,1097,0.09,Lost
Haryana,HISAR,KULBIR,Independent,1041,0.09,Lost
Haryana,HISAR,CHANDER MOHAN,Independent,998,0.09,Lost
Haryana,HISAR,ADVOCATE PARDEEP SIHMAR,Peoples Party of India (Democratic),876,0.07,Lost
Haryana,HISAR,AJIT SINGH,Independent,796,0.07,Lost
Haryana,HISAR,DEV GIRI,Rashtriya Lokswaraj Party,726,0.06,Lost
Haryana,HISAR,DINESH KUMAR,Independent,703,0.06,Lost
Haryana,HISAR,MASTER VIJENDER JITPURA,Socialist Unity Centre Of India (COMMUNIST),657,0.06,Lost
Haryana,HISAR,RAJENDER KUMAR,Independent,486,0.04,Lost
Haryana,HISAR,NEERAJ KUMAR “CHHATTAR”,Bharatiya Asha Party,423,0.04,Lost
Haryana,HISAR,MANDEEP,Independent,405,0.03,Lost
Haryana,HISAR,JAGAT SINGH,Vikas India Party,382,0.03,Lost
Haryana,HISAR,PARJAPATI RAKESH DHUWARIA,Independent,374,0.03,Lost
Haryana,HISAR,RANDHIR SINGH,Independent,353,0.03,Lost
Haryana,HISAR,SURENDER KUMAR,Independent,326,0.03,Lost
Haryana,HISAR,SURENDER,Independent,308,0.03,Lost
Haryana,HISAR,VIJAY SINGH,Independent,272,0.02,Lost
Haryana,HISAR,YOGESH BOORA,Independent,269,0.02,Lost
Haryana,HISAR,NOTA,None of the Above,3366,0.29,Lost
Haryana,KARNAL,MANOHAR LAL,Bharatiya Janata Party,739285,54.93,Won
Haryana,KARNAL,DIVYANSHU BUDHIRAJA,Indian National Congress,506708,37.65,Lost
Haryana,KARNAL,INDER SINGH,Bahujan Samaj Party,32508,2.42,Lost
Haryana,KARNAL,MARATHA VIRENDER VERMA,Nationalist Congress Party – Sharadchandra Pawar,29151,2.17,Lost
Haryana,KARNAL,DEVENDER KADIAN,Jannayak Janta Party,11467,0.85,Lost
Haryana,KARNAL,MANOJ BANSAL,Independent,4004,0.3,Lost
Haryana,KARNAL,GULSHAN KASHYAP,Independent,2994,0.22,Lost
Haryana,KARNAL,ASHOK KATARIA,Samst Samaj Party,2904,0.22,Lost
Haryana,KARNAL,HARJEET SINGH VIRK,Shiromani Akali Dal (Amritsar)(Simranjit Singh Mann),1866,0.14,Lost
Haryana,KARNAL,SONIA,Independent,1851,0.14,Lost
Haryana,KARNAL,MANISH,Independent,1587,0.12,Lost
Haryana,KARNAL,LEENA KOHLI,Independent,1292,0.1,Lost
Haryana,KARNAL,NITIN GEHLOT,Peoples Party of India (Democratic),1253,0.09,Lost
Haryana,KARNAL,BALWAN SINGH,Independent,1188,0.09,Lost
Haryana,KARNAL,VINEET CHOUDHARY,Bharatiya Asha Party,1020,0.08,Lost
Haryana,KARNAL,ROOP SINGH,Rashtriya Garib Dal,769,0.06,Lost
Haryana,KARNAL,SAWAMI AGNIVESH,Independent,752,0.06,Lost
Haryana,KARNAL,AZAD SINGH PUNIA,Independent,705,0.05,Lost
Haryana,KARNAL,ASHOK KUMAR,Independent,633,0.05,Lost
Haryana,KARNAL,NOTA,None of the Above,3955,0.29,Lost
Haryana,KURUKSHETRA,NAVEEN JINDAL,Bharatiya Janata Party,542175,44.96,Won
Haryana,KURUKSHETRA,DR SUSHIL GUPTA,Aam Aadmi Party,513154,42.55,Lost
Haryana,KURUKSHETRA,ABHAY SINGH CHAUTALA,Indian National Lok Dal,78708,6.53,Lost
Haryana,KURUKSHETRA,DEEPAK MEHRA,Bahujan Samaj Party,20944,1.74,Lost
Haryana,KURUKSHETRA,JAI KUMAR  SAINI HAMIDPUR,Independent,8093,0.67,Lost
Haryana,KURUKSHETRA,PALA RAM SAINI,Jannayak Janta Party,6182,0.51,Lost
Haryana,KURUKSHETRA,SATBIR KASHYAP,Rashtriya Janshakti Party(Eklavya),3263,0.27,Lost
Haryana,KURUKSHETRA,KHAZAN SINGH SEHGAL,Shiromani Akali Dal (Amritsar)(Simranjit Singh Mann),2859,0.24,Lost
Haryana,KURUKSHETRA,MAHAVIR SINGH,Ekam Sanatan Bharat Dal,2783,0.23,Lost
Haryana,KURUKSHETRA,INDERJEET KAMBOJ,Peoples Party of India (Democratic),2113,0.18,Lost
Haryana,KURUKSHETRA,PANDIT ANIL UPADHYAY,Independent,2056,0.17,Lost
Haryana,KURUKSHETRA,ADV ASHWINI SHARMA HRITTWAL,Independent,2029,0.17,Lost
Haryana,KURUKSHETRA,COMRADE OM PARKASH SHASTRI,Socialist Unity Centre Of India (COMMUNIST),1812,0.15,Lost
Haryana,KURUKSHETRA,SURENDER SINGH,Independent,1599,0.13,Lost
Haryana,KURUKSHETRA,AMIT MALIK,Independent,1506,0.12,Lost
Haryana,KURUKSHETRA,PATASHO DEVI EX-SARPANCH,Independent,1379,0.11,Lost
Haryana,KURUKSHETRA,DR MAHESH CHAND GAUR,Independent,1340,0.11,Lost
Haryana,KURUKSHETRA,JAI PARKASH SHARMA,Independent,1154,0.1,Lost
Haryana,KURUKSHETRA,VARUN GUPTA,Independent,1134,0.09,Lost
Haryana,KURUKSHETRA,SATNAM BHAZIGAR,Loktantrik Lok Rajyam Party,1066,0.09,Lost
Haryana,KURUKSHETRA,NARESH KUMAR,Samata Party,1032,0.09,Lost
Haryana,KURUKSHETRA,SATISH DHULL,Bharatiya Asha Party,997,0.08,Lost
Haryana,KURUKSHETRA,ADVOCATE PARDEEP SAINI,Rashtriya Garib Dal,960,0.08,Lost
Haryana,KURUKSHETRA,SEWA SINGH,Independent,718,0.06,Lost
Haryana,KURUKSHETRA,ER VISHAL KUMAR,Independent,715,0.06,Lost
Haryana,KURUKSHETRA,COMRADE RAMESH KHATKAR,Independent,717,0.06,Lost
Haryana,KURUKSHETRA,OM PARKASH INDAL,Global Republican Party,678,0.06,Lost
Haryana,KURUKSHETRA,PHOOL SINGH,Independent,626,0.05,Lost
Haryana,KURUKSHETRA,SUNNY KASHYAP TEORA,Independent,576,0.05,Lost
Haryana,KURUKSHETRA,RAMDIYA,Independent,556,0.05,Lost
Haryana,KURUKSHETRA,MANGAT RAM,Independent,509,0.04,Lost
Haryana,KURUKSHETRA,NOTA,None of the Above,2439,0.2,Lost
Haryana,ROHTAK,DEEPENDER SINGH HOODA,Indian National Congress,783578,62.76,Won
Haryana,ROHTAK,DR. ARVIND KUMAR SHARMA,Bharatiya Janata Party,438280,35.11,Lost
Haryana,ROHTAK,RAVINDER,Jannayak Janta Party,6250,0.5,Lost
Haryana,ROHTAK,RAKESH SINGH,Rashtrawadi Janlok Party (Satya),2714,0.22,Lost
Haryana,ROHTAK,BISHAMBAR KUMAR,Independent,2394,0.19,Lost
Haryana,ROHTAK,KALAWATI,Independent,2150,0.17,Lost
Haryana,ROHTAK,PARVEEN KUMAR,Independent,1928,0.15,Lost
Haryana,ROHTAK,UDEVIR,Independent,1532,0.12,Lost
Haryana,ROHTAK,VINOD KUMAR,Peoples Party of India (Democratic),809,0.06,Lost
Haryana,ROHTAK,ASHOK KUMAR,Independent,629,0.05,Lost
Haryana,ROHTAK,VISHESH BAMEL,Bharatiya Asha Party,618,0.05,Lost
Haryana,ROHTAK,JAIKARAN MANDAUTHI,Socialist Unity Centre Of India (COMMUNIST),607,0.05,Lost
Haryana,ROHTAK,JAGBIR SINGH,Bharatheeya Jawan Kisan Party,593,0.05,Lost
Haryana,ROHTAK,SATISH KUMAR,Independent,524,0.04,Lost
Haryana,ROHTAK,SURENDER,Aam Aadmi Parivartan Party,470,0.04,Lost
Haryana,ROHTAK,MANISHA,Independent,431,0.03,Lost
Haryana,ROHTAK,ARVIND KUMAR SHARMA,Independent,367,0.03,Lost
Haryana,ROHTAK,SATISH KUMAR,Ekam Sanatan Bharat Dal,363,0.03,Lost
Haryana,ROHTAK,ARVIND,Independent,330,0.03,Lost
Haryana,ROHTAK,ADVOCATE ADITYA DHANKHAR,Super Power India Party,287,0.02,Lost
Haryana,ROHTAK,MASTER RANDHIR SINGH,Independent,269,0.02,Lost
Haryana,ROHTAK,MANJEET,Independent,269,0.02,Lost
Haryana,ROHTAK,SANJAY,Independent,212,0.02,Lost
Haryana,ROHTAK,YOGESH SHARMA,Independent,190,0.02,Lost
Haryana,ROHTAK,VINAY,Independent,159,0.01,Lost
Haryana,ROHTAK,LALIT KUMAR,Independent,131,0.01,Lost
Haryana,ROHTAK,NOTA,None of the Above,2362,0.19,Lost
Haryana,SIRSA,SELJA,Indian National Congress,733823,54.17,Won
Haryana,SIRSA,ASHOK TANWAR,Bharatiya Janata Party,465326,34.35,Lost
Haryana,SIRSA,SANDEEP LOT VALMIKI,Indian National Lok Dal,92453,6.82,Lost
Haryana,SIRSA,RAMESH KHATAK,Jannayak Janta Party,20080,1.48,Lost
Haryana,SIRSA,LILU RAM ASAKHERA,Bahujan Samaj Party,10151,0.75,Lost
Haryana,SIRSA,RAHUL CHOUHAN,Independent,6160,0.45,Lost
Haryana,SIRSA,KARNAIL SINGH ODHAN,Independent,4166,0.31,Lost
Haryana,SIRSA,SATPAL LADWAL,Independent,3413,0.25,Lost
Haryana,SIRSA,MISTRI DAULAT RAM ROLAN,Peoples Party of India (Democratic),3061,0.23,Lost
Haryana,SIRSA,JOGINDER RAM,Independent,2142,0.16,Lost
Haryana,SIRSA,RAN SINGH PANWAR,Independent,1550,0.11,Lost
Haryana,SIRSA,RAJINDER KUMAR,Bharatiya Asha Party,1242,0.09,Lost
Haryana,SIRSA,BAGDAWAT RAM,Independent,1224,0.09,Lost
Haryana,SIRSA,JASVIR SINGH,Independent,1136,0.08,Lost
Haryana,SIRSA,NAVEEN KUMAR COMMANDO,Independent,1116,0.08,Lost
Haryana,SIRSA,SUKHDEV SINGH SANDHU,Independent,999,0.07,Lost
Haryana,SIRSA,DR. RAJESH MEHANDIA,Bahujan Republican  Socialist Party,931,0.07,Lost
Haryana,SIRSA,DHARAMPAL VARTIA,Loktantrik Lok Rajyam Party,919,0.07,Lost
Haryana,SIRSA,SURENDER KUMAR PHULAN,Independent,617,0.05,Lost
Haryana,SIRSA,NOTA,None of the Above,4123,0.3,Lost
Haryana,SONIPAT,SATPAL BRAHAMCHARI,Indian National Congress,548682,48.82,Won
Haryana,SONIPAT,MOHAN LAL BADOLI,Bharatiya Janata Party,526866,46.88,Lost
Haryana,SONIPAT,UMESH KUMAR,Bahujan Samaj Party,12822,1.14,Lost
Haryana,SONIPAT,ANOOP SINGH,Indian National Lok Dal,11523,01.03,Lost
Haryana,SONIPAT,BHUPENDER SINGH MALIK,Jannayak Janta Party,7820,0.7,Lost
Haryana,SONIPAT,SANT DHARAMVEER CHOTIVALA,Independent,2154,0.19,Lost
Haryana,SONIPAT,RAMESH,Independent,1651,0.15,Lost
Haryana,SONIPAT,NARESH KASHYAP,Aam Aadmi Parivartan Party,1658,0.15,Lost
Haryana,SONIPAT,SATPAL,Independent,1217,0.11,Lost
Haryana,SONIPAT,GAUBHAGAT SUMIT LATHER,Independent,882,0.08,Lost
Haryana,SONIPAT,DR. KAMLESH KUMAR SAINI,Independent,866,0.08,Lost
Haryana,SONIPAT,ROHTASH,Independent,777,0.07,Lost
Haryana,SONIPAT,BALBIR SINGH,Socialist Unity Centre Of India (COMMUNIST),768,0.07,Lost
Haryana,SONIPAT,ASHWANI,Independent,695,0.06,Lost
Haryana,SONIPAT,SANJAY DASS,Independent,572,0.05,Lost
Haryana,SONIPAT,JAGBEER,Independent,524,0.05,Lost
Haryana,SONIPAT,SUNIL KUMAR,Rashtriya Garib Dal,467,0.04,Lost
Haryana,SONIPAT,RADHEY SHYAM,Peoples Party of India (Democratic),441,0.04,Lost
Haryana,SONIPAT,RAKESH,Samata Party,410,0.04,Lost
Haryana,SONIPAT,NIRMAL SINGH,Independent,318,0.03,Lost
Haryana,SONIPAT,SURENDER SINGH,Independent,296,0.03,Lost
Haryana,SONIPAT,RAKESH DHARIWAL,Rashtriya Jatigat Aarakshan Virodhi Party,215,0.02,Lost
Haryana,SONIPAT,NOTA,None of the Above,2320,0.21,Lost
Himachal Pradesh,HAMIRPUR,ANURAG SINGH THAKUR,Bharatiya Janata Party,607068,57.97,Won
Himachal Pradesh,HAMIRPUR,SATPAL RAIZADA,Indian National Congress,424711,40.55,Lost
Himachal Pradesh,HAMIRPUR,HEM RAJ,Bahujan Samaj Party,2758,0.26,Lost
Himachal Pradesh,HAMIRPUR,JAGDEEP KUMAR,Rashtriya Devbhumi Party,1764,0.17,Lost
Himachal Pradesh,HAMIRPUR,SURENDER KUMAR GAUTAM,Independent,1410,0.13,Lost
Himachal Pradesh,HAMIRPUR,SUBEDAR MAJOR KULWANT SINGH PATIAL,Bharatheeya Jawan Kisan Party,1239,0.12,Lost
Himachal Pradesh,HAMIRPUR,NAND LAL,Independent,1019,0.1,Lost
Himachal Pradesh,HAMIRPUR,SUMIT RANA,Akhil Bhartiya Parivar Party,675,0.06,Lost
Himachal Pradesh,HAMIRPUR,RAMESH CHAND SARTHI,Independent,560,0.05,Lost
Himachal Pradesh,HAMIRPUR,ARUN ANKESH SYAL,Ekam Sanatan Bharat Dal,433,0.04,Lost
Himachal Pradesh,HAMIRPUR,GARIB DASS KATOCH,Independent,246,0.02,Lost
Himachal Pradesh,HAMIRPUR,GOPI CHAND ATTARI,Independent,202,0.02,Lost
Himachal Pradesh,HAMIRPUR,NOTA,None of the Above,5178,0.49,Lost
Himachal Pradesh,KANGRA,DR RAJEEV BHARDWAJ,Bharatiya Janata Party,632793,61.03,Won
Himachal Pradesh,KANGRA,ANAND SHARMA,Indian National Congress,380898,36.74,Lost
Himachal Pradesh,KANGRA,REKHA CHAUDHARY,Bahujan Samaj Party,7753,0.75,Lost
Himachal Pradesh,KANGRA,ADVOCATE SANJAY SHARMA,Independent,2319,0.22,Lost
Himachal Pradesh,KANGRA,DR KEHAR SINGH,Independent,2178,0.21,Lost
Himachal Pradesh,KANGRA,JEEVAN KUMAR,Akhil Bhartiya Parivar Party,1476,0.14,Lost
Himachal Pradesh,KANGRA,NARAIN SINGH DOGRA,Himachal Janta Party,1171,0.11,Lost
Himachal Pradesh,KANGRA,BHUVNESH KUMAR,Rashtriya Devbhumi Party,756,0.07,Lost
Himachal Pradesh,KANGRA,DEV RAJ BHARDWAJ,Rashtriya Samaj Dal (R),607,0.06,Lost
Himachal Pradesh,KANGRA,ACHAL SINGH,Independent,545,0.05,Lost
Himachal Pradesh,KANGRA,NOTA,None of the Above,6372,0.61,Lost
Himachal Pradesh,MANDI,KANGNA RANAUT,Bharatiya Janata Party,537022,52.87,Won
Himachal Pradesh,MANDI,VIKRAMADITYA SINGH,Indian National Congress,462267,45.51,Lost
Himachal Pradesh,MANDI,DR. PRAKASH CHAND BHARDWAJ,Bahujan Samaj Party,4393,0.43,Lost
Himachal Pradesh,MANDI,NARENDER KUMAR,Rashtriya Devbhumi Party,2447,0.24,Lost
Himachal Pradesh,MANDI,RAKHEE GUPTA,Independent,1051,0.1,Lost
Himachal Pradesh,MANDI,SUBHASH MOHAN SNEHI,Independent,974,0.1,Lost
Himachal Pradesh,MANDI,VINAY KUMAR,Akhil Bhartiya Parivar Party,690,0.07,Lost
Himachal Pradesh,MANDI,MAHESH  SAINI,Himachal Janta Party,654,0.06,Lost
Himachal Pradesh,MANDI,DINESH KUMAR BHATI,Independent,381,0.04,Lost
Himachal Pradesh,MANDI,ASHUTOSH MAHANT,Independent,286,0.03,Lost
Himachal Pradesh,MANDI,NOTA,None of the Above,5645,0.56,Lost
Himachal Pradesh,SHIMLA,Suresh Kumar Kashyap,Bharatiya Janata Party,519748,53.58,Won
Himachal Pradesh,SHIMLA,Vinod Sultanpuri,Indian National Congress,428297,44.16,Lost
Himachal Pradesh,SHIMLA,Anil Kumar Manget,Bahujan Samaj Party,6500,0.67,Lost
Himachal Pradesh,SHIMLA,Suresh Kumar,Rashtriya Devbhumi Party,4814,0.5,Lost
Himachal Pradesh,SHIMLA,Madan Lal,Akhil Bhartiya Parivar Party,4676,0.48,Lost
Himachal Pradesh,SHIMLA,NOTA,None of the Above,5930,0.61,Lost
Jammu and Kashmir,ANANTNAG-RAJOURI,MIAN ALTAF AHMAD,Jammu & Kashmir National Conference,521836,50.85,Won
Jammu and Kashmir,ANANTNAG-RAJOURI,MEHBOOBA MUFTI,Jammu & Kashmir Peoples Democratic Party,240042,23.39,Lost
Jammu and Kashmir,ANANTNAG-RAJOURI,ZAFAR IQBAL KHAN MANHAS,Jammu and Kashmir Apni Party,142195,13.86,Lost
Jammu and Kashmir,ANANTNAG-RAJOURI,MOHAMAD SALEEM PARAY,Democratic Progressive Azad Party,25561,2.49,Lost
Jammu and Kashmir,ANANTNAG-RAJOURI,ABDUL RAOUF MALIK,Independent,10582,01.03,Lost
Jammu and Kashmir,ANANTNAG-RAJOURI,SUSHIL KUMAR SHARMA,Independent,9228,0.9,Lost
Jammu and Kashmir,ANANTNAG-RAJOURI,ABDUL ROUF NAIK,Independent,9149,0.89,Lost
Jammu and Kashmir,ANANTNAG-RAJOURI,SAJAD AHMAD DAR,Independent,8004,0.78,Lost
Jammu and Kashmir,ANANTNAG-RAJOURI,IMRAN SHEIKH,Independent,7485,0.73,Lost
Jammu and Kashmir,ANANTNAG-RAJOURI,IMTIYAZ AHMAD,National Loktantrik Party,7013,0.68,Lost
Jammu and Kashmir,ANANTNAG-RAJOURI,ARSHEED AHMED LONE,Jammu & Kashmir National Panthers Party (Bhim),6389,0.62,Lost
Jammu and Kashmir,ANANTNAG-RAJOURI,BALDEV KUMAR,Independent,6189,0.6,Lost
Jammu and Kashmir,ANANTNAG-RAJOURI,ALI MOHAMMAD WANI,Independent,5255,0.51,Lost
Jammu and Kashmir,ANANTNAG-RAJOURI,SHEIKH MUZAFAR AHMED,Jammu and Kashmir Nationalist People's Front,4814,0.47,Lost
Jammu and Kashmir,ANANTNAG-RAJOURI,DILIP KUMAR PANDITA,Independent,3722,0.36,Lost
Jammu and Kashmir,ANANTNAG-RAJOURI,RAVINDER SINGH,Independent,2962,0.29,Lost
Jammu and Kashmir,ANANTNAG-RAJOURI,GULSHAN AKHTER,Independent,2807,0.27,Lost
Jammu and Kashmir,ANANTNAG-RAJOURI,MOHAMMAD MAQBOOL TELI,Garib Democratic Party,2748,0.27,Lost
Jammu and Kashmir,ANANTNAG-RAJOURI,SUDARSHAN SINGH,National Awami United Party,2382,0.23,Lost
Jammu and Kashmir,ANANTNAG-RAJOURI,JAVAID AHMED,All India Forward Bloc,1562,0.15,Lost
Jammu and Kashmir,ANANTNAG-RAJOURI,NOTA,None of the Above,6223,0.61,Lost
Jammu and Kashmir,BARAMULLA,ABDUL RASHID SHEIKH,Independent,472481,45.7,Won
Jammu and Kashmir,BARAMULLA,OMAR ABDULLAH,Jammu & Kashmir National Conference,268339,25.95,Lost
Jammu and Kashmir,BARAMULLA,SAJAD GANI LONE,Jammu & Kashmir People Conference,173239,16.76,Lost
Jammu and Kashmir,BARAMULLA,MIR MOHAMMAD FAYAZ,Jammu & Kashmir Peoples Democratic Party,27488,2.66,Lost
Jammu and Kashmir,BARAMULLA,SURAIYA NISSAR,Independent,21618,02.09,Lost
Jammu and Kashmir,BARAMULLA,FIRDOUS AHMAD BHAT,Independent,15722,1.52,Lost
Jammu and Kashmir,BARAMULLA,SHAFEEQA BEGUM,Independent,6214,0.6,Lost
Jammu and Kashmir,BARAMULLA,PEERZADA MUDASIR RASHID SHAH,Jammu & Kashmir National Panthers Party (Bhim),5566,0.54,Lost
Jammu and Kashmir,BARAMULLA,KHURSHEED AHMAD SHAH,Rashtriya Jankranti Party,4268,0.41,Lost
Jammu and Kashmir,BARAMULLA,MOHAMMAD SULTAN GANAIE,Independent,4063,0.39,Lost
Jammu and Kashmir,BARAMULLA,SHADIB HANIEF KHAN,Independent,3670,0.35,Lost
Jammu and Kashmir,BARAMULLA,MUDASIR AHMAD TANTARY,Independent,3218,0.31,Lost
Jammu and Kashmir,BARAMULLA,NAZIR AHMAD SOFI,Independent,2983,0.29,Lost
Jammu and Kashmir,BARAMULLA,SHABIR AHMAD DAR,Independent,2700,0.26,Lost
Jammu and Kashmir,BARAMULLA,HILAL AHMAD WAGAY,Independent,2689,0.26,Lost
Jammu and Kashmir,BARAMULLA,MEHRAJ UDDIN NAJAR,Independent,2570,0.25,Lost
Jammu and Kashmir,BARAMULLA,SYED AMEER SUHAIL,Independent,2417,0.23,Lost
Jammu and Kashmir,BARAMULLA,FAROOQ AHMAD BHAT,National Youth Party,2343,0.23,Lost
Jammu and Kashmir,BARAMULLA,ARUN KUMAR RAINA,Independent,2241,0.22,Lost
Jammu and Kashmir,BARAMULLA,MUNIR AHMAD KHAN,Jammu and Kashmir Nationalist People's Front,2019,0.2,Lost
Jammu and Kashmir,BARAMULLA,MUZAFFAR HUSSAIN DAR,Independent,1671,0.16,Lost
Jammu and Kashmir,BARAMULLA,MUSHTAQ AHMAD MIR,National Loktantrik Party,1397,0.14,Lost
Jammu and Kashmir,BARAMULLA,NOTA,None of the Above,4984,0.48,Lost
Jammu and Kashmir,JAMMU,JUGAL KISHORE,Bharatiya Janata Party,687588,52.8,Won
Jammu and Kashmir,JAMMU,RAMAN BHALLA,Indian National Congress,552090,42.4,Lost
Jammu and Kashmir,JAMMU,JAGDISH RAJ,Bahujan Samaj Party,10300,0.79,Lost
Jammu and Kashmir,JAMMU,SATISH POONCHI,Independent,5959,0.46,Lost
Jammu and Kashmir,JAMMU,ANKUR SHARMA,Ekam Sanatan Bharat Dal,4278,0.33,Lost
Jammu and Kashmir,JAMMU,NARESH KUMAR CHIB,Jammu & Kashmir National Panthers Party (Bhim),4243,0.33,Lost
Jammu and Kashmir,JAMMU,PRINCIPAL C D SHARMA,Independent,3257,0.25,Lost
Jammu and Kashmir,JAMMU,KARANJIT,Independent,3207,0.25,Lost
Jammu and Kashmir,JAMMU,SHABER AHMED,Independent,3177,0.24,Lost
Jammu and Kashmir,JAMMU,SHIKHA BANDRAL,National Awami United Party,2937,0.23,Lost
Jammu and Kashmir,JAMMU,DR PRINCE RAINA,Independent,2866,0.22,Lost
Jammu and Kashmir,JAMMU,RAJ KUMAR,Independent,2618,0.2,Lost
Jammu and Kashmir,JAMMU,SURINDER SINGH,Independent,2226,0.17,Lost
Jammu and Kashmir,JAMMU,ATUL RAINA,Independent,2068,0.16,Lost
Jammu and Kashmir,JAMMU,RATTAN LAL,Jammu & Kashmir People Conference,1651,0.13,Lost
Jammu and Kashmir,JAMMU,SWAMI DIVYA NAND,Jammu and Kashmir Nationalist People's Front,1620,0.12,Lost
Jammu and Kashmir,JAMMU,PERSEEN SINGH,Independent,1589,0.12,Lost
Jammu and Kashmir,JAMMU,NARESH KUMAR TALLA,Independent,1459,0.11,Lost
Jammu and Kashmir,JAMMU,GANESH CHOUDHARY,Hindustan Shakti Sena,1190,0.09,Lost
Jammu and Kashmir,JAMMU,VICKY KUMAR DOGRA,Independent,1165,0.09,Lost
Jammu and Kashmir,JAMMU,BANSI LAL,Independent,1059,0.08,Lost
Jammu and Kashmir,JAMMU,QARI ZAHEER ABBAS BHATTI,All India Forward Bloc,984,0.08,Lost
Jammu and Kashmir,JAMMU,NOTA,None of the Above,4645,0.36,Lost
Jammu and Kashmir,SRINAGAR,AGA SYED RUHULLAH MEHDI,Jammu & Kashmir National Conference,356866,52.85,Won
Jammu and Kashmir,SRINAGAR,WAHEED UR REHMAN PARA,Jammu & Kashmir Peoples Democratic Party,168450,24.95,Lost
Jammu and Kashmir,SRINAGAR,MOHAMMAD ASHRAF MIR,Jammu and Kashmir Apni Party,65954,9.77,Lost
Jammu and Kashmir,SRINAGAR,AMIR AHMAD BHAT,Democratic Progressive Azad Party,15104,2.24,Lost
Jammu and Kashmir,SRINAGAR,SHEEBAN ASHAI,Independent,13071,1.94,Lost
Jammu and Kashmir,SRINAGAR,SAYIM MUSTAFA,Independent,8880,1.32,Lost
Jammu and Kashmir,SRINAGAR,JIBRAN FIRDOUS DAR,Independent,5498,0.81,Lost
Jammu and Kashmir,SRINAGAR,JAHANGIR AHMAD SHEIKH,Independent,4422,0.65,Lost
Jammu and Kashmir,SRINAGAR,SAJAD AHMAD DAR,Independent,3764,0.56,Lost
Jammu and Kashmir,SRINAGAR,HAKIKAT SINGH,Jammu & Kashmir National Panthers Party (Bhim),3778,0.56,Lost
Jammu and Kashmir,SRINAGAR,RUBINA AKHTER,National Loktantrik Party,2876,0.43,Lost
Jammu and Kashmir,SRINAGAR,WASEEM HASSAN SHEIKH,Independent,2855,0.42,Lost
Jammu and Kashmir,SRINAGAR,RIYAZ AHMAD BHAT,Independent,2792,0.41,Lost
Jammu and Kashmir,SRINAGAR,FAYAZ AHMAD BUTT,Independent,2227,0.33,Lost
Jammu and Kashmir,SRINAGAR,SHAHNAZ HUSSAIN SHAH,Independent,2203,0.33,Lost
Jammu and Kashmir,SRINAGAR,MOHD YOUSUF BHAT,Gana Suraksha Party,1898,0.28,Lost
Jammu and Kashmir,SRINAGAR,WAHEEDA TABASUM SHAH,Independent,1606,0.24,Lost
Jammu and Kashmir,SRINAGAR,NISAR AHMAD AHANGAR,Independent,1124,0.17,Lost
Jammu and Kashmir,SRINAGAR,MIRZA SAJAD HUSSAIN BEIGH,Independent,1064,0.16,Lost
Jammu and Kashmir,SRINAGAR,GHULAM MOHAMMAD WANI,Independent,1040,0.15,Lost
Jammu and Kashmir,SRINAGAR,AMIN DAR,Independent,996,0.15,Lost
Jammu and Kashmir,SRINAGAR,JAVEED AHMAD WANI,Independent,932,0.14,Lost
Jammu and Kashmir,SRINAGAR,YOUNIS AHMAD MIR,Bharat Jodo Party,925,0.14,Lost
Jammu and Kashmir,SRINAGAR,DR QAZI ASHRAF,Independent,919,0.14,Lost
Jammu and Kashmir,SRINAGAR,NOTA,None of the Above,5998,0.89,Lost
Jammu and Kashmir,UDHAMPUR,DR JITENDRA SINGH,Bharatiya Janata Party,571076,51.28,Won
Jammu and Kashmir,UDHAMPUR,CH LAL SINGH,Indian National Congress,446703,40.11,Lost
Jammu and Kashmir,UDHAMPUR,GHULAM MOHD SAROORI,Independent,39599,3.56,Lost
Jammu and Kashmir,UDHAMPUR,MEHRAJ DIN,Independent,9082,0.82,Lost
Jammu and Kashmir,UDHAMPUR,AMIT KUMAR,Bahujan Samaj Party,8642,0.78,Lost
Jammu and Kashmir,UDHAMPUR,MOHD ALI GUJJAR,Independent,7158,0.64,Lost
Jammu and Kashmir,UDHAMPUR,MANOJ KUMAR,Ekam Sanatan Bharat Dal,6834,0.61,Lost
Jammu and Kashmir,UDHAMPUR,BALWAN SINGH,Jammu & Kashmir National Panthers Party (Bhim),3292,0.3,Lost
Jammu and Kashmir,UDHAMPUR,SWARN VEER SINGH JARAL,Independent,3088,0.28,Lost
Jammu and Kashmir,UDHAMPUR,DR PANKAJ SHARMA,Independent,2247,0.2,Lost
Jammu and Kashmir,UDHAMPUR,RAJESH MANCHANDA,Independent,1605,0.14,Lost
Jammu and Kashmir,UDHAMPUR,SACHIN GUPTA,Independent,1463,0.13,Lost
Jammu and Kashmir,UDHAMPUR,NOTA,None of the Above,12938,1.16,Lost
Jharkhand,Chatra,KALI CHARAN SINGH,Bharatiya Janata Party,574556,52.89,Won
Jharkhand,Chatra,KRISHNA NAND TRIPATHI,Indian National Congress,353597,32.55,Lost
Jharkhand,Chatra,AMIT KUMAR SINGH,Independent,31991,2.94,Lost
Jharkhand,Chatra,ARJUN KUMAR,Communist Party of India,14122,1.3,Lost
Jharkhand,Chatra,DR. ABHISHEK KUMAR SINGH,Independent,14106,1.3,Lost
Jharkhand,Chatra,ARJUN PRAJAPATI,Independent,13328,1.23,Lost
Jharkhand,Chatra,DEEPAK KUMAR GUPTA,Independent,12566,1.16,Lost
Jharkhand,Chatra,NAGMANI,Bahujan Samaj Party,11950,1.1,Lost
Jharkhand,Chatra,CHANDAN KUMAR,Independent,6582,0.61,Lost
Jharkhand,Chatra,MD ABUZAR KHAN,Independent,5823,0.54,Lost
Jharkhand,Chatra,YOGESH KUMAR SINGH,Independent,5112,0.47,Lost
Jharkhand,Chatra,BIMAL LAKRA,Ambedkarite Party of India,5014,0.46,Lost
Jharkhand,Chatra,KARMLAL ORAON,Peoples Party of India (Democratic),4010,0.37,Lost
Jharkhand,Chatra,SUMIT KUMAR YADAV,Samata Party,3516,0.32,Lost
Jharkhand,Chatra,SANJAY KUMAR SNEHI,Lokhit Adhikar Party,3216,0.3,Lost
Jharkhand,Chatra,MAHESH BANDO,Bahujan Mukti Party,3201,0.29,Lost
Jharkhand,Chatra,SRIRAM SINGH,Independent,2993,0.28,Lost
Jharkhand,Chatra,DARSHAN GANJHU,Jharkhand Party,2817,0.26,Lost
Jharkhand,Chatra,DULESHWAR SAW,Bharatheeya Jawan Kisan Party,2385,0.22,Lost
Jharkhand,Chatra,LAW KUMAR PANDIT,Bhagidari Party(P),2380,0.22,Lost
Jharkhand,Chatra,KAMDEO DIHO RANA,Rashtriya Jan Utkarsh Party,2309,0.21,Lost
Jharkhand,Chatra,VIKRANT KUMAR SINGH,Independent,2289,0.21,Lost
Jharkhand,Chatra,NOTA,None of the Above,8511,0.78,Lost
Jharkhand,Dhanbad,DULU MAHATO,Bharatiya Janata Party,789172,55.26,Won
Jharkhand,Dhanbad,ANUPAMA SINGH,Indian National Congress,457589,32.04,Lost
Jharkhand,Dhanbad,MD. EKLAK ANSARI,Independent,79653,5.58,Lost
Jharkhand,Dhanbad,JAGDISH RAWANI,Independent,27635,1.94,Lost
Jharkhand,Dhanbad,JANAK SAH GOND,Independent,12764,0.89,Lost
Jharkhand,Dhanbad,MD. ZAHIRUDDIN KHAN,Independent,6500,0.46,Lost
Jharkhand,Dhanbad,MOHAN SINGH,Bahujan Samaj Party,5639,0.39,Lost
Jharkhand,Dhanbad,TULSI MAHTO,Independent,5375,0.38,Lost
Jharkhand,Dhanbad,KAMASHEVAR PRA. VERMA,Independent,4004,0.28,Lost
Jharkhand,Dhanbad,SUNAINA KINNAR,Independent,3462,0.24,Lost
Jharkhand,Dhanbad,AKBAR ALI,Akhil Bhartiya Parivar Party,3041,0.21,Lost
Jharkhand,Dhanbad,KRISHNA CHANDRA SINGH RAJ,Samata Party,2821,0.2,Lost
Jharkhand,Dhanbad,ANINDITA DAS,Independent,2674,0.19,Lost
Jharkhand,Dhanbad,REZAUL HAQUE,Lokhit Adhikar Party,2649,0.19,Lost
Jharkhand,Dhanbad,LAKSHMI DEVI,Independent,2605,0.18,Lost
Jharkhand,Dhanbad,UMESH PASWAN,Independent,2560,0.18,Lost
Jharkhand,Dhanbad,MOHAMMAD FAISHAL KHAN,Independent,1996,0.14,Lost
Jharkhand,Dhanbad,RAJIB TIWARI,Socialist Unity Centre Of India (COMMUNIST),1890,0.13,Lost
Jharkhand,Dhanbad,DEEPAK KUMAR DAS,Peoples Party of India (Democratic),1735,0.12,Lost
Jharkhand,Dhanbad,NITAI DUTTA,Independent,1743,0.12,Lost
Jharkhand,Dhanbad,SANJAY KUMAR GIRI,Akhil Bharat Hindu Mahasabha,1627,0.11,Lost
Jharkhand,Dhanbad,PERWEZ NEYYAR,Aazad Samaj Party (Kanshi Ram),1161,0.08,Lost
Jharkhand,Dhanbad,TRIDEV KR MAHTO,Independent,1144,0.08,Lost
Jharkhand,Dhanbad,MOHAMMAD TAFAZUL HUSSAIN,Independent,681,0.05,Lost
Jharkhand,Dhanbad,PREM PRAKASH PASWAN,Independent,533,0.04,Lost
Jharkhand,Dhanbad,NOTA,None of the Above,7354,0.51,Lost
Jharkhand,Dumka,NALIN SOREN,Jharkhand Mukti Morcha,547370,46.23,Won
Jharkhand,Dumka,SITA MURMU,Bharatiya Janata Party,524843,44.32,Lost
Jharkhand,Dumka,MAHASHON MURMU,Independent,21372,1.8,Lost
Jharkhand,Dumka,BABYLATA TUDU,Independent,19360,1.63,Lost
Jharkhand,Dumka,RAJESH KISKU,Communist Party of India,11506,0.97,Lost
Jharkhand,Dumka,DR. SRILAL KISKU,Independent,9416,0.8,Lost
Jharkhand,Dumka,PARESH MARANDI,Bahujan Samaj Party,7733,0.65,Lost
Jharkhand,Dumka,ANIL TUDU,Lokhit Adhikar Party,6818,0.58,Lost
Jharkhand,Dumka,SUSHANTI HEMBROM,Independent,5152,0.44,Lost
Jharkhand,Dumka,MANOJ HEMBROM,Independent,4816,0.41,Lost
Jharkhand,Dumka,BIREN MOHLI,Independent,4418,0.37,Lost
Jharkhand,Dumka,RAJU EMANUEL MURMU,Ambedkarite Party of India,3060,0.26,Lost
Jharkhand,Dumka,KAMISHNAR MURMU,Independent,2516,0.21,Lost
Jharkhand,Dumka,BAGHRAI SOREN,Independent,2256,0.19,Lost
Jharkhand,Dumka,SANJAY TUDU,Independent,2174,0.18,Lost
Jharkhand,Dumka,MUNNI HANSDA,Samata Party,1758,0.15,Lost
Jharkhand,Dumka,NIRMAL SOREN,Independent,1713,0.14,Lost
Jharkhand,Dumka,ALESH HANSDA,Indian National Socialistic Action Forces,1674,0.14,Lost
Jharkhand,Dumka,JONATHAN MARDI,Peoples Party of India (Democratic),1651,0.14,Lost
Jharkhand,Dumka,NOTA,None of the Above,4526,0.38,Lost
Jharkhand,Giridih,CHANDRA PRAKASH CHOUDHARY,AJSU Party,451139,35.67,Won
Jharkhand,Giridih,MATHURA PRASAD MAHATO,Jharkhand Mukti Morcha,370259,29.27,Lost
Jharkhand,Giridih,JAIRAM KUMAR MAHATO,Independent,347322,27.46,Lost
Jharkhand,Giridih,KAMAL PRASAD,Bahujan Samaj Party,14074,1.11,Lost
Jharkhand,Giridih,SUBODH KUMAR YADAV,Independent,13106,01.04,Lost
Jharkhand,Giridih,RAMESHWAR DUSADH,Independent,11020,0.87,Lost
Jharkhand,Giridih,SUNITA TUDU,Independent,10944,0.87,Lost
Jharkhand,Giridih,MD AINUL ANSARI,Bahujan Mukti Party,6939,0.55,Lost
Jharkhand,Giridih,DWARAKA PRASAD LALA,Independent,5627,0.44,Lost
Jharkhand,Giridih,KALAWATI DEVI,Independent,5430,0.43,Lost
Jharkhand,Giridih,GYANESHWAR PRASAD,Lokhit Adhikar Party,5356,0.42,Lost
Jharkhand,Giridih,SHIVJI PRASAD,Right to Recall Party,4254,0.34,Lost
Jharkhand,Giridih,PRAMOD RAM,Peoples Party of India (Democratic),3825,0.3,Lost
Jharkhand,Giridih,USHA SINGH,Independent,3761,0.3,Lost
Jharkhand,Giridih,PAPPU KUMAR NISHAD,Bhartiya Lokmat Rashtrwadi Party,3216,0.25,Lost
Jharkhand,Giridih,SUBHASH KUMAR THAKUR,Sarv Samaj Party,2517,0.2,Lost
Jharkhand,Giridih,NOTA,None of the Above,6044,0.48,Lost
Jharkhand,Godda,NISHIKANT DUBEY,Bharatiya Janata Party,693140,49.57,Won
Jharkhand,Godda,PRADEEP YADAV,Indian National Congress,591327,42.29,Lost
Jharkhand,Godda,UDAY SHANKAR KHAWARE,Independent,26837,1.92,Lost
Jharkhand,Godda,ARUN MARIK,Independent,17437,1.25,Lost
Jharkhand,Godda,NILESH KUMAR GUPTA,Independent,10488,0.75,Lost
Jharkhand,Godda,AVISEK ANAND JHA,Independent,9636,0.69,Lost
Jharkhand,Godda,BAJRANGI MAHTHA,Bahujan Samaj Party,8175,0.58,Lost
Jharkhand,Godda,MUKESH KUMAR JHA,Independent,7366,0.53,Lost
Jharkhand,Godda,KUMARI DILESHWARI,Ambedkarite Party of India,6581,0.47,Lost
Jharkhand,Godda,RAMESHWAR MANDAL,Peoples Party of India (Democratic),3316,0.24,Lost
Jharkhand,Godda,SURAJ KUMAR AMAN,Bhagidari Party(P),3073,0.22,Lost
Jharkhand,Godda,ARUN KUMAR,Nyaydharmsabha,2893,0.21,Lost
Jharkhand,Godda,DR. K. RANGAIAH,Independent,2210,0.16,Lost
Jharkhand,Godda,BRAJKISHORE PANDIT,Akhil Bhartiya Manavadhikar Vichar Manch Party,2108,0.15,Lost
Jharkhand,Godda,ANUP KUMAR,"Proutist Bloc, India",2007,0.14,Lost
Jharkhand,Godda,KALIPADA MURMU,Socialist Unity Centre Of India (COMMUNIST),1941,0.14,Lost
Jharkhand,Godda,KETAN KUMAR,Right to Recall Party,1898,0.14,Lost
Jharkhand,Godda,TIPLAL SAH,Lokhit Adhikar Party,1770,0.13,Lost
Jharkhand,Godda,GYANESHWAR JHA,Jagrook Janta Party,1640,0.12,Lost
Jharkhand,Godda,NOTA,None of the Above,4361,0.31,Lost
Jharkhand,Hazaribagh,MANISH JAISWAL,Bharatiya Janata Party,654613,51.76,Won
Jharkhand,Hazaribagh,JAI PRAKASH BHAI PATEL,Indian National Congress,377927,29.88,Lost
Jharkhand,Hazaribagh,SANJAY KUMAR MEHTA,Independent,157977,12.49,Lost
Jharkhand,Hazaribagh,SHASHI BHUSHAN KESHRI,Independent,15386,1.22,Lost
Jharkhand,Hazaribagh,ANIRUDDH KUMAR,Communist Party of India,10468,0.83,Lost
Jharkhand,Hazaribagh,MD. MOIN UDDIN AHMAD,Bahujan Samaj Party,7438,0.59,Lost
Jharkhand,Hazaribagh,MD. SERAJ,Independent,5506,0.44,Lost
Jharkhand,Hazaribagh,VINOD KUMAR RANA,Independent,4841,0.38,Lost
Jharkhand,Hazaribagh,KUNJ BIHARI KUMAR,Lokhit Adhikar Party,4234,0.33,Lost
Jharkhand,Hazaribagh,CHHATHI DEVI,Akhil Bhartiya Parivar Party,3316,0.26,Lost
Jharkhand,Hazaribagh,ABHISHEK KUMAR,Independent,2972,0.24,Lost
Jharkhand,Hazaribagh,NISHANT KUMAR SINHA,Peoples Party of India (Democratic),2956,0.23,Lost
Jharkhand,Hazaribagh,MANOJ KUMAR BEDIA,Independent,2578,0.2,Lost
Jharkhand,Hazaribagh,BHUNESHWAR BEDIYA,Samata Party,2264,0.18,Lost
Jharkhand,Hazaribagh,RAJ KUMAR,Jharkhand Party,1935,0.15,Lost
Jharkhand,Hazaribagh,SHYAM BIHARI PRAJAPATI,Bhagidari Party(P),1839,0.15,Lost
Jharkhand,Hazaribagh,PRAKASH SONI,Bhartiya Azad Sena,1217,0.1,Lost
Jharkhand,Hazaribagh,NOTA,None of the Above,7200,0.57,Lost
Jharkhand,Jamshedpur,BIDYUT BARAN MAHATO,Bharatiya Janata Party,726174,56.84,Won
Jharkhand,Jamshedpur,SAMIR KUMAR MOHANTY,Jharkhand Mukti Morcha,466392,36.5,Lost
Jharkhand,Jamshedpur,INDRA DEO PRASAD,Independent,8469,0.66,Lost
Jharkhand,Jamshedpur,ARUN MAHATO,Independent,7344,0.57,Lost
Jharkhand,Jamshedpur,ANAND MUKHI,Independent,6352,0.5,Lost
Jharkhand,Jamshedpur,PRANAV KUMAR MAHTO,Bahujan Samaj Party,6151,0.48,Lost
Jharkhand,Jamshedpur,BISHWANATH MAHATO,Independent,5331,0.42,Lost
Jharkhand,Jamshedpur,ANGAD MAHATO,Amra Bangalee,4925,0.39,Lost
Jharkhand,Jamshedpur,JUJHAR SOREN,Independent,4315,0.34,Lost
Jharkhand,Jamshedpur,SUKUMAR SOREN,Bharat Adivasi Party,3894,0.3,Lost
Jharkhand,Jamshedpur,DHARMU TUDU,Ambedkarite Party of India,3291,0.26,Lost
Jharkhand,Jamshedpur,JITENDRA SINGH,Independent,3167,0.25,Lost
Jharkhand,Jamshedpur,SANAKA MAHATO,Socialist Unity Centre Of India (COMMUNIST),3175,0.25,Lost
Jharkhand,Jamshedpur,MANOJ GUPTA,Lokhit Adhikar Party,2362,0.18,Lost
Jharkhand,Jamshedpur,SADHU CHARAN PAUL,Independent,2317,0.18,Lost
Jharkhand,Jamshedpur,SAURAV VISHNU,Independent,2264,0.18,Lost
Jharkhand,Jamshedpur,SHAIKH AKHIRUDDIN,Bahujan Maha Party,2108,0.16,Lost
Jharkhand,Jamshedpur,ASHOK KUMAR,Peoples Party of India (Democratic),2048,0.16,Lost
Jharkhand,Jamshedpur,MAHESH KUMAR,Right to Recall Party,1960,0.15,Lost
Jharkhand,Jamshedpur,G JAYRAM DAS,Independent,1931,0.15,Lost
Jharkhand,Jamshedpur,ARUN KUMAR SHARMA,Bhartiya Azad Sena,1801,0.14,Lost
Jharkhand,Jamshedpur,DOMAN CHANDRA BHAKAT,Bhagidari Party(P),1348,0.11,Lost
Jharkhand,Jamshedpur,BABLU PRASAD DANGI,Independent,1152,0.09,Lost
Jharkhand,Jamshedpur,GYAN SAGAR PRASAD,Independent,1044,0.08,Lost
Jharkhand,Jamshedpur,PARWATI KISKU,Independent,988,0.08,Lost
Jharkhand,Jamshedpur,NOTA,None of the Above,7326,0.57,Lost
Jharkhand,Khunti,KALI CHARAN MUNDA,Indian National Congress,511647,54.62,Won
Jharkhand,Khunti,ARJUN MUNDA,Bharatiya Janata Party,361972,38.64,Lost
Jharkhand,Khunti,SAVITRI DEVI,Bahujan Samaj Party,12300,1.31,Lost
Jharkhand,Khunti,BASANT KUMAR LONGA,Independent,10755,1.15,Lost
Jharkhand,Khunti,ARPANA HANS,Jharkhand Party,8532,0.91,Lost
Jharkhand,Khunti,PASTAR SANJAY KUMAR TIRKEY,Independent,4963,0.53,Lost
Jharkhand,Khunti,BABITA KACHHAP,Bharat Adivasi Party,4594,0.49,Lost
Jharkhand,Khunti,NOTA,None of the Above,21919,2.34,Lost
Jharkhand,Kodarma,ANNPURNA DEVI,Bharatiya Janata Party,791657,57.79,Won
Jharkhand,Kodarma,VINOD KUMAR SINGH,Communist Party of India  (Marxist-Leninist)  (Liberation),414643,30.27,Lost
Jharkhand,Kodarma,MANOJ KUMAR,Independent,28612,02.09,Lost
Jharkhand,Kodarma,JAI PRAKASH VERMA,Independent,23223,1.7,Lost
Jharkhand,Kodarma,SITAN RABIDAS,Bahujan Samaj Party,13174,0.96,Lost
Jharkhand,Kodarma,SURENDRA KUMAR AGRAWAL,Independent,9656,0.7,Lost
Jharkhand,Kodarma,SAHADAT ANSARI,Independent,8232,0.6,Lost
Jharkhand,Kodarma,JAYNARAYAN DAS,Bahujan Mukti Party,6738,0.49,Lost
Jharkhand,Kodarma,AKLESHWAR SAW,Lokhit Adhikar Party,5601,0.41,Lost
Jharkhand,Kodarma,JITLAL KISKU,Independent,5333,0.39,Lost
Jharkhand,Kodarma,MD. SAGIR,Independent,5044,0.37,Lost
Jharkhand,Kodarma,AJAY KRISHNA,Moolniwasi Samaj Party,4541,0.33,Lost
Jharkhand,Kodarma,RAJESH,Independent,4233,0.31,Lost
Jharkhand,Kodarma,RAMESHWAR PRASAD YADAV,Independent,4229,0.31,Lost
Jharkhand,Kodarma,ASHISH KUMAR,Right to Recall Party,2896,0.21,Lost
Jharkhand,Kodarma,NOTA,None of the Above,42152,03.08,Lost
Jharkhand,Lohardaga,SUKHDEO BHAGAT,Indian National Congress,483038,49.95,Won
Jharkhand,Lohardaga,SAMIR ORAON,Bharatiya Janata Party,343900,35.56,Lost
Jharkhand,Lohardaga,CHAMRA LINDA,Independent,45998,4.76,Lost
Jharkhand,Lohardaga,MAHENDRA ORAON,Communist Party of India,16793,1.74,Lost
Jharkhand,Lohardaga,SHANIYA ORAON,Independent,10911,1.13,Lost
Jharkhand,Lohardaga,GIRJANANDAN URAON,Bahujan Samaj Party,9148,0.95,Lost
Jharkhand,Lohardaga,MARIANUS TIGGA,Independent,9131,0.94,Lost
Jharkhand,Lohardaga,STEPHAN KINDO,Independent,7599,0.79,Lost
Jharkhand,Lohardaga,BIHARI BHAGAT,Peoples Party of India (Democratic),7602,0.79,Lost
Jharkhand,Lohardaga,RANJEET BHAGAT,Independent,5527,0.57,Lost
Jharkhand,Lohardaga,RAMCHANDRA BHAGAT,Lokhit Adhikar Party,4310,0.45,Lost
Jharkhand,Lohardaga,PAWAN TIGGA,Independent,3713,0.38,Lost
Jharkhand,Lohardaga,ARPAN DEO BHAGAT,Independent,2814,0.29,Lost
Jharkhand,Lohardaga,ARJUN TOPPO,Independent,2747,0.28,Lost
Jharkhand,Lohardaga,MANI MUNDA,Bhagidari Party(P),2510,0.26,Lost
Jharkhand,Lohardaga,NOTA,None of the Above,11384,1.18,Lost
Jharkhand,Palamau,VISHNU DAYAL RAM,Bharatiya Janata Party,770362,55.39,Won
Jharkhand,Palamau,MAMTA BHUIYAN,Rashtriya Janata Dal,481555,34.63,Lost
Jharkhand,Palamau,KAMESHWAR BAITHA,Bahujan Samaj Party,40000,2.88,Lost
Jharkhand,Palamau,SANAN RAM,Lokhit Adhikar Party,17875,1.29,Lost
Jharkhand,Palamau,GANESH RAVI,Independent,17699,1.27,Lost
Jharkhand,Palamau,BRAJESH KUMAR TURI,Rashtriya Samanta Dal,17566,1.26,Lost
Jharkhand,Palamau,VRINDA RAM,Peoples Party of India (Democratic),11270,0.81,Lost
Jharkhand,Palamau,MAHENDRA BAITHA,Socialist Unity Centre Of India (COMMUNIST),5115,0.37,Lost
Jharkhand,Palamau,RAM VACHAN RAM,Bahujan Mukti Party,4953,0.36,Lost
Jharkhand,Palamau,NOTA,None of the Above,24343,1.75,Lost
Jharkhand,Rajmahal,VIJAY KUMAR HANSDAK,Jharkhand Mukti Morcha,613371,50.35,Won
Jharkhand,Rajmahal,TALA MARANDI,Bharatiya Janata Party,435107,35.72,Lost
Jharkhand,Rajmahal,LOBIN HEMBRAM,Independent,42140,3.46,Lost
Jharkhand,Rajmahal,GOPIN SOREN,Communist Party of India  (Marxist),37291,03.06,Lost
Jharkhand,Rajmahal,MAHESH PAHARIYA,Independent,14978,1.23,Lost
Jharkhand,Rajmahal,AJIT MARANDI,Rashtriya Jansambhavna Party,11251,0.92,Lost
Jharkhand,Rajmahal,SEBASTION HEMBROM,Independent,9493,0.78,Lost
Jharkhand,Rajmahal,MARIYAM MARANDI,Bahujan Samaj Party,8259,0.68,Lost
Jharkhand,Rajmahal,PAUL SOREN,All India Majlis-E-Ittehadul Muslimeen,7902,0.65,Lost
Jharkhand,Rajmahal,DIPA TUDU,Independent,6856,0.56,Lost
Jharkhand,Rajmahal,KHALIFA KISKU,Peoples Party of India (Democratic),4107,0.34,Lost
Jharkhand,Rajmahal,VINOD KUMAR MANDAL,Lokhit Adhikar Party,3809,0.31,Lost
Jharkhand,Rajmahal,MUNSHI KISKU,Navyug Pragatisheel Morcha,2779,0.23,Lost
Jharkhand,Rajmahal,LILI HANSDA,Samata Party,2689,0.22,Lost
Jharkhand,Rajmahal,NOTA,None of the Above,18217,1.5,Lost
Jharkhand,Ranchi,SANJAY SETH,Bharatiya Janata Party,664732,45.91,Won
Jharkhand,Ranchi,YASHASWINI SAHAY,Indian National Congress,544220,37.59,Lost
Jharkhand,Ranchi,DEVENDRA NATH MAHTO,Independent,132647,9.16,Lost
Jharkhand,Ranchi,SOMA SINGH,Jai Maha Bharath Party,10341,0.71,Lost
Jharkhand,Ranchi,NIPU SINGH,Rashtriya Jansangharsh Swaraj Party,7803,0.54,Lost
Jharkhand,Ranchi,DHANANJAY BHAGAT “GANDHI“,Mera Adhikaar Rashtriya Dal,6799,0.47,Lost
Jharkhand,Ranchi,SHYAM  BIHARI PRAJAPATI,Bhagidari Party(P),6530,0.45,Lost
Jharkhand,Ranchi,MANOJ KUMAR,Bahujan Samaj Party,6427,0.44,Lost
Jharkhand,Ranchi,RAMHARI GOPE,Ambedkarite Party of India,6309,0.44,Lost
Jharkhand,Ranchi,ANJANI PANDEY,Independent,5397,0.37,Lost
Jharkhand,Ranchi,SARWESHWARI SAHU,Ekam Sanatan Bharat Dal,4802,0.33,Lost
Jharkhand,Ranchi,HARINATH SAHU,Lokhit Adhikar Party,4136,0.29,Lost
Jharkhand,Ranchi,HEMNTI DEVI,Samata Party,4080,0.28,Lost
Jharkhand,Ranchi,RANJANA GIRI,Republican Party of India (A),3208,0.22,Lost
Jharkhand,Ranchi,BIRENDRA NATH MANJHI,Abua Jharkhand Party,3155,0.22,Lost
Jharkhand,Ranchi,DHARMENDRA TIWARY,Bhartiya Jantantra Morcha,3094,0.21,Lost
Jharkhand,Ranchi,PRAWEEN KACHHAP,Sampoorna Bharat Kranti Party,2944,0.2,Lost
Jharkhand,Ranchi,PRABEEN CHANDRA MAHATO,Independent,2859,0.2,Lost
Jharkhand,Ranchi,SANTOSH KUMAR JAISWAL,Independent,2787,0.19,Lost
Jharkhand,Ranchi,PANKAJ KUMAR RAVI,Peoples Party of India (Democratic),2763,0.19,Lost
Jharkhand,Ranchi,MANORANJAN BHATTACHARYA,Independent,2539,0.18,Lost
Jharkhand,Ranchi,AINUL ANSARI,Independent,2537,0.18,Lost
Jharkhand,Ranchi,BINOD ORAON,Bahujan Mukti Party,2589,0.18,Lost
Jharkhand,Ranchi,MINTU PASWAN,Socialist Unity Centre Of India (COMMUNIST),2164,0.15,Lost
Jharkhand,Ranchi,KOLESHWAR MAHTO,Independent,1708,0.12,Lost
Jharkhand,Ranchi,KAMESHWAR PRASAD SAW,Independent,1646,0.11,Lost
Jharkhand,Ranchi,ARSHAD AYUB,Independent,1412,0.1,Lost
Jharkhand,Ranchi,NOTA,None of the Above,8153,0.56,Lost
Jharkhand,Singhbhum,JOBA MAJHI,Jharkhand Mukti Morcha,520164,51.62,Won
Jharkhand,Singhbhum,GEETA KORA,Bharatiya Janata Party,351762,34.91,Lost
Jharkhand,Singhbhum,DAMODAR SINGH HANSDA,Independent,44292,4.4,Lost
Jharkhand,Singhbhum,MADHAV CHANDRA KUNKAL,Independent,19834,1.97,Lost
Jharkhand,Singhbhum,SANGRAM MARDI,Independent,16111,1.6,Lost
Jharkhand,Singhbhum,PARDESHI LAL MUNDA,Bahujan Samaj Party,8742,0.87,Lost
Jharkhand,Singhbhum,DURGA LAL MURMU,Independent,4924,0.49,Lost
Jharkhand,Singhbhum,CHITRASEN SINKU,Jharkhand Party,3210,0.32,Lost
Jharkhand,Singhbhum,BISHWA VIJAY MARDI,Ambedkarite Party of India,3070,0.3,Lost
Jharkhand,Singhbhum,ASHA KUMARI RUNDA,Independent,2754,0.27,Lost
Jharkhand,Singhbhum,KRISHNA MARDI,Jharkhand Mukti Morcha  (Ulgulan),2615,0.26,Lost
Jharkhand,Singhbhum,SUDHA RANI BESRA,Peoples Party of India (Democratic),2409,0.24,Lost
Jharkhand,Singhbhum,BIR SINGH DEOGAM,Right to Recall Party,1927,0.19,Lost
Jharkhand,Singhbhum,PANMANI SINGH,Socialist Unity Centre Of India (COMMUNIST),1801,0.18,Lost
Jharkhand,Singhbhum,NOTA,None of the Above,23982,2.38,Lost
Karnataka,Bagalkot,GADDIGOUDAR. PARVATAGOUDA. CHANDANAGOUDA.,Bharatiya Janata Party,671039,50.93,Won
Karnataka,Bagalkot,SAMYUKTA SHIVANAND PATIL,Indian National Congress,602640,45.74,Lost
Karnataka,Bagalkot,NAGARAJ. S. KALKUTAGAR,Independent,5629,0.43,Lost
Karnataka,Bagalkot,PARASHURAM. LAXMAN. NEELANAIK,Independent,5090,0.39,Lost
Karnataka,Bagalkot,ANTHOSH SAVVASE,Uttama Prajaakeeya Party,4923,0.37,Lost
Karnataka,Bagalkot,JYOTI GULEDGUDDA,Independent,4645,0.35,Lost
Karnataka,Bagalkot,M. B. SIDAGONI,Bahujan Samaj Party,4479,0.34,Lost
Karnataka,Bagalkot,DR. MUTTU. S. SURAKOD. (MADAR),Independent,3135,0.24,Lost
Karnataka,Bagalkot,PRASHANT RAO,Independent,1914,0.15,Lost
Karnataka,Bagalkot,DATTATREYA DASHARATHA TAVARE,Independent,1620,0.12,Lost
Karnataka,Bagalkot,AMBROSE D' MELLO,Independent,1205,0.09,Lost
Karnataka,Bagalkot,KENGANAL. MALLIKARJUN. BHIMAPPA,Independent,1207,0.09,Lost
Karnataka,Bagalkot,MALLIKARJUN H. T.,Socialist Unity Centre Of India (COMMUNIST),1144,0.09,Lost
Karnataka,Bagalkot,RAJESAB BURANSAB. MASALI,Independent,992,0.08,Lost
Karnataka,Bagalkot,SHARANAPPA MALLAPPA KOTLANNAVAR,Independent,832,0.06,Lost
Karnataka,Bagalkot,RAVI SHIVAPPA PADASALAGI,Independent,656,0.05,Lost
Karnataka,Bagalkot,SAIYYAD IMAMSAB JAKALI,Tipu Sultan Party,550,0.04,Lost
Karnataka,Bagalkot,ABDULAZIZ KALADAGI PENDARI,Independent,529,0.04,Lost
Karnataka,Bagalkot,MUTTAPPA MUDAKAPPA HIREKUMBI,Raita Bharat Party,518,0.04,Lost
Karnataka,Bagalkot,SAGAR. BASAPPA. KUMBAR,Karnataka Rashtra Samithi,499,0.04,Lost
Karnataka,Bagalkot,S. M. MARIGOUDAR,Desh Prem Party,454,0.03,Lost
Karnataka,Bagalkot,SHANKAR. VENKAPPA. NAIKAR.,Republican Party of India (A),441,0.03,Lost
Karnataka,Bagalkot,NOTA,None of the Above,3420,0.26,Lost
Karnataka,Bangalore central,P C MOHAN,Bharatiya Janata Party,658915,50.05,Won
Karnataka,Bangalore central,MANSOOR ALI KHAN,Indian National Congress,626208,47.57,Lost
Karnataka,Bangalore central,SATISH CHANDRA. M.,Bahujan Samaj Party,3087,0.23,Lost
Karnataka,Bangalore central,JAYALAKSHMI SUNDARA RAJAN,Independent,2761,0.21,Lost
Karnataka,Bangalore central,SURESH BABU. M. C,Uttama Prajaakeeya Party,1739,0.13,Lost
Karnataka,Bangalore central,K. MANJUNATHA,Independent,1556,0.12,Lost
Karnataka,Bangalore central,S. M. KRISHNA,Independent,1474,0.11,Lost
Karnataka,Bangalore central,MURUGESH. R,Independent,1162,0.09,Lost
Karnataka,Bangalore central,UMA. V.,Independent,827,0.06,Lost
Karnataka,Bangalore central,PRAKASH. K,Karnataka Rashtra Samithi,779,0.06,Lost
Karnataka,Bangalore central,H. P. SHIVAPRAKASH,Socialist Unity Centre Of India (COMMUNIST),707,0.05,Lost
Karnataka,Bangalore central,MODI SAIFULLA,Independent,695,0.05,Lost
Karnataka,Bangalore central,ABHAYA SHEELA.,Rashtriya Samaj Dal (R),635,0.05,Lost
Karnataka,Bangalore central,KARTHIK. K,Voters Independent Party,601,0.05,Lost
Karnataka,Bangalore central,T.R. JAGANNATHA RAO,Bharatiya Prajagala Kalyana Paksha,460,0.03,Lost
Karnataka,Bangalore central,VASANTH KUMAR ERAPPA,Independent,439,0.03,Lost
Karnataka,Bangalore central,C.M. SHABAZ KHAN,Young Star Empowerment Party,429,0.03,Lost
Karnataka,Bangalore central,WHITEFIELD MURUGESH .C,Republican Party of India (Karnataka),378,0.03,Lost
Karnataka,Bangalore central,B. KRISHNA PRASAD,"Proutist Bloc, India",327,0.02,Lost
Karnataka,Bangalore central,MUKTHAR ALI KHAN,Karnataka Karmikara Paksha,314,0.02,Lost
Karnataka,Bangalore central,SYED ASIF BUKHARI,Independent,286,0.02,Lost
Karnataka,Bangalore central,RANJITH VISHWA,Samajwadi Janata Party(Karnataka),274,0.02,Lost
Karnataka,Bangalore central,RUMAN SHARIFFE,Independent,171,0.01,Lost
Karnataka,Bangalore central,YALLAPPA.,Independent,160,0.01,Lost
Karnataka,Bangalore central,NOTA,None of the Above,12126,0.92,Lost
Karnataka,Bangalore North,SHOBHA KARANDLAJE,Bharatiya Janata Party,986049,56.27,Won
Karnataka,Bangalore North,PROFESSOR M.V RAJEEV GOWDA,Indian National Congress,726573,41.46,Lost
Karnataka,Bangalore North,GOVINDAIAH,Bahujan Samaj Party,4631,0.26,Lost
Karnataka,Bangalore North,SANTHOSH M,Uttama Prajaakeeya Party,3461,0.2,Lost
Karnataka,Bangalore North,UDAYA SHANKAR.G,Prahar Janshakti Party,2678,0.15,Lost
Karnataka,Bangalore North,LAKSHMI SRIHARI.J.N.,Independent,2094,0.12,Lost
Karnataka,Bangalore North,DILIP KUMAR I.S.,Independent,1903,0.11,Lost
Karnataka,Bangalore North,K.M.MAHADEVA,Independent,1720,0.1,Lost
Karnataka,Bangalore North,K.V.NANJUNDASWAMY,Independent,1365,0.08,Lost
Karnataka,Bangalore North,SHOBHA,Independent,1280,0.07,Lost
Karnataka,Bangalore North,Y.R.KALLESHWARI,Samajwadi Janata Party(Karnataka),1077,0.06,Lost
Karnataka,Bangalore North,NIRMALA H.L,Socialist Unity Centre Of India (COMMUNIST),977,0.06,Lost
Karnataka,Bangalore North,H.R.NATARAJ,Independent,861,0.05,Lost
Karnataka,Bangalore North,BHASKAR ANKALAMADUGU SHIVAREDDY,Independent,831,0.05,Lost
Karnataka,Bangalore North,SHIVAKUMAR. B,Karnataka Rashtra Samithi,817,0.05,Lost
Karnataka,Bangalore North,SUDHA.  V,Independent,657,0.04,Lost
Karnataka,Bangalore North,KRISHNAIAH,Rashtriya Samaj Dal (R),559,0.03,Lost
Karnataka,Bangalore North,HEBBAL VENKATESH.J,Republican Party of India (A),425,0.02,Lost
Karnataka,Bangalore North,"GLOBE STAR J. JAI SIMHA VARMA, B E.",Gareeb Aadmi Party,359,0.02,Lost
Karnataka,Bangalore North,SHOBAN BABU  V,Indian Labour Party (Ambedkar Phule),320,0.02,Lost
Karnataka,Bangalore North,PARASAPPA BHEEMAPPA GAJJERI,Rani Chennamma Party,313,0.02,Lost
Karnataka,Bangalore North,NOTA,None of the Above,13554,0.77,Lost
Karnataka,Bangalore Rural,DR C N MANJUNATH,Bharatiya Janata Party,1079002,56.21,Won
Karnataka,Bangalore Rural,D K SURESH,Indian National Congress,809355,42.16,Lost
Karnataka,Bangalore Rural,ABHISHEK K,Uttama Prajaakeeya Party,6202,0.32,Lost
Karnataka,Bangalore Rural,SURESH M N,Independent,3236,0.17,Lost
Karnataka,Bangalore Rural,HEMAVATHI K,Socialist Unity Centre Of India (COMMUNIST),1774,0.09,Lost
Karnataka,Bangalore Rural,J T PRAKASH,Independent,1472,0.08,Lost
Karnataka,Bangalore Rural,N KRISHNAPPA,Pyramid Party of India,1402,0.07,Lost
Karnataka,Bangalore Rural,C N MANJUNATHA,Bahujan Bharat Party,1400,0.07,Lost
Karnataka,Bangalore Rural,KUMAR L,Bharatiya Prajagala Kalyana Paksha,1066,0.06,Lost
Karnataka,Bangalore Rural,MAHAMAD MUSADIK PASHA,Karnataka Rashtra Samithi,821,0.04,Lost
Karnataka,Bangalore Rural,NARASIMHAMURTHY J P,Independent,813,0.04,Lost
Karnataka,Bangalore Rural,SURESH S,Karunaadu Party,798,0.04,Lost
Karnataka,Bangalore Rural,VASIST J,Country Citizen Party,584,0.03,Lost
Karnataka,Bangalore Rural,MOHAMMAD DASTAGEER,Young Star Empowerment Party,486,0.03,Lost
Karnataka,Bangalore Rural,H V CHANDRASHEKAR,Viduthalai Chiruthaigal Katchi,480,0.03,Lost
Karnataka,Bangalore Rural,NOTA,None of the Above,10649,0.55,Lost
Karnataka,Bangalore South,TEJASVI SURYA,Bharatiya Janata Party,750830,60.1,Won
Karnataka,Bangalore South,SOWMYA REDDY,Indian National Congress,473747,37.92,Lost
Karnataka,Bangalore South,ARUN PRASAD.A,Bahujan Samaj Party,2425,0.19,Lost
Karnataka,Bangalore South,TINTISHA HEMACHANDRA SAGAR,Independent,1968,0.16,Lost
Karnataka,Bangalore South,VATAL NAGARAJ,Kannada Chalavali Vatal Paksha,1867,0.15,Lost
Karnataka,Bangalore South,KEMPEGOWDA,Navabharath Sena,1393,0.11,Lost
Karnataka,Bangalore South,TEJASWINI DHANANJAY,Independent,1150,0.09,Lost
Karnataka,Bangalore South,BALAKRISHNA.M.,Uttama Prajaakeeya Party,1110,0.09,Lost
Karnataka,Bangalore South,JAYAPAL.D,Independent,942,0.08,Lost
Karnataka,Bangalore South,RANJITH GOWDA,Independent,860,0.07,Lost
Karnataka,Bangalore South,V.RAJKUMAR VCK,Independent,740,0.06,Lost
Karnataka,Bangalore South,RAGHUPATHI BHAT,Karnataka Rashtra Samithi,738,0.06,Lost
Karnataka,Bangalore South,DR HARISH GOWDA,Independent,563,0.05,Lost
Karnataka,Bangalore South,CHETAN CHAMAN,Country Citizen Party,492,0.04,Lost
Karnataka,Bangalore South,A . RAJ.,Independent,477,0.04,Lost
Karnataka,Bangalore South,K. C. JANARDHAN,Independent,452,0.04,Lost
Karnataka,Bangalore South,KANTHAKUMAR.R.,Independent,403,0.03,Lost
Karnataka,Bangalore South,KARAVALI MANJUNATH. BE,Rashtriya Samaj Dal (R),310,0.02,Lost
Karnataka,Bangalore South,C M. SHABAZ KHAN,Young Star Empowerment Party,297,0.02,Lost
Karnataka,Bangalore South,ASGAR A MOHIN.S.M.,Independent,269,0.02,Lost
Karnataka,Bangalore South,SUBRAHMANYA KUMAR KUNTIKANAMATA,Independent,237,0.02,Lost
Karnataka,Bangalore South,DR.R.SHEKAR THIRUMAVALVAN,Independent,215,0.02,Lost
Karnataka,Bangalore South,NOTA,None of the Above,7857,0.63,Lost
Karnataka,Belgaum,JAGADISH SHETTAR,Bharatiya Janata Party,762029,55.06,Won
Karnataka,Belgaum,MRINAL R HEBBALKAR,Indian National Congress,583592,42.17,Lost
Karnataka,Belgaum,MAHADEV PATIL,Independent,9503,0.69,Lost
Karnataka,Belgaum,BASAPPA GURUSIDDAPPA KUMBAR,Karnataka Rashtra Samithi,5441,0.39,Lost
Karnataka,Belgaum,ASHOK APPAYA APPUGOL,Bahujan Samaj Party,4407,0.32,Lost
Karnataka,Belgaum,RAVI SHIVAPPA PADASALAGI,Independent,3926,0.28,Lost
Karnataka,Belgaum,VIJAY S METHRANI,Independent,2808,0.2,Lost
Karnataka,Belgaum,PRAJAAKEEYA MALLAPPA CHOGALA (PREM),Uttama Prajaakeeya Party,1433,0.1,Lost
Karnataka,Belgaum,LAXMAN JADAGANNAVAR,Socialist Unity Centre Of India (COMMUNIST),1302,0.09,Lost
Karnataka,Belgaum,NITIN ASHOK MHADAGUT,Independent,1310,0.09,Lost
Karnataka,Belgaum,PUNDALIK ITNAL,Independent,1099,0.08,Lost
Karnataka,Belgaum,ASHOK P HANAJI,Independent,679,0.05,Lost
Karnataka,Belgaum,ASHPAKAHMAD USTAD,Independent,634,0.05,Lost
Karnataka,Belgaum,NOTA,None of the Above,5726,0.41,Lost
Karnataka,Bellary,E. TUKARAM,Indian National Congress,730845,52.58,Won
Karnataka,Bellary,B. SREERAMULU,Bharatiya Janata Party,631853,45.46,Lost
Karnataka,Bellary,VALMIKI KRISHNAPPA,Bahujan Samaj Party,5911,0.43,Lost
Karnataka,Bellary,C. CHANNAVEERA,Karnataka Rashtra Samithi,3797,0.27,Lost
Karnataka,Bellary,CONDUCTOR PAMPAPATHI,Independent,2460,0.18,Lost
Karnataka,Bellary,VEERESH,Independent,1870,0.13,Lost
Karnataka,Bellary,A. DEVADAS,Socialist Unity Centre Of India (COMMUNIST),1741,0.13,Lost
Karnataka,Bellary,MANJUNATHA GOSAL,Prahar Janshakti Party,1322,0.1,Lost
Karnataka,Bellary,ARUN.S.HIREHAL,Independent,1282,0.09,Lost
Karnataka,Bellary,G. SWAMY,Navabharath Sena,944,0.07,Lost
Karnataka,Bellary,NOTA,None of the Above,7889,0.57,Lost
Karnataka,Bidar,SAGAR ESHWAR KHANDRE,Indian National Congress,666317,53.63,Won
Karnataka,Bidar,BHAGWANTH KHUBA,Bharatiya Janata Party,537442,43.26,Lost
Karnataka,Bidar,AMBADAS SOPANRAO HULSURE,Bahujan Bharat Party,5302,0.43,Lost
Karnataka,Bidar,PUTARAJ,Bahujan Samaj Party,4554,0.37,Lost
Karnataka,Bidar,DR. DINKAR MORE,Independent,4116,0.33,Lost
Karnataka,Bidar,SRI ROPH ABDUL GANI,Independent,3104,0.25,Lost
Karnataka,Bidar,SHIVRAJ ADIVEPPA SATWAR,Independent,3079,0.25,Lost
Karnataka,Bidar,RAMVILAS RAMULALJI NAVANDAR,Independent,2694,0.22,Lost
Karnataka,Bidar,RIYAZ AHMED,Independent,1711,0.14,Lost
Karnataka,Bidar,MOHD. SHAFEEQ UR RAHAMAN,All India Ulama Congress,1694,0.14,Lost
Karnataka,Bidar,JAIRAJ KASHAPPA BUKKA ADVOCATE,Independent,1493,0.12,Lost
Karnataka,Bidar,BALBHEEM UNNE,Independent,1470,0.12,Lost
Karnataka,Bidar,WASEEMUDDIN,Independent,1170,0.09,Lost
Karnataka,Bidar,MAHESH GORNALKAR,Republican Party of India (A),981,0.08,Lost
Karnataka,Bidar,DILIP KADWAD,Independent,798,0.06,Lost
Karnataka,Bidar,GOPAL M.P. GARAMPALLI,Independent,767,0.06,Lost
Karnataka,Bidar,RAMESH J CHAVAN,Karnataka Rashtra Samithi,472,0.04,Lost
Karnataka,Bidar,RAMCHANDRA NARAYAN KACHAVE,Kranti Kari Jai Hind Sena,472,0.04,Lost
Karnataka,Bidar,NOTA,None of the Above,4686,0.38,Lost
Karnataka,Bijapur,RAMESH JIGAJINAGI,Bharatiya Janata Party,672781,51.91,Won
Karnataka,Bijapur,RAJU ALAGUR.,Indian National Congress,595552,45.95,Lost
Karnataka,Bijapur,GANAPATI  RATHOD (HANJAGI),Karnataka Rashtra Samithi,7691,0.59,Lost
Karnataka,Bijapur,BHOVI TARABAI,Independent,4353,0.34,Lost
Karnataka,Bijapur,RAMJI YAMANAPPA BUDDHAPRIYA,Naki Bharatiya Ekta Party,2426,0.19,Lost
Karnataka,Bijapur,NAGAJYOTI.B.N.,Socialist Unity Centre Of India (COMMUNIST),2392,0.18,Lost
Karnataka,Bijapur,RAJAKUMAR APPANNA HONNAKATTI,Rashtriya Samaj Paksha,1794,0.14,Lost
Karnataka,Bijapur,JITENDRA.ASHOK. KAMBLE,Republican Party of India (A),1623,0.13,Lost
Karnataka,Bijapur,NOTA,None of the Above,7502,0.58,Lost
Karnataka,Chamarajanagar,SUNIL BOSE,Indian National Congress,751671,54.87,Won
Karnataka,Chamarajanagar,BALARAJ.S,Bharatiya Janata Party,562965,41.1,Lost
Karnataka,Chamarajanagar,M.KRISHNA MURTHY,Bahujan Samaj Party,15903,1.16,Lost
Karnataka,Chamarajanagar,C.M.KRISHNA,Dr. Ambedkar People's Party,8089,0.59,Lost
Karnataka,Chamarajanagar,G.D.RAJAGOPAL (H.D.KOTE),Independent,3954,0.29,Lost
Karnataka,Chamarajanagar,SUMA.S,Socialist Unity Centre Of India (COMMUNIST),3826,0.28,Lost
Karnataka,Chamarajanagar,MAHADEVASWAMY B M (PAMPI),Independent,3421,0.25,Lost
Karnataka,Chamarajanagar,H.K.SWAMY HARADANAHALLI,Independent,3208,0.23,Lost
Karnataka,Chamarajanagar,PATAS PRADEEP KUMAR.M,Independent,1986,0.14,Lost
Karnataka,Chamarajanagar,KADAMBA. NAA. AMBARISH,Independent,1743,0.13,Lost
Karnataka,Chamarajanagar,NINGARAJU.S,Karnataka Jantha Paksha,1411,0.1,Lost
Karnataka,Chamarajanagar,KANDALLI MAHESH,Karnataka Rashtra Samithi,1252,0.09,Lost
Karnataka,Chamarajanagar,NINGARAJ.G,Independent,1247,0.09,Lost
Karnataka,Chamarajanagar,PRASANNA KUMAR.B,Karnataka Praja Party (RaithaParva),978,0.07,Lost
Karnataka,Chamarajanagar,NOTA,None of the Above,8143,0.59,Lost
Karnataka,Chikkballapur,DR.K.SUDHAKAR,Bharatiya Janata Party,822619,53.74,Won
Karnataka,Chikkballapur,M.S. RAKSHA RAMAIAH,Indian National Congress,659159,43.06,Lost
Karnataka,Chikkballapur,MUNIVENKATAPPA M.P,Communist Party of India  (Marxist),4557,0.3,Lost
Karnataka,Chikkballapur,MAHADEV. P,Bahujan Samaj Party,4440,0.29,Lost
Karnataka,Chikkballapur,RAJANNA,Independent,3764,0.25,Lost
Karnataka,Chikkballapur,RAJA REDDY,Independent,3381,0.22,Lost
Karnataka,Chikkballapur,KALAVATHI. N,Socialist Unity Centre Of India (COMMUNIST),2744,0.18,Lost
Karnataka,Chikkballapur,VALASAPALLI UTAPPA,Independent,2162,0.14,Lost
Karnataka,Chikkballapur,VENKATESHMURTHY.V,Uttama Prajaakeeya Party,2020,0.13,Lost
Karnataka,Chikkballapur,D. SUDHAKARA,Independent,1689,0.11,Lost
Karnataka,Chikkballapur,SUDHAKAR. N,Independent,1591,0.1,Lost
Karnataka,Chikkballapur,G N RAVI,Independent,1465,0.1,Lost
Karnataka,Chikkballapur,BHASKAR ANKALAMADUGU SHIVAREDDY,Independent,1367,0.09,Lost
Karnataka,Chikkballapur,CHANDRASHEKAR. H.C,Independent,1282,0.08,Lost
Karnataka,Chikkballapur,MOHITH NARASIMHAMURTHY,Independent,1229,0.08,Lost
Karnataka,Chikkballapur,V.N. NARASIMHAMURTHY VADIGERE,Independent,1218,0.08,Lost
Karnataka,Chikkballapur,G.N. VENKATESH B.A.L.L.B,Independent,1207,0.08,Lost
Karnataka,Chikkballapur,DEVARAJ CORONA WARRIOR,Independent,1177,0.08,Lost
Karnataka,Chikkballapur,G SUBRAMANI SHETTY,Karnataka Rashtra Samithi,872,0.06,Lost
Karnataka,Chikkballapur,DR. M.R. RANGANATHA,Independent,857,0.06,Lost
Karnataka,Chikkballapur,NAGESH. S,Digvijaya Bharatha Party,850,0.06,Lost
Karnataka,Chikkballapur,T.R. NARAYANA RAO,Indian Labour Party (Ambedkar Phule),762,0.05,Lost
Karnataka,Chikkballapur,"C.V.  LOKESH GOWDA, B.E",Independent,701,0.05,Lost
Karnataka,Chikkballapur,D. CHINNAPPA,Independent,619,0.04,Lost
Karnataka,Chikkballapur,SANDESH.G,Independent,594,0.04,Lost
Karnataka,Chikkballapur,NASURULLA,Independent,583,0.04,Lost
Karnataka,Chikkballapur,K. VENKATESH,Independent,474,0.03,Lost
Karnataka,Chikkballapur,T VENKATA SIVUDU,Independent,440,0.03,Lost
Karnataka,Chikkballapur,G N. KODANDAREDDY,Independent,401,0.03,Lost
Karnataka,Chikkballapur,NOTA,None of the Above,6596,0.43,Lost
Karnataka,Chikkodi,PRIYANKA SATISH JARKIHOLI,Indian National Congress,713461,51.21,Won
Karnataka,Chikkodi,ANNASAHEB SHANKAR JOLLE,Bharatiya Janata Party,622627,44.69,Lost
Karnataka,Chikkodi,KALLOLIKAR SHAMBHU KRISHNA,Independent,25466,1.83,Lost
Karnataka,Chikkodi,SAMMED SARADAR VARDHAMANE,Independent,5353,0.38,Lost
Karnataka,Chikkodi,SHRENIK ANNASAHEB JANGATE,Independent,5181,0.37,Lost
Karnataka,Chikkodi,APPASAHEB SHRIPATI KURANE,Sarva Janata Party,4654,0.33,Lost
Karnataka,Chikkodi,VILAS MANNUR,Independent,4150,0.3,Lost
Karnataka,Chikkodi,SATTEPPA DASHARATH KALELI,Bharatheeya Jawan Kisan Party,1319,0.09,Lost
Karnataka,Chikkodi,YASIN SHIRAJUDDIN PATAKI,Independent,1281,0.09,Lost
Karnataka,Chikkodi,KASHINATH KALLAPPA KURANI,Independent,1108,0.08,Lost
Karnataka,Chikkodi,MAHESH ASHOK KASAR,Independent,1009,0.07,Lost
Karnataka,Chikkodi,MOHAN GURAPPA MOTANNAVAR,Independent,946,0.07,Lost
Karnataka,Chikkodi,KUMAR SAMBHAJI DONGARE,Karnataka Rashtra Samithi,941,0.07,Lost
Karnataka,Chikkodi,PAVANKUMAR BABURAV MALAGE,Bahujan Bharat Party,666,0.05,Lost
Karnataka,Chikkodi,DR|| KADAYYA HIREMATH (SWAMIJI),Independent,647,0.05,Lost
Karnataka,Chikkodi,BHIMASEN DATTU SANADI,Independent,619,0.04,Lost
Karnataka,Chikkodi,GAJANAN L. PUJARI,Independent,600,0.04,Lost
Karnataka,Chikkodi,JITENDRA SUBHASH NERLE,Independent,457,0.03,Lost
Karnataka,Chikkodi,NOTA,None of the Above,2608,0.19,Lost
Karnataka,Chitradurga,GOVIND MAKTHAPPA KARJOL,Bharatiya Janata Party,684890,50.11,Won
Karnataka,Chitradurga,B.N.CHANDRAPPA,Indian National Congress,636769,46.58,Lost
Karnataka,Chitradurga,ASHOKA CHAKRAVARTHI,Bahujan Samaj Party,7705,0.56,Lost
Karnataka,Chitradurga,NARASIMHARAJU. C.N.,Karnataka Rashtra Samithi,4950,0.36,Lost
Karnataka,Chitradurga,SRINIVASAPURADA SRINIVASABABU PAVAGADA,Independent,4548,0.33,Lost
Karnataka,Chitradurga,"B. VENKATESHA, SHILPI",Independent,4201,0.31,Lost
Karnataka,Chitradurga,MANJUNATHA SWAMY T,Independent,2676,0.2,Lost
Karnataka,Chitradurga,BHUTHARAJA. V.S.,Independent,2397,0.18,Lost
Karnataka,Chitradurga,RAGHU KUMAR .S,Independent,2337,0.17,Lost
Karnataka,Chitradurga,RAMESH NAIK .T.,Uttama Prajaakeeya Party,2206,0.16,Lost
Karnataka,Chitradurga,NAGARAJAPPA,Independent,1679,0.12,Lost
Karnataka,Chitradurga,K  NARASHIMAMURTHY,Independent,1397,0.1,Lost
Karnataka,Chitradurga,SUDHAKARA .R,Independent,1211,0.09,Lost
Karnataka,Chitradurga,TULASI.H,Independent,1082,0.08,Lost
Karnataka,Chitradurga,GANESH.,Independent,1093,0.08,Lost
Karnataka,Chitradurga,SHABAREESH.,Karunada Sevakara Party,1018,0.07,Lost
Karnataka,Chitradurga,SUJATHA .D.,Socialist Unity Centre Of India (COMMUNIST),1014,0.07,Lost
Karnataka,Chitradurga,DR M.P. DARAKESWARAIAH,Independent,992,0.07,Lost
Karnataka,Chitradurga,AMRUTH RAJA.,Independent,834,0.06,Lost
Karnataka,Chitradurga,B.T. RAMASUBBAIAH,Indian Movement Party,720,0.05,Lost
Karnataka,Chitradurga,NOTA,None of the Above,3190,0.23,Lost
Karnataka,Dakshina Kannada,CAPTAIN BRIJESH CHOWTA,Bharatiya Janata Party,764132,53.97,Won
Karnataka,Dakshina Kannada,PADMARAJ.R.POOJARY,Indian National Congress,614924,43.43,Lost
Karnataka,Dakshina Kannada,KANTHAPPA ALANGAR,Bahujan Samaj Party,4232,0.3,Lost
Karnataka,Dakshina Kannada,DURGA PRASAD,Karunada Sevakara Party,2592,0.18,Lost
Karnataka,Dakshina Kannada,SUPREETH KUMAR POOJARY  KATEEL,Independent,1901,0.13,Lost
Karnataka,Dakshina Kannada,MAXIM PINTO,Independent,1690,0.12,Lost
Karnataka,Dakshina Kannada,PRAJAAKEEYA MANOHARA,Uttama Prajaakeeya Party,971,0.07,Lost
Karnataka,Dakshina Kannada,DEEPAK RAJESH COELHO,Independent,976,0.07,Lost
Karnataka,Dakshina Kannada,RANJINI. M,Karnataka Rashtra Samithi,776,0.05,Lost
Karnataka,Dakshina Kannada,NOTA,None of the Above,23576,1.67,Lost
Karnataka,Davanagere,DR. PRABHA MALLIKARJUN,Indian National Congress,633059,47.95,Won
Karnataka,Davanagere,GAYITHRI SIDDESHWARA,Bharatiya Janata Party,606965,45.97,Lost
Karnataka,Davanagere,G.B.VINAY KUMAR,Independent,42907,3.25,Lost
Karnataka,Davanagere,T.JABEENA AAPA,Independent,5128,0.39,Lost
Karnataka,Davanagere,D. HANUMANTHAPPA,Bahujan Samaj Party,4475,0.34,Lost
Karnataka,Davanagere,TASLIM BANU,Independent,4141,0.31,Lost
Karnataka,Davanagere,T.CHANDRU,Independent,3043,0.23,Lost
Karnataka,Davanagere,G.M.GAYITRI SIDDESHI,Independent,2464,0.19,Lost
Karnataka,Davanagere,PARAVEEJ.H,Independent,1869,0.14,Lost
Karnataka,Davanagere,ESHWARA SHENGA,Uttama Prajaakeeya Party,1430,0.11,Lost
Karnataka,Davanagere,A.K.GANESH,Independent,1055,0.08,Lost
Karnataka,Davanagere,M.C.SREENIVAS,Bharatiya Prajagala Kalyana Paksha,973,0.07,Lost
Karnataka,Davanagere,SYED ZABIULLA.K,Independent,844,0.06,Lost
Karnataka,Davanagere,ANABERU THIPPESWAMY,Socialist Unity Centre Of India (COMMUNIST),849,0.06,Lost
Karnataka,Davanagere,SALEEM S,Independent,799,0.06,Lost
Karnataka,Davanagere,MOHAMED HAYATH.M,Independent,722,0.05,Lost
Karnataka,Davanagere,ABDUL NAZEER AHAMMED,Independent,652,0.05,Lost
Karnataka,Davanagere,RASHEED KHAN,Independent,600,0.05,Lost
Karnataka,Davanagere,M.G.SRIKANTH,Navabharath Sena,561,0.04,Lost
Karnataka,Davanagere,M.P. KHALANDAR,Country Citizen Party,539,0.04,Lost
Karnataka,Davanagere,PEDDAPPA S,Independent,508,0.04,Lost
Karnataka,Davanagere,G.M.BARKATH ALI BASHA,Independent,471,0.04,Lost
Karnataka,Davanagere,K.S. VEERBHADRAPPA,Karnataka Rashtra Samithi,475,0.04,Lost
Karnataka,Davanagere,VEERESH.S (LION VEERESH),Rani Chennamma Party,458,0.03,Lost
Karnataka,Davanagere,DODDESH.H.S,Janahitha Paksha,440,0.03,Lost
Karnataka,Davanagere,BARKATH ALI,Independent,411,0.03,Lost
Karnataka,Davanagere,MANJU. MARIKOPPA,Independent,378,0.03,Lost
Karnataka,Davanagere,RUDRESHA.K.H,Samaj Vikas Kranti Party,348,0.03,Lost
Karnataka,Davanagere,RAVINAIK. B,Independent,320,0.02,Lost
Karnataka,Davanagere,MAHABUB BASHA,Independent,308,0.02,Lost
Karnataka,Davanagere,NOTA,None of the Above,3176,0.24,Lost
Karnataka,Dharwad,PRALHAD JOSHI,Bharatiya Janata Party,716231,52.41,Won
Karnataka,Dharwad,VINOD ASOOTI,Indian National Congress,618907,45.29,Lost
Karnataka,Dharwad,SHAKEELAHMAD.D.MULLA,Independent,5872,0.43,Lost
Karnataka,Dharwad,S. S. PATIL,Independent,5161,0.38,Lost
Karnataka,Dharwad,RAJU ANANTSA NAIKWADI,Independent,3601,0.26,Lost
Karnataka,Dharwad,JAVEED AHAMED BELGAUMKAR.,Naki Bharatiya Ekta Party,3558,0.26,Lost
Karnataka,Dharwad,SHARANABASAV GONAVAR,Socialist Unity Centre Of India (COMMUNIST),1167,0.09,Lost
Karnataka,Dharwad,BALANAGOUDRA MALLIKARJUNAGOUDA,Independent,987,0.07,Lost
Karnataka,Dharwad,TAKAPPA YALLAPPA KALAL,Prahar Janshakti Party,905,0.07,Lost
Karnataka,Dharwad,BUGADI BASAVALINGAPPA IRAPPA,Uttama Prajaakeeya Party,800,0.06,Lost
Karnataka,Dharwad,NAGARAJ. KARENNAVAR.,Karnataka Rashtra Samithi,555,0.04,Lost
Karnataka,Dharwad,PRAVEEN H. H.,Independent,548,0.04,Lost
Karnataka,Dharwad,DR. GURAPPA H IMRAPUR,Independent,514,0.04,Lost
Karnataka,Dharwad,BANKAPUR SHOUKATALI,Tipu Sultan Party,473,0.03,Lost
Karnataka,Dharwad,VINOD DASHARATH GHODKE,"Proutist Bloc, India",411,0.03,Lost
Karnataka,Dharwad,VENKATESH PRASAD. H,Indian Labour Party (Ambedkar Phule),337,0.02,Lost
Karnataka,Dharwad,MOHAMMED ISMAIL MUKTI,Bharatiya Prajagala Kalyana Paksha,317,0.02,Lost
Karnataka,Dharwad,NOTA,None of the Above,6147,0.45,Lost
Karnataka,Gulbarga,RADHAKRISHNA,Indian National Congress,652321,49.78,Won
Karnataka,Gulbarga,DR. UMESH G JADHAV,Bharatiya Janata Party,625116,47.7,Lost
Karnataka,Gulbarga,HUCHESHWARA WATHAR GOUR,Bahujan Samaj Party,7888,0.6,Lost
Karnataka,Gulbarga,SUNDAR,Independent,3677,0.28,Lost
Karnataka,Gulbarga,JYOTI RAMESH CHAVAN,Independent,2805,0.21,Lost
Karnataka,Gulbarga,SHARANAPPA (PINTU),Independent,1884,0.14,Lost
Karnataka,Gulbarga,TARABAI BHOVI,Independent,1550,0.12,Lost
Karnataka,Gulbarga,RAMESH BHIMSING CHAVAN,Independent,1334,0.1,Lost
Karnataka,Gulbarga,ANAND SINNUR,Independent,1280,0.1,Lost
Karnataka,Gulbarga,NAGENDRA RAO,Uttama Prajaakeeya Party,1226,0.09,Lost
Karnataka,Gulbarga,S.M.SHARMA,Socialist Unity Centre Of India (COMMUNIST),1144,0.09,Lost
Karnataka,Gulbarga,RAJKUMAR,BhartiyaBahujanKranti Dal,709,0.05,Lost
Karnataka,Gulbarga,VIJAY JADHAV,Karnataka Rashtra Samithi,560,0.04,Lost
Karnataka,Gulbarga,B. VIJAYKUMAR CHINCHANSOORKAR,Prahar Janshakti Party,554,0.04,Lost
Karnataka,Gulbarga,NOTA,None of the Above,8429,0.64,Lost
Karnataka,Hassan,SHREYAS. M. PATEL,Indian National Congress,672988,49.67,Won
Karnataka,Hassan,PRAJWAL REVANNA,Janata Dal  (Secular),630339,46.52,Lost
Karnataka,Hassan,GANGADHAR BAHUJAN,Bahujan Samaj Party,12173,0.9,Lost
Karnataka,Hassan,DEVARAJ M.Y,Karnataka Rashtra Samithi,6057,0.45,Lost
Karnataka,Hassan,H D REVANNA,Purvanchal Mahapanchayat,4272,0.32,Lost
Karnataka,Hassan,BASAVARAJU J.D (EX-ARMY),Independent,4063,0.3,Lost
Karnataka,Hassan,SANTHOSH B.N,Independent,3449,0.25,Lost
Karnataka,Hassan,HEMANTH GAVEESH,Independent,3281,0.24,Lost
Karnataka,Hassan,PRATHAPA K.A,Uttama Prajaakeeya Party,3250,0.24,Lost
Karnataka,Hassan,S.K. NINGARAJA,Bahujan Bharat Party,1730,0.13,Lost
Karnataka,Hassan,B.N. SURESHA (SURESHGOWDA),Independent,1418,0.1,Lost
Karnataka,Hassan,SIDDABHOVI,Independent,987,0.07,Lost
Karnataka,Hassan,SHIVARAJ. B,Republican Party of India Bharatha,848,0.06,Lost
Karnataka,Hassan,R.G. SATHISHA RAMEDEVARAPURA,Independent,869,0.06,Lost
Karnataka,Hassan,K.R. GANGADHARAPPA,Independent,742,0.05,Lost
Karnataka,Hassan,NOTA,None of the Above,8541,0.63,Lost
Karnataka,Haveri,BASAVARAJ BOMMAI,Bharatiya Janata Party,705538,50.55,Won
Karnataka,Haveri,ANANDSWAMY GADDADEVARMATH,Indian National Congress,662025,47.43,Lost
Karnataka,Haveri,SUNANDA KARIYAPPA SHIRHATTI,Independent,4707,0.34,Lost
Karnataka,Haveri,KHAJAMOHIDDIN GUDAGERI,Socialist Party (India),3401,0.24,Lost
Karnataka,Haveri,GANGADHAR BADIGER,Socialist Unity Centre Of India (COMMUNIST),2270,0.16,Lost
Karnataka,Haveri,RUDRAPPA BASAPPA KUMBAR,Independent,1356,0.1,Lost
Karnataka,Haveri,BASAVARAJ B HADI,Independent,1071,0.08,Lost
Karnataka,Haveri,PRAJAKEEYA SACHINKUMAR KARJEKANNAVAR,Uttama Prajaakeeya Party,1072,0.08,Lost
Karnataka,Haveri,DR. G H IMRAPUR,Independent,953,0.07,Lost
Karnataka,Haveri,JAGADISH YALLAPPA BANKAPURA,Independent,674,0.05,Lost
Karnataka,Haveri,TANU CHIKKANNA YADAV,Karnataka Rashtra Samithi,636,0.05,Lost
Karnataka,Haveri,H K NARASIMHAPPA,Samajwadi Janata Party(Karnataka),446,0.03,Lost
Karnataka,Haveri,VISHWANATH SHEERI,Ekam Sanatan Bharat Dal,401,0.03,Lost
Karnataka,Haveri,RASHEEDA BEGUM,Indian Movement Party,397,0.03,Lost
Karnataka,Haveri,NOTA,None of the Above,10865,0.78,Lost
Karnataka,Kolar,M. MALLESH BABU,Janata Dal  (Secular),691481,51.02,Won
Karnataka,Kolar,K V GOWTHAM,Indian National Congress,620093,45.76,Lost
Karnataka,Kolar,SUMAN H N,Independent,6487,0.48,Lost
Karnataka,Kolar,HOLUR SRINIVASA,Independent,6163,0.45,Lost
Karnataka,Kolar,S B SURESHA,Bahujan Samaj Party,4732,0.35,Lost
Karnataka,Kolar,K R DEVARAJA,Delhi Janta Party,4597,0.34,Lost
Karnataka,Kolar,DR M. VENKATASWAMY,Independent,3354,0.25,Lost
Karnataka,Kolar,R RANJITHKUMAR,Independent,2118,0.16,Lost
Karnataka,Kolar,S N NARAYANASWAMY V,Independent,1985,0.15,Lost
Karnataka,Kolar,D GOPALAKRISHNA,Socialist Party (India),1669,0.12,Lost
Karnataka,Kolar,DEVARAJA A ALUSURUDINNE,Uttama Prajaakeeya Party,1354,0.1,Lost
Karnataka,Kolar,M S BADARINARAYANA,Independent,1116,0.08,Lost
Karnataka,Kolar,MAHESH A V,Karnataka Rashtra Samithi,1065,0.08,Lost
Karnataka,Kolar,THIMMARAYAPPA,Republican Party of India (Karnataka),864,0.06,Lost
Karnataka,Kolar,R RAJENDRA,Independent,751,0.06,Lost
Karnataka,Kolar,M MUNIGANGAPPA,Independent,604,0.04,Lost
Karnataka,Kolar,M  C HALLI VENU,Viduthalai Chiruthaigal Katchi,521,0.04,Lost
Karnataka,Kolar,KRISHNAIAH N,Independent,443,0.03,Lost
Karnataka,Kolar,NOTA,None of the Above,5831,0.43,Lost
Karnataka,Koppal,K. RAJASHEKAR BASAVARAJ HITNAL,Indian National Congress,663511,49.93,Won
Karnataka,Koppal,DR . BASAVARAJ. K. SHARANAPPA,Bharatiya Janata Party,617154,46.44,Lost
Karnataka,Koppal,MALLIKARJUN HADAPAD,Independent,7314,0.55,Lost
Karnataka,Koppal,SHANKARA,Bahujan Samaj Party,7043,0.53,Lost
Karnataka,Koppal,KARADI BASAVARAJ,Independent,5877,0.44,Lost
Karnataka,Koppal,RUKMINI,Independent,5282,0.4,Lost
Karnataka,Koppal,SURESH. GOUDA MUNDINAMANE,Independent,4642,0.35,Lost
Karnataka,Koppal,NAGARAJ KALAL,Independent,1994,0.15,Lost
Karnataka,Koppal,KALAPPA YACHRAPPA BADIGER VISHWAKARMA,Independent,1982,0.15,Lost
Karnataka,Koppal,PA.YA. GANESH,Independent,1895,0.14,Lost
Karnataka,Koppal,HANAMESH . S . H. SHAKHAPUR,Independent,1248,0.09,Lost
Karnataka,Koppal,KAREEMPASHA GACHCHINMANI.,Independent,1238,0.09,Lost
Karnataka,Koppal,ANNOJI RAO. G,Sarva Janata Party,1117,0.08,Lost
Karnataka,Koppal,SHARANAPPA,Socialist Unity Centre Of India (COMMUNIST),1106,0.08,Lost
Karnataka,Koppal,NIRUPADI K GOMARSI,Karnataka Rashtra Samithi,900,0.07,Lost
Karnataka,Koppal,RAMZANBEE,All India Ulama Congress,806,0.06,Lost
Karnataka,Koppal,D DURGA PRASAD BYATARAYANAJI,Challengers Party,799,0.06,Lost
Karnataka,Koppal,C. SHARANA BASAPPA,Republican Party of India (Karnataka),776,0.06,Lost
Karnataka,Koppal,IMAMSAB JANGLISAB MULLA,Independent,733,0.06,Lost
Karnataka,Koppal,NOTA,None of the Above,3519,0.26,Lost
Karnataka,Mandya,H.D. KUMARASWAMY,Janata Dal  (Secular),851881,58.34,Won
Karnataka,Mandya,VENKATARAMANE GOWDA (STAR CHANDRU),Indian National Congress,567261,38.85,Lost
Karnataka,Mandya,CHANDAN GOWDA. K,Independent,12394,0.85,Lost
Karnataka,Mandya,SHIVASHANKARA. S,Bahujan Samaj Party,6964,0.48,Lost
Karnataka,Mandya,RAMAIAH. D,Independent,3810,0.26,Lost
Karnataka,Mandya,RANJITHA. N,Independent,2909,0.2,Lost
Karnataka,Mandya,CHANDRASHEKARA. K.R (CHANDRU KEELARA),Karnataka Rashtra Samithi,1476,0.1,Lost
Karnataka,Mandya,BUDAYYA. B.P,Karunaadu Party,1370,0.09,Lost
Karnataka,Mandya,LOKESHA. S (AARYA LOKESH),Uttama Prajaakeeya Party,1163,0.08,Lost
Karnataka,Mandya,BEERESH. C.T (SAINIKA BEERESH),Independent,931,0.06,Lost
Karnataka,Mandya,N.BASAVARAJU,Independent,843,0.06,Lost
Karnataka,Mandya,H.D. REVANNA,Purvanchal Mahapanchayat,590,0.04,Lost
Karnataka,Mandya,CHANNAMAYIGOWDA,Independent,497,0.03,Lost
Karnataka,Mandya,S.ARVIND,Independent,442,0.03,Lost
Karnataka,Mandya,NOTA,None of the Above,7736,0.53,Lost
Karnataka,Mysore,YADUVEER KRISHNADATTA CHAMARAJA WADIYAR,Bharatiya Janata Party,795503,53.59,Won
Karnataka,Mysore,M. LAKSHMANA,Indian National Congress,656241,44.21,Lost
Karnataka,Mysore,RANGASWAMY. M,Independent,4306,0.29,Lost
Karnataka,Mysore,KADAMBA NAA AMBARISH,Karnataka Jantha Paksha,4080,0.27,Lost
Karnataka,Mysore,A. S. SATHISH,Independent,3746,0.25,Lost
Karnataka,Mysore,RAMAMURTHY. M,Independent,3605,0.24,Lost
Karnataka,Mysore,RAJU,Independent,1949,0.13,Lost
Karnataka,Mysore,PRAJAKEEYA LEELA SHIVAKUMAR,Uttama Prajaakeeya Party,1754,0.12,Lost
Karnataka,Mysore,COMRADE SUNIL T. R,Socialist Unity Centre Of India (COMMUNIST),1560,0.11,Lost
Karnataka,Mysore,H. K. KRISHNA,Karunaadu Party,1489,0.1,Lost
Karnataka,Mysore,HARISH GOWDA,Socialist Party (India),976,0.07,Lost
Karnataka,Mysore,P. S. YADURAPPA,Independent,878,0.06,Lost
Karnataka,Mysore,AMBEDKAR. C. J,Independent,835,0.06,Lost
Karnataka,Mysore,DARSHAN K PONNETI,Independent,764,0.05,Lost
Karnataka,Mysore,M. S. PRAVEEN,Karnataka Rashtra Samithi,740,0.05,Lost
Karnataka,Mysore,CHRISTOPHER RAJ KUMAR,Independent,544,0.04,Lost
Karnataka,Mysore,DR. H. M. NANJUNDASWAMY,Samajwadi Janata Party(Karnataka),523,0.04,Lost
Karnataka,Mysore,A. G. RAMACHANDRA RAO,Secular Democratic Congress,490,0.03,Lost
Karnataka,Mysore,NOTA,None of the Above,4490,0.3,Lost
Karnataka,Raichur,G. KUMAR NAIK.,Indian National Congress,670966,51.63,Won
Karnataka,Raichur,RAJA AMARESHWARA NAIK.,Bharatiya Janata Party,591185,45.49,Lost
Karnataka,Raichur,S. NARASANNA GOUDA NAYAKA,Bahujan Samaj Party,9289,0.71,Lost
Karnataka,Raichur,BASAVA PRABHU. MEDA,Karnataka Rashtra Samithi,5181,0.4,Lost
Karnataka,Raichur,AMARESH,Independent,4465,0.34,Lost
Karnataka,Raichur,YALLAMMA DALAPATHI,Independent,3634,0.28,Lost
Karnataka,Raichur,MEDHAR SHAMRAO,Bhartiya Jan Samrat Party,2640,0.2,Lost
Karnataka,Raichur,RAMALINGAPPA,Socialist Unity Centre Of India (COMMUNIST),2409,0.19,Lost
Karnataka,Raichur,NOTA,None of the Above,9850,0.76,Lost
Karnataka,Shimoga,B.Y.RAGHAVENDRA,Bharatiya Janata Party,778721,56.54,Won
Karnataka,Shimoga,GEETHA SHIVARAJKUMAR,Indian National Congress,535006,38.85,Lost
Karnataka,Shimoga,K. S. ESHWARAPPA,Independent,30050,2.18,Lost
Karnataka,Shimoga,BANDI,Independent,7266,0.53,Lost
Karnataka,Shimoga,RAVIKUMARA N.,Independent,4552,0.33,Lost
Karnataka,Shimoga,POOJA N. ANNAIAH,Independent,3457,0.25,Lost
Karnataka,Shimoga,A.D. SHIVAPPA,Bahujan Samaj Party,2779,0.2,Lost
Karnataka,Shimoga,N. V. NAVEEN KUMAR,Independent,1993,0.14,Lost
Karnataka,Shimoga,ARUNA KANAHALLI,Uttama Prajaakeeya Party,1478,0.11,Lost
Karnataka,Shimoga,E.H. NAYAK,Independent,954,0.07,Lost
Karnataka,Shimoga,JOHN BENNY,Independent,867,0.06,Lost
Karnataka,Shimoga,GANESH. B (BELLI),Independent,747,0.05,Lost
Karnataka,Shimoga,D.S. ESHWARAPPA,Independent,695,0.05,Lost
Karnataka,Shimoga,KUNAJE MANJUNATHA GOWDA,Independent,683,0.05,Lost
Karnataka,Shimoga,S.K PRABHU,Karnataka Rashtra Samithi,617,0.04,Lost
Karnataka,Shimoga,SHIVARUDRAIAH SWAMY,Independent,599,0.04,Lost
Karnataka,Shimoga,IMTIYAZ A. ATTAR,Independent,442,0.03,Lost
Karnataka,Shimoga,MOHAMMED YUSUF KHAN,Young Star Empowerment Party,404,0.03,Lost
Karnataka,Shimoga,G. JAYADEVA,Independent,368,0.03,Lost
Karnataka,Shimoga,CHANDRASHEKAR. H C,Independent,357,0.03,Lost
Karnataka,Shimoga,P. SRIPATHI. BHAT,Independent,344,0.02,Lost
Karnataka,Shimoga,SANDESH SHETTY. A,Independent,293,0.02,Lost
Karnataka,Shimoga,H SURESH POOJARI,Independent,220,0.02,Lost
Karnataka,Shimoga,NOTA,None of the Above,4332,0.31,Lost
Karnataka,Tumkur,V. SOMANNA,Bharatiya Janata Party,720946,55.31,Won
Karnataka,Tumkur,S.P. MUDDAHANUMEGOWDA,Indian National Congress,545352,41.84,Lost
Karnataka,Tumkur,J.K. SAMI,Independent,6775,0.52,Lost
Karnataka,Tumkur,RAJASIMHA J. N.,Bahujan Samaj Party,5554,0.43,Lost
Karnataka,Tumkur,S.N. SWAMY,Socialist Unity Centre Of India (COMMUNIST),4591,0.35,Lost
Karnataka,Tumkur,RANGANATHA. R.S,Independent,3132,0.24,Lost
Karnataka,Tumkur,MALLIKARJUNAIAH,Independent,1880,0.14,Lost
Karnataka,Tumkur,SIDDARAMEGOWDA T. B,Independent,1646,0.13,Lost
Karnataka,Tumkur,PRADEEP KUMAR DODDAMUDDEGOWDA,Karnataka Rashtra Samithi,1618,0.12,Lost
Karnataka,Tumkur,H.L. MOHAN KUMAR,Independent,893,0.07,Lost
Karnataka,Tumkur,PRAKASH. R.A. JAIN,Independent,863,0.07,Lost
Karnataka,Tumkur,NEELAKANTESHA. H S,Independent,719,0.06,Lost
Karnataka,Tumkur,R. PUSHPA,Independent,629,0.05,Lost
Karnataka,Tumkur,B. DEVARAJ,Independent,499,0.04,Lost
Karnataka,Tumkur,R. NARAYANAPPA,Independent,507,0.04,Lost
Karnataka,Tumkur,DR. H.B.M. HIREMATH,Kannada  Paksha,477,0.04,Lost
Karnataka,Tumkur,KAPANIGOWDA.,Independent,471,0.04,Lost
Karnataka,Tumkur,BASAVARAJU. H.R,National Maha Sabha Party,439,0.03,Lost
Karnataka,Tumkur,NOTA,None of the Above,6460,0.5,Lost
Karnataka,Udupi Chikmagalur,KOTA SRINIVAS POOJARY,Bharatiya Janata Party,732234,59.56,Won
Karnataka,Udupi Chikmagalur,K. JAYAPRAKASH HEGDE,Indian National Congress,473059,38.48,Lost
Karnataka,Udupi Chikmagalur,K.T. RADHAKRISHNA,Bahujan Samaj Party,5417,0.44,Lost
Karnataka,Udupi Chikmagalur,SUDHEER KANCHAN MARAKALA,Independent,2286,0.19,Lost
Karnataka,Udupi Chikmagalur,SACHIN B.K,Uttama Prajaakeeya Party,1333,0.11,Lost
Karnataka,Udupi Chikmagalur,M. K. DAYANANDA,Proutist Sarva Samaj,1069,0.09,Lost
Karnataka,Udupi Chikmagalur,VIJAY KUMAR M. G,Independent,956,0.08,Lost
Karnataka,Udupi Chikmagalur,SUPREETH KUMAR POOJARY KATEEL,Janahitha Paksha,690,0.06,Lost
Karnataka,Udupi Chikmagalur,SHABAREESH,Karunada Sevakara Party,565,0.05,Lost
Karnataka,Udupi Chikmagalur,L. RANGANATH GOWDA,Karnataka Rashtra Samithi,540,0.04,Lost
Karnataka,Udupi Chikmagalur,NOTA,None of the Above,11269,0.92,Lost
Karnataka,Uttara Kannada,VISHWESHWAR HEGDE KAGERI,Bharatiya Janata Party,782495,61.97,Won
Karnataka,Uttara Kannada,DR. ANJALI NIMBALKAR,Indian National Congress,445067,35.25,Lost
Karnataka,Uttara Kannada,RAJSHEKHAR. SHANKAR. HINDALAGI.,Independent,5397,0.43,Lost
Karnataka,Uttara Kannada,GANAPATI HEGDE,Socialist Unity Centre Of India (COMMUNIST),4472,0.35,Lost
Karnataka,Uttara Kannada,NIRANJAN UDAYSINH SIRDESAI,Independent,4169,0.33,Lost
Karnataka,Uttara Kannada,NAGARAJ. ANANT. SHIRALI.,Independent,2882,0.23,Lost
Karnataka,Uttara Kannada,CHIDANAND  HANUMANTHAPPA HARIJAN,Independent,1721,0.14,Lost
Karnataka,Uttara Kannada,PRAJAAKEEYA SUNIL,Uttama Prajaakeeya Party,1566,0.12,Lost
Karnataka,Uttara Kannada,VINAYAK NAIK,Karnataka Rashtra Samithi,1263,0.1,Lost
Karnataka,Uttara Kannada,K. P. PATIL,Independent,956,0.08,Lost
Karnataka,Uttara Kannada,KRISHNA BALEGAR,Independent,920,0.07,Lost
Karnataka,Uttara Kannada,ARAVIND GOWDA,Independent,904,0.07,Lost
Karnataka,Uttara Kannada,AVINASH. NARAYAN. PATIL.,Independent,773,0.06,Lost
Karnataka,Uttara Kannada,NOTA,None of the Above,10176,0.81,Lost
Kerala,Alappuzha,K. C VENUGOPAL,Indian National Congress,404560,38.21,Won
Kerala,Alappuzha,A. M ARIFF,Communist Party of India  (Marxist),341047,32.21,Lost
Kerala,Alappuzha,SOBHA SURENDRAN,Bharatiya Janata Party,299648,28.3,Lost
Kerala,Alappuzha,MURALEEDHARAN KONCHERILLAM,Bahujan Samaj Party,1626,0.15,Lost
Kerala,Alappuzha,ARJUNAN,Socialist Unity Centre Of India (COMMUNIST),1319,0.12,Lost
Kerala,Alappuzha,VAYALAR RAJEEVAN,Bahujan Dravida Party,675,0.06,Lost
Kerala,Alappuzha,ADV.K.M SHAJAHAN,Independent,682,0.06,Lost
Kerala,Alappuzha,SHAJAHAN V.A.     S/O ABDUL AZEES,Independent,576,0.05,Lost
Kerala,Alappuzha,SATHEESH SHENOI,Independent,482,0.05,Lost
Kerala,Alappuzha,JAYAKRISHNAN P,Independent,385,0.04,Lost
Kerala,Alappuzha,JYOTHI ABRAHAM,Independent,338,0.03,Lost
Kerala,Alappuzha,NOTA,None of the Above,7365,0.7,Lost
Kerala,Alathur,K.RADHAKRISHNAN,Communist Party of India  (Marxist),403447,40.66,Won
Kerala,Alathur,RAMYA HARIDAS,Indian National Congress,383336,38.63,Lost
Kerala,Alathur,DR T N SARASU,Bharatiya Janata Party,188230,18.97,Lost
Kerala,Alathur,HARI ARUMBIL,Bahujan Samaj Party,2871,0.29,Lost
Kerala,Alathur,KRISHNANKUTTY KUNISSERY,Independent,2351,0.24,Lost
Kerala,Alathur,NOTA,None of the Above,12033,1.21,Lost
Kerala,Attingal,ADV ADOOR PRAKASH,Indian National Congress,328051,33.29,Won
Kerala,Attingal,V JOY,Communist Party of India  (Marxist),327367,33.22,Lost
Kerala,Attingal,V  MURALEEDHARAN,Bharatiya Janata Party,311779,31.64,Lost
Kerala,Attingal,SURABHI S,Bahujan Samaj Party,4524,0.46,Lost
Kerala,Attingal,PRAKASH P L,Independent,1814,0.18,Lost
Kerala,Attingal,SANTHOSH K,Independent,1204,0.12,Lost
Kerala,Attingal,PRAKASH S,Independent,811,0.08,Lost
Kerala,Attingal,NOTA,None of the Above,9791,0.99,Lost
Kerala,Chalakudy,BENNY BEHANAN,Indian National Congress,394171,41.44,Won
Kerala,Chalakudy,PROF C RAVEENDRANATH,Communist Party of India  (Marxist),330417,34.73,Lost
Kerala,Chalakudy,K A UNNIKRISHNAN,Bharath Dharma Jana Sena,106400,11.18,Lost
Kerala,Chalakudy,ADV CHARLY PAUL,Twenty 20 Party,105642,11.11,Lost
Kerala,Chalakudy,ROSILIN CHACKO,Bahujan Samaj Party,2410,0.25,Lost
Kerala,Chalakudy,BOSCO KALAMASSERY,Independent,1087,0.11,Lost
Kerala,Chalakudy,SUBRAN K R,Independent,799,0.08,Lost
Kerala,Chalakudy,DR M PRADEEPAN,Socialist Unity Centre Of India (COMMUNIST),694,0.07,Lost
Kerala,Chalakudy,ARUN EDATHADAN,Independent,686,0.07,Lost
Kerala,Chalakudy,T S CHANDRAN,Independent,531,0.06,Lost
Kerala,Chalakudy,JOHNSON K C,Independent,387,0.04,Lost
Kerala,Chalakudy,NOTA,None of the Above,8063,0.85,Lost
Kerala,Ernakulam,HIBI EDEN,Indian National Congress,482317,52.97,Won
Kerala,Ernakulam,K. J. SHINE TEACHER,Communist Party of India  (Marxist),231932,25.47,Lost
Kerala,Ernakulam,DR. K. S. RADHAKRISHNAN,Bharatiya Janata Party,144500,15.87,Lost
Kerala,Ernakulam,ADV. ANTONY JUDY,Twenty 20 Party,39808,4.37,Lost
Kerala,Ernakulam,VAYALAR JAYAKUMAR,Bahujan Samaj Party,1498,0.16,Lost
Kerala,Ernakulam,SANDEEP RAJENDRAPRASAD,Independent,752,0.08,Lost
Kerala,Ernakulam,CYRILL SKARIA,Independent,690,0.08,Lost
Kerala,Ernakulam,PRATHAPAN,Bahujan Dravida Party,419,0.05,Lost
Kerala,Ernakulam,BRAHMAKUMAR,Socialist Unity Centre Of India (COMMUNIST),412,0.05,Lost
Kerala,Ernakulam,ROHIT KRISHNAN,Independent,416,0.05,Lost
Kerala,Ernakulam,NOTA,None of the Above,7758,0.85,Lost
Kerala,Idukki,ADV. DEAN KURIAKOSE,Indian National Congress,432372,51.43,Won
Kerala,Idukki,ADV. JOICE GEORGE,Communist Party of India  (Marxist),298645,35.53,Lost
Kerala,Idukki,ADV. SANGEETHA VISWANATHAN,Bharath Dharma Jana Sena,91323,10.86,Lost
Kerala,Idukki,ADV. RUSSEL JOY,Bahujan Samaj Party,4437,0.53,Lost
Kerala,Idukki,JOMON JOHN,Independent,1819,0.22,Lost
Kerala,Idukki,SAJI @ SHAJI,Viduthalai Chiruthaigal Katchi,1508,0.18,Lost
Kerala,Idukki,P.K. SAJEEVAN,Independent,1034,0.12,Lost
Kerala,Idukki,NOTA,None of the Above,9519,1.13,Lost
Kerala,Kannur,K. SUDHAKARAN,Indian National Congress,518524,48.74,Won
Kerala,Kannur,M.V. JAYARAJAN,Communist Party of India  (Marxist),409542,38.5,Lost
Kerala,Kannur,C. RAGHUNATH,Bharatiya Janata Party,119876,11.27,Lost
Kerala,Kannur,RAMACHANDRAN BAVILEERI,Bharatheeya Jawan Kisan Party,2649,0.25,Lost
Kerala,Kannur,K. SUDHAKARAN S/O. KRISHNAN,Independent,1009,0.09,Lost
Kerala,Kannur,SUDHAKARAN. K S/O. P GOPALAN,Independent,896,0.08,Lost
Kerala,Kannur,JOY JOHN PATTAR MADATHIL,Independent,618,0.06,Lost
Kerala,Kannur,JAYARAJ,Independent,488,0.05,Lost
Kerala,Kannur,JAYARAJAN S/O. VELAYUDHAN,Independent,425,0.04,Lost
Kerala,Kannur,VADI HAREENDRAN,Independent,343,0.03,Lost
Kerala,Kannur,C. BALAKRISHNAN YADAV,Independent,304,0.03,Lost
Kerala,Kannur,NARAYANA KUMAR,Independent,308,0.03,Lost
Kerala,Kannur,NOTA,None of the Above,8873,0.83,Lost
Kerala,Kasaragod,RAJMOHAN UNNITHAN,Indian National Congress,490659,44.1,Won
Kerala,Kasaragod,M.V BALAKRISHNAN MASTER,Communist Party of India  (Marxist),390010,35.06,Lost
Kerala,Kasaragod,M.L ASHWINI,Bharatiya Janata Party,219558,19.73,Lost
Kerala,Kasaragod,SUKUMARI M,Bahujan Samaj Party,1612,0.14,Lost
Kerala,Kasaragod,RAJESWARI K.R,Independent,897,0.08,Lost
Kerala,Kasaragod,MANOHARAN K,Independent,804,0.07,Lost
Kerala,Kasaragod,ANEESH PAYYANNUR,Independent,759,0.07,Lost
Kerala,Kasaragod,BALAKRISHNAN N,Independent,628,0.06,Lost
Kerala,Kasaragod,N KESHAVA NAYAK,Independent,507,0.05,Lost
Kerala,Kasaragod,NOTA,None of the Above,7112,0.64,Lost
Kerala,Kollam,N K PREMACHANDRAN,Revolutionary Socialist Party,443628,48.45,Won
Kerala,Kollam,M MUKESH,Communist Party of India  (Marxist),293326,32.03,Lost
Kerala,Kollam,KRISHNAKUMAR G,Bharatiya Janata Party,163210,17.82,Lost
Kerala,Kollam,VIPINLAL VIDHYADHARAN,Bahujan Samaj Party,2194,0.24,Lost
Kerala,Kollam,PREMACHANDRAN NAIR,Independent,1734,0.19,Lost
Kerala,Kollam,GOKULAM SURESH KUMAR,Independent,1374,0.15,Lost
Kerala,Kollam,PRADEEP KOTTARAKKARA,Bharatheeya Jawan Kisan Party,835,0.09,Lost
Kerala,Kollam,TWINKLE PRABHAKARAN,Socialist Unity Centre Of India (COMMUNIST),708,0.08,Lost
Kerala,Kollam,JOSE SARANATH,Ambedkarite Party of India,559,0.06,Lost
Kerala,Kollam,BRO NOUSHAD  SHERIFF J,Independent,579,0.06,Lost
Kerala,Kollam,P KRISHNAMMAL,Marxist Communist Party of India (United),549,0.06,Lost
Kerala,Kollam,N JAYARAJAN,Independent,449,0.05,Lost
Kerala,Kollam,NOTA,None of the Above,6546,0.71,Lost
Kerala,Kottayam,ADV K FRANCIS GEORGE,Kerala Congress,364631,43.6,Won
Kerala,Kottayam,THOMAS CHAZHIKADAN,Kerala Congress  (M),277365,33.17,Lost
Kerala,Kottayam,THUSHAR VELLAPPALLY,Bharath Dharma Jana Sena,165046,19.74,Lost
Kerala,Kottayam,VIJU CHERIAN,Bahujan Samaj Party,7223,0.86,Lost
Kerala,Kottayam,P O PETER,Samajwadi Jan Parishad,1637,0.2,Lost
Kerala,Kottayam,V P KOCHUMON,Socialist Unity Centre Of India (COMMUNIST),1595,0.19,Lost
Kerala,Kottayam,JOSSIN K JOSEPH,Independent,1489,0.18,Lost
Kerala,Kottayam,CHANDRABOSE P,Independent,1087,0.13,Lost
Kerala,Kottayam,M M SCARIA,Independent,927,0.11,Lost
Kerala,Kottayam,JOEMON JOSEPH SRAMPICKAL A P J JUMAN V S,Independent,893,0.11,Lost
Kerala,Kottayam,ROBY MATTAPPALLY,Independent,739,0.09,Lost
Kerala,Kottayam,SANTHOSH PULICKAL,Independent,710,0.08,Lost
Kerala,Kottayam,SUNIL ALANCHERIL,Independent,527,0.06,Lost
Kerala,Kottayam,MAN HOUSE MANMADHAN,Independent,421,0.05,Lost
Kerala,Kottayam,NOTA,None of the Above,11933,1.43,Lost
Kerala,Kozhikode,M. K. RAGHAVAN,Indian National Congress,520421,47.74,Won
Kerala,Kozhikode,ELAMARAM KAREEM,Communist Party of India  (Marxist),374245,34.33,Lost
Kerala,Kozhikode,M. T. RAMESH,Bharatiya Janata Party,180666,16.57,Lost
Kerala,Kozhikode,ARAMUKHAN,Bahujan Samaj Party,1715,0.16,Lost
Kerala,Kozhikode,ARAVINDAKSHAN NAIR M. K.,Bharatheeya Jawan Kisan Party,1305,0.12,Lost
Kerala,Kozhikode,RAGHAVAN S/O NARAYANAN NAIR,Independent,1096,0.1,Lost
Kerala,Kozhikode,T. RAGHAVAN S/O VELLANKUTTY,Independent,1018,0.09,Lost
Kerala,Kozhikode,N. RAGHAVAN S/O DAMU,Independent,782,0.07,Lost
Kerala,Kozhikode,SUBHA,Independent,712,0.07,Lost
Kerala,Kozhikode,DR. M. JYOTHIRAJ,Socialist Unity Centre Of India (COMMUNIST),653,0.06,Lost
Kerala,Kozhikode,ABDUL KAREEM S/O MAHAMMOOD,Independent,541,0.05,Lost
Kerala,Kozhikode,ABDUL KAREEM S/O AYAMMATH KUTTY,Independent,287,0.03,Lost
Kerala,Kozhikode,ABDUL KAREEM K. S/O ASSAIN,Independent,293,0.03,Lost
Kerala,Kozhikode,NOTA,None of the Above,6316,0.58,Lost
Kerala,Malappuram,E.T.  MOHAMMED BASHEER,Indian Union Muslim League,644006,59.35,Won
Kerala,Malappuram,V. VASEEF,Communist Party of India  (Marxist),343888,31.69,Lost
Kerala,Malappuram,DR. ABDUL SALAM,Bharatiya Janata Party,85361,7.87,Lost
Kerala,Malappuram,T. KRISHNAN,Bahujan Samaj Party,1417,0.13,Lost
Kerala,Malappuram,P.C. NARAYANAN,Bahujan Dravida Party,1309,0.12,Lost
Kerala,Malappuram,NASEEF ALI MULLAPPALLI,Independent,1168,0.11,Lost
Kerala,Malappuram,ABDULSALAM S/O MUHAMMED HAJI,Independent,783,0.07,Lost
Kerala,Malappuram,THRISSUR NAZEER,Independent,484,0.04,Lost
Kerala,Malappuram,NOTA,None of the Above,6766,0.62,Lost
Kerala,Mavelikkara,KODIKUNNIL SURESH,Indian National Congress,369516,41.29,Won
Kerala,Mavelikkara,ADV ARUN KUMAR C A,Communist Party of India,358648,40.07,Lost
Kerala,Mavelikkara,BAIJU KALASALA,Bharath Dharma Jana Sena,142984,15.98,Lost
Kerala,Mavelikkara,C MONICHEN,Independent,4974,0.56,Lost
Kerala,Mavelikkara,SANTHOSH PALATHUMPADAN,Bahujan Samaj Party,4306,0.48,Lost
Kerala,Mavelikkara,SURESH NOORANAD,Ambedkarite Party of India,1505,0.17,Lost
Kerala,Mavelikkara,K BIMALJI,Socialist Unity Centre Of India (COMMUNIST),1370,0.15,Lost
Kerala,Mavelikkara,MANTHARA VELAYUDHAN,Independent,929,0.1,Lost
Kerala,Mavelikkara,KOZHUVASSERIL SURESH,Independent,856,0.1,Lost
Kerala,Mavelikkara,NOTA,None of the Above,9883,1.1,Lost
Kerala,Palakkad,V K SREEKANDAN,Indian National Congress,421169,40.66,Won
Kerala,Palakkad,A VIJAYARAGHAVAN,Communist Party of India  (Marxist),345886,33.39,Lost
Kerala,Palakkad,C KRISHNAKUMAR,Bharatiya Janata Party,251778,24.31,Lost
Kerala,Palakkad,K T PADMINI,Bahujan Samaj Party,2132,0.21,Lost
Kerala,Palakkad,ANNA KURIAKOSE,Independent,1433,0.14,Lost
Kerala,Palakkad,N S K PURAM SASIKUMAR,Independent,1177,0.11,Lost
Kerala,Palakkad,RAJESH K SON OF VELANKUTTY,Independent,1056,0.1,Lost
Kerala,Palakkad,RAJESH M SON OF MANI C,Independent,953,0.09,Lost
Kerala,Palakkad,SIDHEEK IRUPPASSERY,Independent,939,0.09,Lost
Kerala,Palakkad,C RAJAMANICKAM,Independent,520,0.05,Lost
Kerala,Palakkad,NOTA,None of the Above,8793,0.85,Lost
Kerala,Pathanamthitta,ANTO ANTONY,Indian National Congress,367623,39.98,Won
Kerala,Pathanamthitta,DR.T.M.THOMAS ISSAC,Communist Party of India  (Marxist),301504,32.79,Lost
Kerala,Pathanamthitta,ANIL K.ANTONY,Bharatiya Janata Party,234406,25.49,Lost
Kerala,Pathanamthitta,ADV.P.K.GEETHAKRISHNAN,Bahujan Samaj Party,3972,0.43,Lost
Kerala,Pathanamthitta,JOY P.MATHEW,People's Party of India(secular),1181,0.13,Lost
Kerala,Pathanamthitta,K.C.THOMAS,Independent,1101,0.12,Lost
Kerala,Pathanamthitta,ADV.HARIKUMAR M.K.,Ambedkarite Party of India,762,0.08,Lost
Kerala,Pathanamthitta,ANOOP V.,Independent,609,0.07,Lost
Kerala,Pathanamthitta,NOTA,None of the Above,8411,0.91,Lost
Kerala,Ponnani,DR. M.P ABDUSSAMAD SAMADANI,Indian Union Muslim League,562516,54.81,Won
Kerala,Ponnani,K.S HAMZA,Communist Party of India  (Marxist),326756,31.84,Lost
Kerala,Ponnani,ADV. NIVEDIDA,Bharatiya Janata Party,124798,12.16,Lost
Kerala,Ponnani,ABDUSSAMED MALAYAMPALLI,Independent,1653,0.16,Lost
Kerala,Ponnani,VINOD,Bahujan Samaj Party,1477,0.14,Lost
Kerala,Ponnani,HAMSA S/O MOIDUTTY,Independent,978,0.1,Lost
Kerala,Ponnani,BINDHU W/O DEVARAJAN,Independent,847,0.08,Lost
Kerala,Ponnani,HAMZA KADAVANDI,Independent,710,0.07,Lost
Kerala,Ponnani,NOTA,None of the Above,6561,0.64,Lost
Kerala,Thiruvananthapuram,SHASHI THAROOR,Indian National Congress,358155,37.19,Won
Kerala,Thiruvananthapuram,RAJEEV CHANDRASEKHAR,Bharatiya Janata Party,342078,35.52,Lost
Kerala,Thiruvananthapuram,PANNIAN RAVINDRAN,Communist Party of India,247648,25.72,Lost
Kerala,Thiruvananthapuram,ADV RAJENDRAN,Bahujan Samaj Party,2352,0.24,Lost
Kerala,Thiruvananthapuram,ADV SHINE LAL M P,Independent,1483,0.15,Lost
Kerala,Thiruvananthapuram,J J RUSSELL,Independent,1365,0.14,Lost
Kerala,Thiruvananthapuram,S MINI,Socialist Unity Centre Of India (COMMUNIST),1109,0.12,Lost
Kerala,Thiruvananthapuram,M S SUBI,Independent,599,0.06,Lost
Kerala,Thiruvananthapuram,CHALAI MOHANAN,Independent,400,0.04,Lost
Kerala,Thiruvananthapuram,NANDAVANAM SUSEELAN,Independent,420,0.04,Lost
Kerala,Thiruvananthapuram,SHAJU PALIYODU,Independent,388,0.04,Lost
Kerala,Thiruvananthapuram,SASI KONGAPALLY,Independent,233,0.02,Lost
Kerala,Thiruvananthapuram,NOTA,None of the Above,6753,0.7,Lost
Kerala,Thrissur,SURESH GOPI,Bharatiya Janata Party,412338,37.8,Won
Kerala,Thrissur,ADV V S SUNILKUMAR,Communist Party of India,337652,30.95,Lost
Kerala,Thrissur,K MURALEEDHARAN,Indian National Congress,328124,30.08,Lost
Kerala,Thrissur,ADV P K NARAYANAN,Bahujan Samaj Party,2019,0.19,Lost
Kerala,Thrissur,SUNILKUMAR SON OF PRABHAKARAN,Independent,1952,0.18,Lost
Kerala,Thrissur,DIVAKARAN PALLATH,New Labour Party,819,0.08,Lost
Kerala,Thrissur,M S JAFARGHAN,Independent,698,0.06,Lost
Kerala,Thrissur,PRATHAPAN,Independent,709,0.06,Lost
Kerala,Thrissur,JOSHI VILLADOM,Independent,493,0.05,Lost
Kerala,Thrissur,NOTA,None of the Above,6072,0.56,Lost
Kerala,Vadakara,SHAFI PARAMBIL,Indian National Congress,557528,49.65,Won
Kerala,Vadakara,K K SHAILAJA TEACHER,Communist Party of India  (Marxist),443022,39.45,Lost
Kerala,Vadakara,PRAPHUL KRISHNAN,Bharatiya Janata Party,111979,9.97,Lost
Kerala,Vadakara,SHAFI T P,Independent,3764,0.34,Lost
Kerala,Vadakara,K K SHYLAJA,Independent,1179,0.1,Lost
Kerala,Vadakara,KUNHIKANNAN PAYYOLI,Independent,869,0.08,Lost
Kerala,Vadakara,SHYLAJA,Independent,680,0.06,Lost
Kerala,Vadakara,SHAFI,Independent,422,0.04,Lost
Kerala,Vadakara,SYLAJA P,Independent,326,0.03,Lost
Kerala,Vadakara,MURALIDHARAN,Independent,269,0.02,Lost
Kerala,Vadakara,NOTA,None of the Above,2909,0.26,Lost
Kerala,Wayanad,RAHUL GANDHI,Indian National Congress,647445,59.69,Won
Kerala,Wayanad,ANNIE RAJA,Communist Party of India,283023,26.09,Lost
Kerala,Wayanad,K SURENDRAN,Bharatiya Janata Party,141045,13,Lost
Kerala,Wayanad,P.R KRISHNANKUTTY,Bahujan Samaj Party,1973,0.18,Lost
Kerala,Wayanad,SATHYAN K.P,Independent,1059,0.1,Lost
Kerala,Wayanad,SINOJ A.C,Independent,903,0.08,Lost
Kerala,Wayanad,PRASEETHA AZHIKODE,Independent,840,0.08,Lost
Kerala,Wayanad,AJEEB MUHAMMED,Independent,804,0.07,Lost
Kerala,Wayanad,P RADHAKRISHNAN,Independent,562,0.05,Lost
Kerala,Wayanad,NOTA,None of the Above,6999,0.65,Lost
Ladakh,Ladakh,MOHMAD HANEEFA,Independent,65259,48.15,Won
Ladakh,Ladakh,TSERING NAMGYAL,Indian National Congress,37397,27.59,Lost
Ladakh,Ladakh,TASHI GYALSON,Bharatiya Janata Party,31956,23.58,Lost
Ladakh,Ladakh,NOTA,None of the Above,912,0.67,Lost
Lakshadweep,Lakshadweep,MUHAMMED HAMDULLAH SAYEED,Indian National Congress,25726,52.29,Won
Lakshadweep,Lakshadweep,MOHAMMED FAIZAL PP,Nationalist Congress Party – Sharadchandra Pawar,23079,46.91,Lost
Lakshadweep,Lakshadweep,YOUSUF TP,Nationalist Congress Party,201,0.41,Lost
Lakshadweep,Lakshadweep,KOYA,Independent,61,0.12,Lost
Lakshadweep,Lakshadweep,NOTA,None of the Above,133,0.27,Lost
Madhya Pradesh,BALAGHAT,BHARTI PARDHI,Bharatiya Janata Party,712660,51.56,Won
Madhya Pradesh,BALAGHAT,SAMRAT ASHOK SINGH SARASWAR,Indian National Congress,538148,38.93,Lost
Madhya Pradesh,BALAGHAT,KANKAR MUNJARE,Bahujan Samaj Party,53134,3.84,Lost
Madhya Pradesh,BALAGHAT,BHUVAN SINGH KORAM,Independent,13074,0.95,Lost
Madhya Pradesh,BALAGHAT,NANDLAL UIKEY,Gondvana Gantantra Party,12422,0.9,Lost
Madhya Pradesh,BALAGHAT,D.L. MANESHWAR,Peoples Party of India (Democratic),10017,0.72,Lost
Madhya Pradesh,BALAGHAT,DHANENDRA DEV PAWAR BANWARI SETH,Independent,7245,0.52,Lost
Madhya Pradesh,BALAGHAT,MAHADEV NAGDEVE,Independent,7192,0.52,Lost
Madhya Pradesh,BALAGHAT,RAJKUMAR NAGESHWER,Independent,6728,0.49,Lost
Madhya Pradesh,BALAGHAT,MOHAN RAUT,Rashtravadi Bharat Party,3542,0.26,Lost
Madhya Pradesh,BALAGHAT,PRIYANKA SANJAY BHANDARKAR,Bhartiya Shakti Chetna Party,2926,0.21,Lost
Madhya Pradesh,BALAGHAT,ADVOCATE SATYAPRAKASH SHULKE (LODHI),Madhya Pradesh Jan Vikas Party,1932,0.14,Lost
Madhya Pradesh,BALAGHAT,DILEEP CHHABDA,Independent,1750,0.13,Lost
Madhya Pradesh,BALAGHAT,NOTA,None of the Above,11510,0.83,Lost
Madhya Pradesh,BETUL,DURGADAS (D. D.) UIKEY,Bharatiya Janata Party,848236,60.76,Won
Madhya Pradesh,BETUL,RAMU TEKAM,Indian National Congress,468475,33.56,Lost
Madhya Pradesh,BETUL,ARJUN ASHOK BHALAVI,Bahujan Samaj Party,26597,1.91,Lost
Madhya Pradesh,BETUL,ANIL UIKEY,Bharat Adivasi Party,10576,0.76,Lost
Madhya Pradesh,BETUL,BHURELAL CHOTELAL BETHEKAR,Independent,7811,0.56,Lost
Madhya Pradesh,BETUL,BHAGCHARAN WARKADE,Independent,5968,0.43,Lost
Madhya Pradesh,BETUL,SUNER UIKEY,Gondvana Gantantra Party,4186,0.3,Lost
Madhya Pradesh,BETUL,BARSKAR SUBHASH KORAKU,Swatantra Kisan Party,3849,0.28,Lost
Madhya Pradesh,BETUL,NOTA,None of the Above,20322,1.46,Lost
Madhya Pradesh,BHIND,SANDHYA RAY,Bharatiya Janata Party,537065,51.2,Won
Madhya Pradesh,BHIND,PHOOL SINGH BARAIYA,Indian National Congress,472225,45.02,Lost
Madhya Pradesh,BHIND,DEVASHISH JARARIYA,Bahujan Samaj Party,20465,1.95,Lost
Madhya Pradesh,BHIND,UMESH GARG,Independent,5072,0.48,Lost
Madhya Pradesh,BHIND,REKHA SHAKYA,Independent,2667,0.25,Lost
Madhya Pradesh,BHIND,HARIMOHAN,Independent,2610,0.25,Lost
Madhya Pradesh,BHIND,RAKESH,Independent,2369,0.23,Lost
Madhya Pradesh,BHIND,NOTA,None of the Above,6534,0.62,Lost
Madhya Pradesh,BHOPAL,ALOK SHARMA,Bharatiya Janata Party,981109,65.48,Won
Madhya Pradesh,BHOPAL,ADVOCATE ARUN SHRIVASTAVA,Indian National Congress,479610,32.01,Lost
Madhya Pradesh,BHOPAL,BHANU PRATAP SINGH,Bahujan Samaj Party,13305,0.89,Lost
Madhya Pradesh,BHOPAL,DEENDAYAL AHIRWAR URF DEENU BHAIYA,Independent,3641,0.24,Lost
Madhya Pradesh,BHOPAL,JAY SINGH,Independent,2510,0.17,Lost
Madhya Pradesh,BHOPAL,BHARTI YADAV,Independent,1839,0.12,Lost
Madhya Pradesh,BHOPAL,ANKIT RAI,Independent,1101,0.07,Lost
Madhya Pradesh,BHOPAL,DHANRAJ SHENDE,Republican Party of India (A),790,0.05,Lost
Madhya Pradesh,BHOPAL,AJAY KUMAR PATHAK,Chhatrapati Shivaji Bhartiya Garib Party,790,0.05,Lost
Madhya Pradesh,BHOPAL,MOHAMMAD ASHRAF,Independent,778,0.05,Lost
Madhya Pradesh,BHOPAL,BABULAL SEN,Moulik Adhikar Party,720,0.05,Lost
Madhya Pradesh,BHOPAL,SANJAY KUMAR SAROJ,Manav Samadhan Party,622,0.04,Lost
Madhya Pradesh,BHOPAL,BALRAM SINGH TAUMAR,Bhartiya Shakti Chetna Party,588,0.04,Lost
Madhya Pradesh,BHOPAL,RAMPRASAD PATEL,Kranti Janshakti Party,575,0.04,Lost
Madhya Pradesh,BHOPAL,MUDIT CHAURASIA,Akhil Bhartiya Aarakshit Samaj Party,544,0.04,Lost
Madhya Pradesh,BHOPAL,MUDIT BHATNAGAR,Socialist Unity Centre Of India (COMMUNIST),540,0.04,Lost
Madhya Pradesh,BHOPAL,R.K. MAHAJAN,Independent,529,0.04,Lost
Madhya Pradesh,BHOPAL,ABDUL TAHIR ADVOCATE (BABLU RAJNIKANT)  S/O SAEED PAHELWAN ANSARI,Bahujan Maha Party,473,0.03,Lost
Madhya Pradesh,BHOPAL,MAITHILI SHARAN GUPTA,Independent,448,0.03,Lost
Madhya Pradesh,BHOPAL,RAJESH KEER,Independent,427,0.03,Lost
Madhya Pradesh,BHOPAL,AKSHAY GOTHI,Parivartan Party of India,407,0.03,Lost
Madhya Pradesh,BHOPAL,HITENDRA SHAHARE (BABA),Independent,318,0.02,Lost
Madhya Pradesh,BHOPAL,NOTA,None of the Above,6621,0.44,Lost
Madhya Pradesh,CHHINDWARA,BUNTY VIVEK SAHU,Bharatiya Janata Party,644738,49.41,Won
Madhya Pradesh,CHHINDWARA,NAKUL KAMALNATH,Indian National Congress,531120,40.7,Lost
Madhya Pradesh,CHHINDWARA,DEVIRAM URF DEV RAVEN BHALAVI,Gondvana Gantantra Party,55988,4.29,Lost
Madhya Pradesh,CHHINDWARA,UMAKANT BANDEWAR,Bahujan Samaj Party,11823,0.91,Lost
Madhya Pradesh,CHHINDWARA,KAPIL SONI,Rashtriya Gondvana Party,9638,0.74,Lost
Madhya Pradesh,CHHINDWARA,SIRAJ SHEKH,Independent,9568,0.73,Lost
Madhya Pradesh,CHHINDWARA,PAWANSHAH SARYAM,Independent,6621,0.51,Lost
Madhya Pradesh,CHHINDWARA,SUBHASH SHUKLA,Independent,5769,0.44,Lost
Madhya Pradesh,CHHINDWARA,RAJENDRA DONGRE,Independent,4632,0.35,Lost
Madhya Pradesh,CHHINDWARA,GOVIND BHALAVI,Independent,4029,0.31,Lost
Madhya Pradesh,CHHINDWARA,MOHD. PARVEZ QURESHI,Independent,3828,0.29,Lost
Madhya Pradesh,CHHINDWARA,AJAY BARKADE,Independent,2495,0.19,Lost
Madhya Pradesh,CHHINDWARA,KUSHWAHA RAJESH TANTRIK,Ahinsa Samaj Party,1698,0.13,Lost
Madhya Pradesh,CHHINDWARA,""" PRAKASH ALIAS BANTY "" PARTETI",Rashtra Samarpan Party,1654,0.13,Lost
Madhya Pradesh,CHHINDWARA,FOGAL BANSOD,Republican Party of India (A),1323,0.1,Lost
Madhya Pradesh,CHHINDWARA,NOTA,None of the Above,9903,0.76,Lost
Madhya Pradesh,DAMOH,RAHUL SINGH LODHI,Bharatiya Janata Party,709768,65.18,Won
Madhya Pradesh,DAMOH,TARBAR SINGH LODHI (BANTU BHAIYA),Indian National Congress,303342,27.86,Lost
Madhya Pradesh,DAMOH,ENGINEER GOVERDHAN RAJ,Bahujan Samaj Party,21404,1.97,Lost
Madhya Pradesh,DAMOH,BHAIYA VIJAY PATEL (KURMI) TIRGARH BALE,Bhartiya Shakti Chetna Party,12217,1.12,Lost
Madhya Pradesh,DAMOH,MANU SINGH MARAVI,Bharat Adivasi Party,7887,0.72,Lost
Madhya Pradesh,DAMOH,RAHUL BHAIYA S/O RAM PRATAP,Independent,6285,0.58,Lost
Madhya Pradesh,DAMOH,RAHUL BHAIYA S/O JEEVAN LAL,Independent,5561,0.51,Lost
Madhya Pradesh,DAMOH,VEDRAM KURMI,Independent,4057,0.37,Lost
Madhya Pradesh,DAMOH,RAJESH SINGH SOYAM,Gondvana Gantantra Party,3190,0.29,Lost
Madhya Pradesh,DAMOH,RAKESH KUMAR AHIRWAR,Independent,2051,0.19,Lost
Madhya Pradesh,DAMOH,NANDAN KUMAR AHIRWAL,Independent,1853,0.17,Lost
Madhya Pradesh,DAMOH,NEELESH SONI,Independent,1278,0.12,Lost
Madhya Pradesh,DAMOH,DURGA MOUSI,Independent,1124,0.1,Lost
Madhya Pradesh,DAMOH,TARVAR SINGH LODHI,Independent,1094,0.1,Lost
Madhya Pradesh,DAMOH,NOTA,None of the Above,7833,0.72,Lost
Madhya Pradesh,DEWAS,MAHENDRA SINGH SOLANKY,Bharatiya Janata Party,928941,63.23,Won
Madhya Pradesh,DEWAS,RAJENDRA RADHAKISHAN MALVIYA,Indian National Congress,503716,34.29,Lost
Madhya Pradesh,DEWAS,RAJENDRASINGH CHOKHUTIYA,Bahujan Samaj Party,11203,0.76,Lost
Madhya Pradesh,DEWAS,RAMPRASAD,Aazad Samaj Party (Kanshi Ram),7220,0.49,Lost
Madhya Pradesh,DEWAS,NITIN VERMA,Independent,2761,0.19,Lost
Madhya Pradesh,DEWAS,ADVOCATE VIDAYARAJ MALAVIY,Social Democratic Party Of India,2031,0.14,Lost
Madhya Pradesh,DEWAS,ENG. DEEPAK RAMESH CHANDRA VICHITRA,Independent,1595,0.11,Lost
Madhya Pradesh,DEWAS,HEMRAJ POONAMCHANDRA BAMNIYA,Public Political Party,1248,0.08,Lost
Madhya Pradesh,DEWAS,NOTA,None of the Above,10389,0.71,Lost
Madhya Pradesh,DHAR,SAVITRI THAKUR,Bharatiya Janata Party,794449,55.75,Won
Madhya Pradesh,DHAR,RADHESHYAM MUVEL,Indian National Congress,575784,40.4,Lost
Madhya Pradesh,DHAR,DHUMSINGH MANDLOI MACHHAR,Bahujan Samaj Party,14956,01.05,Lost
Madhya Pradesh,DHAR,JITENDRA MUNIYA,Bharat Adivasi Party,10621,0.75,Lost
Madhya Pradesh,DHAR,SUNIL AJRAWAT,Independent,5408,0.38,Lost
Madhya Pradesh,DHAR,SHIVAJI PATEL KALMI,Independent,4700,0.33,Lost
Madhya Pradesh,DHAR,VIKRAM VASUNIYA,Janata Congress,3475,0.24,Lost
Madhya Pradesh,DHAR,NOTA,None of the Above,15651,1.1,Lost
Madhya Pradesh,GUNA,JYOTIRADITYA M. SCINDIA,Bharatiya Janata Party,923302,67.21,Won
Madhya Pradesh,GUNA,YADVENDRA RAO DESHRAJ SINGH,Indian National Congress,382373,27.83,Lost
Madhya Pradesh,GUNA,DHANIRAM CHAUDHARY,Bahujan Samaj Party,30235,2.2,Lost
Madhya Pradesh,GUNA,KANCHHEDI LAL KUSHWAHA,Mahanwadi Party,5856,0.43,Lost
Madhya Pradesh,GUNA,ADVOCATE KARANSINGH JATAV,Aazad Samaj Party (Kanshi Ram),5485,0.4,Lost
Madhya Pradesh,GUNA,HEMANT SINGH KUSHWAHA,Independent,3453,0.25,Lost
Madhya Pradesh,GUNA,RAKESH,Independent,3052,0.22,Lost
Madhya Pradesh,GUNA,MAHENDRA JAIN BHAIYAN,Independent,1999,0.15,Lost
Madhya Pradesh,GUNA,MOHAN,Independent,1886,0.14,Lost
Madhya Pradesh,GUNA,GAJANAND KUSHWAH,Independent,1597,0.12,Lost
Madhya Pradesh,GUNA,MANISH SHRIVASTAVA,Socialist Unity Centre Of India (COMMUNIST),1348,0.1,Lost
Madhya Pradesh,GUNA,MANMOHAN,Independent,1149,0.08,Lost
Madhya Pradesh,GUNA,KISAN LAL AHIRWAR,Independent,1044,0.08,Lost
Madhya Pradesh,GUNA,MOHAMMAD JAVED ANSARI,Rashtriya Jansena Party,983,0.07,Lost
Madhya Pradesh,GUNA,D.S. CHAUHAN (ADVOCATE),Rashtriya Samaj Paksha,915,0.07,Lost
Madhya Pradesh,GUNA,NOTA,None of the Above,9089,0.66,Lost
Madhya Pradesh,GWALIOR,BHARAT SINGH KUSHWAH,Bharatiya Janata Party,671535,49.99,Won
Madhya Pradesh,GWALIOR,PRAVEEN PATHAK,Indian National Congress,601325,44.77,Lost
Madhya Pradesh,GWALIOR,KALYAN SINGH KANSANA,Bahujan Samaj Party,33465,2.49,Lost
Madhya Pradesh,GWALIOR,ARCHANA SINGH RATHORE,Rashtriya Samaj Paksha,5892,0.44,Lost
Madhya Pradesh,GWALIOR,BHARAT PAL,Aazad Samaj Party (Kanshi Ram),4163,0.31,Lost
Madhya Pradesh,GWALIOR,ER. MAHENDRA PRATAP SINGH PAL,Independent,3783,0.28,Lost
Madhya Pradesh,GWALIOR,RAKESH DHAKAD,Independent,3220,0.24,Lost
Madhya Pradesh,GWALIOR,YASHDEV SHARMA,Independent,2571,0.19,Lost
Madhya Pradesh,GWALIOR,DEEPAK KUMAR BANSAL (RANG WALE),Independent,2448,0.18,Lost
Madhya Pradesh,GWALIOR,SHREE NARESH CHANDRA SHARMA,Independent,2216,0.16,Lost
Madhya Pradesh,GWALIOR,GAJENDRA SINGH,Independent,1348,0.1,Lost
Madhya Pradesh,GWALIOR,ANJALI MONU RAWAT,Parivartan Party of India,1279,0.1,Lost
Madhya Pradesh,GWALIOR,ADVOCATE MUKESH KUMAR KORI,Independent,1134,0.08,Lost
Madhya Pradesh,GWALIOR,RAM PRAKASH SINGH PAL,Rashtra Uday Party,1071,0.08,Lost
Madhya Pradesh,GWALIOR,CHANDAN RATHORE,Parivartan Samaj Party,1059,0.08,Lost
Madhya Pradesh,GWALIOR,DR. P. D. AGARWAL SR. MEDICAL CONSULTANT,Independent,1021,0.08,Lost
Madhya Pradesh,GWALIOR,AMIT PARIHAR,Independent,883,0.07,Lost
Madhya Pradesh,GWALIOR,COMRADE RACHNA AGRAWAL,Socialist Unity Centre Of India (COMMUNIST),803,0.06,Lost
Madhya Pradesh,GWALIOR,MUNESH NAGAR,Vikas India Party,672,0.05,Lost
Madhya Pradesh,GWALIOR,NOTA,None of the Above,3341,0.25,Lost
Madhya Pradesh,HOSHANGABAD,DARSHAN SINGH CHOUDHARY,Bharatiya Janata Party,812147,64.99,Won
Madhya Pradesh,HOSHANGABAD,SANJAY SHARMA SANJU BHAIYA,Indian National Congress,380451,30.44,Lost
Madhya Pradesh,HOSHANGABAD,RAMGOVIND BARUAA,Bahujan Samaj Party,15387,1.23,Lost
Madhya Pradesh,HOSHANGABAD,PANDIT DIVYENDRA BRIJMOHAN DUBEY ADVOCATE,Bharatiya Yuva Jan Ekta Party,6168,0.49,Lost
Madhya Pradesh,HOSHANGABAD,RAKESH RAMPRASAD RICKY,Independent,5079,0.41,Lost
Madhya Pradesh,HOSHANGABAD,SARJERAO SAHARE,Independent,4493,0.36,Lost
Madhya Pradesh,HOSHANGABAD,PATRAKAR TILAK JATAV,Independent,2260,0.18,Lost
Madhya Pradesh,HOSHANGABAD,YUVRAJ GAVADE,Independent,2215,0.18,Lost
Madhya Pradesh,HOSHANGABAD,JYOTI SURESH JHARIYA,Independent,2046,0.16,Lost
Madhya Pradesh,HOSHANGABAD,MAKHAN SINGH LODHI,Bhartiya Shakti Chetna Party,1657,0.13,Lost
Madhya Pradesh,HOSHANGABAD,MUKESH YADAV,Independent,1588,0.13,Lost
Madhya Pradesh,HOSHANGABAD,PANDIT BRAJESH KHEMARIYA,Independent,1260,0.1,Lost
Madhya Pradesh,HOSHANGABAD,NOTA,None of the Above,14941,1.2,Lost
Madhya Pradesh,INDORE,SHANKAR LALWANI,Bharatiya Janata Party,1226751,78.54,Won
Madhya Pradesh,INDORE,SANJAY S/O LAKSHMAN SOLANKI,Bahujan Samaj Party,51659,3.31,Lost
Madhya Pradesh,INDORE,PAWAN KUMAR,Akhil Bhartiya Parivar Party,15210,0.97,Lost
Madhya Pradesh,INDORE,ABHAY JAIN,Independent,8392,0.54,Lost
Madhya Pradesh,INDORE,LAVISH DILIP KHANDELWAL,Independent,8238,0.53,Lost
Madhya Pradesh,INDORE,COMRADE AJEET SINGH,Socialist Unity Centre Of India (COMMUNIST),7179,0.46,Lost
Madhya Pradesh,INDORE,AYAZ ALI,Independent,7096,0.45,Lost
Madhya Pradesh,INDORE,ENG. ARJUN PARIHAR,Independent,3831,0.25,Lost
Madhya Pradesh,INDORE,BASANT GEHLOT,Jan Sangh Party,3676,0.24,Lost
Madhya Pradesh,INDORE,RAVI SIRWAIYA,Independent,2621,0.17,Lost
Madhya Pradesh,INDORE,MUDIT CHAURASIA,Independent,2609,0.17,Lost
Madhya Pradesh,INDORE,PARMANAND TOLANI,Independent,2403,0.15,Lost
Madhya Pradesh,INDORE,DESH BHAKT ANKIT GUPTA,Independent,1969,0.13,Lost
Madhya Pradesh,INDORE,ADVOCATE PANKAJ GUPTE,Independent,1660,0.11,Lost
Madhya Pradesh,INDORE,NOTA,None of the Above,218674,14,Lost
Madhya Pradesh,JABALPUR,ASHISH DUBEY,Bharatiya Janata Party,790133,68.2,Won
Madhya Pradesh,JABALPUR,DINESH YADAV,Indian National Congress,303459,26.19,Lost
Madhya Pradesh,JABALPUR,RAKESH CHOUDHARY,Bahujan Samaj Party,21416,1.85,Lost
Madhya Pradesh,JABALPUR,FOJI VIJAY HALDKAR (EX-ARMY),Independent,7043,0.61,Lost
Madhya Pradesh,JABALPUR,MAHAVEER JAIN,Independent,6468,0.56,Lost
Madhya Pradesh,JABALPUR,ADVOCATE UDAY KUMAR SAHU,Gondvana Gantantra Party,4848,0.42,Lost
Madhya Pradesh,JABALPUR,"ER. PRAVIN GAJBHIYE ""DADA""",Independent,3440,0.3,Lost
Madhya Pradesh,JABALPUR,POORNESH KUMAR JAIN,Independent,2823,0.24,Lost
Madhya Pradesh,JABALPUR,SWATANATRA SAMAJ SEVI VINAY CHAKRAVARTI,Independent,2491,0.22,Lost
Madhya Pradesh,JABALPUR,JAGDISH SINGH LODHI,Bhartiya Shakti Chetna Party,1875,0.16,Lost
Madhya Pradesh,JABALPUR,DINESH YADAV,Independent,1484,0.13,Lost
Madhya Pradesh,JABALPUR,DR. DHAI AKSHAR,Independent,1400,0.12,Lost
Madhya Pradesh,JABALPUR,ASHOK RANA,Rashtra Nirman Party,1228,0.11,Lost
Madhya Pradesh,JABALPUR,SANTOSH KUMAR KUSHWAHA,Independent,1204,0.1,Lost
Madhya Pradesh,JABALPUR,DASAI RAM KOL,Aadim Samaj Party,1100,0.09,Lost
Madhya Pradesh,JABALPUR,COMRADE SACHIN JAIN,Socialist Unity Centre Of India (COMMUNIST),876,0.08,Lost
Madhya Pradesh,JABALPUR,GULAB SINGH,Independent,829,0.07,Lost
Madhya Pradesh,JABALPUR,LAL SINGH,Rashtriya Samaj Dal (R),752,0.06,Lost
Madhya Pradesh,JABALPUR,RAMKUMAR PASI,Bahujan Awam Party,690,0.06,Lost
Madhya Pradesh,JABALPUR,NOTA,None of the Above,4986,0.43,Lost
Madhya Pradesh,KHAJURAHO,VISHNU DATT SHARMA (V.D.SHARMA),Bharatiya Janata Party,772774,67.75,Won
Madhya Pradesh,KHAJURAHO,KAMLESH KUMAR,Bahujan Samaj Party,231545,20.3,Lost
Madhya Pradesh,KHAJURAHO,R. B. PRAJAPATI (RAJA BHAIYA) EX.I.A.S.,All India Forward Bloc,50215,4.4,Lost
Madhya Pradesh,KHAJURAHO,MOHAMMAD IMRAN,Rashtriya Jansambhavna Party,17873,1.57,Lost
Madhya Pradesh,KHAJURAHO,PENTER SUNMAN SINGH LODHI,Independent,10011,0.88,Lost
Madhya Pradesh,KHAJURAHO,KAPIL GUPTA BHARTIYA,Akhil Bhartiya Parivar Party,7564,0.66,Lost
Madhya Pradesh,KHAJURAHO,LAXMI PRASAD,Independent,6764,0.59,Lost
Madhya Pradesh,KHAJURAHO,NANDKISHOR,Peoples Party of India (Democratic),6027,0.53,Lost
Madhya Pradesh,KHAJURAHO,PANKAJ MAURYA (KUSHWAHA),Gondvana Gantantra Party,4740,0.42,Lost
Madhya Pradesh,KHAJURAHO,BITIAYA AHIRWAR,Independent,4026,0.35,Lost
Madhya Pradesh,KHAJURAHO,FIROJKHAN,Independent,3713,0.33,Lost
Madhya Pradesh,KHAJURAHO,GIRAN SINGH,Bhartiya Shakti Chetna Party,3492,0.31,Lost
Madhya Pradesh,KHAJURAHO,KESHKALI,Rashtriya Jansanchar Dal,2872,0.25,Lost
Madhya Pradesh,KHAJURAHO,PANNA LAL TRIPATHI AD.,Indian Peoples Adhikar Party,2797,0.25,Lost
Madhya Pradesh,KHAJURAHO,NOTA,None of the Above,16157,1.42,Lost
Madhya Pradesh,KHANDWA,GYANESHWAR PATIL,Bharatiya Janata Party,862679,57.04,Won
Madhya Pradesh,KHANDWA,NARENDRA PATEL,Indian National Congress,592708,39.19,Lost
Madhya Pradesh,KHANDWA,MUNNALAL S/O DHANNALAL TEJI,Bahujan Samaj Party,11818,0.78,Lost
Madhya Pradesh,KHANDWA,ABHINESH SINGH,Rashtriya Jan Awaz Party,9299,0.61,Lost
Madhya Pradesh,KHANDWA,LAXMI NARAYAN KATARE,Independent,4905,0.32,Lost
Madhya Pradesh,KHANDWA,MANOJ KUMAR VISHWAMBHARNATH AGRAWAL,Independent,4347,0.29,Lost
Madhya Pradesh,KHANDWA,MAHESH PAWAR,Peoples Party of India (Democratic),3709,0.25,Lost
Madhya Pradesh,KHANDWA,SHIVAM SEN,Independent,3481,0.23,Lost
Madhya Pradesh,KHANDWA,RAVINDRA SONVANE,Independent,2685,0.18,Lost
Madhya Pradesh,KHANDWA,PRAKASH RATHOR BANJARA,Aam Janta Party (India),2370,0.16,Lost
Madhya Pradesh,KHANDWA,NARAYAN SUKHADEV PAL,Bharatiya Yuva Jan Ekta Party,1702,0.11,Lost
Madhya Pradesh,KHANDWA,NOTA,None of the Above,12839,0.85,Lost
Madhya Pradesh,KHARGONE,GAJENDRA SINGH PATEL,Bharatiya Janata Party,819863,52.6,Won
Madhya Pradesh,KHARGONE,PORLAL BATHA KHARTE,Indian National Congress,684845,43.93,Lost
Madhya Pradesh,KHARGONE,DEVISINGH NARGAVE,Communist Party of India,14686,0.94,Lost
Madhya Pradesh,KHARGONE,SHOBHARAM DAWAR,Bahujan Samaj Party,12069,0.77,Lost
Madhya Pradesh,KHARGONE,NARSINGH SOLANKI,Independent,9058,0.58,Lost
Madhya Pradesh,KHARGONE,NOTA,None of the Above,18257,1.17,Lost
Madhya Pradesh,MANDLA,FAGGAN SINGH KULASTE,Bharatiya Janata Party,751375,48.93,Won
Madhya Pradesh,MANDLA,OMKAR SINGH MARKAM,Indian National Congress,647529,42.17,Lost
Madhya Pradesh,MANDLA,MAHESH KUMAR WATTEE,Gondvana Gantantra Party,37797,2.46,Lost
Madhya Pradesh,MANDLA,INDAR SINGH UIKEY,Bahujan Samaj Party,16617,01.08,Lost
Madhya Pradesh,MANDLA,CHANDRA SINGH KUSHRAM,Bhartiya Shakti Chetna Party,15558,01.01,Lost
Madhya Pradesh,MANDLA,SITAR MARKAM,Independent,10375,0.68,Lost
Madhya Pradesh,MANDLA,RAKESH SINGH THAKUR,Independent,10346,0.67,Lost
Madhya Pradesh,MANDLA,DR. BHAW SINGH TEKAM,Independent,6401,0.42,Lost
Madhya Pradesh,MANDLA,CHARAN SINGH DHURWEY,Bharat Adivasi Party,4287,0.28,Lost
Madhya Pradesh,MANDLA,ADVOCATE-DEV SINGH KUMRE,Independent,4217,0.27,Lost
Madhya Pradesh,MANDLA,GHUR SINGH SALLAM,Independent,3971,0.26,Lost
Madhya Pradesh,MANDLA,KALIYA BAI KAKODIA,Independent,3001,0.2,Lost
Madhya Pradesh,MANDLA,ASHOK SARAIYA,Independent,2727,0.18,Lost
Madhya Pradesh,MANDLA,RAMKUMAR INWATI [ADVOCATE],Smart Indians Party,2510,0.16,Lost
Madhya Pradesh,MANDLA,NOTA,None of the Above,18921,1.23,Lost
Madhya Pradesh,MANDSOUR,SUDHEER GUPTA,Bharatiya Janata Party,945761,65.98,Won
Madhya Pradesh,MANDSOUR,DILIP SINGH GURJAR,Indian National Congress,445106,31.05,Lost
Madhya Pradesh,MANDSOUR,KANHAIYALAL MALVIYA,Bahujan Samaj Party,10512,0.73,Lost
Madhya Pradesh,MANDSOUR,ISMAIL KHAN MAIV,Independent,8826,0.62,Lost
Madhya Pradesh,MANDSOUR,SUSHIL,Independent,3439,0.24,Lost
Madhya Pradesh,MANDSOUR,SAEED AHAMAD,Independent,3167,0.22,Lost
Madhya Pradesh,MANDSOUR,MURALIDHAR,Independent,2696,0.19,Lost
Madhya Pradesh,MANDSOUR,VIJAY RANN,Independent,2323,0.16,Lost
Madhya Pradesh,MANDSOUR,NOTA,None of the Above,11662,0.81,Lost
Madhya Pradesh,MORENA,SHIVMANGAL SINGH TOMAR,Bharatiya Janata Party,515477,43.41,Won
Madhya Pradesh,MORENA,NEETU SATYAPAL SINGH SIKARWAR,Indian National Congress,462947,38.99,Lost
Madhya Pradesh,MORENA,RAMESH GARG,Bahujan Samaj Party,179669,15.13,Lost
Madhya Pradesh,MORENA,NEERAJ CHANDSORIYA,Aazad Samaj Party (Kanshi Ram),7544,0.64,Lost
Madhya Pradesh,MORENA,RAJENDRA PRASAD KUSHWAH,Independent,2402,0.2,Lost
Madhya Pradesh,MORENA,ER. SURAJ KUSHWAH,Independent,2285,0.19,Lost
Madhya Pradesh,MORENA,RAMNIWASH,Independent,1973,0.17,Lost
Madhya Pradesh,MORENA,RAM SUNDER SHARMA,Independent,1767,0.15,Lost
Madhya Pradesh,MORENA,RAMSEVAK SAKHWAR,Independent,1632,0.14,Lost
Madhya Pradesh,MORENA,HARIKANTH,Independent,1623,0.14,Lost
Madhya Pradesh,MORENA,RAJKUMARI,Independent,1441,0.12,Lost
Madhya Pradesh,MORENA,ANOOP NAGAR,Independent,1317,0.11,Lost
Madhya Pradesh,MORENA,RAJENDRA SINGH GURJER,Independent,1210,0.1,Lost
Madhya Pradesh,MORENA,PIYUSH BRAJESH RAJORIYA,Independent,575,0.05,Lost
Madhya Pradesh,MORENA,PRABHU JATAV,Independent,555,0.05,Lost
Madhya Pradesh,MORENA,NOTA,None of the Above,4914,0.41,Lost
Madhya Pradesh,RAJGARH,RODMAL NAGAR,Bharatiya Janata Party,758743,53.1,Won
Madhya Pradesh,RAJGARH,DIGVIJAYA SINGH,Indian National Congress,612654,42.87,Lost
Madhya Pradesh,RAJGARH,DR. RAJENDRA SURYAVANSHI,Bahujan Samaj Party,13942,0.98,Lost
Madhya Pradesh,RAJGARH,ASHOK PAWAR,Samata Samadhan Party,6614,0.46,Lost
Madhya Pradesh,RAJGARH,JITENDRA SINGH,National World Leader Party,5063,0.35,Lost
Madhya Pradesh,RAJGARH,DINESH RAZAWAT,Aazad Samaj Party (Kanshi Ram),4179,0.29,Lost
Madhya Pradesh,RAJGARH,RODMAL,Independent,3744,0.26,Lost
Madhya Pradesh,RAJGARH,ANIL JAIN,Independent,3089,0.22,Lost
Madhya Pradesh,RAJGARH,RADHESHYAM MALVIYA,Independent,2799,0.2,Lost
Madhya Pradesh,RAJGARH,SUNEEL BHEEL,Independent,2713,0.19,Lost
Madhya Pradesh,RAJGARH,VISHAL SONI (ADVOCATE),Bharatiya Yuva Jan Ekta Party,2560,0.18,Lost
Madhya Pradesh,RAJGARH,JAGDISH KARPENTER,Independent,1734,0.12,Lost
Madhya Pradesh,RAJGARH,ANIL,Independent,1418,0.1,Lost
Madhya Pradesh,RAJGARH,RAMCHARAN PIRJAPATI,Lok Samaj Party,1294,0.09,Lost
Madhya Pradesh,RAJGARH,BABU SINGH,Sajag Samaj Party,1191,0.08,Lost
Madhya Pradesh,RAJGARH,NOTA,None of the Above,7260,0.51,Lost
Madhya Pradesh,RATLAM,ANITA NAGARSINGH CHOUHAN,Bharatiya Janata Party,795863,51.93,Won
Madhya Pradesh,RATLAM,KANTILAL BHURIA,Indian National Congress,588631,38.41,Lost
Madhya Pradesh,RATLAM,ENGINEER BALUSINGH GAMAD,Bharat Adivasi Party,52759,3.44,Lost
Madhya Pradesh,RATLAM,RAMCHANDRA SOLANKI,Bahujan Samaj Party,15172,0.99,Lost
Madhya Pradesh,RATLAM,SURAJ BHABHAR,Independent,10062,0.66,Lost
Madhya Pradesh,RATLAM,RANGLA KALESH,Independent,7335,0.48,Lost
Madhya Pradesh,RATLAM,KASNA RANA PARGI,Independent,7316,0.48,Lost
Madhya Pradesh,RATLAM,SUMITRA MEDA,Independent,6930,0.45,Lost
Madhya Pradesh,RATLAM,RAMESHWAR SINGAR,Independent,4607,0.3,Lost
Madhya Pradesh,RATLAM,MOHANSINGH NINGWAL,Bhartiya Samajik Party,4507,0.29,Lost
Madhya Pradesh,RATLAM,SHEETAL BARELA,Akhand Bharat Samrajya Party,3930,0.26,Lost
Madhya Pradesh,RATLAM,UDESINGH MACHAR,Republican Party of India (A),3796,0.25,Lost
Madhya Pradesh,RATLAM,NOTA,None of the Above,31735,02.07,Lost
Madhya Pradesh,REWA,JANARDAN MISHRA,Bharatiya Janata Party,477459,52,Won
Madhya Pradesh,REWA,NEELAM ABHAY MISHRA,Indian National Congress,284085,30.94,Lost
Madhya Pradesh,REWA,ADV. ABHISHEK MASTER BUDDHSEN PATEL,Bahujan Samaj Party,117221,12.77,Lost
Madhya Pradesh,REWA,DAYASHANKAR PANDEY,Independent,4610,0.5,Lost
Madhya Pradesh,REWA,ROSHAN LAL KOL,Independent,4122,0.45,Lost
Madhya Pradesh,REWA,ER. DEVENDRA SINGH,Sapaks Party,4076,0.44,Lost
Madhya Pradesh,REWA,ER. RAM KUMAR SONI,Independent,3873,0.42,Lost
Madhya Pradesh,REWA,RAM GOPAL SINGH,Peoples Party of India (Democratic),3509,0.38,Lost
Madhya Pradesh,REWA,PRASSAN JEET SINGH,Independent,3313,0.36,Lost
Madhya Pradesh,REWA,JANARDAN MISHRA,Independent,2295,0.25,Lost
Madhya Pradesh,REWA,RANJAN GUPTA,Rashtravadi Bharat Party,2160,0.24,Lost
Madhya Pradesh,REWA,VIPIN SINGH PATEL,Rashtriya Hind Ekta Dal,1806,0.2,Lost
Madhya Pradesh,REWA,ARUNENDRA NARAYAN PANDEY,Independent,1551,0.17,Lost
Madhya Pradesh,REWA,ARUN TIWARI 'MINTU',Independent,1113,0.12,Lost
Madhya Pradesh,REWA,NOTA,None of the Above,6936,0.76,Lost
Madhya Pradesh,SAGAR,DR. LATA WANKHEDE,Bharatiya Janata Party,787979,68.49,Won
Madhya Pradesh,SAGAR,CHANDRA BHUSAN SINGH BUNDELA 'GUDDU RAJA',Indian National Congress,316757,27.53,Lost
Madhya Pradesh,SAGAR,BHAGWATI PRASAD JATAV,Bahujan Samaj Party,16636,1.45,Lost
Madhya Pradesh,SAGAR,BHEEKAM SINGH KUSHWAHA,Mahanwadi Party,5784,0.5,Lost
Madhya Pradesh,SAGAR,RAM BHJAN BANSAL,Samata Party,3153,0.27,Lost
Madhya Pradesh,SAGAR,MOHAMAD AARIF MAKRANI,Independent,2888,0.25,Lost
Madhya Pradesh,SAGAR,SANGRAM SINGH YADAV,Independent,2824,0.25,Lost
Madhya Pradesh,SAGAR,DHARMENDRA BANPURIYA,Independent,1624,0.14,Lost
Madhya Pradesh,SAGAR,TOSHMANI PANTHI (KANNA),Independent,1299,0.11,Lost
Madhya Pradesh,SAGAR,SURESH BANSAL,Bhartiya Shakti Chetna Party,1151,0.1,Lost
Madhya Pradesh,SAGAR,LAXMI KUSHWAHA,Pichhara Samaj Party United,952,0.08,Lost
Madhya Pradesh,SAGAR,DR. RAMAVATAR SHARMA,Socialist Unity Centre Of India (COMMUNIST),928,0.08,Lost
Madhya Pradesh,SAGAR,AHIRWAR RAJKUMAR THEKEDAAR,Independent,917,0.08,Lost
Madhya Pradesh,SAGAR,NOTA,None of the Above,7657,0.67,Lost
Madhya Pradesh,SATNA,GANESH SINGH,Bharatiya Janata Party,459728,43.41,Won
Madhya Pradesh,SATNA,DABBU SIDDHARTH SUKHLAL KUSHWAHA,Indian National Congress,374779,35.39,Lost
Madhya Pradesh,SATNA,NARAYAN TRIPATHI,Bahujan Samaj Party,185618,17.53,Lost
Madhya Pradesh,SATNA,DURGESH KUMAR VISHWAKARMA,Independent,5921,0.56,Lost
Madhya Pradesh,SATNA,RAHUL DAHIYA,Independent,4277,0.4,Lost
Madhya Pradesh,SATNA,CHHEDI LAL PRAJAPATI (PANDA  BABA),Independent,4061,0.38,Lost
Madhya Pradesh,SATNA,CHANDRABHAN KOL,Independent,3398,0.32,Lost
Madhya Pradesh,SATNA,"SAFI ULLA ""DBBU BHAI""",Independent,2614,0.25,Lost
Madhya Pradesh,SATNA,ADV. ASHOK SAKET,Bahujan Dravida Party,2399,0.23,Lost
Madhya Pradesh,SATNA,AZEEZ AHMED QURAISHY,Manviya Bharat Party,2082,0.2,Lost
Madhya Pradesh,SATNA,MASTER JI AJIT KUMAR JAYSWAL,Peoples Party of India (Democratic),1891,0.18,Lost
Madhya Pradesh,SATNA,KALIM AHMAD BACHCHA,Independent,1630,0.15,Lost
Madhya Pradesh,SATNA,SUKHLAL VERMA RATNESH,Independent,1617,0.15,Lost
Madhya Pradesh,SATNA,ASHOK KUMAR GUPTA,Bhartiya Shakti Chetna Party,1265,0.12,Lost
Madhya Pradesh,SATNA,NANKU YADAV,Akhil Bharatiya Hind Kranti Party,1259,0.12,Lost
Madhya Pradesh,SATNA,RISHABH SINGH,Independent,1073,0.1,Lost
Madhya Pradesh,SATNA,ASHOK BAUDH,Independent,947,0.09,Lost
Madhya Pradesh,SATNA,HARI SHANKAR TIWARI (LOHA WALA),Bharatiya Jan Morcha Party,945,0.09,Lost
Madhya Pradesh,SATNA,RANJANA MISHRA,Nyaydharmsabha,915,0.09,Lost
Madhya Pradesh,SATNA,NOTA,None of the Above,2553,0.24,Lost
Madhya Pradesh,SHAHDOL,SMT. HIMADRI SINGH,Bharatiya Janata Party,711143,61.73,Won
Madhya Pradesh,SHAHDOL,PHUNDE LAL SINGH MARKO,Indian National Congress,313803,27.24,Lost
Madhya Pradesh,SHAHDOL,ANIL SINGH DHURVEY,Gondvana Gantantra Party,35278,03.06,Lost
Madhya Pradesh,SHAHDOL,DHANI RAM KOL,Bahujan Samaj Party,21854,1.9,Lost
Madhya Pradesh,SHAHDOL,SAMAR SHAH SINGH GOND,Communist Party of India,19883,1.73,Lost
Madhya Pradesh,SHAHDOL,KESHKALI BAIGA,Independent,10071,0.87,Lost
Madhya Pradesh,SHAHDOL,GUNJAN SINGH,Independent,7479,0.65,Lost
Madhya Pradesh,SHAHDOL,RAVIKARAN SINGH DHURVE,Bhartiya Shakti Chetna Party,4975,0.43,Lost
Madhya Pradesh,SHAHDOL,AMRIT LAL SINGH UIKEY,Peoples Party of India (Democratic),4722,0.41,Lost
Madhya Pradesh,SHAHDOL,DR. DURGA WATI BHARIA,Chhattisgarh Vikas Ganga Rashtriya Party,3444,0.3,Lost
Madhya Pradesh,SHAHDOL,NOTA,None of the Above,19361,1.68,Lost
Madhya Pradesh,SIDHI,DR. RAJESH MISHRA,Bharatiya Janata Party,583559,50.87,Won
Madhya Pradesh,SIDHI,KAMLESHWAR INDRAJIT KUMAR,Indian National Congress,377143,32.87,Lost
Madhya Pradesh,SIDHI,AJAY PRATAP SINGH,Gondvana Gantantra Party,50962,4.44,Lost
Madhya Pradesh,SIDHI,PUJAN RAM SAKET (BABBU),Bahujan Samaj Party,33656,2.93,Lost
Madhya Pradesh,SIDHI,LAXMAN SINGH BAIS,Independent,30662,2.67,Lost
Madhya Pradesh,SIDHI,SANJAY NAMDEO,Communist Party of India,20290,1.77,Lost
Madhya Pradesh,SIDHI,BHAGWAN PRASAD TIWARI,Independent,7331,0.64,Lost
Madhya Pradesh,SIDHI,SUNIL TIWARI,Independent,5699,0.5,Lost
Madhya Pradesh,SIDHI,SHYAMLAL VAISH,Bhartiya Shakti Chetna Party,5343,0.47,Lost
Madhya Pradesh,SIDHI,KAILASH PRASAD VERMA,Independent,5291,0.46,Lost
Madhya Pradesh,SIDHI,MAHENDRA BHAIYA,Independent,4658,0.41,Lost
Madhya Pradesh,SIDHI,DASHRATH PRASAD BAIS,Independent,4131,0.36,Lost
Madhya Pradesh,SIDHI,"NARAYAN DAS SHAH ""MULNIWASI""",Peoples Party of India (Democratic),3792,0.33,Lost
Madhya Pradesh,SIDHI,DADDI YADAV,Independent,3305,0.29,Lost
Madhya Pradesh,SIDHI,SMT. TARA DEVI SINGH,Rashtriya Jansanchar Dal,2707,0.24,Lost
Madhya Pradesh,SIDHI,RAMSAHAY SAHU,Aapka Gantantra Party,2432,0.21,Lost
Madhya Pradesh,SIDHI,RAMVISHAL KOL,Rashtriya Samaj Paksha,2087,0.18,Lost
Madhya Pradesh,SIDHI,NOTA,None of the Above,4216,0.37,Lost
Madhya Pradesh,TIKAMGARH,DR. VIRENDRA KUMAR,Bharatiya Janata Party,715050,65.1,Won
Madhya Pradesh,TIKAMGARH,KHUMAN URF PANKAJ AHIRWAR,Indian National Congress,311738,28.38,Lost
Madhya Pradesh,TIKAMGARH,AHIRWAR DALLURAM,Bahujan Samaj Party,32673,2.97,Lost
Madhya Pradesh,TIKAMGARH,AHIRWAR PANKAJ,Rashtriya Samaj Paksha,10158,0.92,Lost
Madhya Pradesh,TIKAMGARH,SARJU PRASAD,Independent,5997,0.55,Lost
Madhya Pradesh,TIKAMGARH,N.R. PRAJAPATI,Adarsh Nyay Rakshak Party,5484,0.5,Lost
Madhya Pradesh,TIKAMGARH,BABULAL KHANGAR,Independent,4459,0.41,Lost
Madhya Pradesh,TIKAMGARH,NOTA,None of the Above,12831,1.17,Lost
Madhya Pradesh,UJJAIN,ANIL FIROJIYA,Bharatiya Janata Party,836104,62.93,Won
Madhya Pradesh,UJJAIN,MAHESH PARMAR,Indian National Congress,460244,34.64,Lost
Madhya Pradesh,UJJAIN,ADVOCATE PRAKASH CHOUHAN,Bahujan Samaj Party,9518,0.72,Lost
Madhya Pradesh,UJJAIN,DR. HEMANT PARMAR,Bhim Sena,4976,0.37,Lost
Madhya Pradesh,UJJAIN,SURESH BAGARI,Independent,2791,0.21,Lost
Madhya Pradesh,UJJAIN,MAHESH PARMAR,Independent,2476,0.19,Lost
Madhya Pradesh,UJJAIN,GANGA MALVIYA,Independent,1295,0.1,Lost
Madhya Pradesh,UJJAIN,ANIL,Independent,981,0.07,Lost
Madhya Pradesh,UJJAIN,ISHWARLAL VARSHI,Independent,863,0.06,Lost
Madhya Pradesh,UJJAIN,NOTA,None of the Above,9332,0.7,Lost
Madhya Pradesh,VIDISHA,SHIVRAJ SINGH CHOUHAN,Bharatiya Janata Party,1116460,76.7,Won
Madhya Pradesh,VIDISHA,PRATAPBHANU SHARMA,Indian National Congress,295052,20.27,Lost
Madhya Pradesh,VIDISHA,KISHAN LAL LADIYA,Bahujan Samaj Party,10816,0.74,Lost
Madhya Pradesh,VIDISHA,KAMLESH KUMAR GOUR,Jai Prakash Janata Dal,8178,0.56,Lost
Madhya Pradesh,VIDISHA,DHOOLSINGH DHAMMA,Independent,3424,0.24,Lost
Madhya Pradesh,VIDISHA,SATYENDRA SINGH SISODIYA,Independent,2925,0.2,Lost
Madhya Pradesh,VIDISHA,DHARMVIR BHARTI,Akhil Bhartiya Parivar Party,2819,0.19,Lost
Madhya Pradesh,VIDISHA,ABDUL RASHID,Independent,1682,0.12,Lost
Madhya Pradesh,VIDISHA,BHAI MUNSHILAL SILAWAT,Public Political Party,1117,0.08,Lost
Madhya Pradesh,VIDISHA,ABDUL JABBAR,Independent,1082,0.07,Lost
Madhya Pradesh,VIDISHA,SEEMA SHARMA,Sapaks Party,1073,0.07,Lost
Madhya Pradesh,VIDISHA,DHARMENDRA SINGH PANWAR (GOLU BHAIYA),Right to Recall Party,1026,0.07,Lost
Madhya Pradesh,VIDISHA,BHEEKAM SINGH KUSHWAHA,Mahanwadi Party,724,0.05,Lost
Madhya Pradesh,VIDISHA,NOTA,None of the Above,9280,0.64,Lost
Maharashtra,Ahmednagar,NILESH DNYANDEV LANKE,Nationalist Congress Party – Sharadchandra Pawar,624797,47.14,Won
Maharashtra,Ahmednagar,DR. SUJAY RADHAKRISHNA VIKHEPATIL,Bharatiya Janata Party,595868,44.95,Lost
Maharashtra,Ahmednagar,ALEKAR GORAKH DASHRATH,Independent,44597,3.36,Lost
Maharashtra,Ahmednagar,DEELIP KONDIBA KHEDKAR,Vanchit Bahujan  Aaghadi,13749,01.04,Lost
Maharashtra,Ahmednagar,AMOL VILAS PACHUNDKAR,Independent,5493,0.41,Lost
Maharashtra,Ahmednagar,BHAGWAT DHONDIBA GAIKWAD,Samata Party,4944,0.37,Lost
Maharashtra,Ahmednagar,UMASHANKAR SHYAMBABU YADAV,Bahujan Samaj Party,4539,0.34,Lost
Maharashtra,Ahmednagar,ADV. JAMIR SHAIKH,Independent,3935,0.3,Lost
Maharashtra,Ahmednagar,AARTI KISHORKUMAR HALDAR,Prabuddha Republican Party,3799,0.29,Lost
Maharashtra,Ahmednagar,NAVSHAD MUNSILAL SHAIKH,Independent,2226,0.17,Lost
Maharashtra,Ahmednagar,SURYABHAN (ALIAS SURESH) DATTATRAYA LAMBE,Independent,2092,0.16,Lost
Maharashtra,Ahmednagar,KALIRAM BAHIRU POPALGHAT,Bhartiya Navjawan Sena (Paksha),1981,0.15,Lost
Maharashtra,Ahmednagar,GAVADE MACCHINDRA RADHAKISAN,Independent,1941,0.15,Lost
Maharashtra,Ahmednagar,PRAVIN SUBHASH DALVI,Independent,1898,0.14,Lost
Maharashtra,Ahmednagar,MADAN KANIFNATH SONVANE,Right to Recall Party,1451,0.11,Lost
Maharashtra,Ahmednagar,DR. KAILASH NIVRUTTI JADHAV,Maharashtra Vikas Aghadi,1435,0.11,Lost
Maharashtra,Ahmednagar,KOTHARI RAVINDRA LILACHAND,Rashtriya Janmanch (Secular),1333,0.1,Lost
Maharashtra,Ahmednagar,ADV. SHIVAJIRAO WAMAN DAMALE (EX. SGT OF IAF),Sainik Samaj Party,1104,0.08,Lost
Maharashtra,Ahmednagar,GANGADHAR HARIBHAU KOLEKAR,Independent,1059,0.08,Lost
Maharashtra,Ahmednagar,DATTATRAY APPA WAGHMODE,Rashtriya Jankranti Party,873,0.07,Lost
Maharashtra,Ahmednagar,WABLE BHAUSAHEB BAPURAO,Bharatheeya Jawan Kisan Party,801,0.06,Lost
Maharashtra,Ahmednagar,SHEKATKAR ANIL GANPAT,Independent,702,0.05,Lost
Maharashtra,Ahmednagar,ADV. MAHENDRA DADASAHEB SHINDE,Independent,675,0.05,Lost
Maharashtra,Ahmednagar,BILAL GAFUR SHAIKH,Independent,531,0.04,Lost
Maharashtra,Ahmednagar,RAOSAHEB SHANKAR KALE,Independent,372,0.03,Lost
Maharashtra,Ahmednagar,NOTA,None of the Above,3282,0.25,Lost
Maharashtra,Akola,ANUP SANJAY DHOTRE,Bharatiya Janata Party,457030,38.96,Won
Maharashtra,Akola,ABHAY KASHINATH PATIL,Indian National Congress,416404,35.5,Lost
Maharashtra,Akola,AMBEDKAR PRAKASH YASHWANT,Vanchit Bahujan  Aaghadi,276747,23.59,Lost
Maharashtra,Akola,ADV NAJIB SHAIKH,Indian National League,3300,0.28,Lost
Maharashtra,Akola,KASHINATH VISHWANATH DHAMODE,Bahujan Samaj Party,2760,0.24,Lost
Maharashtra,Akola,MURLIDHAR LALSING PAWAR,Independent,2066,0.18,Lost
Maharashtra,Akola,ADHAU RAVIKANT RAMKRUSHNA,Jay Vidarbha Party,1734,0.15,Lost
Maharashtra,Akola,AACHARYADIP SUBHASHCHANDRA GANOJE,Independent,1618,0.14,Lost
Maharashtra,Akola,UJWALA VINAYAK RAUT,Independent,1306,0.11,Lost
Maharashtra,Akola,DHARMENDRA CHANDRAPRAKASH KOTHARI,Independent,1240,0.11,Lost
Maharashtra,Akola,DILIP SHATRUGHAN MHAISANE,Independent,862,0.07,Lost
Maharashtra,Akola,ASHOK KISANRAO THORAT,Independent,581,0.05,Lost
Maharashtra,Akola,MOHMMAD AJAZ MOHMMAD TAHER,Azad Adhikar Sena,568,0.05,Lost
Maharashtra,Akola,BABAN MAHADEV SAYAM,Janseva Gondwana Party,537,0.05,Lost
Maharashtra,Akola,PRITI PRAMOD SADANSHIV,Republican Party of India (Social),536,0.05,Lost
Maharashtra,Akola,NOTA,None of the Above,5783,0.49,Lost
Maharashtra,Amravati,BALWANT BASWANT WANKHADE,Indian National Congress,526271,44.84,Won
Maharashtra,Amravati,NAVNEET RAVI RANA,Bharatiya Janata Party,506540,43.16,Lost
Maharashtra,Amravati,DINESH GANESHDAS BUB,Prahar Janshakti Party,85300,7.27,Lost
Maharashtra,Amravati,ANANDRAJ YASHWANT AMBEDKAR,Republican Sena,18793,1.6,Lost
Maharashtra,Amravati,KISHOR BHIMRAO LABADE,Independent,4524,0.39,Lost
Maharashtra,Amravati,SANJAYKUMAR FATTESINGH GADGE,Bahujan Samaj Party,4513,0.38,Lost
Maharashtra,Amravati,SUMITRA SAHEBRAO GAIKWAD,Independent,2690,0.23,Lost
Maharashtra,Amravati,ARUN YASHWANTRAO BHAGAT,Independent,2088,0.18,Lost
Maharashtra,Amravati,KISHOR DNYANESHWAR TAYDE,Independent,2072,0.18,Lost
Maharashtra,Amravati,SURAJ DHANRAJ NAGDVANE,Independent,1818,0.15,Lost
Maharashtra,Amravati,GAUTAM ALIAS ANANTA RAMDAS INGALE,Independent,1570,0.13,Lost
Maharashtra,Amravati,PRAMOD RAMKRUSHNA CHOURPAGAR,Independent,1307,0.11,Lost
Maharashtra,Amravati,ANIL THAWARE ALIAS DR. ANILKUMAR NAGBUDDHA,Independent,1206,0.1,Lost
Maharashtra,Amravati,SURESH PUNDLIK MESHRAM,Independent,1052,0.09,Lost
Maharashtra,Amravati,SATISH YASHWANTRAO GEDAM,Independent,943,0.08,Lost
Maharashtra,Amravati,MANOHAR KRUSHNAJI KURHADE,Independent,871,0.07,Lost
Maharashtra,Amravati,DIGAMBAR WAMAN BHAGAT,Naki Bharatiya Ekta Party,762,0.06,Lost
Maharashtra,Amravati,ENGI. AVINASH HARISHCHANDRA DHANAWATE,Peoples Party of India (Democratic),730,0.06,Lost
Maharashtra,Amravati,HIMMAT BHIMRAO DHOLE,Independent,670,0.06,Lost
Maharashtra,Amravati,SUSHAMA GAJANAN AWACHAR,Jay Vidarbha Party,659,0.06,Lost
Maharashtra,Amravati,GANESH NANAJI RAMTEKE,Akhil Bhartiya Parivar Party,629,0.05,Lost
Maharashtra,Amravati,MANKAR DNYANESHWAR KASHIRAO,Independent,539,0.05,Lost
Maharashtra,Amravati,TARA SURESH WANKHADE,Independent,527,0.04,Lost
Maharashtra,Amravati,SHRIKRUSHNA SAKHARAMJI KSHIRSAGAR,Independent,510,0.04,Lost
Maharashtra,Amravati,ADV. RAJU MADHUKARRAO KALANE,Bahujan Bharat Party,495,0.04,Lost
Maharashtra,Amravati,BHARAT CHAMPATRAO YANGAD,Independent,441,0.04,Lost
Maharashtra,Amravati,VARSHA BHAGAWANTRAO BHAGAT,Independent,443,0.04,Lost
Maharashtra,Amravati,NARENDRA BABULAL KATHANE,Desh Janhit Party,422,0.04,Lost
Maharashtra,Amravati,PRABHAKAR PANDURANG BHATKAR,Independent,365,0.03,Lost
Maharashtra,Amravati,ADV. PRUTHVISAMRAT MUKINDRAO DIPWANSH,Independent,337,0.03,Lost
Maharashtra,Amravati,BHAURAO SAMPATRAO WANKHADE,All India Forward Bloc,329,0.03,Lost
Maharashtra,Amravati,GHAZI SAADUDDIN ZAHEER AHMED,Rashtriya Ulama Council,331,0.03,Lost
Maharashtra,Amravati,RAVI GUNWANTRAO WANKHADE,Independent,288,0.02,Lost
Maharashtra,Amravati,SONALI SANJAY MESHRAM,Independent,272,0.02,Lost
Maharashtra,Amravati,SANDEEP BABULAL MESHRAM,Independent,257,0.02,Lost
Maharashtra,Amravati,RAJESH TULSHIRAM KHADE,Independent,239,0.02,Lost
Maharashtra,Amravati,RAJU MAHADEVRAO SONONE,Independent,232,0.02,Lost
Maharashtra,Amravati,NOTA,None of the Above,2544,0.22,Lost
Maharashtra,Aurangabad,BHUMARE SANDIPANRAO ASARAM,Shiv Sena,476130,36.56,Won
Maharashtra,Aurangabad,IMTIAZ JALEEL SYED,All India Majlis-E-Ittehadul Muslimeen,341480,26.22,Lost
Maharashtra,Aurangabad,CHANDRAKANT KHAIRE,Shiv Sena (Uddhav Balasaheb Thackrey),293450,22.53,Lost
Maharashtra,Aurangabad,AFSAR KHAN YASEEN KHA,Vanchit Bahujan  Aaghadi,69266,5.32,Lost
Maharashtra,Aurangabad,HARSHWARDHAN DADA RAIBHANJI JADHAV,Independent,39828,03.06,Lost
Maharashtra,Aurangabad,SURENDRA DIGAMBAR GAJBHARE,Independent,10725,0.82,Lost
Maharashtra,Aurangabad,SANJAY UTTAMRAO JAGTAP,Bahujan Samaj Party,8252,0.63,Lost
Maharashtra,Aurangabad,RAVINDRA BHASKARRAO BODKHE,Bharatiya Yuva Jan Ekta Party,6254,0.48,Lost
Maharashtra,Aurangabad,ABDUL AZIM ABDUL AZIZ SHAIKH,Independent,4693,0.36,Lost
Maharashtra,Aurangabad,SANJAY BHASKAR SHIRSAT,Independent,3812,0.29,Lost
Maharashtra,Aurangabad,DR JIVAN BHAWLAL RAJPUT,Independent,3807,0.29,Lost
Maharashtra,Aurangabad,MANISHA KHARAT,Bahujan Maha Party,3105,0.24,Lost
Maharashtra,Aurangabad,JAGANNATH KHANDERAO JADHAV J K JADHAV,Independent,2932,0.23,Lost
Maharashtra,Aurangabad,MAANOJ VINAYAKRAO GHODKAY,Independent,2587,0.2,Lost
Maharashtra,Aurangabad,SANGITA GANESH JADHAV,Independent,2212,0.17,Lost
Maharashtra,Aurangabad,GALPHADE ARJUN BHAGWANRAO,Rashtriya Kisan Bahujan Party,2192,0.17,Lost
Maharashtra,Aurangabad,VISHAL UDDHAV NANDARKAR,Independent,2139,0.16,Lost
Maharashtra,Aurangabad,ARVIND KISANRAO KAMBLE,Bahujan Republican  Socialist Party,1979,0.15,Lost
Maharashtra,Aurangabad,PRASHANT PUNDALIKRAO AVHALE,Independent,1948,0.15,Lost
Maharashtra,Aurangabad,GHUGE NITIN PUNDLIK,Independent,1872,0.14,Lost
Maharashtra,Aurangabad,BHALERAO VASANT SAMBHAJI,Prabuddha Republican Party,1547,0.12,Lost
Maharashtra,Aurangabad,BHARAT PURUSHOTTAM KADAM,Rashtriya Maratha Party,1495,0.11,Lost
Maharashtra,Aurangabad,ABDUL SAMAD BAGWAN,All India Majlis-E-Inquilab-E-Millat,1482,0.11,Lost
Maharashtra,Aurangabad,SANDIP DADARAO MANKAR,Independent,1375,0.11,Lost
Maharashtra,Aurangabad,ADV B U GOSAWI,Hindustan Janta Party,1275,0.1,Lost
Maharashtra,Aurangabad,PANCHASHILA BABULAL JADHAV,Republican Bahujan Sena,1274,0.1,Lost
Maharashtra,Aurangabad,PRATIKSHA PRASHANT CHAVAN,Ambedkarist Republican Party,1194,0.09,Lost
Maharashtra,Aurangabad,BHANUDAS SON OF RAMDAS SARODE PATIL,Independent,1110,0.09,Lost
Maharashtra,Aurangabad,NARAYAN JADHAV,Peoples Party of India (Democratic),1103,0.08,Lost
Maharashtra,Aurangabad,SURESH ASARAM FULARE,Independent,911,0.07,Lost
Maharashtra,Aurangabad,SHAIKH KHAJA KISMATWALA KASIM KISMATWALA,Independent,894,0.07,Lost
Maharashtra,Aurangabad,MEENASING AVDHESHSING SING,Independent,784,0.06,Lost
Maharashtra,Aurangabad,LATIF JABBAR KHAN,Independent,765,0.06,Lost
Maharashtra,Aurangabad,JAGANNATH KISAN UGALE,Independent,755,0.06,Lost
Maharashtra,Aurangabad,SANDIP DEVIDAS JADHAV,Independent,609,0.05,Lost
Maharashtra,Aurangabad,DEVIDAS RATAN KASBE,Independent,595,0.05,Lost
Maharashtra,Aurangabad,TRIBHUVAN MADHUKAR PADMAKAR,Independent,593,0.05,Lost
Maharashtra,Aurangabad,NOTA,None of the Above,5773,0.44,Lost
Maharashtra,Baramati,SUPRIYA SULE,Nationalist Congress Party – Sharadchandra Pawar,732312,51.85,Won
Maharashtra,Baramati,SUNETRA AJITDADA PAWAR,Nationalist Congress Party,573979,40.64,Lost
Maharashtra,Baramati,MAHESH SITARAM BHAGWAT,Independent,15663,1.11,Lost
Maharashtra,Baramati,SHAIKH SOYALSHAHA YUNUSSHAHA,Independent,14917,01.06,Lost
Maharashtra,Baramati,PRIYADARSHANI NANDKUMAR KOKARE,Bahujan Samaj Party,10030,0.71,Lost
Maharashtra,Baramati,SACHIN SHANKAR AGAWANE,Independent,6633,0.47,Lost
Maharashtra,Baramati,KAMBLE TRISHALA,Bahujan Samaj Party  (Ambedkar),5036,0.36,Lost
Maharashtra,Baramati,SUNITA PAWAR,Independent,4151,0.29,Lost
Maharashtra,Baramati,GAJANAN UTTAM GAWALI (PATIL),Independent,2995,0.21,Lost
Maharashtra,Baramati,MANOJ BALASAHEB RASAL,Independent,2610,0.18,Lost
Maharashtra,Baramati,MAHADEV SAHEBRAO KHENGARE - PATIL,Bhartiya Navjawan Sena (Paksha),2418,0.17,Lost
Maharashtra,Baramati,PRADEEP RAMCHANDRA MANE,Independent,2235,0.16,Lost
Maharashtra,Baramati,SHIVAJI JAYSING KOKRE,Independent,2164,0.15,Lost
Maharashtra,Baramati,PROF. NAMDEORAO JADHAV,Independent,2134,0.15,Lost
Maharashtra,Baramati,RAJENDRA PANDURANG BHOSALE,People’s Union Party,2009,0.14,Lost
Maharashtra,Baramati,KALYANI SUJITKUMAR WAGHMODE,Independent,1975,0.14,Lost
Maharashtra,Baramati,DASHRATH NANA RAUT,Bharatiya Praja Surajya Paksha,1834,0.13,Lost
Maharashtra,Baramati,ANKUSH DNYANESHAWAR PILANE,Independent,1663,0.12,Lost
Maharashtra,Baramati,SANDIP ABAJI DEOKATE,Independent,1624,0.11,Lost
Maharashtra,Baramati,DATTATRAY RAMBHAU CHANDARE,Independent,1434,0.1,Lost
Maharashtra,Baramati,SHAILENDRA ALIAS SANDEEP KARANJAWANE,Independent,1392,0.1,Lost
Maharashtra,Baramati,SHUBHANGI DHAYGUDE,Independent,1292,0.09,Lost
Maharashtra,Baramati,DR. SOMNATH ALIAS BALASAHEB ARJUN POL,Independent,1169,0.08,Lost
Maharashtra,Baramati,ROHIDAS BALASO KONDAKE,Bahujan Republican  Socialist Party,1130,0.08,Lost
Maharashtra,Baramati,MILIND VITTHAL SHINDE,Independent,1099,0.08,Lost
Maharashtra,Baramati,SURESHDADA BABURAO VIR,Independent,1012,0.07,Lost
Maharashtra,Baramati,BAPU PRALHAD PAWAR,Independent,998,0.07,Lost
Maharashtra,Baramati,RAJENDRA MAHADEV BARAKADE,Independent,907,0.06,Lost
Maharashtra,Baramati,UMESH MAHADEV MHETRE,Independent,808,0.06,Lost
Maharashtra,Baramati,SHIVAJI RAMBHAU NANDKHILE,Bharatheeya Jawan Kisan Party,789,0.06,Lost
Maharashtra,Baramati,SHARAD RAM PAWAR,Independent,731,0.05,Lost
Maharashtra,Baramati,LAXMAN RAM KUMBHAR,Dalit Soshit Pichhara Varg  Adhikar Dal,696,0.05,Lost
Maharashtra,Baramati,SHRIDHAR NARAYAN SALVE,Bhim Sena,679,0.05,Lost
Maharashtra,Baramati,BALASO MARUTI DHAPATE,Independent,655,0.05,Lost
Maharashtra,Baramati,VIJAY LAXMAN GHAVALE,Independent,620,0.04,Lost
Maharashtra,Baramati,VISHAL ARUN PAWAR,Independent,553,0.04,Lost
Maharashtra,Baramati,SAVITA BHIMRAO KADALE,Hindustan Janta Party,551,0.04,Lost
Maharashtra,Baramati,VIJAYPRAKASH ANANT KONDEKAR,Independent,301,0.02,Lost
Maharashtra,Baramati,NOTA,None of the Above,9151,0.65,Lost
Maharashtra,Beed,BAJRANG MANOHAR SONWANE,Nationalist Congress Party – Sharadchandra Pawar,683950,44.93,Won
Maharashtra,Beed,PANKAJA GOPINATHRAO MUNDE,Bharatiya Janata Party,677397,44.5,Lost
Maharashtra,Beed,ASHOK BHAGOJI THORAT,Bahujan Maha Party,54850,3.6,Lost
Maharashtra,Beed,ASHOK SUKHDEV HINGE,Vanchit Bahujan  Aaghadi,50867,3.34,Lost
Maharashtra,Beed,SHAIKH TOUSIF ABDUL SATTAR,Independent,9472,0.62,Lost
Maharashtra,Beed,DR. SIDDHARTH RAJENDRA TAKANKAR,Bahujan Samaj Party,5111,0.34,Lost
Maharashtra,Beed,SHAMSHER KHAN SAHEB KHAN PATHAN,Independent,4704,0.31,Lost
Maharashtra,Beed,JAVED SIKANDAR MOMIN,Independent,2662,0.17,Lost
Maharashtra,Beed,NAZEM KHAN JABBAR KHAN PATHAN,Independent,2586,0.17,Lost
Maharashtra,Beed,GOKUL BAPURAO SAWASE,Independent,2577,0.17,Lost
Maharashtra,Beed,GAFFARKHAN JABBARKHAN PATHAN,Independent,2563,0.17,Lost
Maharashtra,Beed,DATTA SUDAM GAIKWAD,Independent,2130,0.14,Lost
Maharashtra,Beed,SATISH PADMAKAR KAPSE,Independent,2099,0.14,Lost
Maharashtra,Beed,KARUNA DHANANJAY MUNDE,Swarajya Shakti Sena,1599,0.11,Lost
Maharashtra,Beed,DR. SHRIRAM VITTHALRAO KHALGE,Independent,1512,0.1,Lost
Maharashtra,Beed,ADV. GANESH NAVNATHRAO KARANDE,Independent,1508,0.1,Lost
Maharashtra,Beed,SHITAL SHIVAJI DHONDRE,Independent,1303,0.09,Lost
Maharashtra,Beed,SHAIKH YASHED SHAIKH TAYYAB,Independent,1258,0.08,Lost
Maharashtra,Beed,JAWED SALEEM SYED,Tipu Sultan Party,978,0.06,Lost
Maharashtra,Beed,PRAKASH BHAGWANRAO SOLANKE,Independent,886,0.06,Lost
Maharashtra,Beed,CHANDRAKANT KUMAR HAJARE,Maharashtra Vikas Aghadi,803,0.05,Lost
Maharashtra,Beed,SALAUDDIN KHAN PATHAN,Independent,724,0.05,Lost
Maharashtra,Beed,KASPATE GANESH VYANKATRAO,Independent,719,0.05,Lost
Maharashtra,Beed,MUBEEN ZUBERI ZAHEER UL AFAQUE,Independent,676,0.04,Lost
Maharashtra,Beed,WASIM SHAIKH SALIM SHAIKH,Independent,580,0.04,Lost
Maharashtra,Beed,SHAIKH EJAJ SHAIKH UMAR,Independent,550,0.04,Lost
Maharashtra,Beed,SHESHERAO CHOKHOBA VEER,Prabuddha Republican Party,537,0.04,Lost
Maharashtra,Beed,TATE MAHENDRA ASHOK,Ambedkarist Republican Party,533,0.04,Lost
Maharashtra,Beed,MUSTAFA MAINODDIN SHAIKH,Independent,531,0.03,Lost
Maharashtra,Beed,SULEMAN KHAIRODDIN MOHMMAD,Independent,522,0.03,Lost
Maharashtra,Beed,HIDAYAT SADEKH ALI SYED,Independent,448,0.03,Lost
Maharashtra,Beed,RAJENDRA ACHYUTRAO HOKE,Independent,427,0.03,Lost
Maharashtra,Beed,ADV. MANIK BANSI AADMANE,Bahujan Republican  Socialist Party,426,0.03,Lost
Maharashtra,Beed,VACHISHT UDDHAV KUTE,Independent,414,0.03,Lost
Maharashtra,Beed,ADV. SHARAD BAHINAJI KAMBLE,All India National Raksha Sena,396,0.03,Lost
Maharashtra,Beed,BHASKAR BANSIDHARRAO KHANDE,Independent,390,0.03,Lost
Maharashtra,Beed,RAHEMAN BAHODDIN SAYYED,Independent,384,0.03,Lost
Maharashtra,Beed,LAXMIBAI BAJIRAO MORE,Independent,382,0.03,Lost
Maharashtra,Beed,SYED MINHAJ ALI,Independent,310,0.02,Lost
Maharashtra,Beed,SALIM ALLABAKSHA SAYYAD,Independent,238,0.02,Lost
Maharashtra,Beed,SADEK IBRAHIM SHAIKH,Independent,206,0.01,Lost
Maharashtra,Beed,NOTA,None of the Above,2087,0.14,Lost
Maharashtra,Bhandara Gondiya,DR. PRASHANT YADAORAO PADOLE,Indian National Congress,587413,47.56,Won
Maharashtra,Bhandara Gondiya,SUNIL BABURAO MENDHE,Bharatiya Janata Party,550033,44.53,Lost
Maharashtra,Bhandara Gondiya,KUMBHALKAR SANJAY BHAIYY,Bahujan Samaj Party,25462,02.06,Lost
Maharashtra,Bhandara Gondiya,SANJAY GAJANAN KEWAT,Vanchit Bahujan  Aaghadi,24858,02.01,Lost
Maharashtra,Bhandara Gondiya,SEWAKBHAU NIRDHAN WAGHAYE,Independent,13103,01.06,Lost
Maharashtra,Bhandara Gondiya,AJAYKUMAR BHARTIYA,Akhil Bhartiya Parivar Party,4057,0.33,Lost
Maharashtra,Bhandara Gondiya,SUMIT VIJAY PANDE,Independent,3719,0.3,Lost
Maharashtra,Bhandara Gondiya,VIRENDRAKUMAR KASTURCHAND JAISWAL,Independent,2389,0.19,Lost
Maharashtra,Bhandara Gondiya,DEVILAL SUKHRAM NEPALE,Peoples Party of India (Democratic),2009,0.16,Lost
Maharashtra,Bhandara Gondiya,DR. AKASH MADHUKAR JIBHAKATE,Independent,1981,0.16,Lost
Maharashtra,Bhandara Gondiya,VILAS BABURAO LENDE,Lok Swarajya Party,1649,0.13,Lost
Maharashtra,Bhandara Gondiya,VILAS JIYALAL RAUT,Independent,1616,0.13,Lost
Maharashtra,Bhandara Gondiya,BENIRAM RAMCHAND FULBANDHE,Independent,1497,0.12,Lost
Maharashtra,Bhandara Gondiya,PRADEEP  DHOBALE,Independent,1196,0.1,Lost
Maharashtra,Bhandara Gondiya,SURYAKIRAN ISHWAR NANDAGAWALI,Independent,1162,0.09,Lost
Maharashtra,Bhandara Gondiya,ITWALE SHARAD MARTAND,Independent,1028,0.08,Lost
Maharashtra,Bhandara Gondiya,TULSIRAM URKUDA GEDAM,Independent,842,0.07,Lost
Maharashtra,Bhandara Gondiya,CHAITRAM DASHARATH KOKASE,Independent,791,0.06,Lost
Maharashtra,Bhandara Gondiya,NOTA,None of the Above,10268,0.83,Lost
Maharashtra,Bhiwandi,BALYA MAMA - SURESH GOPINATH MHATRE,Nationalist Congress Party – Sharadchandra Pawar,499464,39.85,Won
Maharashtra,Bhiwandi,KAPIL MORESHWAR PATIL,Bharatiya Janata Party,433343,34.57,Lost
Maharashtra,Bhiwandi,NILESH BHAGWAN SAMBARE,Independent,231417,18.46,Lost
Maharashtra,Bhiwandi,KANCHAN VINAYAK VAKHARE,New Rashtriya Samaj Party,24625,1.96,Lost
Maharashtra,Bhiwandi,TARA PINTYA WAGHE,Independent,6908,0.55,Lost
Maharashtra,Bhiwandi,MUMATAZ ABDULSATTAR ANSARI,Bahujan Samaj Party,6822,0.54,Lost
Maharashtra,Bhiwandi,MANISHA SANTOSH GONDHALE,Independent,5120,0.41,Lost
Maharashtra,Bhiwandi,MANOJ GOVAR TURE,Independent,4897,0.39,Lost
Maharashtra,Bhiwandi,JAHID MURABTAR ANSARI,Independent,4882,0.39,Lost
Maharashtra,Bhiwandi,CHANDRAKANT RAMBHAJI MOTE,Independent,3433,0.27,Lost
Maharashtra,Bhiwandi,RAHUL ASHOK KATHOLE,Independent,3135,0.25,Lost
Maharashtra,Bhiwandi,ASHOK BHIKU BAHADARE,Sanyukt Bharat Paksh,2047,0.16,Lost
Maharashtra,Bhiwandi,SURESH PANDAGALE,Apni Prajahit Party,2013,0.16,Lost
Maharashtra,Bhiwandi,MILIND KASHINATH KAMBLE,Independent,1861,0.15,Lost
Maharashtra,Bhiwandi,KHAN MOHD AKARAM ABDUL HANAN,All India Majlis-E-Ittehadul Muslimeen,1741,0.14,Lost
Maharashtra,Bhiwandi,DANISH EZAZ AH. SHAIKH,Bahujan Maha Party,1586,0.13,Lost
Maharashtra,Bhiwandi,HARSHAD RAMESH MHATRE,Independent,1568,0.13,Lost
Maharashtra,Bhiwandi,MUTKIRI SHANKAR NAGESH,Independent,1445,0.12,Lost
Maharashtra,Bhiwandi,KAPIL JAYHIND PATIL,Independent,1242,0.1,Lost
Maharashtra,Bhiwandi,SAIFAN CHAND PATHAN,Bhartiya Manavta Party,1189,0.09,Lost
Maharashtra,Bhiwandi,RANJANA RAVI TRIBHUWAN,Independent,1085,0.09,Lost
Maharashtra,Bhiwandi,MOHD. KALEEM ANSARI,Peoples Party of India (Democratic),937,0.07,Lost
Maharashtra,Bhiwandi,WASEEM TUFAIL SIDDIQUI,Independent,805,0.06,Lost
Maharashtra,Bhiwandi,SURESH SITARAM MHATRE,Independent,707,0.06,Lost
Maharashtra,Bhiwandi,SONALI ASHOK GANGAWANE,Independent,698,0.06,Lost
Maharashtra,Bhiwandi,AAPPA - VISHAL VIJAY MORE,Independent,601,0.05,Lost
Maharashtra,Bhiwandi,PROF. AMEERUL HASAN SAYYED,Independent,481,0.04,Lost
Maharashtra,Bhiwandi,NOTA,None of the Above,9347,0.75,Lost
Maharashtra,Buldhana,JADHAV PRATAPRAO GANPATRAO,Shiv Sena,349867,31.53,Won
Maharashtra,Buldhana,NARENDRA DAGDU KHEDEKAR,Shiv Sena (Uddhav Balasaheb Thackrey),320388,28.88,Lost
Maharashtra,Buldhana,RAVIKANT CHANDRADAS TUPKAR,Independent,249963,22.53,Lost
Maharashtra,Buldhana,VASANTRAO RAJARAM MAGAR,Vanchit Bahujan  Aaghadi,98441,8.87,Lost
Maharashtra,Buldhana,ASHOK WAMAN HIWALE,Independent,15436,1.39,Lost
Maharashtra,Buldhana,SANDEEP RAMRAO SHELKE,Independent,13050,1.18,Lost
Maharashtra,Buldhana,GAUTAM KISANRAO MAGHADE,Bahujan Samaj Party,8218,0.74,Lost
Maharashtra,Buldhana,ASLAM SHAH HASAN SHAH,Maharashtra Vikas Aghadi,6153,0.55,Lost
Maharashtra,Buldhana,NANDU JAGANNATH LAWANGE,Independent,5713,0.51,Lost
Maharashtra,Buldhana,MACHHINDRA SHESHRAV MAGHADE,Socialist Party (India),5258,0.47,Lost
Maharashtra,Buldhana,MOHAMMAD HASAN INAMDAR,Minorities Democratic Party,4978,0.45,Lost
Maharashtra,Buldhana,GAJANAN JANARDAN DHANDE,Independent,4854,0.44,Lost
Maharashtra,Buldhana,DINKAR TUKARAM SAMBARE,Independent,4564,0.41,Lost
Maharashtra,Buldhana,BALASAHEB RAMCHANDRA INGLE,Independent,3931,0.35,Lost
Maharashtra,Buldhana,PRATAP PANDHARINATH PATIL,Independent,2561,0.23,Lost
Maharashtra,Buldhana,SANTOSH BHIMRAO INGLE,Republican Party of India (A),2530,0.23,Lost
Maharashtra,Buldhana,MADHAVRAO SAKHARAM BANSODE,Bahujan Republican  Socialist Party,2455,0.22,Lost
Maharashtra,Buldhana,VIKAS BHAI NANDAVE,Bhim Sena,2331,0.21,Lost
Maharashtra,Buldhana,UDDHAV ONKAR ATOLE,Independent,1968,0.18,Lost
Maharashtra,Buldhana,REKHA KAILAS POPHALKAR,Independent,1540,0.14,Lost
Maharashtra,Buldhana,PROF SUMANTAI TIRPUDE,Peoples Party of India (Democratic),1511,0.14,Lost
Maharashtra,Buldhana,NOTA,None of the Above,3786,0.34,Lost
Maharashtra,Chandrapur,DHANORKAR PRATIBHA SURESH ALIAS BALUBHAU,Indian National Congress,718410,57.88,Won
Maharashtra,Chandrapur,MUNGANTIWAR SUDHIR SACCHIDANAND,Bharatiya Janata Party,458004,36.9,Lost
Maharashtra,Chandrapur,BELE RAJESH WARLUJI,Vanchit Bahujan  Aaghadi,21980,1.77,Lost
Maharashtra,Chandrapur,RAJENDRA HARISHCHANDRA RAMTEKE,Bahujan Samaj Party,9188,0.74,Lost
Maharashtra,Chandrapur,SANJAY NILKANTH GAWANDE,Independent,5088,0.41,Lost
Maharashtra,Chandrapur,DIWAKAR HARIJI URADE,Independent,3224,0.26,Lost
Maharashtra,Chandrapur,NAMDEO MANIKRAO SHEDMAKE,Gondvana Gantantra Party,2256,0.18,Lost
Maharashtra,Chandrapur,SEWAKDAS KAWDUJI BARKE,Peoples Party of India (Democratic),1998,0.16,Lost
Maharashtra,Chandrapur,AWACHIT SHAMRAO SAYAM,Janseva Gondwana Party,1906,0.15,Lost
Maharashtra,Chandrapur,MILIND PRALHAD DAHIWALE,Independent,1761,0.14,Lost
Maharashtra,Chandrapur,ASHOK RANAJI RATHOD,Jay Vidarbha Party,1670,0.13,Lost
Maharashtra,Chandrapur,VIKAS UTTAMRAO LASANTE,Sanman Rajkiya Paksha,1520,0.12,Lost
Maharashtra,Chandrapur,VIDYASAGAR KALIDAS KASARLAWAR,Bhim Sena,1426,0.11,Lost
Maharashtra,Chandrapur,VANITA JITENDRA RAUT,Akhil Bharatiya Manavata Paksha,1057,0.09,Lost
Maharashtra,Chandrapur,PURNIMA DILIP GHONMODE,Bahujan Republican  Socialist Party,973,0.08,Lost
Maharashtra,Chandrapur,NOTA,None of the Above,10843,0.87,Lost
Maharashtra,Dhule,BACHHAV SHOBHA DINESH,Indian National Congress,583866,47.89,Won
Maharashtra,Dhule,BHAMRE SUBHASH RAMRAO,Bharatiya Janata Party,580035,47.57,Lost
Maharashtra,Dhule,BHARAT BABURAO JADHAV,Independent,19713,1.62,Lost
Maharashtra,Dhule,ZAHOOR AHAMAD MOHAMAD YUSUF (JAM JAM),Bahujan Samaj Party,4973,0.41,Lost
Maharashtra,Dhule,SANJAY RAMESHWAR SHARMA,Independent,3746,0.31,Lost
Maharashtra,Dhule,SHAFEEQUE AHEMAD MD. RAFEEQUE,Independent,3707,0.3,Lost
Maharashtra,Dhule,NAMDEO ROHIDAS YELAVE,Bharatheeya Jawan Kisan Party,3683,0.3,Lost
Maharashtra,Dhule,ADV SACHIN UMAJI NIKAM,Independent,3660,0.3,Lost
Maharashtra,Dhule,RAJ CHAVAN,Independent,3452,0.28,Lost
Maharashtra,Dhule,MOHAMMAD ISMAIL JUMMAN,Independent,1085,0.09,Lost
Maharashtra,Dhule,SURESH JAGANNATH BRAHMANKAR (SURESH BAPU),Independent,1038,0.09,Lost
Maharashtra,Dhule,PATIL SHIVAJI NATHU,All India Forward Bloc,1001,0.08,Lost
Maharashtra,Dhule,SHAIKH MOHAMMAD ZAID SHAMIM AHMED,Welfare Party Of India,951,0.08,Lost
Maharashtra,Dhule,MOHAMMAD AAMEEN MOHAMMAD FARUQUE,Independent,835,0.07,Lost
Maharashtra,Dhule,MUQEEM MEENA NAGRI,Bhim Sena,781,0.06,Lost
Maharashtra,Dhule,IRFAN. MO. ISHAK (NADIR),Independent,763,0.06,Lost
Maharashtra,Dhule,MALAY PRAKASH PATIL,Independent,736,0.06,Lost
Maharashtra,Dhule,ABDUL HAFEEZ ABDUL HAQUE,Independent,577,0.05,Lost
Maharashtra,Dhule,NOTA,None of the Above,4693,0.38,Lost
Maharashtra,Dindori,BHASKAR MURLIDHAR BHAGARE,Nationalist Congress Party – Sharadchandra Pawar,577339,46.53,Won
Maharashtra,Dindori,DR. BHARATI PRAVIN PAWAR,Bharatiya Janata Party,464140,37.4,Lost
Maharashtra,Dindori,BABU SADU BHAGRE (SIR),Independent,103632,8.35,Lost
Maharashtra,Dindori,DHOMSE MALATI RAHUL,Vanchit Bahujan  Aaghadi,37103,2.99,Lost
Maharashtra,Dindori,JAGTAP DIPAK GANPAT,Independent,15681,1.26,Lost
Maharashtra,Dindori,TULSHIRAM CHIMAN KHOTARE,Bahujan Samaj Party,9654,0.78,Lost
Maharashtra,Dindori,KISHOR AMBADAS DAGALE,Ambedkarite Party of India,8055,0.65,Lost
Maharashtra,Dindori,ANIL GAWALIRAM BARDE,Independent,6441,0.52,Lost
Maharashtra,Dindori,BHARAT ARUN PAWAR,Bahujan Republican  Socialist Party,5621,0.45,Lost
Maharashtra,Dindori,GULAB MOHAN BARDE,Prabuddha Republican Party,4998,0.4,Lost
Maharashtra,Dindori,NOTA,None of the Above,8246,0.66,Lost
Maharashtra,Gadchiroli - Chimur,DR. KIRSAN  NAMDEO,Indian National Congress,617792,52.97,Won
Maharashtra,Gadchiroli - Chimur,ASHOK  MAHADEORAO NETE,Bharatiya Janata Party,476096,40.82,Lost
Maharashtra,Gadchiroli - Chimur,GONNADE  YOGESH  NAMDEORAO,Bahujan Samaj Party,19055,1.63,Lost
Maharashtra,Gadchiroli - Chimur,HITESH PANDURANG MADAVI,Vanchit Bahujan  Aaghadi,15922,1.37,Lost
Maharashtra,Gadchiroli - Chimur,VINOD GURUDAS MADAVI,Independent,6126,0.53,Lost
Maharashtra,Gadchiroli - Chimur,KODAPE VILAS SHAMARAO,Independent,4402,0.38,Lost
Maharashtra,Gadchiroli - Chimur,SUHAS UMESH KUMRE,Bhim Sena,2872,0.25,Lost
Maharashtra,Gadchiroli - Chimur,KARAN SURESH SAYAM,Independent,2789,0.24,Lost
Maharashtra,Gadchiroli - Chimur,BARIKRAO DHARMAJI MADAVI,Bahujan Republican  Socialist Party,2555,0.22,Lost
Maharashtra,Gadchiroli - Chimur,DHIRAJ PURUSHOTTAM SHEDMAKE,Janseva Gondwana Party,2174,0.19,Lost
Maharashtra,Gadchiroli - Chimur,NOTA,None of the Above,16577,1.42,Lost
Maharashtra,Hatkanangale,DHAIRYASHEEL SAMBHAJIRAO MANE,Shiv Sena,520190,40.14,Won
Maharashtra,Hatkanangale,SATYAJEET BABASAHEB PATIL (AABA) SARUDKAR,Shiv Sena (Uddhav Balasaheb Thackrey),506764,39.1,Lost
Maharashtra,Hatkanangale,RAJU SHETTI,Swabhimani Paksha,179850,13.88,Lost
Maharashtra,Hatkanangale,D. C. PATIL DADASAHEB / DADGONDA CHAVGONDA PATIL,Vanchit Bahujan  Aaghadi,32696,2.52,Lost
Maharashtra,Hatkanangale,ASLAM AINODIN MULLA,Independent,6111,0.47,Lost
Maharashtra,Hatkanangale,ANANDRAO VASANTRAO SARNAIK (FOUJI BAPU),Independent,4955,0.38,Lost
Maharashtra,Hatkanangale,TANDALE LAXMAN SHIVAJI,Independent,4789,0.37,Lost
Maharashtra,Hatkanangale,PROF. PARASHURAM MANE,Independent,4477,0.35,Lost
Maharashtra,Hatkanangale,KAMBLE RAVINDRA TUKARAM,Bahujan Samaj Party,4033,0.31,Lost
Maharashtra,Hatkanangale,SATYAJEET PATIL (AABA),Independent,3632,0.28,Lost
Maharashtra,Hatkanangale,ANANDRAO TUKARAM THORAT,Independent,3499,0.27,Lost
Maharashtra,Hatkanangale,IMRAN IQBAL KHATIB,Bahujan Mukti Party,3190,0.25,Lost
Maharashtra,Hatkanangale,RAGHUNATHDADA PATIL,Bharatheeya Jawan Kisan Party,2174,0.17,Lost
Maharashtra,Hatkanangale,JAVED SIKANDAR MUJAVAR,Independent,1852,0.14,Lost
Maharashtra,Hatkanangale,SANTOSH KERBA KHOT,Kamgaar Kisan Party,1701,0.13,Lost
Maharashtra,Hatkanangale,DR. ISHWAR MAHADEV YAMGAR,Bharatiya Lokshakti Party,1537,0.12,Lost
Maharashtra,Hatkanangale,SHIVAJI DHONDIRAM SANKPAL,Independent,1392,0.11,Lost
Maharashtra,Hatkanangale,SHARAD BABURAO PATIL,National Black Panther Party,1361,0.11,Lost
Maharashtra,Hatkanangale,MANOHAR PRADIP SATPUTE,Independent,1066,0.08,Lost
Maharashtra,Hatkanangale,DHANAJI JAGANNATH GURAV (SHIVAREKAR),Lokrajya Janata Party,1061,0.08,Lost
Maharashtra,Hatkanangale,DAVARI LAXMAN SHRIPATI,Independent,1009,0.08,Lost
Maharashtra,Hatkanangale,RAJENDRA BHIMRAO MANE,Independent,940,0.07,Lost
Maharashtra,Hatkanangale,DINAKARRAO TULSHIDAS CHAVAN (PATIL),All India Forward Bloc,679,0.05,Lost
Maharashtra,Hatkanangale,RAMCHANDRA GOVINDRAO SALUNKHE,Independent,618,0.05,Lost
Maharashtra,Hatkanangale,MOHITE DEVENDRA NANA,Independent,560,0.04,Lost
Maharashtra,Hatkanangale,MANE ARVIND BHIVA,Independent,424,0.03,Lost
Maharashtra,Hatkanangale,MAHAMMAD MUBARAK DARAVESHI,Independent,361,0.03,Lost
Maharashtra,Hatkanangale,NOTA,None of the Above,5103,0.39,Lost
Maharashtra,Hingoli,AASHTIKAR PATIL NAGESH BAPURAO,Shiv Sena (Uddhav Balasaheb Thackrey),492535,42.49,Won
Maharashtra,Hingoli,BABURAO KADAM KOHALIKAR,Shiv Sena,383933,33.12,Lost
Maharashtra,Hingoli,DR. B. D. CHAVHAN,Vanchit Bahujan  Aaghadi,161814,13.96,Lost
Maharashtra,Hingoli,AMBADAS SUKAJI GADE,Independent,14742,1.27,Lost
Maharashtra,Hingoli,VIJAY RAMJI GABHANE,Communist Party of India  (Marxist),14644,1.26,Lost
Maharashtra,Hingoli,ANAND RAJARAM DHULE,Independent,9817,0.85,Lost
Maharashtra,Hingoli,GAJANAN DHONDBA DAL,Bahujan Samaj Party,7465,0.64,Lost
Maharashtra,Hingoli,DATTA SHRIKRISHNA SURYAWANSHI,Independent,7239,0.62,Lost
Maharashtra,Hingoli,SARJERAO NIVRUTTI KHANDARE,Independent,5014,0.43,Lost
Maharashtra,Hingoli,RAMPRASAD NARAYAN BANGAR,Independent,4525,0.39,Lost
Maharashtra,Hingoli,BABURAO ANANDRAO KADAM,Independent,4482,0.39,Lost
Maharashtra,Hingoli,DEVSARKAR VARSHA SHIVAJIRAO,Bahujan Mukti Party,4099,0.35,Lost
Maharashtra,Hingoli,A. KADIR MASTAN SAYYED (GOREGAONKAR),Independent,3713,0.32,Lost
Maharashtra,Hingoli,ANIL DEVRAO MOHITE,Akhil Bhartiya Parivar Party,3374,0.29,Lost
Maharashtra,Hingoli,SUNIL MOTIRAM GAJBHAR,Independent,3192,0.28,Lost
Maharashtra,Hingoli,ADV ALTAF AHMED,Indian National League,2950,0.25,Lost
Maharashtra,Hingoli,ASHOK PANDURANG RATHOD,Independent,2906,0.25,Lost
Maharashtra,Hingoli,ADV RAVI SHINDE,Independent,2701,0.23,Lost
Maharashtra,Hingoli,SATTAR PATHAN,Independent,2463,0.21,Lost
Maharashtra,Hingoli,MAHESH KAILAS NAPTE,Independent,2299,0.2,Lost
Maharashtra,Hingoli,ADV. SHIVAJIRAO JADHAV,Independent,2214,0.19,Lost
Maharashtra,Hingoli,BHAWAR GOVINDRAO FULAJI,Independent,2146,0.19,Lost
Maharashtra,Hingoli,TRISHALA MILIND KAMBLE,Bahujan Samaj Party  (Ambedkar),2150,0.19,Lost
Maharashtra,Hingoli,PRAKASH MASARAM RANVIR,Republican Party of India (A),2102,0.18,Lost
Maharashtra,Hingoli,ADV. RAMRAO ATMARAM JUMBADE,Independent,2104,0.18,Lost
Maharashtra,Hingoli,DESHA SHYAM BANJARA,Samnak Janta Party,2063,0.18,Lost
Maharashtra,Hingoli,VISHVANATH BHAURAO FALEGAONKAR,Independent,1859,0.16,Lost
Maharashtra,Hingoli,HEMANT RADHAKISHAN KANAKE,Rashtriya Kisan Bahujan Party,1800,0.16,Lost
Maharashtra,Hingoli,RAVI RAMDAS JADHAV (SAWANEKAR),Abhinav Bharat Janseva Paksh,1602,0.14,Lost
Maharashtra,Hingoli,DEWJI GANGARAM ASOLE,Independent,1483,0.13,Lost
Maharashtra,Hingoli,VIJAY DNYANBA RAUT,Independent,1126,0.1,Lost
Maharashtra,Hingoli,SUNIL DASHARATH INGOLE,Bhim Sena,1028,0.09,Lost
Maharashtra,Hingoli,VASANT KISAN PAIKRAO,Independent,593,0.05,Lost
Maharashtra,Hingoli,NOTA,None of the Above,3123,0.27,Lost
Maharashtra,Jalgaon,SMITA UDAY WAGH,Bharatiya Janata Party,674428,57.67,Won
Maharashtra,Jalgaon,KARAN BALASAHEB PATIL - PAWAR,Shiv Sena (Uddhav Balasaheb Thackrey),422834,36.15,Lost
Maharashtra,Jalgaon,YUVRAJ JADHAV (SAMBHA AAPPA),Vanchit Bahujan  Aaghadi,21177,1.81,Lost
Maharashtra,Jalgaon,EX-HAVILDAR ISHWAR DAYARAM MORE,Sainik Samaj Party,7548,0.65,Lost
Maharashtra,Jalgaon,VILAS SHANKAR TAYADE,Bahujan Samaj Party,6381,0.55,Lost
Maharashtra,Jalgaon,LALIT (BANTI) SHARMA,Independent,4192,0.36,Lost
Maharashtra,Jalgaon,KARAN PAWAR,Independent,3983,0.34,Lost
Maharashtra,Jalgaon,ADVOCATE VIJAY BABULAL DANEJ,Independent,3404,0.29,Lost
Maharashtra,Jalgaon,MUKESH MULCHAND KOLI,Independent,3370,0.29,Lost
Maharashtra,Jalgaon,MAHENDRA DEVRAM KOLI,Independent,2476,0.21,Lost
Maharashtra,Jalgaon,AHMAD KHAN,Independent,1901,0.16,Lost
Maharashtra,Jalgaon,ABDUL SHAKUR DESHPANDE,Independent,1606,0.14,Lost
Maharashtra,Jalgaon,ADV. NAMDEO PANDURANG KOLI,Independent,1224,0.1,Lost
Maharashtra,Jalgaon,PATIL SANDIP YUVRAJ,Independent,1110,0.09,Lost
Maharashtra,Jalgaon,NOTA,None of the Above,13919,1.19,Lost
Maharashtra,Jalna,KALYAN VAIJINATHRAO KALE,Indian National Congress,607897,44.59,Won
Maharashtra,Jalna,DANVE RAOSAHEB DADARAO,Bharatiya Janata Party,497939,36.52,Lost
Maharashtra,Jalna,MANGESH SANJAY SABLE,Independent,155930,11.44,Lost
Maharashtra,Jalna,BAKALE PRABHAKAR DEVGAN,Vanchit Bahujan  Aaghadi,37810,2.77,Lost
Maharashtra,Jalna,BABASAHEB SANTUKRAO SHELKE,Samata Party,9570,0.7,Lost
Maharashtra,Jalna,CHABUKSWAR RAHUL NIRANJAN,Independent,6337,0.46,Lost
Maharashtra,Jalna,NIVRUTTI VISHWNATH BANSODE,Bahujan Samaj Party,6008,0.44,Lost
Maharashtra,Jalna,DIPAK BHIMRAO BORHADE,Samnak Janta Party,5522,0.41,Lost
Maharashtra,Jalna,TANAJI TUKARAM BHOJANE,Independent,4948,0.36,Lost
Maharashtra,Jalna,KAMBLE MAROTI DASHARATH,Independent,3728,0.27,Lost
Maharashtra,Jalna,RAJENDRA NAMDEO MAGRE,Independent,2875,0.21,Lost
Maharashtra,Jalna,MANOJ NEMINATH KOLTE,Independent,2737,0.2,Lost
Maharashtra,Jalna,MUKESH PRABHAT RATHOD,Akhil Bhartiya Parivar Party,2591,0.19,Lost
Maharashtra,Jalna,BABASAHEB PATIL SHINDE,Independent,2417,0.18,Lost
Maharashtra,Jalna,KADUBA MHATARBA INGLE,Independent,1967,0.14,Lost
Maharashtra,Jalna,AJHAR ANWAR SAYYAD,Independent,1546,0.11,Lost
Maharashtra,Jalna,AHMAD RAHIM SAIKH BAGWAN,Independent,1394,0.1,Lost
Maharashtra,Jalna,ADV. YOGESH DATTU GULLAPELLI,Independent,1342,0.1,Lost
Maharashtra,Jalna,BHAGWAN SAHEBRAO REGUDE,Hindustan Janta Party,1174,0.09,Lost
Maharashtra,Jalna,DNYANESHWAR DAGDUJI NADE,Independent,1143,0.08,Lost
Maharashtra,Jalna,DHANANJAY RUPRAOJI KAKDE (PATIL),Bharatheeya Jawan Kisan Party,1139,0.08,Lost
Maharashtra,Jalna,ABDUL RAFIQ ABDUL LATIF,Independent,1047,0.08,Lost
Maharashtra,Jalna,SHYAM RUSTUMRAO SHIRSATH,Bahujan Republican  Socialist Party,974,0.07,Lost
Maharashtra,Jalna,RATAN ASARAM LANDGE,Independent,647,0.05,Lost
Maharashtra,Jalna,VIKAS CHHAGAN LAHANE,Independent,644,0.05,Lost
Maharashtra,Jalna,SHAM PAWALS RUPEKAR,Independent,546,0.04,Lost
Maharashtra,Jalna,NOTA,None of the Above,3537,0.26,Lost
Maharashtra,Kalyan,DR SHRIKANT EKNATH SHINDE,Shiv Sena,589636,56.38,Won
Maharashtra,Kalyan,VAISHALI DAREKAR - RANE,Shiv Sena (Uddhav Balasaheb Thackrey),380492,36.39,Lost
Maharashtra,Kalyan,MO. SAHABUDDIN SHAIKH SULEMANI THAKUR,Vanchit Bahujan  Aaghadi,18741,1.79,Lost
Maharashtra,Kalyan,PRASHANT RAMESH INGLE,Bahujan Samaj Party,11341,01.08,Lost
Maharashtra,Kalyan,AMIT UPADHYAY,Right to Recall Party,4205,0.4,Lost
Maharashtra,Kalyan,ARUN BHAURAO NITURE,Rashtriya Kisan Bahujan Party,2753,0.26,Lost
Maharashtra,Kalyan,AMRISH RAJ MORAJKAR,Independent,2620,0.25,Lost
Maharashtra,Kalyan,ASHWINI AMOL KENDRE,Independent,2468,0.24,Lost
Maharashtra,Kalyan,NAFIS AHMED ANSARI,Independent,2000,0.19,Lost
Maharashtra,Kalyan,SUSHILA KASHINATH KAMBLE,Bahujan Samaj Party  (Ambedkar),1858,0.18,Lost
Maharashtra,Kalyan,ABHIJIT WAMANRAO BICHUKALE,Independent,1824,0.17,Lost
Maharashtra,Kalyan,AJAY SHYAM MORYA,Independent,1802,0.17,Lost
Maharashtra,Kalyan,SAMBHAJI JAGANNATH JADHAV,Sanyukt Bharat Paksh,1609,0.15,Lost
Maharashtra,Kalyan,CHANDRAKANT RAMBHAJI MOTE,Independent,1380,0.13,Lost
Maharashtra,Kalyan,POONAM JAGANNATH BAISANE,Bahujan Republican  Socialist Party,1381,0.13,Lost
Maharashtra,Kalyan,HINDURAO DADU PATIL,Rashtriya Maratha Party,1243,0.12,Lost
Maharashtra,Kalyan,GAWALI PRAVIN SHIVAJI,Apni Prajahit Party,1082,0.1,Lost
Maharashtra,Kalyan,ARUN VAMAN JADHAV,Independent,1082,0.1,Lost
Maharashtra,Kalyan,SHRIDHAR NARAYAN SALVE,Bhim Sena,1072,0.1,Lost
Maharashtra,Kalyan,SHRIKANT SHIVAJI VANJARE,Peoples Party of India (Democratic),808,0.08,Lost
Maharashtra,Kalyan,PRAJAKTA NILESH YELVE,Independent,783,0.07,Lost
Maharashtra,Kalyan,DNYANESHWAR LOKHANDE MAHARAJ,Independent,741,0.07,Lost
Maharashtra,Kalyan,ADV. HITESH JAIKISHAN JESWANI,Independent,715,0.07,Lost
Maharashtra,Kalyan,MOHAMMAD YUSUF KHAN,Independent,653,0.06,Lost
Maharashtra,Kalyan,RAKESH KUMAR DHISULAL JAIN,Independent,602,0.06,Lost
Maharashtra,Kalyan,SHIVA KRISHNAMURTI IYER,Independent,437,0.04,Lost
Maharashtra,Kalyan,SALIMUDDIN KHALILUDDIN SHAIKH,Independent,371,0.04,Lost
Maharashtra,Kalyan,DR. SACHIN SAHEBRAO PATIL,Independent,351,0.03,Lost
Maharashtra,Kalyan,NOTA,None of the Above,11686,1.12,Lost
Maharashtra,Kolhapur,CHHATRAPATI SHAHU SHAHAJI,Indian National Congress,754522,54.15,Won
Maharashtra,Kolhapur,SANJAY SADASHIVRAO MANDLIK,Shiv Sena,599558,43.03,Lost
Maharashtra,Kolhapur,SANJAY BHIKAJI MAGADE,Bahujan Samaj Party,4002,0.29,Lost
Maharashtra,Kolhapur,MUSHTAK AJIJ MULLA,Independent,3824,0.27,Lost
Maharashtra,Kolhapur,MADHURI RAJU JADHAV,Independent,3508,0.25,Lost
Maharashtra,Kolhapur,KHADE BAJIRAO NANASO,Independent,3512,0.25,Lost
Maharashtra,Kolhapur,KRUSHNABAI DIPAK CHOUGALE,Independent,3063,0.22,Lost
Maharashtra,Kolhapur,KOGALE SANDEEP BHAIRAVNATH,Desh Janhit Party,2975,0.21,Lost
Maharashtra,Kolhapur,ADV. YASH SUHAS HEGDEPATIL,Independent,2459,0.18,Lost
Maharashtra,Kolhapur,NAGNATH PUNDALIK BENAKE,Independent,1227,0.09,Lost
Maharashtra,Kolhapur,RAJANDARA BALASO KOLI,Independent,1044,0.07,Lost
Maharashtra,Kolhapur,B. T. PATIL (EX SERVICEMAN),Bharatheeya Jawan Kisan Party,1107,0.08,Lost
Maharashtra,Kolhapur,SUBHASH VAIJU DESAI,Independent,849,0.06,Lost
Maharashtra,Kolhapur,MANGESH JAYSINGH PATIL,Independent,653,0.05,Lost
Maharashtra,Kolhapur,SHASHIBHUSHAN JEEVANRAO DESAI,Akhil Bharat Hindu Mahasabha,651,0.05,Lost
Maharashtra,Kolhapur,SANTOSH GANPATI BISURE,Apni Prajahit Party,639,0.05,Lost
Maharashtra,Kolhapur,DR. SUNIL NAMDEV PATIL,National Black Panther Party,633,0.05,Lost
Maharashtra,Kolhapur,KRUSHNA HANMANT DESAI,Independent,604,0.04,Lost
Maharashtra,Kolhapur,IRFAN ABUTALIB CHAND,Independent,597,0.04,Lost
Maharashtra,Kolhapur,MANE ARVIND BHIVA,Bhartiya Rashtriya Dal,570,0.04,Lost
Maharashtra,Kolhapur,SANDEEP GUNDOPANT SANKPAL,Independent,544,0.04,Lost
Maharashtra,Kolhapur,KUDARTULLA ADAM LATIF,Independent,467,0.03,Lost
Maharashtra,Kolhapur,SALIM NURMUHAMAD BAGWAN,Independent,335,0.02,Lost
Maharashtra,Kolhapur,NOTA,None of the Above,5983,0.43,Lost
Maharashtra,Latur,DR. KALGE SHIVAJI BANDAPPA,Indian National Congress,609021,49.15,Won
Maharashtra,Latur,SUDHAKAR TUKARAM SHRANGARE,Bharatiya Janata Party,547140,44.16,Lost
Maharashtra,Latur,NARSINGRAO UDGIRKAR,Vanchit Bahujan  Aaghadi,42225,3.41,Lost
Maharashtra,Latur,ATITHI KHANDERAO SURYVANSHI,Swarajya Shakti Sena,5178,0.42,Lost
Maharashtra,Latur,ALTE VISHWANATH MAHADEV,Bahujan Samaj Party,5121,0.41,Lost
Maharashtra,Latur,KAMANT MACHHINDRA GUNWANTRAO,Bahujan Bharat Party,2269,0.18,Lost
Maharashtra,Latur,ABHANG GANGARAM SURYAWANSHI,Independent,2102,0.17,Lost
Maharashtra,Latur,DATTU SOPAN NARSINGE,Independent,2002,0.16,Lost
Maharashtra,Latur,DEEPAK KEDAR,Independent,1726,0.14,Lost
Maharashtra,Latur,UMESH AMBADAS KAMBLE,Independent,1691,0.14,Lost
Maharashtra,Latur,BANSODE RAGHUNATH WAGHOJI,Independent,1600,0.13,Lost
Maharashtra,Latur,BHARAT HARIBA NANAWARE,Peoples Party of India (Democratic),1449,0.12,Lost
Maharashtra,Latur,SHRIKANT BABURAO HOVAL,Bahujan Mukti Party,1382,0.11,Lost
Maharashtra,Latur,PRAVIN MADHAV JOHARE,Swarajya Sena (Maharashtra),1273,0.1,Lost
Maharashtra,Latur,PANCHSHIL VIKRAM KAMBLE,Independent,1241,0.1,Lost
Maharashtra,Latur,SHANKAR HARI TADAKHE,Baliraja Party,1128,0.09,Lost
Maharashtra,Latur,AMOL MALU HANMANTE,Independent,1099,0.09,Lost
Maharashtra,Latur,ADV. KASBEKAR SHRIDHAR LIMBAJI,Rashtriya Sant Sandesh Party,994,0.08,Lost
Maharashtra,Latur,BALAJI SHESHRAO BANSODE,Independent,954,0.08,Lost
Maharashtra,Latur,BHIKAJI GANGARAM JADHAV,Kranti Kari Jai Hind Sena,866,0.07,Lost
Maharashtra,Latur,VIKAS KONDIBA SHINDE,Maharashtra Vikas Aghadi,801,0.06,Lost
Maharashtra,Latur,LAKHAN RAJARAM KAMBLE,Rashtriy Bahujan Party,795,0.06,Lost
Maharashtra,Latur,BALAJI TUKARAM GAIKWAD,Bharat Peoples Sena,683,0.06,Lost
Maharashtra,Latur,SUDHAKAR TUKARAM SURYAWANSHI,Independent,620,0.05,Lost
Maharashtra,Latur,PAPITA RAOSAHEB RANDIVE,Independent,581,0.05,Lost
Maharashtra,Latur,ADV. PRADIP S. CHINCHOLIKAR,Independent,533,0.04,Lost
Maharashtra,Latur,MUKESH GOVINDRAO GHODAKE,Independent,525,0.04,Lost
Maharashtra,Latur,PANKAJ GOPALRAO WAKHARADAKAR,Independent,513,0.04,Lost
Maharashtra,Latur,NOTA,None of the Above,3567,0.29,Lost
Maharashtra,Madha,MOHITE-PATIL DHAIRYASHEEL RAJSINH,Nationalist Congress Party – Sharadchandra Pawar,622213,48.86,Won
Maharashtra,Madha,RANJEETSINGH HINDURAO NAIK NIMBALKAR,Bharatiya Janata Party,501376,39.37,Lost
Maharashtra,Madha,ER. RAMCHANDRA MAYAPPA GHUTUKADE,New Rashtriya Samaj Party,58421,4.59,Lost
Maharashtra,Madha,BARASKAR RAMESH NAGNATH,Vanchit Bahujan  Aaghadi,20604,1.62,Lost
Maharashtra,Madha,JANKAR SWARUP DADA,Bahujan Samaj Party,7094,0.56,Lost
Maharashtra,Madha,HAKE LAXMAN SOPAN,Independent,5134,0.4,Lost
Maharashtra,Madha,SITARAM VITTHAL RANDIVE,Independent,4986,0.39,Lost
Maharashtra,Madha,DHANAJI SHRIPATI MASKE,Independent,4433,0.35,Lost
Maharashtra,Madha,BICHUKALE SANTOSH BALASAHEB,Republican Party of India (A),4046,0.32,Lost
Maharashtra,Madha,SAWANT RAHUL SHASHIKANT,Independent,3909,0.31,Lost
Maharashtra,Madha,AWARE SIDDHESHWAR BHARAT,All India Forward Bloc,3067,0.24,Lost
Maharashtra,Madha,HANUMANT NARAYAN MANE,Independent,2864,0.22,Lost
Maharashtra,Madha,NANDU SAMBHAJI MORE,Independent,2687,0.21,Lost
Maharashtra,Madha,NAVANATH BIRA MADANE,Independent,2435,0.19,Lost
Maharashtra,Madha,GIRISH PRABHAKAR SHETE,Independent,2383,0.19,Lost
Maharashtra,Madha,ADV. JORE SACHIN BHASKAR,Independent,2347,0.18,Lost
Maharashtra,Madha,NANASAHEB RAMHARI YADAV,Independent,2214,0.17,Lost
Maharashtra,Madha,KIRAN TANAJI SATHE,Independent,2175,0.17,Lost
Maharashtra,Madha,BHAUSAHEB SUKHADEV LIGADE,Independent,2052,0.16,Lost
Maharashtra,Madha,ER. BALIRAM SUKHADEV MORE,Independent,1953,0.15,Lost
Maharashtra,Madha,KHARAT SANDIP JANARADHAN,Independent,1755,0.14,Lost
Maharashtra,Madha,NARAYAN TATOBA KALEL,Independent,1560,0.12,Lost
Maharashtra,Madha,KASHINATH KISAN DEOKATE,Independent,1279,0.1,Lost
Maharashtra,Madha,GOPAL YESHVANT JADHAV,Bharatheeya Jawan Kisan Party,1289,0.1,Lost
Maharashtra,Madha,SATYAWAN VIJAY OMBASE,Swarajya Sena (Maharashtra),1260,0.1,Lost
Maharashtra,Madha,SITAPURE VINOD DILIP,Independent,1191,0.09,Lost
Maharashtra,Madha,ASHOK DNYANDEV WAGHMODE,Independent,989,0.08,Lost
Maharashtra,Madha,ANIL BHAGAVAN SHEDAGE,Independent,982,0.08,Lost
Maharashtra,Madha,AMOL MADHUKAR KARADE,Independent,903,0.07,Lost
Maharashtra,Madha,RASHID ISMAIL SHAIKH,Independent,843,0.07,Lost
Maharashtra,Madha,MORE ROHIT RAMKRUSHNA,Independent,671,0.05,Lost
Maharashtra,Madha,SARADE GANESH NAVNATH,Independent,601,0.05,Lost
Maharashtra,Madha,NOTA,None of the Above,3702,0.29,Lost
Maharashtra,Maval,SHRIRANG APPA CHANDU BARNE,Shiv Sena,692832,48.81,Won
Maharashtra,Maval,SANJOG BHIKU WAGHERE PATIL,Shiv Sena (Uddhav Balasaheb Thackrey),596217,42,Lost
Maharashtra,Maval,MADHAVITAI  NARESH JOSHI,Vanchit Bahujan  Aaghadi,27768,1.96,Lost
Maharashtra,Maval,RAJARAM NARAYAN PATIL,Bahujan Samaj Party,14003,0.99,Lost
Maharashtra,Maval,ADV JYOTISHWAR VISHNU BHOSALE,Baliraja Party,10879,0.77,Lost
Maharashtra,Maval,UMAKANT RAMESHWAR MISHRA,Independent,5030,0.35,Lost
Maharashtra,Maval,SANJOG  PATIL,Independent,4830,0.34,Lost
Maharashtra,Maval,KAMBLE MARUTI APARAI,Independent,4829,0.34,Lost
Maharashtra,Maval,AJAY HANUMANT LONDHE,Independent,4767,0.34,Lost
Maharashtra,Maval,SANTOSH UBALE,Bhim Sena,3825,0.27,Lost
Maharashtra,Maval,ADHALGE LAXMAN SADASHIV,Independent,3167,0.22,Lost
Maharashtra,Maval,SUHAS MANOHAR RANE,Independent,2923,0.21,Lost
Maharashtra,Maval,IQBAL IBRAHIM NAWDEKAR,Independent,2900,0.2,Lost
Maharashtra,Maval,DADARAO KISAN KAMBLE,Independent,2642,0.19,Lost
Maharashtra,Maval,RAHUL NIVRUTTI MADANE,Independent,2282,0.16,Lost
Maharashtra,Maval,TUSHAR DIGAMBAR LONDHE,Bahujan Bharat Party,2203,0.16,Lost
Maharashtra,Maval,RAHIM MAINUDDIN SAYYAD,Aazad Samaj Party (Kanshi Ram),2149,0.15,Lost
Maharashtra,Maval,INDRAJEET D GOND,Independent,2135,0.15,Lost
Maharashtra,Maval,SHIVAJI KISAN JADHAV,All India Forward Bloc,1676,0.12,Lost
Maharashtra,Maval,YASHWANT VITTHAL PAWAR,Kranti Kari Jai Hind Sena,1638,0.12,Lost
Maharashtra,Maval,PRAFUL PANDIT BHOSALE,Independent,1603,0.11,Lost
Maharashtra,Maval,RAJENDRA MARUTI KATE,Independent,1419,0.1,Lost
Maharashtra,Maval,MAHESH THAKUR,Dharmarajya Paksha,1372,0.1,Lost
Maharashtra,Maval,PRASHANT RAMKRISHNA BHAGAT,Bharatheeya Jawan Kisan Party,1291,0.09,Lost
Maharashtra,Maval,PANKAJ PRABHAKAR OZARKAR,Akhil Bhartiya Parivar Party,1261,0.09,Lost
Maharashtra,Maval,MANOJ BHASKAR GARBADE,Independent,1233,0.09,Lost
Maharashtra,Maval,HAJRAT IMAMSAB PATEL,Independent,1093,0.08,Lost
Maharashtra,Maval,GOVIND GANGARAM HERODE,Independent,966,0.07,Lost
Maharashtra,Maval,MADHUKAR DAMODAR THORAT,Independent,905,0.06,Lost
Maharashtra,Maval,RAFIQUE RASHID QURESHI,Desh Janhit Party,829,0.06,Lost
Maharashtra,Maval,CHIMAJI DHONDIBA SHINDE,Independent,757,0.05,Lost
Maharashtra,Maval,ADV RAJU PATIL,Independent,670,0.05,Lost
Maharashtra,Maval,MUKESH MANOHAR AGARWAL,Independent,547,0.04,Lost
Maharashtra,Maval,NOTA,None of the Above,16760,1.18,Lost
Maharashtra,Mumbai North,PIYUSH GOYAL,Bharatiya Janata Party,680146,65.68,Won
Maharashtra,Mumbai North,BHUSHAN PATIL,Indian National Congress,322538,31.15,Lost
Maharashtra,Mumbai North,ADV. SONAL DIWAKAR GONDANE,Vanchit Bahujan  Aaghadi,6052,0.58,Lost
Maharashtra,Mumbai North,RAIS DOCTOR,Bahujan Samaj Party,2923,0.28,Lost
Maharashtra,Mumbai North,PANDEY DHARMENDRA RAMMURAT,Independent,1481,0.14,Lost
Maharashtra,Mumbai North,DIPTI ASHOK WALAWALKAR,Independent,1472,0.14,Lost
Maharashtra,Mumbai North,COMRADE JAYRAM VISHWAKARMA,Socialist Unity Centre Of India (COMMUNIST),1195,0.12,Lost
Maharashtra,Mumbai North,MUNNALAL GAJRAJ PRAJAPATI,Independent,971,0.09,Lost
Maharashtra,Mumbai North,LAXMAN YELLPPA KURADE,Independent,686,0.07,Lost
Maharashtra,Mumbai North,ADVOCATE KAPIL K. SONI,Independent,633,0.06,Lost
Maharashtra,Mumbai North,DEEPALI BHAWARSING SHEKHAWAT,Maharashtra Vikas Aghadi,625,0.06,Lost
Maharashtra,Mumbai North,KAMLESH DAYABHAI VYAS,Sardar Vallabhbhai Patel Party,622,0.06,Lost
Maharashtra,Mumbai North,BIPIN BACHUBHAI SHAH,Hindu Samaj Party,508,0.05,Lost
Maharashtra,Mumbai North,GURUDAS RAMDAS KHAIRNAR,Independent,486,0.05,Lost
Maharashtra,Mumbai North,RAVI BABU GAVLI,Samata Party,450,0.04,Lost
Maharashtra,Mumbai North,JAEENDRA VASANT SURVE,Bharatheeya Jawan Kisan Party,405,0.04,Lost
Maharashtra,Mumbai North,ALIEK SUNDER MESHRAM,Bharatiya Mulnivasi Aazad Party,396,0.04,Lost
Maharashtra,Mumbai North,SAYED ZULFIQAR ALAM,Bahujan Maha Party,348,0.03,Lost
Maharashtra,Mumbai North,SANJAY MAFATLAL MORAKHIA,Independent,210,0.02,Lost
Maharashtra,Mumbai North,NOTA,None of the Above,13346,1.29,Lost
Maharashtra,Mumbai North Central,GAIKWAD VARSHA EKNATH,Indian National Congress,445545,48.93,Won
Maharashtra,Mumbai North Central,ADV UJWAL NIKAM,Bharatiya Janata Party,429031,47.12,Lost
Maharashtra,Mumbai North Central,SANTOSH GANPAT AMBULGE,Vanchit Bahujan  Aaghadi,8288,0.91,Lost
Maharashtra,Mumbai North Central,AYYUB AMIN HUNGUND,Bahujan Samaj Party,3243,0.36,Lost
Maharashtra,Mumbai North Central,ANSON THOMAS,People's Party of India(secular),2211,0.24,Lost
Maharashtra,Mumbai North Central,RAMZAN ALI CHAUDHARY,All India Majlis-E-Ittehadul Muslimeen,1531,0.17,Lost
Maharashtra,Mumbai North Central,AJAZ MOHAMMAD SAFI KHAN,Independent,1041,0.11,Lost
Maharashtra,Mumbai North Central,HAYATULAH ABDULAH SHAIKH,Akhil Bharatiya Muslim League (Secular),821,0.09,Lost
Maharashtra,Mumbai North Central,NAZMAKHATHUN MOHAMMED ZAFAR KHAN,Independent,732,0.08,Lost
Maharashtra,Mumbai North Central,SHANTARAM S DIGHE,Independent,733,0.08,Lost
Maharashtra,Mumbai North Central,NARENDRA MISHRA,Independent,708,0.08,Lost
Maharashtra,Mumbai North Central,ADV ASIF ALI SIDDIQUIE,Independent,683,0.08,Lost
Maharashtra,Mumbai North Central,HARSHADA BABURAV JADHAV,Maharashtra Vikas Aghadi,690,0.08,Lost
Maharashtra,Mumbai North Central,RAMA ARUN SABLE,Independent,636,0.07,Lost
Maharashtra,Mumbai North Central,SANDEEP BHAU RAMCHANDRA JADHAV,Independent,623,0.07,Lost
Maharashtra,Mumbai North Central,DR GAFFAR IBRAHIM SAYED,Independent,586,0.06,Lost
Maharashtra,Mumbai North Central,ADV UTTAMKUMAR NAKUL SAJANI SAHU,Independent,558,0.06,Lost
Maharashtra,Mumbai North Central,KHAN ABBAS AHMED,Bahujan Maha Party,428,0.05,Lost
Maharashtra,Mumbai North Central,MUSHTAQUE HAIDER SHAIKH,Independent,405,0.04,Lost
Maharashtra,Mumbai North Central,DR ADV YASHWANT RAMBHAU KASBE,Bhartiya Jan Vikas Aaghadi,391,0.04,Lost
Maharashtra,Mumbai North Central,KURBAN SHAHADAT HUSAIN,Rashtriya Ulama Council,367,0.04,Lost
Maharashtra,Mumbai North Central,ABDUL TAHIR ADVOCATE BABLU RAJNIKANT,Independent,355,0.04,Lost
Maharashtra,Mumbai North Central,SHAUKAT ABDUL RAFIQ KHAN,Insaniyat Party,345,0.04,Lost
Maharashtra,Mumbai North Central,RAJESH MOHAN LOKHANDE,Independent,289,0.03,Lost
Maharashtra,Mumbai North Central,YUNUSALI RASHID MULLA,Independent,220,0.02,Lost
Maharashtra,Mumbai North Central,ADV FEROZ SHAIKH,Independent,180,0.02,Lost
Maharashtra,Mumbai North Central,MUZAFAR ALI SHAIKH,Independent,173,0.02,Lost
Maharashtra,Mumbai North Central,NOTA,None of the Above,9749,01.07,Lost
Maharashtra,Mumbai North East,SANJAY DINA PATIL,Shiv Sena (Uddhav Balasaheb Thackrey),450937,48.67,Won
Maharashtra,Mumbai North East,MIHIR CHANDRAKANT KOTECHA,Bharatiya Janata Party,421076,45.45,Lost
Maharashtra,Mumbai North East,DAULAT KADAR KHAN,Vanchit Bahujan  Aaghadi,14657,1.58,Lost
Maharashtra,Mumbai North East,NANDESH VITHAL UMAP,Bahujan Samaj Party,8318,0.9,Lost
Maharashtra,Mumbai North East,DR. SUSHMA MAURYA,Independent,2891,0.31,Lost
Maharashtra,Mumbai North East,SANJAY B. PATIL,National People's Party,2764,0.3,Lost
Maharashtra,Mumbai North East,SANJU MARUTI PAWAR,Maharashtra Vikas Aghadi,2582,0.28,Lost
Maharashtra,Mumbai North East,PROF. DR. PRASHANT GANGAWANE,Desh Janhit Party,2373,0.26,Lost
Maharashtra,Mumbai North East,PREM RAMAPATI GUPTA,Independent,1601,0.17,Lost
Maharashtra,Mumbai North East,MOHAMMED AHMED SHAIKH,Independent,1294,0.14,Lost
Maharashtra,Mumbai North East,MOHAMMAD ARMAN MOHAMMAD WASI KHAN,Rashtriya Janhit Sangharsh Party,1090,0.12,Lost
Maharashtra,Mumbai North East,VIDYA NAIK,Independent,979,0.11,Lost
Maharashtra,Mumbai North East,BHOPINDER SINGH SAINI,Viro Ke Vir Indian Party,946,0.1,Lost
Maharashtra,Mumbai North East,BANSODE DILIP,Independent,838,0.09,Lost
Maharashtra,Mumbai North East,BHAWANI H. CHOUDHARY,Sardar Vallabhbhai Patel Party,746,0.08,Lost
Maharashtra,Mumbai North East,DATTATRAY ARJUN UTEKAR,Bharatheeya Jawan Kisan Party,711,0.08,Lost
Maharashtra,Mumbai North East,COMRADE SURENDRA SIBAG,All India Forward Bloc,678,0.07,Lost
Maharashtra,Mumbai North East,SHAHAJI  NANAI THORAT,Independent,650,0.07,Lost
Maharashtra,Mumbai North East,SANJAY SAOJI DESHPANDE,Republican Party of India,641,0.07,Lost
Maharashtra,Mumbai North East,SANJAY PATIL,Independent,524,0.06,Lost
Maharashtra,Mumbai North East,NOTA,None of the Above,10173,1.1,Lost
Maharashtra,Mumbai North West,AMOL GAJANAN KIRTIKAR,Shiv Sena (Uddhav Balasaheb Thackrey),452596,47.4,Lost
Maharashtra,Mumbai North West,RAVINDRA DATTARAM WAIKAR,Shiv Sena,452644,47.4,Won
Maharashtra,Mumbai North West,PARMESHWAR ASHOK RANSHUR,Vanchit Bahujan  Aaghadi,10052,01.05,Lost
Maharashtra,Mumbai North West,RAJESH RAMKISAN MALLAH,Bahujan Samaj Party,4812,0.5,Lost
Maharashtra,Mumbai North West,SAMEER MORE,Independent,3173,0.33,Lost
Maharashtra,Mumbai North West,SUNIL BHIMA CHAVAN,Independent,2002,0.21,Lost
Maharashtra,Mumbai North West,BALA VENKATESH VINAYAK NADAR,Aapki Apni Party (Peoples),1763,0.18,Lost
Maharashtra,Mumbai North West,ARORA SURINDER MOHAN,Bharat Jan Aadhar Party,1675,0.18,Lost
Maharashtra,Mumbai North West,ROHAN SATONE,Independent,1479,0.15,Lost
Maharashtra,Mumbai North West,ADV. SANJEEVKUMAR APPARAV KALKORI,Independent,1197,0.13,Lost
Maharashtra,Mumbai North West,ADV. LATA PANDURANG SHINDE,Independent,1154,0.12,Lost
Maharashtra,Mumbai North West,MANOJ SHRAVAN NAYAK,Right to Recall Party,1149,0.12,Lost
Maharashtra,Mumbai North West,HRUDA DHANANJAY SHINDE,Independent,1078,0.11,Lost
Maharashtra,Mumbai North West,BHARAT KHIMJI SHAH,Hindu Samaj Party,937,0.1,Lost
Maharashtra,Mumbai North West,SUSHMA DAYANAND MEHTA,Independent,882,0.09,Lost
Maharashtra,Mumbai North West,ADVOCATE KAPIL KANTILAL SONI,Independent,780,0.08,Lost
Maharashtra,Mumbai North West,SARIKA DABRAL,India Greens Party,768,0.08,Lost
Maharashtra,Mumbai North West,GAJANAN TUKARAM SONKAMBLE,Independent,501,0.05,Lost
Maharashtra,Mumbai North West,ADV MITESH VARSHNEY,Bhim Sena,497,0.05,Lost
Maharashtra,Mumbai North West,HARISHANKAR YADAV,Samaj Vikas Kranti Party,405,0.04,Lost
Maharashtra,Mumbai North West,SANTOSH MANIK RAYBAN,Independent,234,0.02,Lost
Maharashtra,Mumbai North West,NOTA,None of the Above,15161,1.59,Lost
Maharashtra,Mumbai South,ARVIND GANPAT SAWANT,Shiv Sena (Uddhav Balasaheb Thackrey),395655,51.18,Won
Maharashtra,Mumbai South,YAMINI YASHWANT JADHAV,Shiv Sena,342982,44.36,Lost
Maharashtra,Mumbai South,AFZAL S. DAWOODANI,Vanchit Bahujan  Aaghadi,5612,0.73,Lost
Maharashtra,Mumbai South,MOHAMMED SHUAIB BASHIR KHATEEB,Bahujan Samaj Party,4478,0.58,Lost
Maharashtra,Mumbai South,ARVIND NARAYAN SAWANT,Independent,3090,0.4,Lost
Maharashtra,Mumbai South,MOHD. NAEEM SHAIKH,Aim Political Party,1715,0.22,Lost
Maharashtra,Mumbai South,SABEEHA KHAN,Independent,1694,0.22,Lost
Maharashtra,Mumbai South,GOHIL MANISHA SHIVRAM,Independent,1045,0.14,Lost
Maharashtra,Mumbai South,SHANKAR SONAWANE,Independent,862,0.11,Lost
Maharashtra,Mumbai South,RAHUL PHANASWADIKAR,Lokshahi Ekta Party,787,0.1,Lost
Maharashtra,Mumbai South,SUBHASH RAMESH CHIPLUNKAR,Rashtriya Kisan Bahujan Party,567,0.07,Lost
Maharashtra,Mumbai South,PRASHANT PRAKASH GHADGE,Independent,490,0.06,Lost
Maharashtra,Mumbai South,MOHAMMED MAHTAB SHAIKH,Independent,458,0.06,Lost
Maharashtra,Mumbai South,MATEEN AHMED RANGREJ,Independent,267,0.03,Lost
Maharashtra,Mumbai South,NOTA,None of the Above,13411,1.73,Lost
Maharashtra,Mumbai South Central,ANIL YESHWANT DESAI,Shiv Sena (Uddhav Balasaheb Thackrey),395138,49.73,Won
Maharashtra,Mumbai South Central,RAHUL RAMESH SHEWALE,Shiv Sena,341754,43.01,Lost
Maharashtra,Mumbai South Central,ABUL HASAN ALI HASAN KHAN,Vanchit Bahujan  Aaghadi,23867,3,Lost
Maharashtra,Mumbai South Central,VIDHYASAGAR ALIAS SURESH BHIMRAO VIDHYAGAR,Bahujan Samaj Party,6532,0.82,Lost
Maharashtra,Mumbai South Central,AKASH LAXMAN KHARATMAL,Independent,1899,0.24,Lost
Maharashtra,Mumbai South Central,ASHWINI KUMAR PATHAK,Independent,1612,0.2,Lost
Maharashtra,Mumbai South Central,ADV. SANTOSH PUNJIRAM SANJKAR,Independent,1578,0.2,Lost
Maharashtra,Mumbai South Central,KARAM HUSSAIN KITABULLAH KHAN,Peace Party,1537,0.19,Lost
Maharashtra,Mumbai South Central,ADV. MAHENDRA TULSHIRAM BHINGARDIVE,Right to Recall Party,1444,0.18,Lost
Maharashtra,Mumbai South Central,SAEED CHOUDHARY,Social Democratic Party Of India,1191,0.15,Lost
Maharashtra,Mumbai South Central,ISHWAR VILAS TATHAWADE,Rashtriya Mahaswaraj Bhumi Party,971,0.12,Lost
Maharashtra,Mumbai South Central,DEEPAK M. CHAUGULE,Bahujan Republican  Socialist Party,975,0.12,Lost
Maharashtra,Mumbai South Central,JAHID ALI NASIR AHMED SHAIKH,Aazad Samaj Party (Kanshi Ram),959,0.12,Lost
Maharashtra,Mumbai South Central,DR. ARJUN MAHADEO MURUDKAR,Bharatheeya Jawan Kisan Party,930,0.12,Lost
Maharashtra,Mumbai South Central,VIVEK YESHWANT PATIL,Independent,714,0.09,Lost
Maharashtra,Mumbai South Central,NOTA,None of the Above,13423,1.69,Lost
Maharashtra,Nagpur,NITIN JAIRAM GADKARI,Bharatiya Janata Party,655027,54.08,Won
Maharashtra,Nagpur,VIKAS THAKRE,Indian National Congress,517424,42.72,Lost
Maharashtra,Nagpur,YOGIRAJ ALIAS YOGESH PATIRAM LANJEWAR,Bahujan Samaj Party,19242,1.59,Lost
Maharashtra,Nagpur,KIVINSUKA VIRENDRA SURYAVANSHI,Desh Janhit Party,2059,0.17,Lost
Maharashtra,Nagpur,ADARSH RAVISHANKAR THAKUR,Independent,1750,0.14,Lost
Maharashtra,Nagpur,ADV ULHAS SHALIKRAM DUPARE,Independent,1348,0.11,Lost
Maharashtra,Nagpur,FAHIM SHAMIM KHAN,Minorities Democratic Party,1073,0.09,Lost
Maharashtra,Nagpur,SURAJ BALRAM MISHRA,Kunbi Bahujan Sawrajya Party,817,0.07,Lost
Maharashtra,Nagpur,TEKRAJ BELKHODE,Independent,808,0.07,Lost
Maharashtra,Nagpur,GARUDADRI ANAND KUMAR,Akhil Bhartiya Parivar Party,720,0.06,Lost
Maharashtra,Nagpur,DHANU WALTHARE,Independent,692,0.06,Lost
Maharashtra,Nagpur,VIJAY MANKAR,Ambedkarite Party of India,610,0.05,Lost
Maharashtra,Nagpur,ADV. SANTOSH RAMKRISHNA LANJEWAR,All India Forward Bloc,567,0.05,Lost
Maharashtra,Nagpur,VISHESH VASANTA FUTANE,Bahujan Republican  Socialist Party,562,0.05,Lost
Maharashtra,Nagpur,GUNWANT HARICHANDRA SOMKUWAR,Bharatheeya Jawan Kisan Party,471,0.04,Lost
Maharashtra,Nagpur,SHRIDHAR NARAYAN SALVE,Bhim Sena,451,0.04,Lost
Maharashtra,Nagpur,SUNIL WANKHEDE,Rashtra Samarpan Party,322,0.03,Lost
Maharashtra,Nagpur,DIPAK LAXMANRAO MASKE,Bahujan Maha Party,270,0.02,Lost
Maharashtra,Nagpur,NARAYAN TUKARAM CHOUDHARI,Socialist Unity Centre Of India (COMMUNIST),251,0.02,Lost
Maharashtra,Nagpur,SANTOSH TULSHIRAM CHAVHAN,Independent,242,0.02,Lost
Maharashtra,Nagpur,SUSHIL PATIL,Independent,237,0.02,Lost
Maharashtra,Nagpur,SACHIN RAMKRUSHNARAO WAGHADE,Independent,202,0.02,Lost
Maharashtra,Nagpur,PRAFUL MANIKCHAND BHANGE,Independent,201,0.02,Lost
Maharashtra,Nagpur,VINAYAK BHAURAO AWCHAT,Independent,190,0.02,Lost
Maharashtra,Nagpur,BABITA RAJU AWASTHI,Independent,182,0.02,Lost
Maharashtra,Nagpur,SAHIL BALCHAND TURKAR,Independent,129,0.01,Lost
Maharashtra,Nagpur,NOTA,None of the Above,5474,0.45,Lost
Maharashtra,Nanded,CHAVAN VASANTRAO BALWANTRAO,Indian National Congress,528894,46.88,Won
Maharashtra,Nanded,CHIKHALIKAR PRATAPRAO GOVINDRAO,Bharatiya Janata Party,469452,41.61,Lost
Maharashtra,Nanded,AVINASH VISHWANATH BHOSIKAR,Vanchit Bahujan  Aaghadi,92512,8.2,Lost
Maharashtra,Nanded,PANDURANG RAMA ADGULWAR,Bahujan Samaj Party,6901,0.61,Lost
Maharashtra,Nanded,NIKHIL LAXMANRAO GARJE,Independent,4325,0.38,Lost
Maharashtra,Nanded,NAGESH SAMBHAJI GAIKWAD,Independent,3318,0.29,Lost
Maharashtra,Nanded,BHASKAR CHAMPATRAO DOIFODE,Independent,2080,0.18,Lost
Maharashtra,Nanded,SUSHILA NILKANTHRAO PAWAR,Samnak Janta Party,1890,0.17,Lost
Maharashtra,Nanded,ABDUL RAIS AHEMAD,Desh Janhit Party,1510,0.13,Lost
Maharashtra,Nanded,DEVIDAS GOVINDRAO INGLE,Independent,1471,0.13,Lost
Maharashtra,Nanded,KALPANA SANJAY GAIKWAD,Independent,1310,0.12,Lost
Maharashtra,Nanded,KAUSAR SULTANA,Indian National League,1215,0.11,Lost
Maharashtra,Nanded,SAHEBRAO BHIVA GAJBHARE,Independent,1193,0.11,Lost
Maharashtra,Nanded,JAGDISH LAXMAN POTRE,Independent,963,0.09,Lost
Maharashtra,Nanded,GAJANAN DATTRAMJI DHUMAL,Independent,950,0.08,Lost
Maharashtra,Nanded,LAXMAN NAGORAO PATIL,Independent,923,0.08,Lost
Maharashtra,Nanded,MAHARUDRA KESHAV POPLAITKAR,Independent,913,0.08,Lost
Maharashtra,Nanded,RUKMINBAI SHANKARRAO GITE,Bharatiya Praja Surajya Paksha,903,0.08,Lost
Maharashtra,Nanded,HARI PIRAJI BOYALE,Bahujan Bharat Party,878,0.08,Lost
Maharashtra,Nanded,RATHOD SURESH GOPINATH,Independent,808,0.07,Lost
Maharashtra,Nanded,KADAM SURAJ DEVENDRA,Independent,799,0.07,Lost
Maharashtra,Nanded,RAHUL SURYAKANT YANGADE,Bahujan Mukti Party,737,0.07,Lost
Maharashtra,Nanded,DNYANESHWAR RAOSAHEB KAPATE,Independent,681,0.06,Lost
Maharashtra,Nanded,NOTA,None of the Above,3628,0.32,Lost
Maharashtra,Nandurbar,ADV GOWAAL KAGADA PADAVI,Indian National Congress,745998,53.53,Won
Maharashtra,Nandurbar,DR HEENA VIJAYKUMAR GAVIT,Bharatiya Janata Party,586878,42.11,Lost
Maharashtra,Nandurbar,ANANDA SUKALAL KOLI,Bahujan Samaj Party,10644,0.76,Lost
Maharashtra,Nandurbar,SUSHILKUMAR JAHANGIR PAWARA,Independent,8887,0.64,Lost
Maharashtra,Nandurbar,NIRMALA VASAVE,Peoples Party of India (Democratic),6947,0.5,Lost
Maharashtra,Nandurbar,ROHIDAS GEMAJI VALVI,Independent,4947,0.35,Lost
Maharashtra,Nandurbar,HEMANT MANSARAM KOLI,Vanchit Bahujan  Aaghadi,4081,0.29,Lost
Maharashtra,Nandurbar,DEEPAKKUMAR MADHUKAR SHIRSATH,Independent,3571,0.26,Lost
Maharashtra,Nandurbar,RAVINDRA RANJIT VALVI,Bharat Adivasi Party,2625,0.19,Lost
Maharashtra,Nandurbar,JALAMSING SUTUM PAWAR,Independent,2587,0.19,Lost
Maharashtra,Nandurbar,GITANJALI SHASHIKANT KOLI,Independent,2381,0.17,Lost
Maharashtra,Nandurbar,NOTA,None of the Above,14123,01.01,Lost
Maharashtra,Nashik,RAJABHAU (PARAG) PRAKASH WAJE,Shiv Sena (Uddhav Balasaheb Thackrey),616729,49.85,Won
Maharashtra,Nashik,GODSE HEMANT TUKARAM,Shiv Sena,454728,36.75,Lost
Maharashtra,Nashik,KARAN PANDHARINATH GAIKAR,Vanchit Bahujan  Aaghadi,47193,3.81,Lost
Maharashtra,Nashik,SHANTIGIRIJI MAUNGIRIJI MAHARAJ,Independent,44524,3.6,Lost
Maharashtra,Nashik,ARUN MADHUKAR KALE,Bahujan Samaj Party,7751,0.63,Lost
Maharashtra,Nashik,CHANDRAKANT KESHAVRAO THAKUR,Independent,6608,0.53,Lost
Maharashtra,Nashik,AMOL SAMPATRAO KAMBLE,Rashtriya Kisan Bahujan Party,4997,0.4,Lost
Maharashtra,Nashik,DARSHANA AMOL MEDHE,Prabuddha Republican Party,4736,0.38,Lost
Maharashtra,Nashik,KANOJE PRAKASH GIRDHARI,Independent,3920,0.32,Lost
Maharashtra,Nashik,VAMAN MAHADEV SANGALE,Dharmarajya Paksha,3861,0.31,Lost
Maharashtra,Nashik,SUDHIR SHRIDHAR DESHMUKH,Independent,3167,0.26,Lost
Maharashtra,Nashik,JITENDRA NARESH BHABHE (JITENDRA BHAVE),Independent,3132,0.25,Lost
Maharashtra,Nashik,ARIF USMAN MANSURI,Independent,2543,0.21,Lost
Maharashtra,Nashik,GANESH BALASAHEB BORASTE,Independent,2404,0.19,Lost
Maharashtra,Nashik,JAYSHRI MAHENDRA PATIL,Sainik Samaj Party,2426,0.2,Lost
Maharashtra,Nashik,SIDDHESHWARANAND SARASWATI,Independent,2388,0.19,Lost
Maharashtra,Nashik,SUSHAMA ABHIJIT GORANE,Independent,2260,0.18,Lost
Maharashtra,Nashik,KANTILAL KISAN JADHAV,Ambedkarite Party of India,2055,0.17,Lost
Maharashtra,Nashik,CHANDRABHAN AABAJI PURKAR,Independent,1890,0.15,Lost
Maharashtra,Nashik,YASHWANT VALU PARDHI,Bhartiya Asmita Party,1874,0.15,Lost
Maharashtra,Nashik,KAILASH MARUTI CHAVAN,Aam Janta Party (India),1703,0.14,Lost
Maharashtra,Nashik,KAMLAKAR BALASAHEB GAIKWAD,Dalit Soshit Pichhara Varg  Adhikar Dal,1646,0.13,Lost
Maharashtra,Nashik,DHANAJI ASHOK TOPALE,Independent,1376,0.11,Lost
Maharashtra,Nashik,BHAGYASHRI NITIN ADSUL,Indian Peoples Adhikar Party,1244,0.1,Lost
Maharashtra,Nashik,SOPAN NIVRUTTI SOMWANSHI,Independent,1211,0.1,Lost
Maharashtra,Nashik,ADV. ZUNJAR MHASUJI AVHAD,Bahujan Republican  Socialist Party,1210,0.1,Lost
Maharashtra,Nashik,KOLAPPA HANUMANT DHOTRE,Independent,1200,0.1,Lost
Maharashtra,Nashik,TILOTTAMA SUNIL JAGTAP,Independent,656,0.05,Lost
Maharashtra,Nashik,DEEPAK GAIKWAD,Independent,642,0.05,Lost
Maharashtra,Nashik,SACHINRAJE DATTATREYA DEORE,Independent,551,0.04,Lost
Maharashtra,Nashik,DEVIDAS PIRAJI SARKATE,Independent,394,0.03,Lost
Maharashtra,Nashik,NOTA,None of the Above,6185,0.5,Lost
Maharashtra,Osmanabad,OMPRAKASH BHUPALSINH ALIAS PAVAN RAJENIMBALKAR,Shiv Sena (Uddhav Balasaheb Thackrey),748752,58.45,Won
Maharashtra,Osmanabad,ARCHANA RANAJAGJITSINH PATIL,Nationalist Congress Party,418906,32.7,Lost
Maharashtra,Osmanabad,ANDHALKAR BHAUSAHEB RAOSAHEB,Vanchit Bahujan  Aaghadi,33402,2.61,Lost
Maharashtra,Osmanabad,GOVARDHAN SUBRAO NIMBALKAR,Independent,18966,1.48,Lost
Maharashtra,Osmanabad,DNYANESHWAR NAGANATHRAO KOLI,Samata Party,6472,0.51,Lost
Maharashtra,Osmanabad,KAKASAHEB SANDIPAN KHOT,Independent,5715,0.45,Lost
Maharashtra,Osmanabad,SANJAYKUMAR BHAGWAT WAGHMARE,Bahujan Samaj Party,5615,0.44,Lost
Maharashtra,Osmanabad,KAKA FULCHAND KAMBLE,Independent,4811,0.38,Lost
Maharashtra,Osmanabad,RAM HANUMANT SHENDAGE,Independent,3263,0.25,Lost
Maharashtra,Osmanabad,UMAJI PANDURANG GAIKWAD,Independent,3095,0.24,Lost
Maharashtra,Osmanabad,GORE NETAJI NAGNATH,Desh Janhit Party,2336,0.18,Lost
Maharashtra,Osmanabad,HANUMANT LAXMAN BONDAR,Independent,2172,0.17,Lost
Maharashtra,Osmanabad,NAVNATH DASHRATH UPALEKAR,Independent,2108,0.16,Lost
Maharashtra,Osmanabad,SIDDIK IBRAHIM BAUDIWALE ALIAS GOLABHAI,All India Majlis-E-Ittehadul Muslimeen,2060,0.16,Lost
Maharashtra,Osmanabad,ARJUN (DADA) SALGAR,Independent,1935,0.15,Lost
Maharashtra,Osmanabad,ARYANRAJE KISANRAO SHINDE,Rashtriya Samaj Dal (R),1887,0.15,Lost
Maharashtra,Osmanabad,SHAIKH NAUSHAD IQBAL,Swarajya Shakti Sena,1686,0.13,Lost
Maharashtra,Osmanabad,SHAMRAO HARIBHAU PAWAR,Samnak Janta Party,1509,0.12,Lost
Maharashtra,Osmanabad,YOGIRAJ ANANTA TAMBE,Independent,1336,0.1,Lost
Maharashtra,Osmanabad,SOMNATH NANASAHEB KAMBLE,Independent,1268,0.1,Lost
Maharashtra,Osmanabad,BHORE NITIN KHANDU,Independent,1204,0.09,Lost
Maharashtra,Osmanabad,MANOHAR ANANDRAO PATIL,Independent,1190,0.09,Lost
Maharashtra,Osmanabad,NAVNATH VISHWANATH DUDHAL,Vishva Shakti Party,1135,0.09,Lost
Maharashtra,Osmanabad,NITESH SHIVAJI PAWAR,Hindrashtra Sangh,1079,0.08,Lost
Maharashtra,Osmanabad,ADV. VISHVJEET VIJAYKUMAR SHINDE,Aadarsh Sangram Party,865,0.07,Lost
Maharashtra,Osmanabad,SHAYANI NAVANATH JADHAV,Independent,782,0.06,Lost
Maharashtra,Osmanabad,NITIN NAGNATH GAIKWAD,Independent,731,0.06,Lost
Maharashtra,Osmanabad,ADV. BHAUSAHEB ANIL BELURE,Independent,677,0.05,Lost
Maharashtra,Osmanabad,VILAS BHAGWAT GHADGE,Independent,610,0.05,Lost
Maharashtra,Osmanabad,SAMEERSINGH RAMESHCHANDRA SALVI,Independent,594,0.05,Lost
Maharashtra,Osmanabad,RAJKUMAR SAHEBRAO PATIL,Independent,593,0.05,Lost
Maharashtra,Osmanabad,NOTA,None of the Above,4298,0.34,Lost
Maharashtra,Palghar,DR. HEMANT VISHNU SAVARA,Bharatiya Janata Party,601244,43.69,Won
Maharashtra,Palghar,BHARTI BHARAT KAMDI,Shiv Sena (Uddhav Balasaheb Thackrey),417938,30.37,Lost
Maharashtra,Palghar,RAJESH RAGHUNATH PATIL,Bahujan Vikas Aaghadi,254517,18.5,Lost
Maharashtra,Palghar,BHARAT SAMJI VANGA,Bahujan Samaj Party,15465,1.12,Lost
Maharashtra,Palghar,MEENA KISHOR BHAD,Independent,14235,01.03,Lost
Maharashtra,Palghar,VIJAYA RAJKUMAR MHATRE,Vanchit Bahujan  Aaghadi,10936,0.79,Lost
Maharashtra,Palghar,MOHAN BARAKU GUHE,Bharat Adivasi Party,10761,0.78,Lost
Maharashtra,Palghar,DINKAR DATTATRAYA WADHAN,Independent,10687,0.78,Lost
Maharashtra,Palghar,AMAR KISAN KAVALE,Independent,9821,0.71,Lost
Maharashtra,Palghar,COMRADE RAHUL MEDHA,Marxist Leninist Party of India (Red Flag),7085,0.51,Lost
Maharashtra,Palghar,NOTA,None of the Above,23385,1.7,Lost
Maharashtra,Parbhani,JADHAV SANJAY ( BANDU ) HARIBHAU,Shiv Sena (Uddhav Balasaheb Thackrey),601343,45.17,Won
Maharashtra,Parbhani,JANKAR MAHADEV JAGANNATH,Rashtriya Samaj Paksha,467282,35.1,Lost
Maharashtra,Parbhani,PANJAB UTTAMRAO DAKH,Vanchit Bahujan  Aaghadi,95967,7.21,Lost
Maharashtra,Parbhani,DR. GOVARDHAN BHIWAJI KHANDAGALE,Bahujan Bharat Party,15395,1.16,Lost
Maharashtra,Parbhani,KAMBLE SHIVAJI DEVAJI,Independent,11060,0.83,Lost
Maharashtra,Parbhani,ALAMGIR MOHAMMAD KHAN,Bahujan Samaj Party,11062,0.83,Lost
Maharashtra,Parbhani,SAMIR GANESHRAO DUDHGAONKAR,Independent,11056,0.83,Lost
Maharashtra,Parbhani,KRUSHNA TRIMBAKRAO PAWAR,Independent,10154,0.76,Lost
Maharashtra,Parbhani,KAILAS BALIRAM PAWAR (NAIK),Baliraja Party,9520,0.72,Lost
Maharashtra,Parbhani,PROF. DR. VILAS BANSIDHAR TANGADE,Independent,8820,0.66,Lost
Maharashtra,Parbhani,ARJUN DNYANOBA BHISE,Independent,6923,0.52,Lost
Maharashtra,Parbhani,COMRADE RAJAN KSHIRSAGAR,Communist Party of India,6649,0.5,Lost
Maharashtra,Parbhani,KISHORKUMAR PRAKASH SHINDE,Independent,6548,0.49,Lost
Maharashtra,Parbhani,KISHORE RADHAKISHAN DHAGE,Independent,5480,0.41,Lost
Maharashtra,Parbhani,SAYED IRSHAD ALI SAYYED LAYAKH ALI,Social Democratic Party Of India,4644,0.35,Lost
Maharashtra,Parbhani,DASHARATH PRABHKAR RATHOD,Maharashtra Vikas Aghadi,4394,0.33,Lost
Maharashtra,Parbhani,KARBHARI KUNDLIK MITHE,Independent,4276,0.32,Lost
Maharashtra,Parbhani,APPASAHEB OMKAR KADAM,Independent,3891,0.29,Lost
Maharashtra,Parbhani,SHRIRAM BANSILAL JADHAV,Jai Sewalal Bahujan Vikas Party,3628,0.27,Lost
Maharashtra,Parbhani,COMRADE GANPAT BHISE,Independent,3604,0.27,Lost
Maharashtra,Parbhani,DNYANESHWAR JAGANNATH DAHIBHATE,Independent,3539,0.27,Lost
Maharashtra,Parbhani,ANIL MANIKRAO MUDGALKAR,Independent,3533,0.27,Lost
Maharashtra,Parbhani,GOVIND BHAIYYA RAMRAO DESHMUKH,Independent,3459,0.26,Lost
Maharashtra,Parbhani,SUBHASH DATTARAV JAVLE,Independent,3434,0.26,Lost
Maharashtra,Parbhani,RAJABHAU SHESHRAO KAKDE,Independent,3302,0.25,Lost
Maharashtra,Parbhani,RAJENDRA RAMDAS ATKAL,Independent,2812,0.21,Lost
Maharashtra,Parbhani,SAYYD ABDUL SATTAR AJIJ,Independent,2650,0.2,Lost
Maharashtra,Parbhani,SHAIKH SALEEM SHAIKH IBRAHIM,All India Majlis-E-Inquilab-E-Millat,2619,0.2,Lost
Maharashtra,Parbhani,SANGEETA VYAKANTRAO GIRI,Swarajya Shakti Sena,2339,0.18,Lost
Maharashtra,Parbhani,ADV. VINOD CHHAGANRAO AMBHORE,Bahujan Mukti Party,2041,0.15,Lost
Maharashtra,Parbhani,VIJAY ANNASAHEB THOMBARE,Independent,1959,0.15,Lost
Maharashtra,Parbhani,VISHNUDAS SHIVAJI BHOSALE,Independent,1860,0.14,Lost
Maharashtra,Parbhani,MUSTAFA MAINODDIN SHAIKH,Independent,1302,0.1,Lost
Maharashtra,Parbhani,BOBADE SAKHARAM PADEGAONKAR,Independent,1246,0.09,Lost
Maharashtra,Parbhani,NOTA,None of the Above,3385,0.25,Lost
Maharashtra,Pune,MURLIDHAR MOHOL,Bharatiya Janata Party,584728,52.94,Won
Maharashtra,Pune,DHANGEKAR RAVINDRA HEMRAJ,Indian National Congress,461690,41.8,Lost
Maharashtra,Pune,VASANT (TATYA) MORE,Vanchit Bahujan  Aaghadi,32012,2.9,Lost
Maharashtra,Pune,RANPISE PRASHANT DADARAM,Bahujan Samaj Party,3974,0.36,Lost
Maharashtra,Pune,CHORMALE SANDIP SOPAN,Independent,1645,0.15,Lost
Maharashtra,Pune,GORAKH NARAYAN GHODKE,Independent,1451,0.13,Lost
Maharashtra,Pune,KIRAN LAXMAN RAYKAR,Independent,1052,0.1,Lost
Maharashtra,Pune,ANIS ARASHID SUNDAKE,All India Majlis-E-Ittehadul Muslimeen,860,0.08,Lost
Maharashtra,Pune,SACHIN DATTATRAY DHANKUDE,Independent,789,0.07,Lost
Maharashtra,Pune,YUVRAJ CHANDRAKANT  LIMBOLE,Right to Recall Party,698,0.06,Lost
Maharashtra,Pune,DR. DEVYANI PANDIT,Independent,650,0.06,Lost
Maharashtra,Pune,NARENDRA DNYANESHWAR PAWTEKAR,Independent,534,0.05,Lost
Maharashtra,Pune,SAGAR SAMBHAJI PORE,Independent,515,0.05,Lost
Maharashtra,Pune,SURESH DNYANOBA PATIL,Sainik Samaj Party,437,0.04,Lost
Maharashtra,Pune,AMBORE MANJUNATH MARUTI,Independent,433,0.04,Lost
Maharashtra,Pune,ASHWINI PRATIBHA KHAIRNAR,Independent,415,0.04,Lost
Maharashtra,Pune,VIJAY VINAYAK JAGTAP,Independent,382,0.03,Lost
Maharashtra,Pune,HEMANT BABURAV KOLEKAR ALIAS HEMANT PATIL,Apni Prajahit Party,375,0.03,Lost
Maharashtra,Pune,NEERAJ SUNIL KAMTHAN,Hindu Samaj Party,351,0.03,Lost
Maharashtra,Pune,MANOJ LAXMAN VETAL,Bhim Sena,352,0.03,Lost
Maharashtra,Pune,KAMBLE MILIND,Bahujan Samaj Party  (Ambedkar),347,0.03,Lost
Maharashtra,Pune,CHANDRAKANT PARMESHWAR SAWANT,Independent,314,0.03,Lost
Maharashtra,Pune,SHABBIR SAJJANBHAI TAMBOLI,Independent,313,0.03,Lost
Maharashtra,Pune,SANJAY LAXMAN KENDALE,Independent,311,0.03,Lost
Maharashtra,Pune,JOHNSON VASANT KOLHAPURE,Independent,305,0.03,Lost
Maharashtra,Pune,ADV. YOGESH MAKANE,Independent,299,0.03,Lost
Maharashtra,Pune,SUBROTO ROY,Ekam Sanatan Bharat Dal,294,0.03,Lost
Maharashtra,Pune,DR. BALASAHEB ARJUN POL,Independent,259,0.02,Lost
Maharashtra,Pune,VIJAYALAXMI SHRIKANT SINDAGI,Rashtriya Maratha Party,240,0.02,Lost
Maharashtra,Pune,MAHESH DASHRATH MHASKE,Independent,231,0.02,Lost
Maharashtra,Pune,YABES ALIAS AMOL SHAMUVEL TUJARE,Independent,223,0.02,Lost
Maharashtra,Pune,VIJAY PANDURANGRAO DESHMUKH (DABADGAONKAR),Independent,185,0.02,Lost
Maharashtra,Pune,BABA SALIM SAYYED,Independent,164,0.01,Lost
Maharashtra,Pune,BAGBAN SALEEM ABDUL RAZZAQUE,Independent,146,0.01,Lost
Maharashtra,Pune,ZNYOSHO VIJAYPRAKASH,Independent,138,0.01,Lost
Maharashtra,Pune,NOTA,None of the Above,7460,0.68,Lost
Maharashtra,Raigad,TATKARE SUNIL DATTATREY,Nationalist Congress Party,508352,50.17,Won
Maharashtra,Raigad,ANANT GEETE,Shiv Sena (Uddhav Balasaheb Thackrey),425568,42,Lost
Maharashtra,Raigad,KUMUDINI RAVINDRA CHAVAN,Vanchit Bahujan  Aaghadi,19618,1.94,Lost
Maharashtra,Raigad,SHRINIVAS SATYANARAYAN MATTAPARTI,Independent,9394,0.93,Lost
Maharashtra,Raigad,AMIT SHRIPAL KAWADE,Independent,5634,0.56,Lost
Maharashtra,Raigad,ANANT BALOJI GITE,Independent,3515,0.35,Lost
Maharashtra,Raigad,NITIN JAGANNATH MAYEKAR,Independent,2560,0.25,Lost
Maharashtra,Raigad,CHAULE PANDURANG DAMODAR,Independent,2417,0.24,Lost
Maharashtra,Raigad,ANANT PADMA GITE,Independent,2040,0.2,Lost
Maharashtra,Raigad,COL PRAKASHRAO CHAVAN,Bharatheeya Jawan Kisan Party,1939,0.19,Lost
Maharashtra,Raigad,KOLI MANGESH PADMAKAR,Independent,1820,0.18,Lost
Maharashtra,Raigad,ADV AJAY UPADHYE,Independent,1795,0.18,Lost
Maharashtra,Raigad,ANJANI ASHWIN KELKAR,Independent,1350,0.13,Lost
Maharashtra,Raigad,NOTA,None of the Above,27270,2.69,Lost
Maharashtra,Ramtek,Shyamkumar (Babalu) Daulat Barve,Indian National Congress,613025,48.94,Won
Maharashtra,Ramtek,RAJU DEONATH PARVE,Shiv Sena,536257,42.81,Lost
Maharashtra,Ramtek,SANDIP SAHADEO MESHRAM,Bahujan Samaj Party,26098,02.08,Lost
Maharashtra,Ramtek,KISHORE  UTTAMRAO GAJBHIYE,Independent,24383,1.95,Lost
Maharashtra,Ramtek,AJAY BAKARAM CHAVAN,Independent,6026,0.48,Lost
Maharashtra,Ramtek,SANVIDHAN G LOKHANDE,Baliraja Party,5814,0.46,Lost
Maharashtra,Ramtek,ROSHANI ATUL GAJBHIYE,Gondvana Gantantra Party,5137,0.41,Lost
Maharashtra,Ramtek,GOWARDHAN DEORAO KUMBHARE,Viro Ke Vir Indian Party,3766,0.3,Lost
Maharashtra,Ramtek,ARVIND SHIVAJI TANDEKAR,Independent,3215,0.26,Lost
Maharashtra,Ramtek,SANJAY VASANTRAO BORKAR,Maharashtra Vikas Aghadi,1992,0.16,Lost
Maharashtra,Ramtek,SHANKAR CHINTAMAN CHAHANDE,Vanchit Bahujan  Aaghadi,1884,0.15,Lost
Maharashtra,Ramtek,ADV BHIMRAO SHENDE,Bahujan Republican  Socialist Party,1818,0.15,Lost
Maharashtra,Ramtek,GAIKWAD MANJUSHA SACHIN,Akhil Bhartiya Parivar Party,1773,0.14,Lost
Maharashtra,Ramtek,ASHISH BHAURAO SARODE,Bhim Sena,1620,0.13,Lost
Maharashtra,Ramtek,PRAMOD SHRIPAT KHOBRAGADE,Ambedkarite Party of India,1340,0.11,Lost
Maharashtra,Ramtek,UMESH RAJU  KHADSE,Rashtra Samarpan Party,1229,0.1,Lost
Maharashtra,Ramtek,SIDDHARTH GADIJI PATIL,Peoples Party of India (Democratic),977,0.08,Lost
Maharashtra,Ramtek,PREMKUMAR DASHRATH GAJBHARE,Independent,925,0.07,Lost
Maharashtra,Ramtek,RIDDHESHWAR ANANDRAO BELEY,Republican Party of India (A),913,0.07,Lost
Maharashtra,Ramtek,BHOJRAJ TUKARAM SARODE,Jay Vidarbha Party,888,0.07,Lost
Maharashtra,Ramtek,VILAS SHRIPAT KHADSE,Independent,860,0.07,Lost
Maharashtra,Ramtek,SUBHASH LOKHANDE,Independent,850,0.07,Lost
Maharashtra,Ramtek,KARTIK GENDLALJI DOKE,Independent,847,0.07,Lost
Maharashtra,Ramtek,ADV ULHAS SHALIKRAM DUPARE,Independent,781,0.06,Lost
Maharashtra,Ramtek,LAROKAR SURESH PUNDLIK,Independent,698,0.06,Lost
Maharashtra,Ramtek,SUNIL UTTAMRAO SALVE,Independent,651,0.05,Lost
Maharashtra,Ramtek,GOWARDHAN NAMDEO SOMDEVE,Independent,511,0.04,Lost
Maharashtra,Ramtek,VILAS GANESH ZODAPE,Independent,407,0.03,Lost
Maharashtra,Ramtek,NOTA,None of the Above,7827,0.62,Lost
Maharashtra,Ratnagiri- Sindhudurg,NARAYAN TATU RANE,Bharatiya Janata Party,448514,49.07,Won
Maharashtra,Ratnagiri- Sindhudurg,VINAYAK BHAURAO RAUT,Shiv Sena (Uddhav Balasaheb Thackrey),400656,43.83,Lost
Maharashtra,Ratnagiri- Sindhudurg,VINAYAK LAVU RAUT,Independent,15826,1.73,Lost
Maharashtra,Ratnagiri- Sindhudurg,MARUTI RAMACHANDRA JOSHI,Vanchit Bahujan  Aaghadi,10039,1.1,Lost
Maharashtra,Ratnagiri- Sindhudurg,AAYARE RAJENDRA LAHU,Bahujan Samaj Party,7856,0.86,Lost
Maharashtra,Ratnagiri- Sindhudurg,SHAKIL SAWANT,Independent,6395,0.7,Lost
Maharashtra,Ratnagiri- Sindhudurg,TAMBADE AMRUT ANANT (RAJAPURKAR),Independent,5582,0.61,Lost
Maharashtra,Ratnagiri- Sindhudurg,ASHOK GANGARAM PAWAR,Bahujan Mukti Party,5280,0.58,Lost
Maharashtra,Ratnagiri- Sindhudurg,SURESH GOVINDRAO SHINDE,Sainik Samaj Party,2247,0.25,Lost
Maharashtra,Ratnagiri- Sindhudurg,NOTA,None of the Above,11643,1.27,Lost
Maharashtra,Raver,KHADSE RAKSHA NIKHIL,Bharatiya Janata Party,630879,53.84,Won
Maharashtra,Raver,SHRIRAM DAYARAM PATIL,Nationalist Congress Party – Sharadchandra Pawar,358696,30.61,Lost
Maharashtra,Raver,ER. SANJAY PANDIT BRAMHANE,Vanchit Bahujan  Aaghadi,59120,05.05,Lost
Maharashtra,Raver,EKNATH NAGO SALUNKE,Independent,43982,3.75,Lost
Maharashtra,Raver,GULAB DAYARAM BHIL,Bharat Adivasi Party,9644,0.82,Lost
Maharashtra,Raver,MAMTA ALIAS MUMTAJ BHIKARI TADVI,Independent,7884,0.67,Lost
Maharashtra,Raver,VIJAY RAMKRUSHNA KALE,Bahujan Samaj Party,7577,0.65,Lost
Maharashtra,Raver,VASANT SHANKAR KOLTE,Independent,6718,0.57,Lost
Maharashtra,Raver,PRAVIN LAXMAN PATIL,Independent,6092,0.52,Lost
Maharashtra,Raver,YUVRAJ DEVSING BARELA,Independent,5135,0.44,Lost
Maharashtra,Raver,ASHOK BABURAO JADHAV,Peoples Party of India (Democratic),4690,0.4,Lost
Maharashtra,Raver,SHRIRAM SITARAM PATIL,Independent,4269,0.36,Lost
Maharashtra,Raver,JITENDRA PANDURANG PATIL,Independent,3587,0.31,Lost
Maharashtra,Raver,SANJAY PRALHAD KANDELKAR,Independent,2961,0.25,Lost
Maharashtra,Raver,SAGAR PRABHAKAR PATIL,Independent,2935,0.25,Lost
Maharashtra,Raver,SANJAYKUMAR LAXMAN WANKHEDE,Republican Party of India (Social),2282,0.19,Lost
Maharashtra,Raver,ANIL PITAMBAR WAGH (SIR),Independent,2278,0.19,Lost
Maharashtra,Raver,PROF. DR. ASHISH SUBHASH JADHAV,Independent,1927,0.16,Lost
Maharashtra,Raver,BHIVRAJ RAMDAS RAYSINGE,Independent,1809,0.15,Lost
Maharashtra,Raver,KOMALBAI BAPURAO PATIL,Independent,1429,0.12,Lost
Maharashtra,Raver,SHAIKH AABID SHAIKH BASHIR,Independent,1040,0.09,Lost
Maharashtra,Raver,AMIT HARIBHAU KOLTE,Independent,981,0.08,Lost
Maharashtra,Raver,DR. YOGENDRA VITTHAL KOLTE,Independent,902,0.08,Lost
Maharashtra,Raver,SHRIRAM OMKAR PATIL,Independent,749,0.06,Lost
Maharashtra,Raver,NOTA,None of the Above,4100,0.35,Lost
Maharashtra,Sangli,VISHAL (DADA) PRAKASHBAPU PATIL,Independent,571666,48.91,Won
Maharashtra,Sangli,SANJAY (KAKA) PATIL,Bharatiya Janata Party,471613,40.35,Lost
Maharashtra,Sangli,CHANDRAHAR SUBHASH PATIL,Shiv Sena (Uddhav Balasaheb Thackrey),60860,5.21,Lost
Maharashtra,Sangli,ALLAUDDIN HAYATCHAND KAZI,Independent,9282,0.79,Lost
Maharashtra,Sangli,PRAKASH SHIVAJIRAO SHENDGE,Independent,8251,0.71,Lost
Maharashtra,Sangli,PANDURANG RAOSAHEB BHOSALE,Bharatheeya Jawan Kisan Party,5565,0.48,Lost
Maharashtra,Sangli,TIPUSULATAN SIKANDAR PATAVEGAR,Bahujan Samaj Party,5560,0.48,Lost
Maharashtra,Sangli,MAHESH YASHWANT KHARADE,Swabhimani Paksha,5521,0.47,Lost
Maharashtra,Sangli,RAVINDRA CHANDAR SOLANKAR,Independent,3658,0.31,Lost
Maharashtra,Sangli,ANAND SHANKAR NALAGE,Baliraja Party,3540,0.3,Lost
Maharashtra,Sangli,SHASHIKANT GAUTAM DESHMUKH,Independent,3155,0.27,Lost
Maharashtra,Sangli,SATISH LALITA KRISHNA KADAM,Hindustan Janta Party,2859,0.24,Lost
Maharashtra,Sangli,SUWARNATAI SUDHAKAR GAYAKWAD,Independent,1937,0.17,Lost
Maharashtra,Sangli,DATTATRAY PANDIT PATIL,Independent,1469,0.13,Lost
Maharashtra,Sangli,TOUHID ILAHI MOMIN,Independent,1460,0.12,Lost
Maharashtra,Sangli,AJIT DHANAJI KHANDARE,Independent,1398,0.12,Lost
Maharashtra,Sangli,BANDAGAR NANASO BALASO,Independent,1300,0.11,Lost
Maharashtra,Sangli,JALINDAR MACHINDRA THOMAKE,Independent,1260,0.11,Lost
Maharashtra,Sangli,SANGRAM RAJARAM MORE,Independent,1011,0.09,Lost
Maharashtra,Sangli,DR AKASH VHATKAR,Independent,814,0.07,Lost
Maharashtra,Sangli,NOTA,None of the Above,6565,0.56,Lost
Maharashtra,Satara,SHRIMANT CHH UDAYANRAJE PRATAPSINHAMAHARAJ BHONSLE,Bharatiya Janata Party,571134,47.67,Won
Maharashtra,Satara,SHASHIKANT JAYVANTRAO SHINDE,Nationalist Congress Party – Sharadchandra Pawar,538363,44.94,Lost
Maharashtra,Satara,GADE SANJAY KONDIBA,Independent,37062,03.09,Lost
Maharashtra,Satara,KADAM PRASHANT RAGHUNATH,Vanchit Bahujan  Aaghadi,11912,0.99,Lost
Maharashtra,Satara,ANAND RAMESH THORWADE,Bahujan Samaj Party,6485,0.54,Lost
Maharashtra,Satara,KORDE SURESHRAO DINKAR,Independent,4712,0.39,Lost
Maharashtra,Satara,MARUTI DHONDIRAM JANKAR,Independent,3951,0.33,Lost
Maharashtra,Satara,SEEMA SUNIL POTDAR,Independent,3458,0.29,Lost
Maharashtra,Satara,VISHWAJIT PATIL UNDALKAR,Independent,3438,0.29,Lost
Maharashtra,Satara,NIVRUTTI KERU SHINDE,Independent,2674,0.22,Lost
Maharashtra,Satara,SAYAJI GANPAT WAGHMARE,Bahujan Republican  Socialist Party,2501,0.21,Lost
Maharashtra,Satara,SACHIN SUBHASH MAHAJAN,Independent,2015,0.17,Lost
Maharashtra,Satara,DR ABHIJEET WAMANRAO AWADE BICHUKALE,Independent,1395,0.12,Lost
Maharashtra,Satara,TUSHAR VIJAY MOTLING,Bahujan Mukti Party,1301,0.11,Lost
Maharashtra,Satara,PRATIBHA SHELAR,Independent,1123,0.09,Lost
Maharashtra,Satara,BAGAL SADASHIV SAHEBRAO,Independent,958,0.08,Lost
Maharashtra,Satara,NOTA,None of the Above,5522,0.46,Lost
Maharashtra,Shirdi,BHAUSAHEB RAJARAM WAKCHAURE,Shiv Sena (Uddhav Balasaheb Thackrey),476900,45,Won
Maharashtra,Shirdi,LOKHANDE SADASHIV KISAN,Shiv Sena,426371,40.23,Lost
Maharashtra,Shirdi,UTKARSHA PREMANAND RUPWATE,Vanchit Bahujan  Aaghadi,90929,8.58,Lost
Maharashtra,Shirdi,BHAUSAHEB RAMNATH WAKCHAURE,Independent,14006,1.32,Lost
Maharashtra,Shirdi,RAMCHANDRA NAMDEV JADHAV,Bahujan Samaj Party,7040,0.66,Lost
Maharashtra,Shirdi,RAVINDRA KALLAYYA SWAMY,Independent,5537,0.52,Lost
Maharashtra,Shirdi,ABHIJEET ASHOKRAO POTE,Independent,4776,0.45,Lost
Maharashtra,Shirdi,BHARAT SAMBHAJI BHOSLE,Samata Party,3403,0.32,Lost
Maharashtra,Shirdi,SATISH BHIVA PAWAR,Independent,2771,0.26,Lost
Maharashtra,Shirdi,GANGADHAR RAJARAM KADAM,Independent,2757,0.26,Lost
Maharashtra,Shirdi,BAGUL GORAKSHA TANHAJI,Independent,2660,0.25,Lost
Maharashtra,Shirdi,PRASHANT VASANT NIKAM,Independent,2545,0.24,Lost
Maharashtra,Shirdi,ADV NITIN DADAHARI POL,Bahujan Bharat Party,2532,0.24,Lost
Maharashtra,Shirdi,RAJENDRA RATNAKAR WAGHMARE,Rashtriya Jankranti Party,2505,0.24,Lost
Maharashtra,Shirdi,ADV SIDHARTH DEEPAK BODHAK,Independent,2204,0.21,Lost
Maharashtra,Shirdi,CHANDRAKANT SAMBHAJI DONDE,Independent,2080,0.2,Lost
Maharashtra,Shirdi,ASHOK RAMCHANDRA ALHAT,Independent,1798,0.17,Lost
Maharashtra,Shirdi,KHAJEKAR VIJAYRAO GOVINDRAO,Independent,1557,0.15,Lost
Maharashtra,Shirdi,KHARAT NACHIKET RAGHUNATH,Independent,1150,0.11,Lost
Maharashtra,Shirdi,SANJAY POPAT BHALERAO,Independent,963,0.09,Lost
Maharashtra,Shirdi,NOTA,None of the Above,5380,0.51,Lost
Maharashtra,Shirur,DR. AMOL RAMSING KOLHE,Nationalist Congress Party – Sharadchandra Pawar,698692,50.83,Won
Maharashtra,Shirur,ADHALRAO SHIVAJI DATTATREY,Nationalist Congress Party,557741,40.58,Lost
Maharashtra,Shirur,MANOHAR MAHADU WADEKAR,Independent,28330,02.06,Lost
Maharashtra,Shirur,DR. ANWAR SHAIKH,Vanchit Bahujan  Aaghadi,17462,1.27,Lost
Maharashtra,Shirur,RAHUL RAGHUNATH OWHAL,Bahujan Samaj Party,10295,0.75,Lost
Maharashtra,Shirur,CHANDGUDE VINOD VASANT,Independent,8078,0.59,Lost
Maharashtra,Shirur,GORAKSH KASABE,Independent,4915,0.36,Lost
Maharashtra,Shirur,ADV. DR. LAXMAN RAMBHAU DAMSE,Bharat Adivasi Party,4136,0.3,Lost
Maharashtra,Shirur,GAIKWAD NILOBA CHANGADEO,Independent,3571,0.26,Lost
Maharashtra,Shirur,UMESH MAHADEV MHETRE,Independent,3499,0.25,Lost
Maharashtra,Shirur,ADV.SWAPNIL BHAUSAHEB SHELAR,Independent,2667,0.19,Lost
Maharashtra,Shirur,AMOL VILAS PACHUNDKAR,Independent,2388,0.17,Lost
Maharashtra,Shirur,ASLAM ISAK BAGWAN,Lok Sena Party,2350,0.17,Lost
Maharashtra,Shirur,KAMBLE TRIMBAK NARAYAN,Baliraja Party,2227,0.16,Lost
Maharashtra,Shirur,SUBASH KASHINATH SARODE,Independent,2161,0.16,Lost
Maharashtra,Shirur,CHAAYA SANJAY JAGDALE-SOLANKE,Independent,1830,0.13,Lost
Maharashtra,Shirur,SUSHIL DNYANDEV KANSE,Independent,1732,0.13,Lost
Maharashtra,Shirur,NARAYAN PRABHAKAR ANKUSHE,Bharatheeya Jawan Kisan Party,1284,0.09,Lost
Maharashtra,Shirur,BHOR VIKAS ROHIDAS,Independent,1147,0.08,Lost
Maharashtra,Shirur,DADA ALIAS VIKAS SURESH KASBE,Independent,1106,0.08,Lost
Maharashtra,Shirur,SURAJ CHANDRAKANT GAIKWAD,Independent,938,0.07,Lost
Maharashtra,Shirur,SWAPNIL DHANAJI LONDHE,Bhim Sena,914,0.07,Lost
Maharashtra,Shirur,AMAR MACHINDRA BORHADE,Independent,888,0.06,Lost
Maharashtra,Shirur,RAVINDRA MOTIRAM SIRSAM,Independent,870,0.06,Lost
Maharashtra,Shirur,TUKARAM NAMDEO DAPHAL,Sainik Samaj Party,882,0.06,Lost
Maharashtra,Shirur,PANDURANG BHAGWAN WAGHOLE,Independent,819,0.06,Lost
Maharashtra,Shirur,SANJAY LAXMAN PADWAL,Bhartiya Navjawan Sena (Paksha),784,0.06,Lost
Maharashtra,Shirur,HARIDAS CHANDAR BHISE,Bharatiya Lokvikas Party,723,0.05,Lost
Maharashtra,Shirur,SALIM BABA SAYYAD,Independent,671,0.05,Lost
Maharashtra,Shirur,PRAKASH SUKHADEO JAMDHADE,Independent,603,0.04,Lost
Maharashtra,Shirur,WAKHARE PRADIP PANDURANG,Independent,574,0.04,Lost
Maharashtra,Shirur,RAHUL ARJUN HORE,Independent,526,0.04,Lost
Maharashtra,Shirur,NOTA,None of the Above,9661,0.7,Lost
Maharashtra,Solapur,PRANITI SUSHILKUMAR SHINDE,Indian National Congress,620225,51.49,Won
Maharashtra,Solapur,RAM VITTHAL SATPUTE,Bharatiya Janata Party,546028,45.33,Lost
Maharashtra,Solapur,AATISH MOHAN BANSODE,Independent,10507,0.87,Lost
Maharashtra,Solapur,BABLU SIDRAM GAIKWAD,Bahujan Samaj Party,5268,0.44,Lost
Maharashtra,Solapur,SHRIVIDYADURGADEVI MAULAPPA KURANE,Independent,3493,0.29,Lost
Maharashtra,Solapur,RAMESH BHIMRAO SHIKHARE,Independent,3146,0.26,Lost
Maharashtra,Solapur,PROF DR ARJUN GENA OHOL,Bahujan Mukti Party,2654,0.22,Lost
Maharashtra,Solapur,BHANTENAAGAMURTI MOULAPPA KURANE,Independent,1554,0.13,Lost
Maharashtra,Solapur,SUNILKUMAR TUKARAM SHINDE,Independent,1480,0.12,Lost
Maharashtra,Solapur,YUGANDHAR CHANDRAKANT THOKALE,Peoples Party of India (Democratic),1125,0.09,Lost
Maharashtra,Solapur,PARMESHWAR PANDURANG GEJAGE,Independent,886,0.07,Lost
Maharashtra,Solapur,ADV VIKRAM UTTAM KASABE,Independent,846,0.07,Lost
Maharashtra,Solapur,UGHADE VIJAYKUMAR BHAGWAN,Independent,833,0.07,Lost
Maharashtra,Solapur,KUMAR CHANDRAKANT LONDHE,Baliraja Party,679,0.06,Lost
Maharashtra,Solapur,KRISHNA NAGNATH BHISE,Independent,562,0.05,Lost
Maharashtra,Solapur,ANNA SUKHADEV MASKE,Independent,501,0.04,Lost
Maharashtra,Solapur,MAHASIDDHA TUKARAM GAYAKWAD,Independent,409,0.03,Lost
Maharashtra,Solapur,SUDARSHAN RAYCHAND KHANDARE,Independent,401,0.03,Lost
Maharashtra,Solapur,SONAVANE SHIVAJI CHANDRAKANT,Independent,394,0.03,Lost
Maharashtra,Solapur,SACHIN SHAHU MASKE,Independent,389,0.03,Lost
Maharashtra,Solapur,PROF. DR. SUBHASH KHANDERAO GAIKWAD,Independent,380,0.03,Lost
Maharashtra,Solapur,NOTA,None of the Above,2725,0.23,Lost
Maharashtra,Thane,NARESH GANPAT MHASKE,Shiv Sena,734231,56.09,Won
Maharashtra,Thane,RAJAN BABURAO VICHARE,Shiv Sena (Uddhav Balasaheb Thackrey),517220,39.51,Lost
Maharashtra,Thane,SANTOSH BHIKAJI BHALERAO,Bahujan Samaj Party,10662,0.81,Lost
Maharashtra,Thane,ADV. GURUDEV NARSINGH SURYAWANSHI,Independent,3494,0.27,Lost
Maharashtra,Thane,MUKESH KAILASNATH TIWARI,Bhim Sena,2522,0.19,Lost
Maharashtra,Thane,JHA SUBHASH CHANDRA,Sardar Vallabhbhai Patel Party,2358,0.18,Lost
Maharashtra,Thane,DR. PIYUSH K. SAXENA,Independent,2293,0.18,Lost
Maharashtra,Thane,CHANDRAKANT VITTHAL SONAWANE,Independent,2249,0.17,Lost
Maharashtra,Thane,VIJAY DNYANOBA GHATE,Republican Bahujan Sena,1887,0.14,Lost
Maharashtra,Thane,IRFAN IBRAHIM SHAIKH,Independent,1875,0.14,Lost
Maharashtra,Thane,PRAMOD ANANDRAO DHUMAL,Independent,1786,0.14,Lost
Maharashtra,Thane,BHANWARLAL KHETMAL MEHTA,Hindu Samaj Party,1488,0.11,Lost
Maharashtra,Thane,UTTAM KISANRAO TIRPUDE,Peoples Party of India (Democratic),1354,0.1,Lost
Maharashtra,Thane,ARCHANA DINKAR GAIKWAD,Independent,1180,0.09,Lost
Maharashtra,Thane,SALIMA MUKTAR VASANI,Bahujan Maha Party,912,0.07,Lost
Maharashtra,Thane,RAJIV KONDIBA BHOSALE,Independent,886,0.07,Lost
Maharashtra,Thane,RAHUL JAGBIRSINGH MEHAROLIYA,Bahujan Republican  Socialist Party,818,0.06,Lost
Maharashtra,Thane,RAJENDRA RAMCHANDRA SANKHE,Bharatheeya Jawan Kisan Party,767,0.06,Lost
Maharashtra,Thane,KHAJASAB RASULSAB MULLA,Independent,648,0.05,Lost
Maharashtra,Thane,SANJAY MANOHAR MORE,Independent,643,0.05,Lost
Maharashtra,Thane,MALLIKARJUN SAYBANNA PUJARI,Independent,599,0.05,Lost
Maharashtra,Thane,SAWALE DATTATRAY SITARAM,Independent,531,0.04,Lost
Maharashtra,Thane,SURENDRAKUMAR K. JAIN,Independent,440,0.03,Lost
Maharashtra,Thane,SIDDHANT CHHABAN SHIRSAT,Independent,324,0.02,Lost
Maharashtra,Thane,NOTA,None of the Above,17901,1.37,Lost
Maharashtra,Wardha,AMAR SHARADRAO KALE,Nationalist Congress Party – Sharadchandra Pawar,533106,48.68,Won
Maharashtra,Wardha,RAMDAS CHANDRABHAN TADAS,Bharatiya Janata Party,451458,41.23,Lost
Maharashtra,Wardha,DR. MOHAN RAMRAOJI  RAIKWAR,Bahujan Samaj Party,20795,1.9,Lost
Maharashtra,Wardha,PROF. RAJENDRA GULABRAO  SALUNKHE,Vanchit Bahujan  Aaghadi,15492,1.41,Lost
Maharashtra,Wardha,ASIF,Independent,15182,1.39,Lost
Maharashtra,Wardha,KISHOR BABA PAVAR,Independent,12920,1.18,Lost
Maharashtra,Wardha,SUHAS V. THAKARE,Independent,7648,0.7,Lost
Maharashtra,Wardha,AKSHAY MEHARE BHARTIYA,Akhil Bhartiya Parivar Party,5467,0.5,Lost
Maharashtra,Wardha,MAROTI GULABRAO UIKE,Gondvana Gantantra Party,4672,0.43,Lost
Maharashtra,Wardha,ADV. BHASKAR MAROTRAO  NEWARE,Independent,4032,0.37,Lost
Maharashtra,Wardha,JAGADISH UDDVRAO  WANKHADE,Independent,2349,0.21,Lost
Maharashtra,Wardha,POOJA PANKAJ TADAS,Independent,2135,0.19,Lost
Maharashtra,Wardha,ANIL K. GHUSHE,Independent,1971,0.18,Lost
Maharashtra,Wardha,ASHISH LEKHIRAM IZANKAR,Vidarbha Rajya Aghadi,1828,0.17,Lost
Maharashtra,Wardha,VIJAY DNYANESHWARRAO  SHRIRAO,Independent,1738,0.16,Lost
Maharashtra,Wardha,ARVIND SHAMRAO LILLORE,Independent,1476,0.13,Lost
Maharashtra,Wardha,RAMRAO BAJIRAO GHODASKAR,All India Forward Bloc,1438,0.13,Lost
Maharashtra,Wardha,KRUSHNA SUBHASHRAO FULKARI,Lok Swarajya Party,1343,0.12,Lost
Maharashtra,Wardha,UMESH SOMAJI WAWARE,Maharashtra Vikas Aghadi,1246,0.11,Lost
Maharashtra,Wardha,KRUSHNA ANNAJI KALODE,Hindrashtra Sangh,1061,0.1,Lost
Maharashtra,Wardha,RAMESH SINHA,Independent,799,0.07,Lost
Maharashtra,Wardha,DR. MORESHWAR RAMJI NAGRALE,Republican Party of India,797,0.07,Lost
Maharashtra,Wardha,DIXITA ANAND,Desh Janhit Party,736,0.07,Lost
Maharashtra,Wardha,RAHUL T. BHOYAR,Independent,689,0.06,Lost
Maharashtra,Wardha,NOTA,None of the Above,4634,0.42,Lost
Maharashtra,Yavatmal- Washim,SANJAY UTTAMRAO DESHMUKH,Shiv Sena (Uddhav Balasaheb Thackrey),594807,48.53,Won
Maharashtra,Yavatmal- Washim,RAJSHRITAI HEMANT PATIL (MAHALLE),Shiv Sena,500334,40.83,Lost
Maharashtra,Yavatmal- Washim,ANIL JAYRAM RATHOD,Samnak Janta Party,56390,4.6,Lost
Maharashtra,Yavatmal- Washim,HARISING (HARIBHAU) NASARU RATHOD,Bahujan Samaj Party,17396,1.42,Lost
Maharashtra,Yavatmal- Washim,SANGITA DINESH CHAVHAN,Independent,7180,0.59,Lost
Maharashtra,Yavatmal- Washim,RAMDAS BAJIRAO GHODAM,Independent,6781,0.55,Lost
Maharashtra,Yavatmal- Washim,VINOD PANJABRAO NANDAGAVALI,Independent,6298,0.51,Lost
Maharashtra,Yavatmal- Washim,SANDIP SAMPAT SHINDE,Independent,5514,0.45,Lost
Maharashtra,Yavatmal- Washim,DHARAM DILIPSING THAKUR,Sanman Rajkiya Paksha,4555,0.37,Lost
Maharashtra,Yavatmal- Washim,AMOL KOMAWAR,Hindrashtra Sangh,3377,0.28,Lost
Maharashtra,Yavatmal- Washim,UTTAM ONKAR INGOLE,Peoples Party of India (Democratic),2975,0.24,Lost
Maharashtra,Yavatmal- Washim,MANOJ MAHADEORAO GEDAM,Independent,2794,0.23,Lost
Maharashtra,Yavatmal- Washim,NUR ALI MAHEBUB ALI SHAH,Independent,1958,0.16,Lost
Maharashtra,Yavatmal- Washim,DR ARJUNKUMAR SITARAM RATHOD,Independent,1863,0.15,Lost
Maharashtra,Yavatmal- Washim,PRO KISAN RAMRAO AMBURE,Independent,1720,0.14,Lost
Maharashtra,Yavatmal- Washim,DIKSHANT NAMDEVRAO SAWAIKAR,Independent,1103,0.09,Lost
Maharashtra,Yavatmal- Washim,GOKUL PREMDAS CHAVHAN,Independent,1094,0.09,Lost
Maharashtra,Yavatmal- Washim,NOTA,None of the Above,9391,0.77,Lost
Manipur,Inner Manipur,ANGOMCHA BIMOL AKOIJAM,Indian National Congress,374017,46.93,Won
Manipur,Inner Manipur,THOUNAOJAM BASANTA KUMAR SINGH,Bharatiya Janata Party,264216,33.16,Lost
Manipur,Inner Manipur,MAHESHWAR THOUNAOJAM,Republican Party of India (Athawale),135640,17.02,Lost
Manipur,Inner Manipur,RAJKUMAR SOMENDRO SINGH,Independent,13050,1.64,Lost
Manipur,Inner Manipur,MOIRANGTHEM TOTOMSHANA NONGSHABA,Independent,4881,0.61,Lost
Manipur,Inner Manipur,HAORUNGBAM SARAT SINGH,Independent,1296,0.16,Lost
Manipur,Inner Manipur,NOTA,None of the Above,3797,0.48,Lost
Manipur,Outer Manipur,ALFRED KANNGAM S ARTHUR,Indian National Congress,384954,48.32,Won
Manipur,Outer Manipur,KACHUI TIMOTHY ZIMIK,Naga Peoples Front,299536,37.6,Lost
Manipur,Outer Manipur,S KHO JOHN,Independent,89910,11.28,Lost
Manipur,Outer Manipur,ALYSON ABONMAI,Independent,15110,1.9,Lost
Manipur,Outer Manipur,NOTA,None of the Above,7225,0.91,Lost
Meghalaya,Shillong,DR. RICKY ANDREW J. SYNGKON,Voice of the People Party,571078,55.02,Won
Meghalaya,Shillong,VINCENT H. PALA,Indian National Congress,199168,19.19,Lost
Meghalaya,Shillong,DR. MAZEL AMPAREEN LYNGDOH,National People's Party,186488,17.97,Lost
Meghalaya,Shillong,ROBERTJUNE KHARJAHRIN,United Democratic Party,44563,4.29,Lost
Meghalaya,Shillong,PROF. LAKHON KMA,Independent,18582,1.79,Lost
Meghalaya,Shillong,PETER SHALLAM,Independent,7024,0.68,Lost
Meghalaya,Shillong,NOTA,None of the Above,11008,01.06,Lost
Meghalaya,Tura,SALENG A SANGMA,Indian National Congress,383919,56.96,Won
Meghalaya,Tura,AGATHA K SANGMA,National People's Party,228678,33.93,Lost
Meghalaya,Tura,ZENITH M SANGMA,All India Trinamool Congress,48709,7.23,Lost
Meghalaya,Tura,LABENN CH MARAK,Independent,6910,01.03,Lost
Meghalaya,Tura,NOTA,None of the Above,5840,0.87,Lost
Mizoram,MIZORAM,RICHARD VANLALHMANGAIHA,Zoram People’s Movement,208552,42.45,Won
Mizoram,MIZORAM,K VANLALVENA,Mizo National Front,140264,28.55,Lost
Mizoram,MIZORAM,LALBIAKZAMA,Indian National Congress,98595,20.07,Lost
Mizoram,MIZORAM,VANLALHMUAKA,Bharatiya Janata Party,33533,6.82,Lost
Mizoram,MIZORAM,LALHRIATRENGA CHHANGTE,Independent,4706,0.96,Lost
Mizoram,MIZORAM,RITA MALSAWMI,Mizoram People's Conference,3793,0.77,Lost
Mizoram,MIZORAM,NOTA,None of the Above,1893,0.39,Lost
Nagaland,Nagaland,S SUPONGMEREN JAMIR,Indian National Congress,401951,52.83,Won
Nagaland,Nagaland,DR CHUMBEN MURRY,Nationalist Democratic Progressive Party,350967,46.13,Lost
Nagaland,Nagaland,HAYITHUNG TUNGOE LOTHA,Independent,6232,0.82,Lost
Nagaland,Nagaland,NOTA,None of the Above,1646,0.22,Lost
NCT OF Delhi,Chandni Chowk,PRAVEEN KHANDELWAL,Bharatiya Janata Party,516496,53.46,Won
NCT OF Delhi,Chandni Chowk,JAI PRAKASH AGARWAL,Indian National Congress,427171,44.22,Lost
NCT OF Delhi,Chandni Chowk,ABUL KALAM AZAD,Bahujan Samaj Party,5829,0.6,Lost
NCT OF Delhi,Chandni Chowk,UMESH RATHOR,Atulya Bharat Party,1617,0.17,Lost
NCT OF Delhi,Chandni Chowk,SEEMA RIZVI,Azad Samaj Party,1089,0.11,Lost
NCT OF Delhi,Chandni Chowk,SHAIK JALEEL,Navarang Congress Party,949,0.1,Lost
NCT OF Delhi,Chandni Chowk,MD NAZIR,Aman Samaj Party,945,0.1,Lost
NCT OF Delhi,Chandni Chowk,SATYA DEV CHAUDHARY,Satya Bahumat Party,842,0.09,Lost
NCT OF Delhi,Chandni Chowk,RITU KAUSHIK,Socialist Unity Centre Of India (COMMUNIST),643,0.07,Lost
NCT OF Delhi,Chandni Chowk,SAMEER MIRZA,Rashtriya Republican Party,513,0.05,Lost
NCT OF Delhi,Chandni Chowk,SOHARSH GULGULIA JAIN,Swaraj Bhartiya Nyay Party,503,0.05,Lost
NCT OF Delhi,Chandni Chowk,SHYAM BHARTEEY,Gareeb Aadmi Party,463,0.05,Lost
NCT OF Delhi,Chandni Chowk,GULJAR SINGH,Peoples Party of India (Democratic),424,0.04,Lost
NCT OF Delhi,Chandni Chowk,YOGENDER SINGH,Bharatiya Liberal Party,389,0.04,Lost
NCT OF Delhi,Chandni Chowk,VINOD KUMAR GUPTA,Akhil Bhartiya Parivar Party,359,0.04,Lost
NCT OF Delhi,Chandni Chowk,SHIVAM SAINI,Right to Recall Party,330,0.03,Lost
NCT OF Delhi,Chandni Chowk,MANOJ KUMAR NIGAM,Akhil Bhartiya Sudhar Party,321,0.03,Lost
NCT OF Delhi,Chandni Chowk,RAJESH GUPTA,Bharat Lok Sewak Party,262,0.03,Lost
NCT OF Delhi,Chandni Chowk,RAHUL SHARMA,Rashtriya Mangalam Party,257,0.03,Lost
NCT OF Delhi,Chandni Chowk,SUNIL KUMAR,Independent,247,0.03,Lost
NCT OF Delhi,Chandni Chowk,SUBHASH CHANDER,Independent,220,0.02,Lost
NCT OF Delhi,Chandni Chowk,MOHD HAMID,Bharatheeya Jawan Kisan Party,189,0.02,Lost
NCT OF Delhi,Chandni Chowk,PYUSH NARULA,Independent,172,0.02,Lost
NCT OF Delhi,Chandni Chowk,HEENA,Public Political Party,169,0.02,Lost
NCT OF Delhi,Chandni Chowk,ASHOK KUMAR GUPTA,Independent,140,0.01,Lost
NCT OF Delhi,Chandni Chowk,NOTA,None of the Above,5563,0.58,Lost
NCT OF Delhi,East Delhi,HARSH MALHOTRA,Bharatiya Janata Party,664819,52.59,Won
NCT OF Delhi,East Delhi,KULDEEP KUMAR (MONU),Aam Aadmi Party,571156,45.18,Lost
NCT OF Delhi,East Delhi,MOHD. WAQAR CHOUDHARY,Bahujan Samaj Party,9197,0.73,Lost
NCT OF Delhi,East Delhi,A. GOPALA KRISHNA,Navarang Congress Party,2817,0.22,Lost
NCT OF Delhi,East Delhi,KULDEEP KUMAR,Independent,1582,0.13,Lost
NCT OF Delhi,East Delhi,MANOJ KUMAR GUPTA (SWARAJI),Independent,1192,0.09,Lost
NCT OF Delhi,East Delhi,RODASH GUPTA,Independent,1099,0.09,Lost
NCT OF Delhi,East Delhi,JYOTI PRAKASH (MONU),Ekam Sanatan Bharat Dal,824,0.07,Lost
NCT OF Delhi,East Delhi,ARUNIMA GAUTAM,Independent,751,0.06,Lost
NCT OF Delhi,East Delhi,JAI RAM LAL,Rashtriya Republican Party,657,0.05,Lost
NCT OF Delhi,East Delhi,ADVOCATE MANJEET SINGH,Rashtra Nirman Party,614,0.05,Lost
NCT OF Delhi,East Delhi,MOHAMMAD IRFAN,Independent,583,0.05,Lost
NCT OF Delhi,East Delhi,OM SHANKAR,Independent,556,0.04,Lost
NCT OF Delhi,East Delhi,LAL SINGH,Bahujan Dravida Party,477,0.04,Lost
NCT OF Delhi,East Delhi,YOGESH CHAUDHARY,Bhartiya Veer Dal,470,0.04,Lost
NCT OF Delhi,East Delhi,VIMAL KUMAR SAXENA,Independent,433,0.03,Lost
NCT OF Delhi,East Delhi,SURENDRA SINGH BASOYA,Peoples Party of India (Democratic),399,0.03,Lost
NCT OF Delhi,East Delhi,SANJAY,Public Political Party,379,0.03,Lost
NCT OF Delhi,East Delhi,AMIT GUPTA,Independent,360,0.03,Lost
NCT OF Delhi,East Delhi,SANJAYA KUMAR YADAV,Right to Recall Party,290,0.02,Lost
NCT OF Delhi,East Delhi,NOTA,None of the Above,5394,0.43,Lost
NCT OF Delhi,New Delhi,BANSURI SWARAJ,Bharatiya Janata Party,453185,53.48,Won
NCT OF Delhi,New Delhi,SOMNATH BHARTI,Aam Aadmi Party,374815,44.23,Lost
NCT OF Delhi,New Delhi,RAAJ KUMAR ANAND,Bahujan Samaj Party,5629,0.66,Lost
NCT OF Delhi,New Delhi,SANJAY RAWAT,Independent,1276,0.15,Lost
NCT OF Delhi,New Delhi,ACHLA JETHMALANI,Jindabad Kranti Party,1037,0.12,Lost
NCT OF Delhi,New Delhi,HIRA LAL,Independent,1005,0.12,Lost
NCT OF Delhi,New Delhi,PREM SINGH,Navarang Congress Party,806,0.1,Lost
NCT OF Delhi,New Delhi,UPEN‍DRA,Anjaan Aadmi Party,781,0.09,Lost
NCT OF Delhi,New Delhi,DILIP SINGH,Independent,726,0.09,Lost
NCT OF Delhi,New Delhi,LUKMAN KHAN,Log Party,656,0.08,Lost
NCT OF Delhi,New Delhi,PUNAM PANDEY,Rashtravadi Loktantrik Party (India),641,0.08,Lost
NCT OF Delhi,New Delhi,SANDHYA THAKKAR,Rashtriya Republican Party,486,0.06,Lost
NCT OF Delhi,New Delhi,RAVINDER SINGH,Independent,416,0.05,Lost
NCT OF Delhi,New Delhi,DINESH KUMAR,Peoples Party of India (Democratic),361,0.04,Lost
NCT OF Delhi,New Delhi,PRITHVI NATH SINGH,Bharatiya Sampuran Krantikari Party,335,0.04,Lost
NCT OF Delhi,New Delhi,MAHESH KUMAR DENWAL,Ambedkarite Party of India,288,0.03,Lost
NCT OF Delhi,New Delhi,MANOJ KUMAR SHARMA,Loktantrik Janshakti Party,212,0.03,Lost
NCT OF Delhi,New Delhi,NOTA,None of the Above,4813,0.57,Lost
NCT OF Delhi,North-East Delhi,MANOJ TIWARI,Bharatiya Janata Party,824451,53.1,Won
NCT OF Delhi,North-East Delhi,KANHAIYA KUMAR,Indian National Congress,685673,44.16,Lost
NCT OF Delhi,North-East Delhi,ASHOK KUMAR,Bahujan Samaj Party,12138,0.78,Lost
NCT OF Delhi,North-East Delhi,SUNITA,Navarang Congress Party,3518,0.23,Lost
NCT OF Delhi,North-East Delhi,AKESHAN DUT,Independent,3325,0.21,Lost
NCT OF Delhi,North-East Delhi,SUSHIL CHOUDHARY,Aapki Apni Party (Peoples),2070,0.13,Lost
NCT OF Delhi,North-East Delhi,AJAY TIWARI,Right to Recall Party,2042,0.13,Lost
NCT OF Delhi,North-East Delhi,SUBHASH,Rashtriya Janmorcha,1639,0.11,Lost
NCT OF Delhi,North-East Delhi,AKASH SRIVASTAV,Jai Hind National Party,1317,0.08,Lost
NCT OF Delhi,North-East Delhi,SANJEEV KUMAR PANDEY,Bharatiya Liberal Party,1163,0.07,Lost
NCT OF Delhi,North-East Delhi,SAROJ KUMAR RAY,Independent,997,0.06,Lost
NCT OF Delhi,North-East Delhi,ADV. BHIM KISHOR,Peoples Party of India (Democratic),827,0.05,Lost
NCT OF Delhi,North-East Delhi,SANJEEV KUMAR,Public Political Party,799,0.05,Lost
NCT OF Delhi,North-East Delhi,PRAKASH DEVI,Socialist Unity Centre Of India (COMMUNIST),676,0.04,Lost
NCT OF Delhi,North-East Delhi,LAKSHYA VASHIST (SHYAM),Jindabad Kranti Party,653,0.04,Lost
NCT OF Delhi,North-East Delhi,BABITA YADAV,Aazad Samaj Party (Kanshi Ram),646,0.04,Lost
NCT OF Delhi,North-East Delhi,MANOJ KUMAR,Independent,561,0.04,Lost
NCT OF Delhi,North-East Delhi,NIVEDITA SHARMA “PREM”,Rashtrawadi Janlok Party (Satya),543,0.03,Lost
NCT OF Delhi,North-East Delhi,DR. RAJESH KUMAR SINGH,Independent,540,0.03,Lost
NCT OF Delhi,North-East Delhi,KANHI LAL,Swatantra Jantaraj Party,498,0.03,Lost
NCT OF Delhi,North-East Delhi,VIJAY KUMAR JHA,Independent,491,0.03,Lost
NCT OF Delhi,North-East Delhi,YOGESH SWAMY,Independent,410,0.03,Lost
NCT OF Delhi,North-East Delhi,ASHOK MISHRA,Independent,352,0.02,Lost
NCT OF Delhi,North-East Delhi,ADV. K.T. PALUSKAR,Prabuddha Republican Party,349,0.02,Lost
NCT OF Delhi,North-East Delhi,RAVI KIRAN THILAK THATIKONDA,Independent,324,0.02,Lost
NCT OF Delhi,North-East Delhi,ISHWAR CHAND,Bharatrashtra Democratic Party,310,0.02,Lost
NCT OF Delhi,North-East Delhi,JAGDISH,Rashtriya Samaj Paksha,276,0.02,Lost
NCT OF Delhi,North-East Delhi,BIRPAL SINGH KOLI,Independent,270,0.02,Lost
NCT OF Delhi,North-East Delhi,NOTA,None of the Above,5873,0.38,Lost
NCT OF Delhi,North-West Delhi,YOGENDER CHANDOLIYA,Bharatiya Janata Party,866483,58.26,Won
NCT OF Delhi,North-West Delhi,UDIT RAJ,Indian National Congress,575634,38.71,Lost
NCT OF Delhi,North-West Delhi,VIJAY BAUDDH,Bahujan Samaj Party,11997,0.81,Lost
NCT OF Delhi,North-West Delhi,SURESH KUMAR,Peoples Party of India (Democratic),2870,0.19,Lost
NCT OF Delhi,North-West Delhi,SANJAY KUMAR SIWAL,Rashtriya Janshakti Party (Secular),2866,0.19,Lost
NCT OF Delhi,North-West Delhi,SUBHASH,Asankhya Samaj Party,2250,0.15,Lost
NCT OF Delhi,North-West Delhi,RAJENDER SOOD,Aam Janshakti Party,1478,0.1,Lost
NCT OF Delhi,North-West Delhi,PRAVEEN GAUTAM,Navarang Congress Party,1456,0.1,Lost
NCT OF Delhi,North-West Delhi,K M KAJAL,Public Political Party,1342,0.09,Lost
NCT OF Delhi,North-West Delhi,NARESH KUMAR,Independent,1275,0.09,Lost
NCT OF Delhi,North-West Delhi,ADVOCATE SATISH CHANDRA,Ambedkarite Party of India,1237,0.08,Lost
NCT OF Delhi,North-West Delhi,PARMENDRA MANJHI,Independent,1102,0.07,Lost
NCT OF Delhi,North-West Delhi,ADVOCATE DR. MAHENDER   SINGH CHURIYANA,Bahujan Dravida Party,1016,0.07,Lost
NCT OF Delhi,North-West Delhi,CHANDER PAL SONI,Independent,891,0.06,Lost
NCT OF Delhi,North-West Delhi,ADITI,Independent,790,0.05,Lost
NCT OF Delhi,North-West Delhi,ADV. KRUPAL,Prabuddha Republican Party,675,0.05,Lost
NCT OF Delhi,North-West Delhi,NAND RAM BAGRI,Voters Party  International,638,0.04,Lost
NCT OF Delhi,North-West Delhi,SHYAM BHARTEEY,Gareeb Aadmi Party,632,0.04,Lost
NCT OF Delhi,North-West Delhi,HARI KISHAN (MECHANIC),Independent,548,0.04,Lost
NCT OF Delhi,North-West Delhi,POOJA (BHAGTANI),Bharatiya Jan Jagriti Party,509,0.03,Lost
NCT OF Delhi,North-West Delhi,NARESH KUMAR,Rashtriya Samaj Paksha,500,0.03,Lost
NCT OF Delhi,North-West Delhi,PREETI,Saman Adhikar Party,503,0.03,Lost
NCT OF Delhi,North-West Delhi,SATYA PRAKASH UTTRAKHANDI,Independent,434,0.03,Lost
NCT OF Delhi,North-West Delhi,KHILKHILAKAR,Bahujan Shoshit Samaj Sangharsh Samta Party,373,0.03,Lost
NCT OF Delhi,North-West Delhi,PRADEEP KUMAR,Independent,371,0.02,Lost
NCT OF Delhi,North-West Delhi,PUSHPA NAGRA,Independent,353,0.02,Lost
NCT OF Delhi,North-West Delhi,NOTA,None of the Above,8984,0.6,Lost
NCT OF Delhi,South Delhi,RAMVIR SINGH BIDHURI,Bharatiya Janata Party,692832,53.46,Won
NCT OF Delhi,South Delhi,SAHI RAM,Aam Aadmi Party,568499,43.87,Lost
NCT OF Delhi,South Delhi,ABDUL BASIT,Bahujan Samaj Party,9861,0.76,Lost
NCT OF Delhi,South Delhi,RAM GOPAL,Haryana Jansena Party,3958,0.31,Lost
NCT OF Delhi,South Delhi,CHANDRASHEKHAR SINGH KUSHWAHA,Independent,1889,0.15,Lost
NCT OF Delhi,South Delhi,DEEPAK KAPILA,Independent,1500,0.12,Lost
NCT OF Delhi,South Delhi,OMAPRAKASH,Samaj Vikas Kranti Party,1365,0.11,Lost
NCT OF Delhi,South Delhi,JAGDISH KUMAR VERMA,Independent,1296,0.1,Lost
NCT OF Delhi,South Delhi,LAKHAN SINGH,Navarang Congress Party,970,0.07,Lost
NCT OF Delhi,South Delhi,POONAM SRIVASTAVA,Independent,958,0.07,Lost
NCT OF Delhi,South Delhi,ARUN KUMAR,Independent,842,0.06,Lost
NCT OF Delhi,South Delhi,RINKI SANYAL,Bharatiya Sampuran Krantikari Party,763,0.06,Lost
NCT OF Delhi,South Delhi,KAMLESH KUMAR JHA,Independent,714,0.06,Lost
NCT OF Delhi,South Delhi,SURJEET SINGH,Delhi Janta Party,638,0.05,Lost
NCT OF Delhi,South Delhi,BHIM SINGH,Ambedkarite Party of India,602,0.05,Lost
NCT OF Delhi,South Delhi,SURINDER KUMAR,Bharatheeya Jawan Kisan Party,592,0.05,Lost
NCT OF Delhi,South Delhi,GAUTAM ANAND,All India Forward Bloc,540,0.04,Lost
NCT OF Delhi,South Delhi,SHANKAR DEY,Independent,522,0.04,Lost
NCT OF Delhi,South Delhi,BIHARI LAL JALANDHARI,India Greens Party,514,0.04,Lost
NCT OF Delhi,South Delhi,NAVEEN KUMAR,Hamara Sahi Vikalp Party,476,0.04,Lost
NCT OF Delhi,South Delhi,VIRENDER,Independent,381,0.03,Lost
NCT OF Delhi,South Delhi,RAJAN SINGH,Independent,325,0.03,Lost
NCT OF Delhi,South Delhi,NOTA,None of the Above,5961,0.46,Lost
NCT OF Delhi,West Delhi,KAMALJEET SEHRAWAT,Bharatiya Janata Party,842658,55.27,Won
NCT OF Delhi,West Delhi,MAHABAL MISHRA,Aam Aadmi Party,643645,42.22,Lost
NCT OF Delhi,West Delhi,VISHAKHA,Bahujan Samaj Party,7964,0.52,Lost
NCT OF Delhi,West Delhi,SABIR KHAN,Independent,3097,0.2,Lost
NCT OF Delhi,West Delhi,AJ RAJAN,Navarang Congress Party,2387,0.16,Lost
NCT OF Delhi,West Delhi,SUNIL MEGHWAL,Ambedkarite Party of India,1876,0.12,Lost
NCT OF Delhi,West Delhi,OM PRAKASH NARAYAN,Aapki Apni Party (Peoples),1773,0.12,Lost
NCT OF Delhi,West Delhi,ANJU SHARMA,Independent,1267,0.08,Lost
NCT OF Delhi,West Delhi,KAPIL MARWAH,Independent,1155,0.08,Lost
NCT OF Delhi,West Delhi,JARNAIL SINGH,Independent,1089,0.07,Lost
NCT OF Delhi,West Delhi,MADHU,Akhil Bhartiya Parivar Party,1059,0.07,Lost
NCT OF Delhi,West Delhi,RAJIV KANT MISHRA,Independent,995,0.07,Lost
NCT OF Delhi,West Delhi,RAMESH KUMAR JAIN @ NIRBHIK,Gareeb Aadmi Party,971,0.06,Lost
NCT OF Delhi,West Delhi,UMA SHANKAR TIWARI,Bhartiya Mahasangh Party,758,0.05,Lost
NCT OF Delhi,West Delhi,MEENA UJJAINWAL,Peoples Party of India (Democratic),756,0.05,Lost
NCT OF Delhi,West Delhi,CHARANJEET SINGH,All India Forward Bloc,619,0.04,Lost
NCT OF Delhi,West Delhi,UMESH CHAUHAN,Rashtriya Rashtrawadi Party,614,0.04,Lost
NCT OF Delhi,West Delhi,PRAMOD KUREEL,Bahujan National Party (Ambedkar),586,0.04,Lost
NCT OF Delhi,West Delhi,AMIT KUMAR SINGH,Rashtriya Suraksha Party,574,0.04,Lost
NCT OF Delhi,West Delhi,JAYA RAMAN,Sarvlokhit Samaj Party,446,0.03,Lost
NCT OF Delhi,West Delhi,RAM NARAYAN MOHANTY,Independent,434,0.03,Lost
NCT OF Delhi,West Delhi,CHAMAN LAL VERMA,Samaj Vikas Kranti Party,420,0.03,Lost
NCT OF Delhi,West Delhi,DEEPAK SHARMA,Bharatiya Jan Jagriti Party,370,0.02,Lost
NCT OF Delhi,West Delhi,RAVI,Independent,282,0.02,Lost
NCT OF Delhi,West Delhi,NOTA,None of the Above,8699,0.57,Lost
Odisha,Aska,ANITA SUBHADARSHINI,Bharatiya Janata Party,494226,48.55,Won
Odisha,Aska,RANJITA SAHU,Biju Janata Dal,394252,38.73,Lost
Odisha,Aska,DEBAKANTA SARMA,Indian National Congress,75255,7.39,Lost
Odisha,Aska,SANJAYA KUMAR BISHOYI,Independent,11240,1.1,Lost
Odisha,Aska,PAPUNU SAHU,Socialist Unity Centre Of India (COMMUNIST),8673,0.85,Lost
Odisha,Aska,PITABAS SAHU,Sanatan Sanskriti Raksha Dal,6888,0.68,Lost
Odisha,Aska,BRUNDABANA NAHAK,Bahujan Samaj Party,5439,0.53,Lost
Odisha,Aska,NOTA,None of the Above,21941,2.16,Lost
Odisha,Balasore,PRATAP CHANDRA SARANGI,Bharatiya Janata Party,563865,45.49,Won
Odisha,Balasore,LEKHASRI SAMANTSINGHAR,Biju Janata Dal,416709,33.62,Lost
Odisha,Balasore,SHRIKANTA JENA,Indian National Congress,237007,19.12,Lost
Odisha,Balasore,RAJAT KUMAR BEHERA,Bahujan Samaj Party,2920,0.24,Lost
Odisha,Balasore,GOBINDA CHANDRA BHOI,National Apni Party,2640,0.21,Lost
Odisha,Balasore,SURYAKANTA DASMOHAPATRA,Independent,2161,0.17,Lost
Odisha,Balasore,MAHAMEGHABAHAN AIRA KHARABELA SWAIN,Independent,1868,0.15,Lost
Odisha,Balasore,PRAMOD KUMAR PATTAYAT,Independent,1639,0.13,Lost
Odisha,Balasore,BIREN PUHAN,Krupaa Party,1452,0.12,Lost
Odisha,Balasore,DEEPAK SANKAR THAKUR GIRI,Independent,1194,0.1,Lost
Odisha,Balasore,AKHIL KUMAR MOHANTA,Independent,830,0.07,Lost
Odisha,Balasore,NOTA,None of the Above,7350,0.59,Lost
Odisha,Bargarh,PRADEEP PUROHIT,Bharatiya Janata Party,716359,54.69,Won
Odisha,Bargarh,PARINITA MISHRA,Biju Janata Dal,464692,35.48,Lost
Odisha,Bargarh,SANJAY BHOI,Indian National Congress,93551,7.14,Lost
Odisha,Bargarh,JAYARAM BAGH,Bahujan Samaj Party,9322,0.71,Lost
Odisha,Bargarh,GNYANENDRA BEHERA,Independent,4563,0.35,Lost
Odisha,Bargarh,DEVIKA SIKA,National Apni Party,4538,0.35,Lost
Odisha,Bargarh,PRABHAT KUMAR DHARUA,Independent,4298,0.33,Lost
Odisha,Bargarh,NOTA,None of the Above,12541,0.96,Lost
Odisha,Berhampur,DR. PRADEEP KUMAR PANIGRAHY,Bharatiya Janata Party,513102,49.2,Won
Odisha,Berhampur,BHRUGU BAXIPATRA,Biju Janata Dal,347626,33.33,Lost
Odisha,Berhampur,RASMI RANJAN PATNAIK,Indian National Congress,129744,12.44,Lost
Odisha,Berhampur,V CHANDRA SHEKHAR,Independent,8379,0.8,Lost
Odisha,Berhampur,BHASKAR CHAUDHORY,Bahujan Samaj Party,5211,0.5,Lost
Odisha,Berhampur,SOMANATH BEHERA,Socialist Unity Centre Of India (COMMUNIST),5135,0.49,Lost
Odisha,Berhampur,SIRIN TAMMANA,Independent,5078,0.49,Lost
Odisha,Berhampur,BOMMALI KANTA RAO,Naba Bharata Nirmana Seva Party,4201,0.4,Lost
Odisha,Berhampur,RAM SANKAR SATAPATHY,Independent,3871,0.37,Lost
Odisha,Berhampur,RAJENDRA DALABEHERA,Bharatiya Bikash Parishad,2343,0.22,Lost
Odisha,Berhampur,SANTOSH KUMAR SAHU,All India Forward Bloc,2291,0.22,Lost
Odisha,Berhampur,NOTA,None of the Above,15942,1.53,Lost
Odisha,Bhadrak,AVIMANYU SETHI,Bharatiya Janata Party,573319,44.19,Won
Odisha,Bhadrak,MANJULATA MANDAL,Biju Janata Dal,481775,37.13,Lost
Odisha,Bhadrak,ANANTA PRASAD SETHI,Indian National Congress,221874,17.1,Lost
Odisha,Bhadrak,KIRTAN BIHARI MALIK,Socialist Unity Centre Of India (COMMUNIST),4880,0.38,Lost
Odisha,Bhadrak,ADV. ARJUN CHARAN MALLIK,Bahujan Samaj Party,3604,0.28,Lost
Odisha,Bhadrak,ANJAN DAS,Ambedkarite Party of India,3517,0.27,Lost
Odisha,Bhadrak,BASANTA KUMAR MAHALIK,Independent,1530,0.12,Lost
Odisha,Bhadrak,SARBESWAR BEHERA,Independent,1400,0.11,Lost
Odisha,Bhadrak,NOTA,None of the Above,5478,0.42,Lost
Odisha,Bhubaneswar,APARAJITA SARANGI,Bharatiya Janata Party,512519,47.36,Won
Odisha,Bhubaneswar,MANMATH KUMAR ROUTRAY,Biju Janata Dal,477367,44.11,Lost
Odisha,Bhubaneswar,SYED YASHIR NAWAZ,Indian National Congress,66362,6.13,Lost
Odisha,Bhubaneswar,SURESH CHANDRA PANIGRAHY,Communist Party of India  (Marxist),4148,0.38,Lost
Odisha,Bhubaneswar,HULAS SENAPATI,Independent,2251,0.21,Lost
Odisha,Bhubaneswar,KISHOR KUMAR SUTAR,Independent,2203,0.2,Lost
Odisha,Bhubaneswar,SUDHANSU SEKHAR DAS,Independent,1758,0.16,Lost
Odisha,Bhubaneswar,SANTOSH KUMAR MISHRA,Independent,1744,0.16,Lost
Odisha,Bhubaneswar,SANGEETA PATTANAIK,Odisha Janata Party,1530,0.14,Lost
Odisha,Bhubaneswar,PRADEEP KUMAR SAHOO,Kalinga Sena,1503,0.14,Lost
Odisha,Bhubaneswar,SANTILATA ROUT,Supreme Zero Party of Bharat,1441,0.13,Lost
Odisha,Bhubaneswar,NATABAR MAHARANA,Bharatiya Bikash Parishad,1087,0.1,Lost
Odisha,Bhubaneswar,NOTA,None of the Above,8302,0.77,Lost
Odisha,Bolangir,SANGEETA KUMARI SINGH DEO,Bharatiya Janata Party,617744,44.12,Won
Odisha,Bolangir,SURENDRA SINGH BHOI,Biju Janata Dal,485080,34.64,Lost
Odisha,Bolangir,MANOJ KUMAR MISHRA,Indian National Congress,230874,16.49,Lost
Odisha,Bolangir,SUNIL KUMAR BHOI,Socialist Unity Centre Of India (COMMUNIST),10355,0.74,Lost
Odisha,Bolangir,JAGADISH CHANDRA BIBHAR,Bahujan Samaj Party,9469,0.68,Lost
Odisha,Bolangir,BALRAM SINGH YADAV,Independent,8674,0.62,Lost
Odisha,Bolangir,MADHUSUDAN BARIK,Ambedkarite Party of India,7252,0.52,Lost
Odisha,Bolangir,BALARAM SA,Independent,6097,0.44,Lost
Odisha,Bolangir,AKSHAYA DISHRI,National Apni Party,5469,0.39,Lost
Odisha,Bolangir,RAJESH KUMAR PANDA,Ekam Sanatan Bharat Dal,3170,0.23,Lost
Odisha,Bolangir,NOTA,None of the Above,16064,1.15,Lost
Odisha,Cuttack,BHARTRUHARI MAHTAB,Bharatiya Janata Party,531601,47.43,Won
Odisha,Cuttack,SANTRUPT MISRA,Biju Janata Dal,474524,42.34,Lost
Odisha,Cuttack,SURESH MOHAPATRA,Indian National Congress,83815,7.48,Lost
Odisha,Cuttack,PRAMOD KUMAR MALLICK,Bahujan Samaj Party,4484,0.4,Lost
Odisha,Cuttack,NIRANJAN PATI,Independent,4396,0.39,Lost
Odisha,Cuttack,SOBHA PANDEY,Independent,3888,0.35,Lost
Odisha,Cuttack,PRAKASH CHANDRA SAHOO,Krupaa Party,3794,0.34,Lost
Odisha,Cuttack,RAJAKISHORE MALLIK,Socialist Unity Centre Of India (COMMUNIST),3075,0.27,Lost
Odisha,Cuttack,GOKULANANDA MISHRA,Independent,1808,0.16,Lost
Odisha,Cuttack,MINATI PATNAIK,Samruddha Odisha,1251,0.11,Lost
Odisha,Cuttack,NOTA,None of the Above,8159,0.73,Lost
Odisha,Dhenkanal,RUDRA NARAYAN PANY,Bharatiya Janata Party,598721,50.24,Won
Odisha,Dhenkanal,ABINASH SAMAL,Biju Janata Dal,522154,43.82,Lost
Odisha,Dhenkanal,SASHMITA BEHERA,Indian National Congress,34730,2.91,Lost
Odisha,Dhenkanal,PRAFULLA KUMAR NAIK,Bahujan Samaj Party,4895,0.41,Lost
Odisha,Dhenkanal,MAHESWAR SAHOO,Independent,4629,0.39,Lost
Odisha,Dhenkanal,MANASI SWAIN,Socialist Unity Centre Of India (COMMUNIST),3384,0.28,Lost
Odisha,Dhenkanal,PRIYABRATA GARNAIK,Independent,2909,0.24,Lost
Odisha,Dhenkanal,JANARDAN NAIK,Independent,2653,0.22,Lost
Odisha,Dhenkanal,KAILAS CHANDRA PRADHAN,Independent,2213,0.19,Lost
Odisha,Dhenkanal,SWAPNA RANI JAMES,Utkal Samaj,1608,0.13,Lost
Odisha,Dhenkanal,NOTA,None of the Above,13777,1.16,Lost
Odisha,Jagatsinghpur,BIBHU PRASAD TARAI,Bharatiya Janata Party,589093,45.8,Won
Odisha,Jagatsinghpur,DR. RAJASHREE MALLICK,Biju Janata Dal,548397,42.63,Lost
Odisha,Jagatsinghpur,RABINDRA KUMAR SETHY,Indian National Congress,123570,9.61,Lost
Odisha,Jagatsinghpur,RAMESH CHANDRA SETHY,Communist Party of India,8130,0.63,Lost
Odisha,Jagatsinghpur,PEEYUUSH DAS,Ambedkarite Party of India,3230,0.25,Lost
Odisha,Jagatsinghpur,BIBHUTI BHUSAN MAJHI,Bahujan Samaj Party,2740,0.21,Lost
Odisha,Jagatsinghpur,MAHESWAR DAS,Socialist Unity Centre Of India (COMMUNIST),2384,0.19,Lost
Odisha,Jagatsinghpur,SANKAR DAS,Independent,1488,0.12,Lost
Odisha,Jagatsinghpur,SILI MALLICK,Samruddha Odisha,930,0.07,Lost
Odisha,Jagatsinghpur,ARJUNA CHARAN BEHERA,Independent,766,0.06,Lost
Odisha,Jagatsinghpur,BHANUMATI DAS,Utkal Samaj,677,0.05,Lost
Odisha,Jagatsinghpur,NOTA,None of the Above,4882,0.38,Lost
Odisha,Jajpur,SARMISTHA SETHI,Biju Janata Dal,532652,45.87,Lost
Odisha,Jajpur,RABINDRA NARAYAN BEHERA,Bharatiya Janata Party,534239,46.01,Won
Odisha,Jajpur,ANCHAL DAS,Indian National Congress,53145,4.58,Lost
Odisha,Jajpur,SUBASH CHANDRA MALLIK,Socialist Unity Centre Of India (COMMUNIST),18007,1.55,Lost
Odisha,Jajpur,ER. SANDHYA RANI MALLICK,Bahujan Samaj Party,3218,0.28,Lost
Odisha,Jajpur,BHAIRABA PRASAD BEHERA,Independent,2403,0.21,Lost
Odisha,Jajpur,SUMANTA MALIK,Independent,2301,0.2,Lost
Odisha,Jajpur,BIDYADHAR DALEI,Ambedkarite Party of India,2172,0.19,Lost
Odisha,Jajpur,JHUNA MALIK,Manas Lokshakti Dal,2077,0.18,Lost
Odisha,Jajpur,ARTTATRANA MALIK,Independent,1252,0.11,Lost
Odisha,Jajpur,NARENDRA MALIKA,Independent,1119,0.1,Lost
Odisha,Jajpur,MANTU SETHI,Janta Darbar Party,956,0.08,Lost
Odisha,Jajpur,BINOD KUMAR JENA,Gana Suraksha Party,879,0.08,Lost
Odisha,Jajpur,NOTA,None of the Above,6788,0.58,Lost
Odisha,Kalahandi,MALVIKA DEVI,Bharatiya Janata Party,544303,40.79,Won
Odisha,Kalahandi,LAMBODAR NIAL,Biju Janata Dal,410490,30.77,Lost
Odisha,Kalahandi,DROUPADI MAJHI,Indian National Congress,303199,22.72,Lost
Odisha,Kalahandi,UMAKANTA TANDI,Independent,9194,0.69,Lost
Odisha,Kalahandi,BIRANCHI NARAYAN DURGA,Bahujan Samaj Party,8497,0.64,Lost
Odisha,Kalahandi,DR. DHARMANANDA GAHIR,Independent,7811,0.59,Lost
Odisha,Kalahandi,SIBA HATI,Samajwadi Party,7168,0.54,Lost
Odisha,Kalahandi,RAJARAM SAHU,Independent,6730,0.5,Lost
Odisha,Kalahandi,NARESH HIANLA,Independent,6641,0.5,Lost
Odisha,Kalahandi,GANGADHAR JAL,Independent,5590,0.42,Lost
Odisha,Kalahandi,HIMANSHU TRIPATHY,Samruddha Odisha,4906,0.37,Lost
Odisha,Kalahandi,NOTA,None of the Above,19715,1.48,Lost
Odisha,Kandhamal,SUKANTA KUMAR PANIGRAHI,Bharatiya Janata Party,416415,41.8,Won
Odisha,Kandhamal,ACHYUTANANDA SAMANTA,Biju Janata Dal,395044,39.66,Lost
Odisha,Kandhamal,AMIR CHAND NAYAK,Indian National Congress,144322,14.49,Lost
Odisha,Kandhamal,BHAGIRATHI BALIARSINGH,Manas Lokshakti Dal,7330,0.74,Lost
Odisha,Kandhamal,KANAK MANJARI RATH,Independent,5205,0.52,Lost
Odisha,Kandhamal,HARIBANDHU BEHERA,Bahujan Samaj Party,5137,0.52,Lost
Odisha,Kandhamal,SUBASH MOHAPATRA,National Jan Dal,4137,0.42,Lost
Odisha,Kandhamal,PARSURAM PRADHAN,Kalinga Sena,2781,0.28,Lost
Odisha,Kandhamal,NOTA,None of the Above,15720,1.58,Lost
Odisha,Kendrapara,BAIJAYANT PANDA,Bharatiya Janata Party,615705,48.21,Won
Odisha,Kendrapara,ANSHUMAN MOHANTY,Biju Janata Dal,549169,43,Lost
Odisha,Kendrapara,SIDHARTH SWARUP DASH,Indian National Congress,94832,7.43,Lost
Odisha,Kendrapara,SOUBHAGYA KETAN SAMAL,Socialist Unity Centre Of India (COMMUNIST),3395,0.27,Lost
Odisha,Kendrapara,SEKHA SADIKA HOSEN,Bahujan Samaj Party,1852,0.15,Lost
Odisha,Kendrapara,SUPRAVA DAS,Akhil Bhartiya Parivar Party,1561,0.12,Lost
Odisha,Kendrapara,SRIRAM PANDEY,Independent,1399,0.11,Lost
Odisha,Kendrapara,SANTOSH KUMAR PATRA,Independent,1373,0.11,Lost
Odisha,Kendrapara,PRATAP CHANDRA MOHANTY,Independent,1095,0.09,Lost
Odisha,Kendrapara,PRANGYAN PRAKASH MOHAPATRA,Odisha Janata Party,912,0.07,Lost
Odisha,Kendrapara,NOTA,None of the Above,5815,0.46,Lost
Odisha,Keonjhar,ANANTA NAYAK,Bharatiya Janata Party,573923,45.67,Won
Odisha,Keonjhar,DHANURJAYA SIDU,Biju Janata Dal,476881,37.95,Lost
Odisha,Keonjhar,BINOD BIHARI NAIK,Indian National Congress,105278,8.38,Lost
Odisha,Keonjhar,JOHN MIRAN MUNDA,Independent,31736,2.53,Lost
Odisha,Keonjhar,SAHEBA JUANGA,Manas Lokshakti Dal,11043,0.88,Lost
Odisha,Keonjhar,SUSHANT KUMAR NAIK,Independent,9044,0.72,Lost
Odisha,Keonjhar,LAMBODAR NAIK,Independent,6778,0.54,Lost
Odisha,Keonjhar,HARIHAR MUNDA,Socialist Unity Centre Of India (COMMUNIST),6574,0.52,Lost
Odisha,Keonjhar,RAGHUMANI NAIK,Independent,4556,0.36,Lost
Odisha,Keonjhar,RAM PRASAD HEMBRAM,Bahujan Samaj Party,3895,0.31,Lost
Odisha,Keonjhar,PITABASA NAIK,AJSU Party,2144,0.17,Lost
Odisha,Keonjhar,NOTA,None of the Above,24763,1.97,Lost
Odisha,Koraput,SAPTAGIRI SANKAR ULAKA,Indian National Congress,471393,41.03,Won
Odisha,Koraput,KAUSALYA HIKAKA,Biju Janata Dal,323649,28.17,Lost
Odisha,Koraput,KALIRAM MAJHI,Bharatiya Janata Party,232514,20.24,Lost
Odisha,Koraput,DAMINI JANI,Bahujan Samaj Party,15427,1.34,Lost
Odisha,Koraput,PRAKASH HIKAKA,Communist Party of India  (Marxist-Leninist)  (Liberation),14852,1.29,Lost
Odisha,Koraput,LASU HANTAL,Independent,14373,1.25,Lost
Odisha,Koraput,RAGHUMANI GOMANGO,Independent,10540,0.92,Lost
Odisha,Koraput,ABINASH GOMANGO,Independent,10274,0.89,Lost
Odisha,Koraput,SUMAN KANTA,Naba Bharata Nirmana Seva Party,8396,0.73,Lost
Odisha,Koraput,SANTOSH KUMAR BIDIKA,Republican Party of India (A),5415,0.47,Lost
Odisha,Koraput,PRAMILA PUJARI,Socialist Unity Centre Of India (COMMUNIST),4878,0.42,Lost
Odisha,Koraput,NOTA,None of the Above,37131,3.23,Lost
Odisha,Mayurbhanj,NABA CHARAN MAJHI,Bharatiya Janata Party,585971,49.91,Won
Odisha,Mayurbhanj,SUDAM MARNDI,Biju Janata Dal,366637,31.23,Lost
Odisha,Mayurbhanj,ANJANI SOREN,Jharkhand Mukti Morcha,135399,11.53,Lost
Odisha,Mayurbhanj,RABINDRA NATH SINGH,Independent,9324,0.79,Lost
Odisha,Mayurbhanj,ASHOK KUMAR SING,Independent,8953,0.76,Lost
Odisha,Mayurbhanj,JATIA SAWAYAN,Bahujan Samaj Party,8502,0.72,Lost
Odisha,Mayurbhanj,SANTILATA CHATTAR,Independent,8477,0.72,Lost
Odisha,Mayurbhanj,PITAMBAR NAIK,Socialist Unity Centre Of India (COMMUNIST),8114,0.69,Lost
Odisha,Mayurbhanj,ANTA ALOK BASKEY,AJSU Party,5394,0.46,Lost
Odisha,Mayurbhanj,BAJUN HANSDA,Independent,5322,0.45,Lost
Odisha,Mayurbhanj,KANHU CHARAN TUDU,Independent,5138,0.44,Lost
Odisha,Mayurbhanj,SUKANTA HEMBRAM,Bharatiya Nyay-Adhikar Raksha Party,3656,0.31,Lost
Odisha,Mayurbhanj,GURU  CHARAN HEMBRAM,Bharatheeya Jawan Kisan Party,3210,0.27,Lost
Odisha,Mayurbhanj,NOTA,None of the Above,19953,1.7,Lost
Odisha,Nabarangpur,BALABHADRA MAJHI,Bharatiya Janata Party,481396,38.74,Won
Odisha,Nabarangpur,PRADEEP KUMAR MAJHI,Biju Janata Dal,393860,31.7,Lost
Odisha,Nabarangpur,BHUJABAL MAJHI,Indian National Congress,303392,24.42,Lost
Odisha,Nabarangpur,TRINATH MUNDAGUDIA,Socialist Unity Centre Of India (COMMUNIST),20559,1.65,Lost
Odisha,Nabarangpur,NOTA,None of the Above,43268,3.48,Lost
Odisha,Puri,SAMBIT PATRA,Bharatiya Janata Party,629330,52.58,Won
Odisha,Puri,ARUP MOHAN PATNAIK,Biju Janata Dal,524621,43.83,Lost
Odisha,Puri,JAYANARAYAN PATTANAYAK,Indian National Congress,24342,02.03,Lost
Odisha,Puri,SANTANU KUMAR DAS,Bahujan Samaj Party,3929,0.33,Lost
Odisha,Puri,SUBASH CHANDRA BHOI,Socialist Unity Centre Of India (COMMUNIST),3266,0.27,Lost
Odisha,Puri,SOBHA PANDEY,Independent,2229,0.19,Lost
Odisha,Puri,DILLIP KUMAR BARAL,Independent,1611,0.13,Lost
Odisha,Puri,NOTA,None of the Above,7610,0.64,Lost
Odisha,Sambalpur,DHARMENDRA PRADHAN,Bharatiya Janata Party,592162,49.48,Won
Odisha,Sambalpur,PRANAB PRAKASH DAS,Biju Janata Dal,472326,39.47,Lost
Odisha,Sambalpur,NAGENDRA KUMAR PRADHAN,Indian National Congress,89113,7.45,Lost
Odisha,Sambalpur,SADANAND RANBIDA,Bahujan Samaj Party,4795,0.4,Lost
Odisha,Sambalpur,SRIRAM PANDEY,Independent,4702,0.39,Lost
Odisha,Sambalpur,SHUSHIL KUMAR BABU,Independent,4303,0.36,Lost
Odisha,Sambalpur,GNYANENDRA BEHERA,Independent,3334,0.28,Lost
Odisha,Sambalpur,NABAKISHORE PRADHAN,Socialist Unity Centre Of India (COMMUNIST),3157,0.26,Lost
Odisha,Sambalpur,ATMA RAM SUPKAR,Independent,2059,0.17,Lost
Odisha,Sambalpur,PURUSHOTTAM PATRA,Kosal Janata Dal,1735,0.14,Lost
Odisha,Sambalpur,RAKESH BAG,Bharatiya Nyay-Adhikar Raksha Party,1708,0.14,Lost
Odisha,Sambalpur,SUBASH MOHAPATRA,National Jan Dal,1693,0.14,Lost
Odisha,Sambalpur,LAXMAN KUMAR BHOI,Paschimanchal Vikas Party,1682,0.14,Lost
Odisha,Sambalpur,KHAGESWAR BEHERA,Rashtriya Manav Party,1495,0.12,Lost
Odisha,Sambalpur,NOTA,None of the Above,12483,01.04,Lost
Odisha,Sundargarh,JUAL ORAM,Bharatiya Janata Party,494282,42.77,Won
Odisha,Sundargarh,DILIP KUMAR TIRKEY,Biju Janata Dal,355474,30.76,Lost
Odisha,Sundargarh,JANARDAN DEHURY,Indian National Congress,261986,22.67,Lost
Odisha,Sundargarh,JUSTIN LUGUN,Socialist Unity Centre Of India (COMMUNIST),9141,0.79,Lost
Odisha,Sundargarh,JAGABANDHU ORAM,Independent,6027,0.52,Lost
Odisha,Sundargarh,SUMANTA KUMAR SORENG,National Apni Party,4052,0.35,Lost
Odisha,Sundargarh,SANTOSH JURA,Naba Bharata Nirmana Seva Party,3981,0.34,Lost
Odisha,Sundargarh,PARUA EKKA,Jharkhand Party,3033,0.26,Lost
Odisha,Sundargarh,NOTA,None of the Above,17801,1.54,Lost
Puducherry,PUDUCHERRY,VE VAITHILINGAM,Indian National Congress,426005,52.73,Won
Puducherry,PUDUCHERRY,A NAMASSIVAYAM,Bharatiya Janata Party,289489,35.83,Lost
Puducherry,PUDUCHERRY,R MENAGA,Naam Tamilar Katchi,39603,4.9,Lost
Puducherry,PUDUCHERRY,G THAMIZHVENDAN,All India Anna Dravida Munnetra Kazhagam,25165,3.11,Lost
Puducherry,PUDUCHERRY,P SANKARAN,Socialist Unity Centre Of India (COMMUNIST),2066,0.26,Lost
Puducherry,PUDUCHERRY,ARADADI POSIYYA,Independent,1546,0.19,Lost
Puducherry,PUDUCHERRY,D ALANGARAVELU,Bahujan Samaj Party,1540,0.19,Lost
Puducherry,PUDUCHERRY,K KISHORKUMAR,Independent,1246,0.15,Lost
Puducherry,PUDUCHERRY,KOLLANJIAPPAN,Independent,1199,0.15,Lost
Puducherry,PUDUCHERRY,M MANIKANDAN,Independent,1133,0.14,Lost
Puducherry,PUDUCHERRY,M KRISHNAMURTHY,Independent,1071,0.13,Lost
Puducherry,PUDUCHERRY,K PRABHU DEVAN,United Republican Party of India,989,0.12,Lost
Puducherry,PUDUCHERRY,S BAKTHAVATCHALAM,Independent,924,0.11,Lost
Puducherry,PUDUCHERRY,S SATHISH KUMAR,Independent,846,0.1,Lost
Puducherry,PUDUCHERRY,COUTTANE ALIAS DHIVANEEDHE,Independent,822,0.1,Lost
Puducherry,PUDUCHERRY,E ANANTHAVEL,Independent,776,0.1,Lost
Puducherry,PUDUCHERRY,S KALA,Independent,626,0.08,Lost
Puducherry,PUDUCHERRY,P RAJAN,Independent,547,0.07,Lost
Puducherry,PUDUCHERRY,NIRMALA G,Independent,475,0.06,Lost
Puducherry,PUDUCHERRY,K ARUNACHALAM,Independent,405,0.05,Lost
Puducherry,PUDUCHERRY,K RAMADASS,Independent,372,0.05,Lost
Puducherry,PUDUCHERRY,R RAJA,Independent,331,0.04,Lost
Puducherry,PUDUCHERRY,D RAVINDIRAN,Independent,307,0.04,Lost
Puducherry,PUDUCHERRY,S MASCO,Independent,254,0.03,Lost
Puducherry,PUDUCHERRY,V P MANICKAM,Independent,244,0.03,Lost
Puducherry,PUDUCHERRY,M MURUGAN,Independent,196,0.02,Lost
Puducherry,PUDUCHERRY,NOTA,None of the Above,9763,1.21,Lost
Punjab,Amritsar,GURJEET SINGH AUJLA,Indian National Congress,255181,28.18,Won
Punjab,Amritsar,KULDEEP SINGH DHALIWAL,Aam Aadmi Party,214880,23.73,Lost
Punjab,Amritsar,TARANJIT SINGH SANDHU SAMUNDRI,Bharatiya Janata Party,207205,22.88,Lost
Punjab,Amritsar,ANIL JOSHI,Shiromani Akali Dal,162896,17.99,Lost
Punjab,Amritsar,EMAAN SINGH MANN,Shiromani Akali Dal (Amritsar)(Simranjit Singh Mann),26796,2.96,Lost
Punjab,Amritsar,SATBIR SINGH  JAMMU,Independent,3399,0.38,Lost
Punjab,Amritsar,VISHAL SIDHU,Bahujan Samaj Party,2733,0.3,Lost
Punjab,Amritsar,DASWINDER KAUR,Communist Party of India,2481,0.27,Lost
Punjab,Amritsar,SHARANJIT KAUR,Independent,2460,0.27,Lost
Punjab,Amritsar,AMANPREET SINGH MAHADIPUR,Independent,2362,0.26,Lost
Punjab,Amritsar,GURINDER SINGH SABHI GILL,Independent,2129,0.24,Lost
Punjab,Amritsar,SAHIB SINGH,Independent,1988,0.22,Lost
Punjab,Amritsar,SHAMSHER SINGH SHERA,Independent,1507,0.17,Lost
Punjab,Amritsar,SHAM LAL GANDHI,Independent,1487,0.16,Lost
Punjab,Amritsar,LOVEPREET SHARMA,Aas Punjab Party,1375,0.15,Lost
Punjab,Amritsar,MASTER HARJINDER PAL,Independent,1358,0.15,Lost
Punjab,Amritsar,JASPAL MASIH,Independent,1227,0.14,Lost
Punjab,Amritsar,RESHAM SINGH,Independent,1133,0.13,Lost
Punjab,Amritsar,BAL KRISHAN SHARMA,Independent,1107,0.12,Lost
Punjab,Amritsar,SIMRANPREET SINGH,Independent,1106,0.12,Lost
Punjab,Amritsar,NARINDER KAUR,Aam Janta Party (India),1097,0.12,Lost
Punjab,Amritsar,DILDAR MASIH,Shiromani Lok Dal Party,1044,0.12,Lost
Punjab,Amritsar,RAJINDER KUMAR SHARMA,Independent,900,0.1,Lost
Punjab,Amritsar,BALWINDER SINGH,Independent,857,0.09,Lost
Punjab,Amritsar,GURPREET SINGH RATTAN,Republican Party of India (Athawale),738,0.08,Lost
Punjab,Amritsar,DR RAMESH KUMAR,Sacho Sach Party,652,0.07,Lost
Punjab,Amritsar,GAGANDEEP,Independent,610,0.07,Lost
Punjab,Amritsar,PRITHVI PAL,Independent,434,0.05,Lost
Punjab,Amritsar,NEELAM,Independent,409,0.05,Lost
Punjab,Amritsar,DILBAGH SINGH,Independent,391,0.04,Lost
Punjab,Amritsar,NOTA,None of the Above,3714,0.41,Lost
Punjab,Anandpur Sahib,MALVINDER SINGH KANG,Aam Aadmi Party,313217,29.08,Won
Punjab,Anandpur Sahib,VIJAY INDER SINGLA,Indian National Congress,302371,28.07,Lost
Punjab,Anandpur Sahib,DR SUBHASH SHARMA,Bharatiya Janata Party,186578,17.32,Lost
Punjab,Anandpur Sahib,PREM SINGH CHANDUMAJRA,Shiromani Akali Dal,117936,10.95,Lost
Punjab,Anandpur Sahib,JASVIR SINGH GARHI,Bahujan Samaj Party,90157,8.37,Lost
Punjab,Anandpur Sahib,KUSHAL PAL SINGH MANN,Shiromani Akali Dal (Amritsar)(Simranjit Singh Mann),24831,2.31,Lost
Punjab,Anandpur Sahib,GAJJAN SINGH,Independent,6171,0.57,Lost
Punjab,Anandpur Sahib,SIMPLE KUMAR,Independent,2962,0.27,Lost
Punjab,Anandpur Sahib,SATPAL,Independent,2297,0.21,Lost
Punjab,Anandpur Sahib,GURMIT SINGH,Independent,2182,0.2,Lost
Punjab,Anandpur Sahib,DHARMINDER SINGH HARMAN,Akhil Bhartiya Parivar Party,2043,0.19,Lost
Punjab,Anandpur Sahib,SUNIL KUMAR,Bhartiya Jan Samman Party,1977,0.18,Lost
Punjab,Anandpur Sahib,ER DALJEET SINGH SAINI,Bharatheeya Jawan Kisan Party,1715,0.16,Lost
Punjab,Anandpur Sahib,KULWINDER SINGH,Democratic Bharatiya Samaj Party,1652,0.15,Lost
Punjab,Anandpur Sahib,SUNAINA,Bhartiya Rashtriya Dal,1640,0.15,Lost
Punjab,Anandpur Sahib,ADV KULWINDER SINGH,Independent,1600,0.15,Lost
Punjab,Anandpur Sahib,MEGH RAJ,Independent,1430,0.13,Lost
Punjab,Anandpur Sahib,HARWINDER KARWAL,Independent,1311,0.12,Lost
Punjab,Anandpur Sahib,DAVINDER SINGH,Independent,1175,0.11,Lost
Punjab,Anandpur Sahib,DARSHAN SINGH,Punjab National Party,1172,0.11,Lost
Punjab,Anandpur Sahib,HANISH SHARMA,Ekam Sanatan Bharat Dal,1076,0.1,Lost
Punjab,Anandpur Sahib,DEEPAK SHARMA,Independent,1012,0.09,Lost
Punjab,Anandpur Sahib,PARMINDER SINGH,Independent,930,0.09,Lost
Punjab,Anandpur Sahib,YOG RAJ SAHOTA,Revolutionary Socialist Party,925,0.09,Lost
Punjab,Anandpur Sahib,RAMJAAN KHAN,Independent,672,0.06,Lost
Punjab,Anandpur Sahib,ROHTASH,Independent,619,0.06,Lost
Punjab,Anandpur Sahib,MANDAR SINGH,Independent,555,0.05,Lost
Punjab,Anandpur Sahib,KIRAN JAIN,Hindustan Shakti Sena,515,0.05,Lost
Punjab,Anandpur Sahib,NOTA,None of the Above,6402,0.59,Lost
Punjab,Bathinda,HARSIMRAT KAUR BADAL,Shiromani Akali Dal,376558,32.71,Won
Punjab,Bathinda,GURMEET SINGH KHUDIAN,Aam Aadmi Party,326902,28.4,Lost
Punjab,Bathinda,JEETMOHINDER SINGH SIDHU,Indian National Congress,202011,17.55,Lost
Punjab,Bathinda,PARAMPAL KAUR SIDHU,Bharatiya Janata Party,110762,9.62,Lost
Punjab,Bathinda,LAKHVIR SINGH LAKHA SIDHANA,Shiromani Akali Dal (Amritsar)(Simranjit Singh Mann),84684,7.36,Lost
Punjab,Bathinda,NIKKA SINGH,Bahujan Samaj Party,13039,1.13,Lost
Punjab,Bathinda,JAGJIWAN BALLI,Independent,5484,0.48,Lost
Punjab,Bathinda,PARWINDER SINGH,Independent,4497,0.39,Lost
Punjab,Bathinda,PALA RAM,Independent,3435,0.3,Lost
Punjab,Bathinda,BHAGWANT SINGH SAMAON,Independent,3388,0.29,Lost
Punjab,Bathinda,GURMEET SINGH,Independent,3082,0.27,Lost
Punjab,Bathinda,JASVIR SINGH BATHINDA,Aazad Samaj Party (Kanshi Ram),3145,0.27,Lost
Punjab,Bathinda,GURPREET SINGH URF PREET GHAINT,Jan Sewa Driver Party,2628,0.23,Lost
Punjab,Bathinda,GURBARN SINGH,Independent,1627,0.14,Lost
Punjab,Bathinda,NAIB SINGH,Bharatheeya Jawan Kisan Party,1601,0.14,Lost
Punjab,Bathinda,KULWANT SINGH,Independent,1182,0.1,Lost
Punjab,Bathinda,AMANDEEP SINGH,Independent,1148,0.1,Lost
Punjab,Bathinda,POONAM RANI,Nationalist Justice Party,1064,0.09,Lost
Punjab,Bathinda,NOTA,None of the Above,4933,0.43,Lost
Punjab,Faridkot,SARABJEET SINGH KHALSA,Independent,298062,29.38,Won
Punjab,Faridkot,KARAMJIT SINGH ANMOL,Aam Aadmi Party,228009,22.48,Lost
Punjab,Faridkot,AMARJIT KAUR SAHOKE,Indian National Congress,160357,15.81,Lost
Punjab,Faridkot,RAJWINDER SINGH DHARAMKOT,Shiromani Akali Dal,138251,13.63,Lost
Punjab,Faridkot,HANS RAJ HANS,Bharatiya Janata Party,123533,12.18,Lost
Punjab,Faridkot,GURCHARAN SINGH MANN,Communist Party of India,14950,1.47,Lost
Punjab,Faridkot,GURBAKSH SINGH CHAUHAN,Bahujan Samaj Party,8210,0.81,Lost
Punjab,Faridkot,AVTAR SINGH SAHOTA,Independent,4160,0.41,Lost
Punjab,Faridkot,KIKKAR SINGH DHALIWAL,Independent,3517,0.35,Lost
Punjab,Faridkot,KARAM SINGH MALUKA,Independent,2862,0.28,Lost
Punjab,Faridkot,RUPINDER SINGH KOHARWALA,Nationalist Justice Party,2677,0.26,Lost
Punjab,Faridkot,BALDEV SINGH GAGRA,Shiromani Akali Dal (Amritsar)(Simranjit Singh Mann),2395,0.24,Lost
Punjab,Faridkot,NIRMAL SINGH RAJEANA,Independent,2289,0.23,Lost
Punjab,Faridkot,BADAL SINGH BHALOOR,Bhartiya Rashtriya Dal,2028,0.2,Lost
Punjab,Faridkot,RAJ KUMAR CHAUHAN,Independent,1961,0.19,Lost
Punjab,Faridkot,OM PARKASH BANKA,Independent,1950,0.19,Lost
Punjab,Faridkot,CAPTAIN BAHADUR SINGH,Independent,1640,0.16,Lost
Punjab,Faridkot,MEJOR SINGH BHATTI,Jan Sewa Driver Party,1612,0.16,Lost
Punjab,Faridkot,SUKHBIR SINGH BABBAL BHATTI,Rashtriya Republican Party,1530,0.15,Lost
Punjab,Faridkot,GURMEET SINGH,Independent,1420,0.14,Lost
Punjab,Faridkot,AMRIK SINGH,Independent,1414,0.14,Lost
Punjab,Faridkot,MANPREET SHANT,Independent,1377,0.14,Lost
Punjab,Faridkot,PREM LAL,Democratic Bharatiya Samaj Party,1165,0.11,Lost
Punjab,Faridkot,PARGAT SINGH RAJEANA,Apna Samaj Party,1131,0.11,Lost
Punjab,Faridkot,JASWANT RAI RAJORA,Independent,1047,0.1,Lost
Punjab,Faridkot,DR DEV INDER GAGALANI,Republican Party of India,1040,0.1,Lost
Punjab,Faridkot,PRITAM SINGH,Bahujan Mukti Party,939,0.09,Lost
Punjab,Faridkot,KULWANT KAUR,Sanjhi Virasat Party,786,0.08,Lost
Punjab,Faridkot,NOTA,None of the Above,4143,0.41,Lost
Punjab,Fatehgarh Sahib,AMAR SINGH,Indian National Congress,332591,34.14,Won
Punjab,Fatehgarh Sahib,GURPREET SINGH GP,Aam Aadmi Party,298389,30.63,Lost
Punjab,Fatehgarh Sahib,GEJJA RAM,Bharatiya Janata Party,127521,13.09,Lost
Punjab,Fatehgarh Sahib,BIKRAMJIT SINGH KHALSA,Shiromani Akali Dal,126730,13.01,Lost
Punjab,Fatehgarh Sahib,RAJ JATINDER SINGH,Shiromani Akali Dal (Amritsar)(Simranjit Singh Mann),43644,4.48,Lost
Punjab,Fatehgarh Sahib,KULWANT SINGH,Bahujan Samaj Party,20892,2.14,Lost
Punjab,Fatehgarh Sahib,PREM SINGH MOHANPUR,Independent,3792,0.39,Lost
Punjab,Fatehgarh Sahib,BAHAL SINGH,Aazad Samaj Party (Kanshi Ram),3104,0.32,Lost
Punjab,Fatehgarh Sahib,PARAMJIT SINGH,Independent,2167,0.22,Lost
Punjab,Fatehgarh Sahib,RULDA SINGH,Independent,1977,0.2,Lost
Punjab,Fatehgarh Sahib,PARKASH PETER,Independent,1465,0.15,Lost
Punjab,Fatehgarh Sahib,HARJINDER SINGH,Independent,1166,0.12,Lost
Punjab,Fatehgarh Sahib,KAMALJEET KAUR,Independent,899,0.09,Lost
Punjab,Fatehgarh Sahib,HARGOBIND SINGH,Independent,731,0.08,Lost
Punjab,Fatehgarh Sahib,NOTA,None of the Above,9188,0.94,Lost
Punjab,Firozpur,SHER SINGH GHUBAYA,Indian National Congress,266626,23.7,Won
Punjab,Firozpur,JAGDEEP SINGH KAKA BRAR,Aam Aadmi Party,263384,23.41,Lost
Punjab,Firozpur,GURMIT SINGH SODHI,Bharatiya Janata Party,255097,22.67,Lost
Punjab,Firozpur,NARDEV SINGH BOBBY MANN,Shiromani Akali Dal,253645,22.54,Lost
Punjab,Firozpur,GURCHARAN SINGH BHULLAR,Shiromani Akali Dal (Amritsar)(Simranjit Singh Mann),15941,1.42,Lost
Punjab,Firozpur,FOJI ANGREJ SINGH WARWAL,Independent,9478,0.84,Lost
Punjab,Firozpur,SURINDER KAMBOJ,Bahujan Samaj Party,8433,0.75,Lost
Punjab,Firozpur,JASKARAN SINGH KAHAN SINGH WALA,Independent,6535,0.58,Lost
Punjab,Firozpur,SUKHDEV SINGH,Independent,4599,0.41,Lost
Punjab,Firozpur,SAHIL MONGA,Independent,3724,0.33,Lost
Punjab,Firozpur,PRITAM SINGH,Independent,3031,0.27,Lost
Punjab,Firozpur,GURPREET SINGH,Independent,2897,0.26,Lost
Punjab,Firozpur,ARWINDER SINGH,Independent,2570,0.23,Lost
Punjab,Firozpur,DEEPAK KUMAR DEEP DASHANAND,Independent,2436,0.22,Lost
Punjab,Firozpur,RAJ,Independent,2432,0.22,Lost
Punjab,Firozpur,PREM CHAND BOONGI,Punjab National Party,1947,0.17,Lost
Punjab,Firozpur,AJIT SINGH,Rashtriya Republican Party,1615,0.14,Lost
Punjab,Firozpur,SURINDER KUMAR BANSAL,Independent,1540,0.14,Lost
Punjab,Firozpur,HARPREET SINGH,Independent,1538,0.14,Lost
Punjab,Firozpur,KULDEEP SINGH,India Praja Bandhu Party,1490,0.13,Lost
Punjab,Firozpur,BALWINDER SINGH CHOHAN,Jan Sewa Driver Party,1367,0.12,Lost
Punjab,Firozpur,BALWINDER SINGH,Republican Party of India (Athawale),1364,0.12,Lost
Punjab,Firozpur,GURCHARAN SINGH,Independent,1342,0.12,Lost
Punjab,Firozpur,UMESH KUMAR,Independent,1320,0.12,Lost
Punjab,Firozpur,BALWANT SINGH SAMMEWALI,Nationalist Justice Party,1152,0.1,Lost
Punjab,Firozpur,MOHAN SINGH,Independent,1078,0.1,Lost
Punjab,Firozpur,JASKARAN SINGH SIDHU,Independent,971,0.09,Lost
Punjab,Firozpur,JASWANT SINGH KHATRI,Independent,821,0.07,Lost
Punjab,Firozpur,CHAMKAUR SINGH,Independent,642,0.06,Lost
Punjab,Firozpur,NOTA,None of the Above,6100,0.54,Lost
Punjab,Gurdaspur,SUKHJINDER SINGH RANDHAWA,Indian National Congress,364043,33.78,Won
Punjab,Gurdaspur,DINESH SINGH BABBU,Bharatiya Janata Party,281182,26.09,Lost
Punjab,Gurdaspur,AMANSHER SINGH (SHERY KALSI),Aam Aadmi Party,277252,25.72,Lost
Punjab,Gurdaspur,DR. DALJIT SINGH CHEEMA,Shiromani Akali Dal,85500,7.93,Lost
Punjab,Gurdaspur,GURINDER SINGH BAJWA,Shiromani Akali Dal (Amritsar)(Simranjit Singh Mann),25765,2.39,Lost
Punjab,Gurdaspur,SANT SEWAK,Independent,5952,0.55,Lost
Punjab,Gurdaspur,RAJ KUMAR,Bahujan Samaj Party,4930,0.46,Lost
Punjab,Gurdaspur,SANTOSH KAUR,Independent,4738,0.44,Lost
Punjab,Gurdaspur,SAMUEL SONI,Independent,4440,0.41,Lost
Punjab,Gurdaspur,SURJIT SINGH,Independent,3373,0.31,Lost
Punjab,Gurdaspur,SANJEEV SINGH,Independent,2178,0.2,Lost
Punjab,Gurdaspur,SURINDER SINGH,Independent,1782,0.17,Lost
Punjab,Gurdaspur,GURPREET KAUR BAJWA,Independent,1709,0.16,Lost
Punjab,Gurdaspur,SANJEEV MANHAS,Independent,1635,0.15,Lost
Punjab,Gurdaspur,ROBI MASIH,Independent,1511,0.14,Lost
Punjab,Gurdaspur,SANTOSH KUMARI,Megh Desham Party,1194,0.11,Lost
Punjab,Gurdaspur,RAMESH KUMAR TOLLA,Bharatheeya Jawan Kisan Party,1098,0.1,Lost
Punjab,Gurdaspur,AMIT AGGARWAL,Independent,924,0.09,Lost
Punjab,Gurdaspur,TARSEM MASIH SAHOTA,Independent,885,0.08,Lost
Punjab,Gurdaspur,TILAK RAJ,Independent,805,0.07,Lost
Punjab,Gurdaspur,RANJODH SINGH,Jan Sewa Driver Party,789,0.07,Lost
Punjab,Gurdaspur,I.S.GULATI,Independent,699,0.06,Lost
Punjab,Gurdaspur,RAMESH LAL,National Republic Party Of India,657,0.06,Lost
Punjab,Gurdaspur,JAGDISH MASIH,Independent,546,0.05,Lost
Punjab,Gurdaspur,JATINDER KUMAR SHARMA,Bhartiya Rashtriya Dal,461,0.04,Lost
Punjab,Gurdaspur,DARBARA SINGH,Nationalist Justice Party,424,0.04,Lost
Punjab,Gurdaspur,NOTA,None of the Above,3354,0.31,Lost
Punjab,Hoshiarpur,DR. RAJ KUMAR CHABBEWAL,Aam Aadmi Party,303859,32.04,Won
Punjab,Hoshiarpur,YAMINI GOMAR,Indian National Congress,259748,27.39,Lost
Punjab,Hoshiarpur,ANITA SOM PARKASH,Bharatiya Janata Party,199994,21.09,Lost
Punjab,Hoshiarpur,SOHAN SINGH THANDAL,Shiromani Akali Dal,91789,9.68,Lost
Punjab,Hoshiarpur,RANJIT KUMAR,Bahujan Samaj Party,48214,05.08,Lost
Punjab,Hoshiarpur,JASWANT SINGH,Shiromani Akali Dal (Amritsar)(Simranjit Singh Mann),20923,2.21,Lost
Punjab,Hoshiarpur,JEEVAN SINGH TAMIL,Bahujan Dravida Party,4621,0.49,Lost
Punjab,Hoshiarpur,ROHIT KUMAR TINKU,Independent,2419,0.26,Lost
Punjab,Hoshiarpur,RAJESH,Democratic Bharatiya Samaj Party,2336,0.25,Lost
Punjab,Hoshiarpur,SONU SINGH PHAGWARA,Independent,1884,0.2,Lost
Punjab,Hoshiarpur,DAVINDER SINGH,Independent,1617,0.17,Lost
Punjab,Hoshiarpur,HARDEEP SINGH,Nationalist Justice Party,1425,0.15,Lost
Punjab,Hoshiarpur,RAJPAL NADALI,Bahujan Mukti Party,1140,0.12,Lost
Punjab,Hoshiarpur,BHIMRAO YASHWANT AMBEDKAR,Global Republican Party,1041,0.11,Lost
Punjab,Hoshiarpur,SATPAL,Independent,993,0.1,Lost
Punjab,Hoshiarpur,DAVINDER KUMAR SAROYA,Samaj Bhalai Morcha,930,0.1,Lost
Punjab,Hoshiarpur,NOTA,None of the Above,5552,0.59,Lost
Punjab,Jalandhar,CHARANJIT SINGH CHANNI,Indian National Congress,390053,39.43,Won
Punjab,Jalandhar,SUSHIL KUMAR RINKU,Bharatiya Janata Party,214060,21.64,Lost
Punjab,Jalandhar,PAWAN KUMAR TINU,Aam Aadmi Party,208889,21.12,Lost
Punjab,Jalandhar,MOHINDER SINGH KAYPEE,Shiromani Akali Dal,67911,6.87,Lost
Punjab,Jalandhar,ADVOCATE BALWINDER KUMAR,Bahujan Samaj Party,64941,6.57,Lost
Punjab,Jalandhar,SARABJIT SINGH KHALSA,Shiromani Akali Dal (Amritsar)(Simranjit Singh Mann),19284,1.95,Lost
Punjab,Jalandhar,MASTER PARSHOTAM LAL BILGA,Communist Party of India  (Marxist),5958,0.6,Lost
Punjab,Jalandhar,IQBAL CHAND MATTU,Independent,1956,0.2,Lost
Punjab,Jalandhar,NEETU SHATTRA WALA,Independent,1879,0.19,Lost
Punjab,Jalandhar,AMRISH BHAGAT,Independent,1184,0.12,Lost
Punjab,Jalandhar,GURDEEP SINGH BITTU,Independent,1113,0.11,Lost
Punjab,Jalandhar,RAJ KUMAR SAQI,Peoples Party of India (Democratic),1088,0.11,Lost
Punjab,Jalandhar,SONIA,Republican Party of India (Athawale),1055,0.11,Lost
Punjab,Jalandhar,RAJWANT KAUR KHALSA,Apna Samaj Party,952,0.1,Lost
Punjab,Jalandhar,BHAGAT GULSHAN AZAAD,Democratic Bharatiya Samaj Party,930,0.09,Lost
Punjab,Jalandhar,RAMESH LAL KALA,Independent,876,0.09,Lost
Punjab,Jalandhar,ASHOK KUMAR JAKHU,Independent,743,0.08,Lost
Punjab,Jalandhar,BAL MUKAND BAWRA,Global Republican Party,591,0.06,Lost
Punjab,Jalandhar,PARAMJIT KAUR TEJI,Independent,500,0.05,Lost
Punjab,Jalandhar,TARACHAND SHEELA,Loktantrik Lok Rajyam Party,401,0.04,Lost
Punjab,Jalandhar,NOTA,None of the Above,4743,0.48,Lost
Punjab,Khadoor Sahib,AMRITPAL SINGH,Independent,404430,38.62,Won
Punjab,Khadoor Sahib,KULBIR SINGH ZIRA,Indian National Congress,207310,19.8,Lost
Punjab,Khadoor Sahib,LALJIT SINGH BHULLAR,Aam Aadmi Party,194836,18.61,Lost
Punjab,Khadoor Sahib,VIRSA SINGH VALTOHA,Shiromani Akali Dal,86416,8.25,Lost
Punjab,Khadoor Sahib,MANJIT SINGH MANNA,Bharatiya Janata Party,86373,8.25,Lost
Punjab,Khadoor Sahib,PARAMJIT SINGH,Independent,12525,1.2,Lost
Punjab,Khadoor Sahib,CHAIN SINGH BAINKA,Aas Punjab Party,6739,0.64,Lost
Punjab,Khadoor Sahib,SATNAM SINGH,Bahujan Samaj Party,5066,0.48,Lost
Punjab,Khadoor Sahib,SARABJIT SINGH,Independent,4836,0.46,Lost
Punjab,Khadoor Sahib,GURDIAL SINGH,Communist Party of India,3952,0.38,Lost
Punjab,Khadoor Sahib,ANOKH SINGH KATWAL,Independent,2769,0.26,Lost
Punjab,Khadoor Sahib,GURPREET SINGH,Independent,2609,0.25,Lost
Punjab,Khadoor Sahib,AJIT SINGH,Independent,2535,0.24,Lost
Punjab,Khadoor Sahib,ARUN KUMAR,Independent,2525,0.24,Lost
Punjab,Khadoor Sahib,SURJIT SINGH BHIKHIWIND,Independent,2371,0.23,Lost
Punjab,Khadoor Sahib,KAWALJIT SINGH,Independent,2294,0.22,Lost
Punjab,Khadoor Sahib,HARJINDER SINGH,Independent,1970,0.19,Lost
Punjab,Khadoor Sahib,KANWALJIT SINGH,Independent,1901,0.18,Lost
Punjab,Khadoor Sahib,PARMINDER SINGH,Independent,1803,0.17,Lost
Punjab,Khadoor Sahib,JASWANT SINGH SOHAL,Independent,1639,0.16,Lost
Punjab,Khadoor Sahib,LAKHBIR SINGH,Independent,1421,0.14,Lost
Punjab,Khadoor Sahib,VIKRAMJIT SINGH,Independent,1420,0.14,Lost
Punjab,Khadoor Sahib,VIJAY KUMAR,Independent,1388,0.13,Lost
Punjab,Khadoor Sahib,DILBAGH SINGH,All India Mazdoor Party (Rangreta),1374,0.13,Lost
Punjab,Khadoor Sahib,SIMRANJEET SINGH,Independent,1341,0.13,Lost
Punjab,Khadoor Sahib,MAHINDER SINGH HAMIRA,Independent,1046,0.1,Lost
Punjab,Khadoor Sahib,NAVEEN KUMAR SHARMA,Sanjhi Virasat Party,824,0.08,Lost
Punjab,Khadoor Sahib,NOTA,None of the Above,3452,0.33,Lost
Punjab,Ludhiana,AMRINDER SINGH RAJA WARRING,Indian National Congress,322224,30.42,Won
Punjab,Ludhiana,RAVNEET SINGH BITTU,Bharatiya Janata Party,301282,28.45,Lost
Punjab,Ludhiana,ASHOK PRASHAR PAPPI,Aam Aadmi Party,237077,22.38,Lost
Punjab,Ludhiana,RANJIT SINGH DHILLON,Shiromani Akali Dal,90220,8.52,Lost
Punjab,Ludhiana,KAMALJIT SINGH BRAR,Independent,42500,04.01,Lost
Punjab,Ludhiana,AMRITPAL SINGH CHHANDRAN,Shiromani Akali Dal (Amritsar)(Simranjit Singh Mann),18241,1.72,Lost
Punjab,Ludhiana,DAVINDER SINGH RAMGARHIA,Bahujan Samaj Party,10394,0.98,Lost
Punjab,Ludhiana,NARESH DHINGAAN,Independent,2530,0.24,Lost
Punjab,Ludhiana,RAKESH KUMAR (RICKY),Sunahara Bharat Party,2091,0.2,Lost
Punjab,Ludhiana,ER. BALDEV RAJ KATNA (DEBI),Independent,2086,0.2,Lost
Punjab,Ludhiana,PRITPAL SINGH,Bahujan Dravida Party,1824,0.17,Lost
Punjab,Ludhiana,DR. PALWINDER KAUR,Independent,1768,0.17,Lost
Punjab,Ludhiana,SANJEEV KUMAR (SANJU),Independent,1567,0.15,Lost
Punjab,Ludhiana,RAJIV KUMAR MEHRA,Jan Sewa Driver Party,1518,0.14,Lost
Punjab,Ludhiana,BHUPINDER SINGH,Bharatheeya Jawan Kisan Party,1287,0.12,Lost
Punjab,Ludhiana,BALJIT SINGH,Independent,1138,0.11,Lost
Punjab,Ludhiana,VIPAN KUMAR BATRA,Independent,1041,0.1,Lost
Punjab,Ludhiana,AMANDEEP SINGH,Sehajdhari Sikh Party,987,0.09,Lost
Punjab,Ludhiana,PARAMJIT SINGH,Independent,927,0.09,Lost
Punjab,Ludhiana,BALVINDER SINGH BITTA,Independent,918,0.09,Lost
Punjab,Ludhiana,SIMRANDEEP SINGH,Independent,912,0.09,Lost
Punjab,Ludhiana,DEVINDER BHAGRIA,Hindustan Shakti Sena,860,0.08,Lost
Punjab,Ludhiana,KANIYA LAL (DR. KISHAN KUMAR),Independent,820,0.08,Lost
Punjab,Ludhiana,SUDHIR KUMAR TRIPATHI,Independent,770,0.07,Lost
Punjab,Ludhiana,GURDEEP SINGH KAHLON,Independent,738,0.07,Lost
Punjab,Ludhiana,DR. DEVINDER SINGH GILL,Aam Lok Party United,695,0.07,Lost
Punjab,Ludhiana,KIRPAL SINGH KAPURI,Independent,621,0.06,Lost
Punjab,Ludhiana,SANTOSH KUMAR,Bharatiya Inqalab Party,610,0.06,Lost
Punjab,Ludhiana,KAMAL PAWAR,Independent,592,0.06,Lost
Punjab,Ludhiana,RAVINDER PAL SINGH BABA JI BARGAR WALE,Independent,548,0.05,Lost
Punjab,Ludhiana,GURMEET SINGH KHARAY,Independent,517,0.05,Lost
Punjab,Ludhiana,RUPINDER KUMAR,Independent,467,0.04,Lost
Punjab,Ludhiana,CHANDI,Independent,456,0.04,Lost
Punjab,Ludhiana,BALDEV SINGH SUMAN,Independent,450,0.04,Lost
Punjab,Ludhiana,JAI - PARKASH JAIN (TITU BANIYA),Independent,419,0.04,Lost
Punjab,Ludhiana,SHIVAM YADAV,Global Republican Party,415,0.04,Lost
Punjab,Ludhiana,HARVINDER KAUR,Samajik Sangharsh Party,419,0.04,Lost
Punjab,Ludhiana,BHOLA SINGH,Independent,411,0.04,Lost
Punjab,Ludhiana,DARSHAN SINGH DABA,Nationalist Justice Party,390,0.04,Lost
Punjab,Ludhiana,KULDEEP KUMAR SHARMA,Independent,383,0.04,Lost
Punjab,Ludhiana,VISHAL KUMAR ARORA,Independent,344,0.03,Lost
Punjab,Ludhiana,KARNAIL SINGH,Independent,340,0.03,Lost
Punjab,Ludhiana,RAJINDER GHAI,Independent,284,0.03,Lost
Punjab,Ludhiana,NOTA,None of the Above,5076,0.48,Lost
Punjab,Patiala,DR DHARAMVIRA GANDHI,Indian National Congress,305616,26.54,Won
Punjab,Patiala,DR BALBIR SINGH,Aam Aadmi Party,290785,25.25,Lost
Punjab,Patiala,PRENEET KAUR,Bharatiya Janata Party,288998,25.09,Lost
Punjab,Patiala,N K SHARMA,Shiromani Akali Dal,153978,13.37,Lost
Punjab,Patiala,PROF MOHINDER PAL SINGH,Shiromani Akali Dal (Amritsar)(Simranjit Singh Mann),47274,4.1,Lost
Punjab,Patiala,JAGJIT SINGH CHHARBAR,Bahujan Samaj Party,22400,1.94,Lost
Punjab,Patiala,ARVINDER KUMAR,Independent,3812,0.33,Lost
Punjab,Patiala,JAGDISH KUMAR,Independent,3239,0.28,Lost
Punjab,Patiala,SUKHVINDER SINGH,Independent,2894,0.25,Lost
Punjab,Patiala,JODH SINGH PARMAR KAULI,Independent,2795,0.24,Lost
Punjab,Patiala,DEVINDER RAJPUT,Bharatheeya Jawan Kisan Party,2311,0.2,Lost
Punjab,Patiala,NEERAJ KUMAR NANNA,Independent,2302,0.2,Lost
Punjab,Patiala,PARAMJIT SINGH S/O TARLOCHAN SINGH,Independent,2267,0.2,Lost
Punjab,Patiala,AMARJIT SINGH JAGDE RAHO,Jan Janwadi Party,1992,0.17,Lost
Punjab,Patiala,RANJIT SINGH,Akhil Bhartiya Parivar Party,1967,0.17,Lost
Punjab,Patiala,GURBACHAN SINGH,Independent,1594,0.14,Lost
Punjab,Patiala,PARAMJIT SINGH S/O BHAGWAN SINGH,Independent,1569,0.14,Lost
Punjab,Patiala,VISHAL SHARMA,Independent,1475,0.13,Lost
Punjab,Patiala,LABH SINGH PAL,Independent,1443,0.13,Lost
Punjab,Patiala,CHAMKILA SINGH,Independent,1228,0.11,Lost
Punjab,Patiala,KRISHAN KUMAR GABA,Hindustan Shakti Sena,1008,0.09,Lost
Punjab,Patiala,MANDEEP SINGH,Revolutionary Socialist Party,973,0.08,Lost
Punjab,Patiala,MAKHAN SINGH,Independent,907,0.08,Lost
Punjab,Patiala,DIMPLE,Independent,850,0.07,Lost
Punjab,Patiala,BINDER KAUR,Independent,711,0.06,Lost
Punjab,Patiala,MANOJ KUMAR,Independent,674,0.06,Lost
Punjab,Patiala,NOTA,None of the Above,6681,0.58,Lost
Punjab,Sangrur,GURMEET SINGH MEET HAYER,Aam Aadmi Party,364085,36.06,Won
Punjab,Sangrur,SUKHPAL SINGH KHAIRA,Indian National Congress,191525,18.97,Lost
Punjab,Sangrur,SIMRANJIT SINGH MANN,Shiromani Akali Dal (Amritsar)(Simranjit Singh Mann),187246,18.55,Lost
Punjab,Sangrur,ARVIND KHANNA,Bharatiya Janata Party,128253,12.7,Lost
Punjab,Sangrur,IQBAL SINGH JHUNDAN,Shiromani Akali Dal,62488,6.19,Lost
Punjab,Sangrur,MAKHAN SINGH,Bahujan Samaj Party,37731,3.74,Lost
Punjab,Sangrur,PARDEEP KUMAR,Apni Ekta Party,5139,0.51,Lost
Punjab,Sangrur,HARBHAJAN SINGH,Aazad Samaj Party (Kanshi Ram),3431,0.34,Lost
Punjab,Sangrur,SUKHWINDER SINGH,Independent,3225,0.32,Lost
Punjab,Sangrur,BALWINDER SINGH SEKHON,Independent,2572,0.25,Lost
Punjab,Sangrur,BALWINDER SINGH,Independent,2288,0.23,Lost
Punjab,Sangrur,JASWANT SINGH,Independent,2224,0.22,Lost
Punjab,Sangrur,PAPPU KUMAR,Independent,1827,0.18,Lost
Punjab,Sangrur,KRISHAN DEV,Punjab National Party,1815,0.18,Lost
Punjab,Sangrur,AMANPREET SINGH,Independent,1693,0.17,Lost
Punjab,Sangrur,RANGI KHAN,Aam Janta Party (India),1581,0.16,Lost
Punjab,Sangrur,JILE SINGH,Bhartiya Jan Samman Party,1548,0.15,Lost
Punjab,Sangrur,KAMAL KUMAR VERMA (BHASAUR),"Adarsh Janta Party,",1376,0.14,Lost
Punjab,Sangrur,CHANNVEER SINGH,Independent,1283,0.13,Lost
Punjab,Sangrur,JAGTAR SINGH,Nationalist Justice Party,1225,0.12,Lost
Punjab,Sangrur,VIJAY SYAL,Independent,1145,0.11,Lost
Punjab,Sangrur,HARPREET KAUR,India Greens Party,1105,0.11,Lost
Punjab,Sangrur,RAJA SINGH,Independent,1040,0.1,Lost
Punjab,Sangrur,NOTA,None of the Above,3820,0.38,Lost
Rajasthan,AJMER,BHAGIRATH CHOUDHARY,Bharatiya Janata Party,747462,62.23,Won
Rajasthan,AJMER,RAMCHANDRA CHOUDHARY,Indian National Congress,417471,34.76,Lost
Rajasthan,AJMER,RAMDEV,Bahujan Samaj Party,4944,0.41,Lost
Rajasthan,AJMER,SURENDRA SINGH RANAVAT,Independent,4373,0.36,Lost
Rajasthan,AJMER,MUKESH GENA,Bharatiya Yuva Jan Ekta Party,3196,0.27,Lost
Rajasthan,AJMER,JITENDRA BOYAT,Aazad Samaj Party (Kanshi Ram),2633,0.22,Lost
Rajasthan,AJMER,SATYANARAYAN MALI,Independent,2420,0.2,Lost
Rajasthan,AJMER,VISHRAM BABU,Independent,1524,0.13,Lost
Rajasthan,AJMER,SHABUDADIN,National Future Party,1197,0.1,Lost
Rajasthan,AJMER,YUSUF,Independent,1000,0.08,Lost
Rajasthan,AJMER,PREM LATA,Independent,1155,0.1,Lost
Rajasthan,AJMER,BHAWARLAL SONI,Independent,938,0.08,Lost
Rajasthan,AJMER,RAMLAL,Akhil Bhartiya Aamjan Party,818,0.07,Lost
Rajasthan,AJMER,DAYA MOHAN GARG,Independent,646,0.05,Lost
Rajasthan,AJMER,NOTA,None of the Above,11402,0.95,Lost
Rajasthan,ALWAR,BHUPENDER YADAV,Bharatiya Janata Party,631992,50.42,Won
Rajasthan,ALWAR,LALIT YADAV,Indian National Congress,583710,46.57,Lost
Rajasthan,ALWAR,FAZAL HUSSAIN,Bahujan Samaj Party,19287,1.54,Lost
Rajasthan,ALWAR,PARDEEP KUMAR,Sarv Samaj Party,4362,0.35,Lost
Rajasthan,ALWAR,VIVEK JAIN,Independent,2438,0.19,Lost
Rajasthan,ALWAR,RAMBABU SHARMA,Independent,2232,0.18,Lost
Rajasthan,ALWAR,AMIT GUPTA,Independent,1389,0.11,Lost
Rajasthan,ALWAR,CHHAGAN LAL,Independent,1327,0.11,Lost
Rajasthan,ALWAR,VISHVNATH KHINCHI,Hindustan Janta Party,879,0.07,Lost
Rajasthan,ALWAR,NOTA,None of the Above,5822,0.46,Lost
Rajasthan,BANSWARA,RAJ KUMAR ROAT,Bharat Adivasi Party,820831,50.15,Won
Rajasthan,BANSWARA,MAHENDRAJEETSINGH MALVIYA,Bharatiya Janata Party,573777,35.05,Lost
Rajasthan,BANSWARA,RAJKUMAR S/O HIRALAL,Independent,74598,4.56,Lost
Rajasthan,BANSWARA,ARVIND SITA DAMOR,Indian National Congress,61211,3.74,Lost
Rajasthan,BANSWARA,RAJKUMAR S/O PREMJI,Independent,41790,2.55,Lost
Rajasthan,BANSWARA,BANSHILAL AHARI,Independent,17896,01.09,Lost
Rajasthan,BANSWARA,SHANKARLAL BAMANIYA,Indian Peoples Green Party,17188,01.05,Lost
Rajasthan,BANSWARA,DILEEP KUMAR MEENA,Bahujan Samaj Party,8591,0.52,Lost
Rajasthan,BANSWARA,NOTA,None of the Above,20970,1.28,Lost
Rajasthan,BARMER,UMMEDA RAM BENIWAL,Indian National Congress,704676,41.74,Won
Rajasthan,BARMER,RAVINDRA SINGH BHATI,Independent,586500,34.74,Lost
Rajasthan,BARMER,KAILASH CHOUDHARY,Bharatiya Janata Party,286733,16.99,Lost
Rajasthan,BARMER,TARARAM MEHNA,Independent,49957,2.96,Lost
Rajasthan,BARMER,PRATAPA RAM,Independent,8318,0.49,Lost
Rajasthan,BARMER,HANIPH,Independent,7760,0.46,Lost
Rajasthan,BARMER,LEELA RAM,Bahujan Samaj Party,7585,0.45,Lost
Rajasthan,BARMER,PRABHU RAM,Aazad Samaj Party (Kanshi Ram),6396,0.38,Lost
Rajasthan,BARMER,RAMA RAM,Independent,6041,0.36,Lost
Rajasthan,BARMER,POPAT LAL,Independent,3159,0.19,Lost
Rajasthan,BARMER,DEVILAL JAIN,Independent,3023,0.18,Lost
Rajasthan,BARMER,NOTA,None of the Above,17903,01.06,Lost
Rajasthan,BHARATPUR,SANJNA JATAV,Indian National Congress,579890,51.18,Won
Rajasthan,BHARATPUR,RAMSWAROOP KOLI,Bharatiya Janata Party,527907,46.59,Lost
Rajasthan,BHARATPUR,ANJILA JATAV,Bahujan Samaj Party,9508,0.84,Lost
Rajasthan,BHARATPUR,ANEETA,Independent,5119,0.45,Lost
Rajasthan,BHARATPUR,PURUSHOTTAM LAL,Independent,2747,0.24,Lost
Rajasthan,BHARATPUR,PUSHPENDAR KUMAR,Independent,2386,0.21,Lost
Rajasthan,BHARATPUR,NOTA,None of the Above,5443,0.48,Lost
Rajasthan,BHILWARA,DAMODAR AGARWAL,Bharatiya Janata Party,807640,61.92,Won
Rajasthan,BHILWARA,C P JOSHI,Indian National Congress,453034,34.73,Lost
Rajasthan,BHILWARA,RAMESHWAR LAL BAIRWA,Bahujan Samaj Party,8283,0.64,Lost
Rajasthan,BHILWARA,RAJESH PATNI,Independent,8018,0.61,Lost
Rajasthan,BHILWARA,JAYKISHAN,Viro Ke Vir Indian Party,4084,0.31,Lost
Rajasthan,BHILWARA,MOTILAL SINGHANIA,Independent,3887,0.3,Lost
Rajasthan,BHILWARA,NARAYAN LAL JAT,Independent,1684,0.13,Lost
Rajasthan,BHILWARA,PAWAN KUMAR SHARMA,Right to Recall Party,1617,0.12,Lost
Rajasthan,BHILWARA,ANURAG AROT,Independent,1425,0.11,Lost
Rajasthan,BHILWARA,VIJAY KUMAR SONI,Bhartiya Garib Vikas Kalyan Party,1347,0.1,Lost
Rajasthan,BHILWARA,NOTA,None of the Above,13376,01.03,Lost
Rajasthan,BIKANER,ARJUN RAM MEGHWAL,Bharatiya Janata Party,566737,50.68,Won
Rajasthan,BIKANER,GOVINDRAM MEGHWAL,Indian National Congress,511026,45.7,Lost
Rajasthan,BIKANER,KHETA RAM,Bahujan Samaj Party,8299,0.74,Lost
Rajasthan,BIKANER,ATMA RAM GUJARATI,Independent,6281,0.56,Lost
Rajasthan,BIKANER,RATANI DEVI,Independent,3926,0.35,Lost
Rajasthan,BIKANER,SATYANARAYAN DEVRA,Independent,2966,0.27,Lost
Rajasthan,BIKANER,PUKHRAJ NAYAK,Independent,2675,0.24,Lost
Rajasthan,BIKANER,BABU LAL,Independent,2019,0.18,Lost
Rajasthan,BIKANER,GOPI CHAND MEGHWAL,Independent,1795,0.16,Lost
Rajasthan,BIKANER,NOTA,None of the Above,12558,1.12,Lost
Rajasthan,CHITTORGARH,CHANDRA PRAKASH JOSHI,Bharatiya Janata Party,888202,59.26,Won
Rajasthan,CHITTORGARH,ANJANA UDAILAL,Indian National Congress,498325,33.25,Lost
Rajasthan,CHITTORGARH,BHIL ADIVASI MANGILAL NANAMA,Bharat Adivasi Party,42811,2.86,Lost
Rajasthan,CHITTORGARH,RAMESHWAR LAL BAIRWA (INDORA),Independent,9539,0.64,Lost
Rajasthan,CHITTORGARH,KUMAWAT RAMESH CHANDRA,Independent,8842,0.59,Lost
Rajasthan,CHITTORGARH,MEGHWAL RADHESHYAM,Bahujan Samaj Party,8613,0.57,Lost
Rajasthan,CHITTORGARH,SHYAM LAL MEGHWAL,Independent,7907,0.53,Lost
Rajasthan,CHITTORGARH,BAPU LAL ANJANA,Independent,7846,0.52,Lost
Rajasthan,CHITTORGARH,PRAKASH DHAKAR,Ekam Sanatan Bharat Dal,3925,0.26,Lost
Rajasthan,CHITTORGARH,PRATAP SINGH,Independent,3347,0.22,Lost
Rajasthan,CHITTORGARH,AZAD PRAKASH CHANDRA MEGHWAL,Akhil Bharatiya Congress Dal (Ambedkar),2777,0.19,Lost
Rajasthan,CHITTORGARH,JOGENDRA SINGH HODA,Independent,2302,0.15,Lost
Rajasthan,CHITTORGARH,GAJENDRA,Independent,1644,0.11,Lost
Rajasthan,CHITTORGARH,KALYAN SINGH BHATI,Independent,1562,0.1,Lost
Rajasthan,CHITTORGARH,MAHAVIR PRASAD KUMAWAT,Right to Recall Party,1549,0.1,Lost
Rajasthan,CHITTORGARH,KAMAL,Independent,1498,0.1,Lost
Rajasthan,CHITTORGARH,MOHAMMAD WAHID KHAN,Pehchan People’s Party,1228,0.08,Lost
Rajasthan,CHITTORGARH,SITA RAM AHIR,Vishva Shakti Party,1226,0.08,Lost
Rajasthan,CHITTORGARH,NOTA,None of the Above,5590,0.37,Lost
Rajasthan,CHURU,RAHUL KASWAN,Indian National Congress,728211,51.12,Won
Rajasthan,CHURU,DEVENDRA JHAJHARIA,Bharatiya Janata Party,655474,46.01,Lost
Rajasthan,CHURU,DEIRAM MEGHWAL,Bahujan Samaj Party,11271,0.79,Lost
Rajasthan,CHURU,RAMESH KUMAR,Independent,5724,0.4,Lost
Rajasthan,CHURU,GOMATI DHARAMPAL KATARIA,Bharat Rakshak Party (Democratic),4961,0.35,Lost
Rajasthan,CHURU,SUKHDEV,Independent,4559,0.32,Lost
Rajasthan,CHURU,RANVEER SINGH,Independent,1812,0.13,Lost
Rajasthan,CHURU,BISAN SINGH,Independent,1644,0.12,Lost
Rajasthan,CHURU,DAULAT RAM PENSIA,National Janmandal Party,1193,0.08,Lost
Rajasthan,CHURU,YUSUF ALI KHAN,Independent,1230,0.09,Lost
Rajasthan,CHURU,SHISHPAL SINGH RANA,Bheem Tribal Congress,675,0.05,Lost
Rajasthan,CHURU,NIRANJAN SINGH RATHORE,Independent,668,0.05,Lost
Rajasthan,CHURU,ASLAM LILGAR,Independent,567,0.04,Lost
Rajasthan,CHURU,NOTA,None of the Above,6656,0.47,Lost
Rajasthan,DAUSA,MURARI LAL MEENA,Indian National Congress,646266,60.24,Won
Rajasthan,DAUSA,KANHAIYA LAL MEENA,Bharatiya Janata Party,408926,38.12,Lost
Rajasthan,DAUSA,SONU DHANKA,Bahujan Samaj Party,6797,0.63,Lost
Rajasthan,DAUSA,"DR. RAM ROOP MEENA, ADVOCATE",Independent,2721,0.25,Lost
Rajasthan,DAUSA,MOHAN LAL MEENA,Independent,2178,0.2,Lost
Rajasthan,DAUSA,NOTA,None of the Above,5846,0.54,Lost
Rajasthan,GANGANAGAR,KULDEEP INDORA,Indian National Congress,726492,51.4,Won
Rajasthan,GANGANAGAR,PRIYANKA BALAN MEGHWAL,Bharatiya Janata Party,638339,45.16,Lost
Rajasthan,GANGANAGAR,DEVKARAN NAYAK,Bahujan Samaj Party,16302,1.15,Lost
Rajasthan,GANGANAGAR,RAJKUMAR,Independent,4375,0.31,Lost
Rajasthan,GANGANAGAR,KULWANT KAUR,Indian Peoples Green Party,4362,0.31,Lost
Rajasthan,GANGANAGAR,DAYA RAM,Independent,3719,0.26,Lost
Rajasthan,GANGANAGAR,RAJENDER KUMAR,Bhartiya Jan Samman Party,2443,0.17,Lost
Rajasthan,GANGANAGAR,KANA RAM,Independent,2266,0.16,Lost
Rajasthan,GANGANAGAR,MAJOR SINGH,Jai Hind Congress Party,2101,0.15,Lost
Rajasthan,GANGANAGAR,NOTA,None of the Above,13095,0.93,Lost
Rajasthan,JAIPUR,MANJU SHARMA,Bharatiya Janata Party,886850,60.61,Won
Rajasthan,JAIPUR,PRATAP SINGH KHACHARIYAWAS,Indian National Congress,555083,37.93,Lost
Rajasthan,JAIPUR,RAJESH TANWAR,Bahujan Samaj Party,3461,0.24,Lost
Rajasthan,JAIPUR,HARI NARAYAN MEENA,Independent,2202,0.15,Lost
Rajasthan,JAIPUR,RAJEEV ROLIWAL,Independent,970,0.07,Lost
Rajasthan,JAIPUR,YOGESH SHARMA,Independent,816,0.06,Lost
Rajasthan,JAIPUR,NARENDER SHARMA,Rashtriya Sanatan Party,669,0.05,Lost
Rajasthan,JAIPUR,KULDEEP SINGH,Socialist Unity Centre Of India (COMMUNIST),615,0.04,Lost
Rajasthan,JAIPUR,DR. ASEEM VERMA,Independent,572,0.04,Lost
Rajasthan,JAIPUR,PRADEEP VERMA,Indian Peoples Green Party,448,0.03,Lost
Rajasthan,JAIPUR,ADVOCATE HARI KISHAN TIWARI,Bheem Tribal Congress,400,0.03,Lost
Rajasthan,JAIPUR,SHASHANK SINGH ARYA,Right to Recall Party,393,0.03,Lost
Rajasthan,JAIPUR,TRILOK TIWARI,Rashtriya Samta Vikas Party,351,0.02,Lost
Rajasthan,JAIPUR,NOTA,None of the Above,10428,0.71,Lost
Rajasthan,JAIPUR RURAL,RAO RAJENDRA SINGH,Bharatiya Janata Party,617877,48.96,Won
Rajasthan,JAIPUR RURAL,ANIL CHOPRA,Indian National Congress,616262,48.83,Lost
Rajasthan,JAIPUR RURAL,HANUMAN SAHAY,Bahujan Samaj Party,3850,0.31,Lost
Rajasthan,JAIPUR RURAL,RAMSINGH KASANA,Independent,3707,0.29,Lost
Rajasthan,JAIPUR RURAL,DR DASHRATH HINUNIA,Ambedkarite Party of India,2681,0.21,Lost
Rajasthan,JAIPUR RURAL,KAHANVI BOHRA,Independent,1711,0.14,Lost
Rajasthan,JAIPUR RURAL,DR RAM ROOP MEENA ADVOCATE,Independent,1604,0.13,Lost
Rajasthan,JAIPUR RURAL,NEHA SINGH GURJAR,Independent,1407,0.11,Lost
Rajasthan,JAIPUR RURAL,PRAKASH KUMAR SHARMA,Independent,1040,0.08,Lost
Rajasthan,JAIPUR RURAL,AJAY BHAT,Republican Party of India (A),948,0.08,Lost
Rajasthan,JAIPUR RURAL,DEVHANS,Independent,941,0.07,Lost
Rajasthan,JAIPUR RURAL,DR OM SINGH MEENA SEHARA,Independent,734,0.06,Lost
Rajasthan,JAIPUR RURAL,ADITYA PRAKASH SHARMA,Right to Recall Party,666,0.05,Lost
Rajasthan,JAIPUR RURAL,YOGI JEETENDRA NATH ADVOCATE,Rashtriya Sawarn Dal,562,0.04,Lost
Rajasthan,JAIPUR RURAL,ADVOCATE HARI KISHAN TIWARI,Bheem Tribal Congress,545,0.04,Lost
Rajasthan,JAIPUR RURAL,NOTA,None of the Above,7519,0.6,Lost
Rajasthan,JALORE,LUMBARAM,Bharatiya Janata Party,796783,54.91,Won
Rajasthan,JALORE,VAIBHAV GEHLOT,Indian National Congress,595240,41.02,Lost
Rajasthan,JALORE,OTARAM,Bharat Adivasi Party,10109,0.7,Lost
Rajasthan,JALORE,SHAKUR,Independent,9872,0.68,Lost
Rajasthan,JALORE,MOTI LAL,Aazad Samaj Party (Kanshi Ram),4586,0.32,Lost
Rajasthan,JALORE,RAMESH KUMAR BHANDARI,Independent,3910,0.27,Lost
Rajasthan,JALORE,DEVARAM,Independent,3134,0.22,Lost
Rajasthan,JALORE,KALURAM MEGHWAL,Independent,2263,0.16,Lost
Rajasthan,JALORE,DINESH SINGH,Independent,2105,0.15,Lost
Rajasthan,JALORE,TIKMA RAM BHATI,Bheem Tribal Congress,1660,0.11,Lost
Rajasthan,JALORE,DALARAM,Independent,1508,0.1,Lost
Rajasthan,JALORE,FOJARAM,Indian Peoples Green Party,1497,0.1,Lost
Rajasthan,JALORE,NOTA,None of the Above,18459,1.27,Lost
Rajasthan,JHALAWAR-BARAN,DUSHYANT SINGH,Bharatiya Janata Party,865376,60.88,Won
Rajasthan,JHALAWAR-BARAN,URMILA JAIN “BHAYA”,Indian National Congress,494387,34.78,Lost
Rajasthan,JHALAWAR-BARAN,CHANDRA SINGH KIRAD,Bahujan Samaj Party,12285,0.86,Lost
Rajasthan,JHALAWAR-BARAN,RAVI RAJ SINGH,Independent,10274,0.72,Lost
Rajasthan,JHALAWAR-BARAN,BHUVANESH KUMAR,Right to Recall Party,9345,0.66,Lost
Rajasthan,JHALAWAR-BARAN,BABULAL,Independent,7692,0.54,Lost
Rajasthan,JHALAWAR-BARAN,PANKAJ PAJANTORIVALA,Independent,5945,0.42,Lost
Rajasthan,JHALAWAR-BARAN,NOTA,None of the Above,16027,1.13,Lost
Rajasthan,JHUNJHUNU,BRIJENDRA SINGH OLA,Indian National Congress,553168,49.44,Won
Rajasthan,JHUNJHUNU,SHUBHKARAN CHOUDHARY,Bharatiya Janata Party,534933,47.81,Lost
Rajasthan,JHUNJHUNU,SHEKHAWAT RAJENDRA SINGH,Independent,7690,0.69,Lost
Rajasthan,JHUNJHUNU,BANSHIDHAR,Bahujan Samaj Party,6867,0.61,Lost
Rajasthan,JHUNJHUNU,DURGA PRASAD MEENA,Ambedkarite Party of India,5497,0.49,Lost
Rajasthan,JHUNJHUNU,ALTIF,Independent,2050,0.18,Lost
Rajasthan,JHUNJHUNU,SATYANARAYAN,Bheem Tribal Congress,1150,0.1,Lost
Rajasthan,JHUNJHUNU,HAZARI LAL,Bahujan Kranti Party (Marxwad-Ambedkarwad),940,0.08,Lost
Rajasthan,JHUNJHUNU,NOTA,None of the Above,6632,0.59,Lost
Rajasthan,JODHPUR,GAJENDRA SINGH SHEKHAWAT,Bharatiya Janata Party,730056,52.76,Won
Rajasthan,JODHPUR,KARAN SINGH UCHIYARDA,Indian National Congress,614379,44.4,Lost
Rajasthan,JODHPUR,SUNIL KUMAR PAREEK,Independent,7429,0.54,Lost
Rajasthan,JODHPUR,MANJU MEGHWAL,Bahujan Samaj Party,6395,0.46,Lost
Rajasthan,JODHPUR,ANANDARAM URF ANAND CHAUHAN,Aazad Samaj Party (Kanshi Ram),3680,0.27,Lost
Rajasthan,JODHPUR,SUNIL BHANDARI,Independent,3238,0.23,Lost
Rajasthan,JODHPUR,VISHEK VISHNOI,Independent,1750,0.13,Lost
Rajasthan,JODHPUR,SHIVA RAM,Independent,1195,0.09,Lost
Rajasthan,JODHPUR,LIKHAMA RAM,Independent,1125,0.08,Lost
Rajasthan,JODHPUR,NARESH KANDARA,Independent,1027,0.07,Lost
Rajasthan,JODHPUR,SATYANARAYAN,Bharatiya Sampuran Krantikari Party,782,0.06,Lost
Rajasthan,JODHPUR,PAPPU DAN,Right to Recall Party,654,0.05,Lost
Rajasthan,JODHPUR,SHAHNAZ BANO,Dalit Kranti Dal,547,0.04,Lost
Rajasthan,JODHPUR,RAM DAYAL BISHNOI,Rashtriya Janshakti Party (Secular),503,0.04,Lost
Rajasthan,JODHPUR,BHOM SINGH,Indian Peoples Green Party,487,0.04,Lost
Rajasthan,JODHPUR,NOTA,None of the Above,10591,0.77,Lost
Rajasthan,KARAULI-DHOLPUR,BHAJAN LAL JATAV,Indian National Congress,530011,53.64,Won
Rajasthan,KARAULI-DHOLPUR,INDU DEVI,Bharatiya Janata Party,431066,43.62,Lost
Rajasthan,KARAULI-DHOLPUR,VIKRAM SINGH,Bahujan Samaj Party,14112,1.43,Lost
Rajasthan,KARAULI-DHOLPUR,RAMKHILADI DHOVI,Independent,5473,0.55,Lost
Rajasthan,KARAULI-DHOLPUR,NOTA,None of the Above,7460,0.75,Lost
Rajasthan,KOTA,OM BIRLA,Bharatiya Janata Party,750496,50.03,Won
Rajasthan,KOTA,PRAHLAD GUNJAL,Indian National Congress,708522,47.23,Lost
Rajasthan,KOTA,DHANRAJ YADAV,Bahujan Samaj Party,7575,0.5,Lost
Rajasthan,KOTA,ASHISH YOGI,Ekam Sanatan Bharat Dal,5775,0.38,Lost
Rajasthan,KOTA,LAKSHMICHAND,Independent,3892,0.26,Lost
Rajasthan,KOTA,SATYENDRA KUMAR JAIN,Independent,2521,0.17,Lost
Rajasthan,KOTA,RAMNATH MEHRA,Independent,2422,0.16,Lost
Rajasthan,KOTA,MOINUDDIN,Independent,1860,0.12,Lost
Rajasthan,KOTA,BHANWAR KUMAR RAWAL,Independent,1131,0.08,Lost
Rajasthan,KOTA,BALDEV SINGH FOJI,Bharatheeya Jawan Kisan Party,1069,0.07,Lost
Rajasthan,KOTA,TARUN GOCHAR,Right to Recall Party,1000,0.07,Lost
Rajasthan,KOTA,KAILASHI ANIL JAIN,Independent,994,0.07,Lost
Rajasthan,KOTA,KAMAL KUMAR BAIRWA,Independent,1014,0.07,Lost
Rajasthan,KOTA,ABDUL ASIF,Independent,865,0.06,Lost
Rajasthan,KOTA,OM PRAKASH SHAKYAWAL,Independent,760,0.05,Lost
Rajasthan,KOTA,NOTA,None of the Above,10261,0.68,Lost
Rajasthan,NAGAUR,HANUMAN BENIWAL,Rashtriya Loktantrik Party,596955,48.2,Won
Rajasthan,NAGAUR,JYOTI MIRDHA,Bharatiya Janata Party,554730,44.79,Lost
Rajasthan,NAGAUR,DR ASHOK CHOUDHARY,Abhinav Rajasthan Party,26294,2.12,Lost
Rajasthan,NAGAUR,DR. GAJENDRA SINGH RATHORE,Bahujan Samaj Party,24008,1.94,Lost
Rajasthan,NAGAUR,RAJKUMAR JAT,Independent,8232,0.66,Lost
Rajasthan,NAGAUR,HARI RAM,Independent,7626,0.62,Lost
Rajasthan,NAGAUR,PREMRAJ KHARDIYA,Independent,4512,0.36,Lost
Rajasthan,NAGAUR,AMEEN KHAN,Independent,4463,0.36,Lost
Rajasthan,NAGAUR,HANUMAN SINGH KALVI,Rashtriya Janshakti Party (Secular),2882,0.23,Lost
Rajasthan,NAGAUR,NOTA,None of the Above,8771,0.71,Lost
Rajasthan,PALI,P. P. CHAUDHARY,Bharatiya Janata Party,757389,55.94,Won
Rajasthan,PALI,SANGEETA BENIWAL,Indian National Congress,512038,37.82,Lost
Rajasthan,PALI,LAL SINGH DEWASI,Independent,19002,1.4,Lost
Rajasthan,PALI,HUKAM SINGH,Independent,17097,1.26,Lost
Rajasthan,PALI,MAHENDRA REGAR,Bahujan Samaj Party,11101,0.82,Lost
Rajasthan,PALI,JEEVARAM RANA,Bharat Adivasi Party,8347,0.62,Lost
Rajasthan,PALI,SHRAWAN RAM DEWASI,Independent,5593,0.41,Lost
Rajasthan,PALI,MUKESH SAINI,Independent,2523,0.19,Lost
Rajasthan,PALI,BASTIRAM,Indian Peoples Green Party,1586,0.12,Lost
Rajasthan,PALI,BHIYARAM,Independent,1345,0.1,Lost
Rajasthan,PALI,ANAND KUMAR PARIHAR,Independent,1335,0.1,Lost
Rajasthan,PALI,KESARAM,Independent,1345,0.1,Lost
Rajasthan,PALI,DEEPAK BAMNIYA,Independent,1288,0.1,Lost
Rajasthan,PALI,NOTA,None of the Above,13853,01.02,Lost
Rajasthan,RAJSAMAND,MAHIMA KUMARI MEWAR,Bharatiya Janata Party,781203,64.4,Won
Rajasthan,RAJSAMAND,DR. DAMODAR GURJAR,Indian National Congress,388980,32.06,Lost
Rajasthan,RAJSAMAND,RAMAKISHAN BHADU,Bahujan Samaj Party,9135,0.75,Lost
Rajasthan,RAJSAMAND,NEERU RAM KAPRI,Independent,7831,0.65,Lost
Rajasthan,RAJSAMAND,DHARAM SINGH RAWAT,Independent,4053,0.33,Lost
Rajasthan,RAJSAMAND,NARAYAN SONI,Independent,3374,0.28,Lost
Rajasthan,RAJSAMAND,GHANSHYAM SINGH,Bhartiya Jan Adhikar Party,1940,0.16,Lost
Rajasthan,RAJSAMAND,JITENDRA KUMAR KHATIK,Independent,1815,0.15,Lost
Rajasthan,RAJSAMAND,DR. ARPIT CHHAJER,Independent,1244,0.1,Lost
Rajasthan,RAJSAMAND,PRAMOD KUMAR VERMA,Bheem Tribal Congress,1144,0.09,Lost
Rajasthan,RAJSAMAND,NOTA,None of the Above,12411,01.02,Lost
Rajasthan,SIKAR,AMRARAM,Communist Party of India  (Marxist),659300,50.68,Won
Rajasthan,SIKAR,SUMEDHANAND SARASWATI,Bharatiya Janata Party,586404,45.08,Lost
Rajasthan,SIKAR,SURESH PAREEK,Independent,10021,0.77,Lost
Rajasthan,SIKAR,AMARCHAND,Bahujan Samaj Party,8619,0.66,Lost
Rajasthan,SIKAR,VISHNU KUMAR NATRAJ,Independent,5803,0.45,Lost
Rajasthan,SIKAR,RAVINDRA SINGH SHEKHAWAT,Independent,6025,0.46,Lost
Rajasthan,SIKAR,ASHOK SEHRA,Ambedkarite Party of India,5382,0.41,Lost
Rajasthan,SIKAR,DHIRENDRA  VERMA,Ummeed Party of India,2944,0.23,Lost
Rajasthan,SIKAR,MAHESH KUMAR,Independent,2056,0.16,Lost
Rajasthan,SIKAR,BENI PRASAD KAUSHIK (LATA),Rashtriya Sawarn Dal,1731,0.13,Lost
Rajasthan,SIKAR,RAMESH SHARMA,Bhartiya Party,1549,0.12,Lost
Rajasthan,SIKAR,VIJENDER MAHARIA,Bharatiya Yuva Jan Ekta Party,1451,0.11,Lost
Rajasthan,SIKAR,OM PRAKASH,Independent,1224,0.09,Lost
Rajasthan,SIKAR,BIRBALSINGH,Independent,1081,0.08,Lost
Rajasthan,SIKAR,NOTA,None of the Above,7266,0.56,Lost
Rajasthan,TONK-SAWAI MADHOPUR,HARISH CHANDRA MEENA,Indian National Congress,623763,50.85,Won
Rajasthan,TONK-SAWAI MADHOPUR,SUKHBIR SINGH JAUNAPURIA,Bharatiya Janata Party,558814,45.56,Lost
Rajasthan,TONK-SAWAI MADHOPUR,PRAHALAD MALI,Bahujan Samaj Party,13144,01.07,Lost
Rajasthan,TONK-SAWAI MADHOPUR,GANESH MEENA,Indian Peoples Green Party,7433,0.61,Lost
Rajasthan,TONK-SAWAI MADHOPUR,MAKHAN LAL MEENA,Independent,3324,0.27,Lost
Rajasthan,TONK-SAWAI MADHOPUR,JASRAM MEENA,Independent,3045,0.25,Lost
Rajasthan,TONK-SAWAI MADHOPUR,VIJENDRA,Aazad Samaj Party (Kanshi Ram),2697,0.22,Lost
Rajasthan,TONK-SAWAI MADHOPUR,GIRRAJ PRASAD MEENA,Independent,2521,0.21,Lost
Rajasthan,TONK-SAWAI MADHOPUR,JAGDISH PRASAD MEENA,Bharat Adivasi Party,1373,0.11,Lost
Rajasthan,TONK-SAWAI MADHOPUR,DULI CHAND SAINI,Rajasthan Raj Party,1264,0.1,Lost
Rajasthan,TONK-SAWAI MADHOPUR,JAGDISH PRASAD SHARMA,Bheem Tribal Congress,1029,0.08,Lost
Rajasthan,TONK-SAWAI MADHOPUR,NOTA,None of the Above,8177,0.67,Lost
Rajasthan,UDAIPUR,MANNA LAL RAWAT,Bharatiya Janata Party,738286,49.27,Won
Rajasthan,UDAIPUR,TARACHAND MEENA,Indian National Congress,476678,31.81,Lost
Rajasthan,UDAIPUR,PRAKASH CHAND,Bharat Adivasi Party,217138,14.49,Lost
Rajasthan,UDAIPUR,DALPAT RAM GARASIA,Bahujan Samaj Party,14460,0.97,Lost
Rajasthan,UDAIPUR,DR. SAVITA KUMARI AHARI,Independent,8162,0.54,Lost
Rajasthan,UDAIPUR,PRABHULAL MEENA,Independent,7996,0.53,Lost
Rajasthan,UDAIPUR,RAJENDRA KUMAR MEENA,Indian Peoples Green Party,6777,0.45,Lost
Rajasthan,UDAIPUR,KANJI LAL DAMOR,Independent,5931,0.4,Lost
Rajasthan,UDAIPUR,NOTA,None of the Above,22948,1.53,Lost
Sikkim,Sikkim,INDRA HANG SUBBA,Sikkim Krantikari Morcha,164396,42.71,Won
Sikkim,Sikkim,BHARAT BASNETT,Citizen Action Party-Sikkim,83566,21.71,Lost
Sikkim,Sikkim,PREM DAS RAI,Sikkim Democratic Front,77171,20.05,Lost
Sikkim,Sikkim,LATEN TSHERING SHERPA,Independent,21263,5.52,Lost
Sikkim,Sikkim,DINESH CHANDRA NEPAL,Bharatiya Janata Party,19035,4.95,Lost
Sikkim,Sikkim,SAMBHU CHETTRI,Independent,4690,1.22,Lost
Sikkim,Sikkim,KHARGA BHADUR RAI,Sikkim Republican Party,4799,1.25,Lost
Sikkim,Sikkim,GOPAL CHETTRI,Indian National Congress,2241,0.58,Lost
Sikkim,Sikkim,NAWIN KIRAN PRADHAN,Independent,1166,0.3,Lost
Sikkim,Sikkim,RAVI CHANDRA RAI,Independent,1123,0.29,Lost
Sikkim,Sikkim,BEENA RAI,Independent,1125,0.29,Lost
Sikkim,Sikkim,SHYAMAL PAL,Independent,740,0.19,Lost
Sikkim,Sikkim,RUDRA MANI PRADHAN,Independent,519,0.13,Lost
Sikkim,Sikkim,MADHUKAR DHAKAL,Independent,532,0.14,Lost
Sikkim,Sikkim,NOTA,None of the Above,2527,0.66,Lost
Tamil Nadu,ARAKKONAM,S JAGATHRATCHAKAN,Dravida Munnetra Kazhagam,563216,48.39,Won
Tamil Nadu,ARAKKONAM,L VIJAYAN,All India Anna Dravida Munnetra Kazhagam,256657,22.05,Lost
Tamil Nadu,ARAKKONAM,K BALU,Pattali Makkal Katchi,202325,17.38,Lost
Tamil Nadu,ARAKKONAM,S AFSHIA NASRIN,Naam Tamilar Katchi,98944,8.5,Lost
Tamil Nadu,ARAKKONAM,D PANDIYAN,Bahujan Samaj Party,6212,0.53,Lost
Tamil Nadu,ARAKKONAM,A PALANI,Independent,3866,0.33,Lost
Tamil Nadu,ARAKKONAM,K MANIGANDAN,Independent,2049,0.18,Lost
Tamil Nadu,ARAKKONAM,INDU W,Tamil Manila Murpokku Dravida Kazhagam,1938,0.17,Lost
Tamil Nadu,ARAKKONAM,DR A V NARENDRAN,Independent,1722,0.15,Lost
Tamil Nadu,ARAKKONAM,M VIJAYAN,Independent,1678,0.14,Lost
Tamil Nadu,ARAKKONAM,M BALU,Independent,1561,0.13,Lost
Tamil Nadu,ARAKKONAM,SHETTU S,Independent,1561,0.13,Lost
Tamil Nadu,ARAKKONAM,V BABU,United Republican Party of India,1366,0.12,Lost
Tamil Nadu,ARAKKONAM,M THULASIRAMAN,Independent,1053,0.09,Lost
Tamil Nadu,ARAKKONAM,D JANAKIRAMAN,Independent,837,0.07,Lost
Tamil Nadu,ARAKKONAM,S SURESH KUMAR,Independent,835,0.07,Lost
Tamil Nadu,ARAKKONAM,R VINOTH,Veerath Thiyagi Viswanathadoss Thozhilalarkal Katchi,821,0.07,Lost
Tamil Nadu,ARAKKONAM,V VINAYAGAM,Independent,729,0.06,Lost
Tamil Nadu,ARAKKONAM,VIJAYAN K,All India Jananayaka Makkal Kazhagam,633,0.05,Lost
Tamil Nadu,ARAKKONAM,SHANAVAS J,Independent,583,0.05,Lost
Tamil Nadu,ARAKKONAM,V KRISHNANANDAN,Anna MGR Dravida Makkal Kalgam,582,0.05,Lost
Tamil Nadu,ARAKKONAM,A JAYACHANDRAN,Independent,538,0.05,Lost
Tamil Nadu,ARAKKONAM,N SUGUMAR,Independent,432,0.04,Lost
Tamil Nadu,ARAKKONAM,M VIJAY,Independent,427,0.04,Lost
Tamil Nadu,ARAKKONAM,G SUDHAKAR,Independent,380,0.03,Lost
Tamil Nadu,ARAKKONAM,K VENKATESAN,Independent,264,0.02,Lost
Tamil Nadu,ARAKKONAM,NOTA,None of the Above,12613,01.08,Lost
Tamil Nadu,ARANI,THARANIVENTHAN M S,Dravida Munnetra Kazhagam,500099,43.86,Won
Tamil Nadu,ARANI,"GAJENDRAN, G.V.",All India Anna Dravida Munnetra Kazhagam,291333,25.55,Lost
Tamil Nadu,ARANI,DR GANESH KUMAR A ME PHD,Pattali Makkal Katchi,236571,20.75,Lost
Tamil Nadu,ARANI,"BAKIYALAKSHMI, K.",Naam Tamilar Katchi,66740,5.85,Lost
Tamil Nadu,ARANI,"MANIGANDAN, V.",Independent,4808,0.42,Lost
Tamil Nadu,ARANI,"GANESH KUMAR, U.",Independent,3812,0.33,Lost
Tamil Nadu,ARANI,DURAI  M,Bahujan Samaj Party,3685,0.32,Lost
Tamil Nadu,ARANI,"GAJENDRAN, J.",Independent,3400,0.3,Lost
Tamil Nadu,ARANI,"KARVANNAN, K.",Independent,3036,0.27,Lost
Tamil Nadu,ARANI,"GAJENDIRAN, E.",Independent,2613,0.23,Lost
Tamil Nadu,ARANI,"KOTTAI VENKATESAN, M.",Independent,1908,0.17,Lost
Tamil Nadu,ARANI,"SENTHIL KUMAR, D.",Independent,1475,0.13,Lost
Tamil Nadu,ARANI,"SEKAR, N.",Independent,1400,0.12,Lost
Tamil Nadu,ARANI,SAKTHIVEL A,Thakkam Katchi,1186,0.1,Lost
Tamil Nadu,ARANI,"GANESH, P.",Independent,980,0.09,Lost
Tamil Nadu,ARANI,NAGARAJAN P,Veerath Thiyagi Viswanathadoss Thozhilalarkal Katchi,927,0.08,Lost
Tamil Nadu,ARANI,CAPTAIN SETTU M,Viro Ke Vir Indian Party,922,0.08,Lost
Tamil Nadu,ARANI,"JAISANKAR, M.",Independent,840,0.07,Lost
Tamil Nadu,ARANI,EZHIL ARASU M,Independent,753,0.07,Lost
Tamil Nadu,ARANI,BABU N,Independent,674,0.06,Lost
Tamil Nadu,ARANI,"DURUGAN, M.",United Republican Party of India,604,0.05,Lost
Tamil Nadu,ARANI,MOHMMAD SIDDIQ M H,Independent,528,0.05,Lost
Tamil Nadu,ARANI,"DHARANI, D.",Independent,468,0.04,Lost
Tamil Nadu,ARANI,"MANAVALAN, A.",Anna MGR Dravida Makkal Kalgam,480,0.04,Lost
Tamil Nadu,ARANI,"ARUL, M.",Independent,510,0.04,Lost
Tamil Nadu,ARANI,"MURUGESAN, D.",Independent,403,0.04,Lost
Tamil Nadu,ARANI,"ELLAPPAN, R.",Independent,378,0.03,Lost
Tamil Nadu,ARANI,"FEROZKHAN, A.",Independent,298,0.03,Lost
Tamil Nadu,ARANI,"DHAMODHARAN, G.",Independent,242,0.02,Lost
Tamil Nadu,ARANI,NOTA,None of the Above,9188,0.81,Lost
Tamil Nadu,CHENNAI CENTRAL,DAYANIDHI MARAN,Dravida Munnetra Kazhagam,413848,56.65,Won
Tamil Nadu,CHENNAI CENTRAL,VINOJ,Bharatiya Janata Party,169159,23.16,Lost
Tamil Nadu,CHENNAI CENTRAL,B. PARTHASARATHY,Desiya Murpokku Dravida Kazhagam,72016,9.86,Lost
Tamil Nadu,CHENNAI CENTRAL,DR.R.KARTHIKEYAN,Naam Tamilar Katchi,46031,6.3,Lost
Tamil Nadu,CHENNAI CENTRAL,ANBAZHAGAN.G,Independent,3186,0.44,Lost
Tamil Nadu,CHENNAI CENTRAL,DILAVAR ALI,Tipu Sultan Party,2546,0.35,Lost
Tamil Nadu,CHENNAI CENTRAL,SAMARAN,Bahujan Samaj Party,2147,0.29,Lost
Tamil Nadu,CHENNAI CENTRAL,L.KASINATHAN,Independent,1060,0.15,Lost
Tamil Nadu,CHENNAI CENTRAL,AGNI AALVAR,Independent,787,0.11,Lost
Tamil Nadu,CHENNAI CENTRAL,C.S.KARNAN,Anti Corruption Dynamic Party,761,0.1,Lost
Tamil Nadu,CHENNAI CENTRAL,M.L.RAVI,Desiya Makkal Sakthi Katchi,696,0.1,Lost
Tamil Nadu,CHENNAI CENTRAL,S.KANDASAMY,Independent,596,0.08,Lost
Tamil Nadu,CHENNAI CENTRAL,DHAYANIDHI SURESH,Independent,567,0.08,Lost
Tamil Nadu,CHENNAI CENTRAL,S.SATHISH KUMAR,Independent,527,0.07,Lost
Tamil Nadu,CHENNAI CENTRAL,P.ARJUNAN,Independent,509,0.07,Lost
Tamil Nadu,CHENNAI CENTRAL,S.SATHISH KUMAR,Independent,501,0.07,Lost
Tamil Nadu,CHENNAI CENTRAL,G.OMPRAKASH,Independent,488,0.07,Lost
Tamil Nadu,CHENNAI CENTRAL,V.V.TAMILARASAN,Independent,389,0.05,Lost
Tamil Nadu,CHENNAI CENTRAL,UDAYA KUMAR.V,Independent,382,0.05,Lost
Tamil Nadu,CHENNAI CENTRAL,B.PARTHASARATHY,Independent,380,0.05,Lost
Tamil Nadu,CHENNAI CENTRAL,K.CHANDRASEKAR,Naadaalum Makkal Katchi,373,0.05,Lost
Tamil Nadu,CHENNAI CENTRAL,N.RAMAN,Tamilnadu Makkal Nalvazhvu Periyakkam,314,0.04,Lost
Tamil Nadu,CHENNAI CENTRAL,R.MINNAL RAJ,Independent,310,0.04,Lost
Tamil Nadu,CHENNAI CENTRAL,R.VIJAY,Independent,268,0.04,Lost
Tamil Nadu,CHENNAI CENTRAL,A.SELVA KUMAR,Thakkam Katchi,270,0.04,Lost
Tamil Nadu,CHENNAI CENTRAL,M.NAGARAJ,Independent,254,0.03,Lost
Tamil Nadu,CHENNAI CENTRAL,J.NAGARAJ,Independent,241,0.03,Lost
Tamil Nadu,CHENNAI CENTRAL,SENTHILKUMAR,Chennai Youth Party,223,0.03,Lost
Tamil Nadu,CHENNAI CENTRAL,RANJITHKUMAR.S,Independent,215,0.03,Lost
Tamil Nadu,CHENNAI CENTRAL,RAVI BALARAMAN,Independent,183,0.03,Lost
Tamil Nadu,CHENNAI CENTRAL,MANJUNATHA.R,Independent,159,0.02,Lost
Tamil Nadu,CHENNAI CENTRAL,NOTA,None of the Above,11163,1.53,Lost
Tamil Nadu,CHENNAI NORTH,DR.KALANIDHI VEERASWAMY,Dravida Munnetra Kazhagam,497333,55.11,Won
Tamil Nadu,CHENNAI NORTH,R. MANOHAR,All India Anna Dravida Munnetra Kazhagam,158111,17.52,Lost
Tamil Nadu,CHENNAI NORTH,R.C. PAUL KANAGARAJ,Bharatiya Janata Party,113318,12.56,Lost
Tamil Nadu,CHENNAI NORTH,AMUDINI,Naam Tamilar Katchi,95954,10.63,Lost
Tamil Nadu,CHENNAI NORTH,SARAH FATHIMA,Independent,5923,0.66,Lost
Tamil Nadu,CHENNAI NORTH,E. IQBAL,Bahujan Samaj Party,3486,0.39,Lost
Tamil Nadu,CHENNAI NORTH,MOORTHY. V,Independent,3137,0.35,Lost
Tamil Nadu,CHENNAI NORTH,SURIYAMUTHU,Independent,978,0.11,Lost
Tamil Nadu,CHENNAI NORTH,C. SENAPATHI,Independent,850,0.09,Lost
Tamil Nadu,CHENNAI NORTH,DILLI GANESH. E,Independent,736,0.08,Lost
Tamil Nadu,CHENNAI NORTH,U. VENKATESH,Independent,714,0.08,Lost
Tamil Nadu,CHENNAI NORTH,M. ZION RAJ,Independent,697,0.08,Lost
Tamil Nadu,CHENNAI NORTH,A. AJITHKUMAR,Thakkam Katchi,673,0.07,Lost
Tamil Nadu,CHENNAI NORTH,J. SEBASTIN,Socialist Unity Centre Of India (COMMUNIST),588,0.07,Lost
Tamil Nadu,CHENNAI NORTH,AKSHAY,Naadaalum Makkal Katchi,566,0.06,Lost
Tamil Nadu,CHENNAI NORTH,B. BALAMURUGAN,Independent,488,0.05,Lost
Tamil Nadu,CHENNAI NORTH,K.PALANIAPPAN,Independent,462,0.05,Lost
Tamil Nadu,CHENNAI NORTH,R. SENTHIL KUMAR,Independent,457,0.05,Lost
Tamil Nadu,CHENNAI NORTH,MATHANKUMAR. G,Independent,390,0.04,Lost
Tamil Nadu,CHENNAI NORTH,P. JAYASELAN,Independent,386,0.04,Lost
Tamil Nadu,CHENNAI NORTH,M. KOLANJI,Independent,362,0.04,Lost
Tamil Nadu,CHENNAI NORTH,B. ZAKIR HUSSAIN,Independent,355,0.04,Lost
Tamil Nadu,CHENNAI NORTH,P. UMADEVI,Independent,346,0.04,Lost
Tamil Nadu,CHENNAI NORTH,K.C.JAYAPRAKASH,Independent,334,0.04,Lost
Tamil Nadu,CHENNAI NORTH,C. SRIDHAR,Independent,307,0.03,Lost
Tamil Nadu,CHENNAI NORTH,T. MANOHARAN,Independent,293,0.03,Lost
Tamil Nadu,CHENNAI NORTH,K. SAMPATH,Independent,269,0.03,Lost
Tamil Nadu,CHENNAI NORTH,D. SRINIVASAN,Independent,261,0.03,Lost
Tamil Nadu,CHENNAI NORTH,S. RAVIKUMAR,Republican Party of India  (Sivaraj),259,0.03,Lost
Tamil Nadu,CHENNAI NORTH,T. KAVIYARASU,Independent,252,0.03,Lost
Tamil Nadu,CHENNAI NORTH,SATHISH. B,Independent,246,0.03,Lost
Tamil Nadu,CHENNAI NORTH,R.VINAYAGAMOORTHY,Independent,206,0.02,Lost
Tamil Nadu,CHENNAI NORTH,D. KABILAN,Independent,209,0.02,Lost
Tamil Nadu,CHENNAI NORTH,P. MARIMUTHU,Independent,172,0.02,Lost
Tamil Nadu,CHENNAI NORTH,V.MADHAN MOHAN,Independent,163,0.02,Lost
Tamil Nadu,CHENNAI NORTH,NOTA,None of the Above,13208,1.46,Lost
Tamil Nadu,CHENNAI SOUTH,T.SUMATHY (ALIAS) THAMIZHACHI THANGAPANDIAN,Dravida Munnetra Kazhagam,516628,47,Won
Tamil Nadu,CHENNAI SOUTH,DR.TAMILISAI SOUNDARARAJAN,Bharatiya Janata Party,290683,26.44,Lost
Tamil Nadu,CHENNAI SOUTH,DR.J.JAYAVARDHAN,All India Anna Dravida Munnetra Kazhagam,172491,15.69,Lost
Tamil Nadu,CHENNAI SOUTH,S.TAMILCHELVI,Naam Tamilar Katchi,83972,7.64,Lost
Tamil Nadu,CHENNAI SOUTH,M.G.RAMU,Jebamani Janata,3534,0.32,Lost
Tamil Nadu,CHENNAI SOUTH,M.AZARUTHEEN,Independent,1812,0.16,Lost
Tamil Nadu,CHENNAI SOUTH,G.P. ROBERT,Bahujan Samaj Party,1599,0.15,Lost
Tamil Nadu,CHENNAI SOUTH,R.RAVICHANDRAN,Independent,835,0.08,Lost
Tamil Nadu,CHENNAI SOUTH,S.MANIMARAN,Independent,803,0.07,Lost
Tamil Nadu,CHENNAI SOUTH,FARMER JAYARAMAN. S.K.J,Desiya Makkal Sakthi Katchi,792,0.07,Lost
Tamil Nadu,CHENNAI SOUTH,A.K.D. ELLAPPAN,Mahathma Makkal Munnetra Kazhakam,761,0.07,Lost
Tamil Nadu,CHENNAI SOUTH,K.KANNAN,Independent,625,0.06,Lost
Tamil Nadu,CHENNAI SOUTH,BALAJI. G. MANGADU,Aravor Munnetra Kazhagam,589,0.05,Lost
Tamil Nadu,CHENNAI SOUTH,KUTTIMANI. S,Veerath Thiyagi Viswanathadoss Thozhilalarkal Katchi,565,0.05,Lost
Tamil Nadu,CHENNAI SOUTH,R.KANCHANA,Tamizhaga Murpokku Makkal Katchi,566,0.05,Lost
Tamil Nadu,CHENNAI SOUTH,SASI REKHA,Naadaalum Makkal Katchi,559,0.05,Lost
Tamil Nadu,CHENNAI SOUTH,P. SATHEESH KUMAR,Independent,521,0.05,Lost
Tamil Nadu,CHENNAI SOUTH,P.SEKAR,Thakkam Katchi,435,0.04,Lost
Tamil Nadu,CHENNAI SOUTH,R.YOGESHWARAN,Independent,426,0.04,Lost
Tamil Nadu,CHENNAI SOUTH,J. SATHISH,Independent,418,0.04,Lost
Tamil Nadu,CHENNAI SOUTH,V.P. RAVIKKARAN,Independent,373,0.03,Lost
Tamil Nadu,CHENNAI SOUTH,A.PONNUDURAI,Independent,362,0.03,Lost
Tamil Nadu,CHENNAI SOUTH,N.V.DAMODARAN,National Maha Sabha Party,343,0.03,Lost
Tamil Nadu,CHENNAI SOUTH,M.MUNUSWAMY,Viro Ke Vir Indian Party,330,0.03,Lost
Tamil Nadu,CHENNAI SOUTH,KARTHIK MURTHY,Independent,315,0.03,Lost
Tamil Nadu,CHENNAI SOUTH,V.P.SURESH,Independent,289,0.03,Lost
Tamil Nadu,CHENNAI SOUTH,E.RAMESH,Independent,270,0.02,Lost
Tamil Nadu,CHENNAI SOUTH,R.BALAJI,Independent,264,0.02,Lost
Tamil Nadu,CHENNAI SOUTH,DINESH KUMAR. B,Independent,253,0.02,Lost
Tamil Nadu,CHENNAI SOUTH,A.BABU,Independent,246,0.02,Lost
Tamil Nadu,CHENNAI SOUTH,DAYALAN. R,Independent,242,0.02,Lost
Tamil Nadu,CHENNAI SOUTH,VIJIRATHINAM. M,Independent,237,0.02,Lost
Tamil Nadu,CHENNAI SOUTH,V.SIVAKUMAR,Independent,217,0.02,Lost
Tamil Nadu,CHENNAI SOUTH,MURUGAN. P,Independent,182,0.02,Lost
Tamil Nadu,CHENNAI SOUTH,G.RAMESHBABU,Independent,179,0.02,Lost
Tamil Nadu,CHENNAI SOUTH,S.RAJASEKARAN,Independent,178,0.02,Lost
Tamil Nadu,CHENNAI SOUTH,N.NARAYANASWAMY,Independent,175,0.02,Lost
Tamil Nadu,CHENNAI SOUTH,R.DEVENDRAN,Independent,168,0.02,Lost
Tamil Nadu,CHENNAI SOUTH,PARTHIBAN. S,Independent,166,0.02,Lost
Tamil Nadu,CHENNAI SOUTH,I. DAVIDSINGH,Independent,151,0.01,Lost
Tamil Nadu,CHENNAI SOUTH,E RAVENDRAN,Independent,114,0.01,Lost
Tamil Nadu,CHENNAI SOUTH,NOTA,None of the Above,15653,1.42,Lost
Tamil Nadu,CHIDAMBARAM,THIRUMAAVALAVAN THOL,Viduthalai Chiruthaigal Katchi,505084,43.28,Won
Tamil Nadu,CHIDAMBARAM,CHANDRAHASAN M,All India Anna Dravida Munnetra Kazhagam,401530,34.4,Lost
Tamil Nadu,CHIDAMBARAM,KARTHIYAYINI P,Bharatiya Janata Party,168493,14.44,Lost
Tamil Nadu,CHIDAMBARAM,JANCIRANI R,Naam Tamilar Katchi,65589,5.62,Lost
Tamil Nadu,CHIDAMBARAM,NEELAMEGAM K,Bahujan Samaj Party,3203,0.27,Lost
Tamil Nadu,CHIDAMBARAM,TAMILVENDHAN P,Independent,3062,0.26,Lost
Tamil Nadu,CHIDAMBARAM,PERUMAL S,Independent,2239,0.19,Lost
Tamil Nadu,CHIDAMBARAM,VETTRIVEL G,Independent,2041,0.17,Lost
Tamil Nadu,CHIDAMBARAM,ARCHUNAN M A T,Independent,1836,0.16,Lost
Tamil Nadu,CHIDAMBARAM,DHAMODHARAN S,Naadaalum Makkal Katchi,1642,0.14,Lost
Tamil Nadu,CHIDAMBARAM,RATHA G,Independent,1280,0.11,Lost
Tamil Nadu,CHIDAMBARAM,RAJAMANICKAM C,Independent,1087,0.09,Lost
Tamil Nadu,CHIDAMBARAM,CHINNADURAI A,Independent,638,0.05,Lost
Tamil Nadu,CHIDAMBARAM,ELAVARASAN C,Independent,586,0.05,Lost
Tamil Nadu,CHIDAMBARAM,NOTA,None of the Above,8761,0.75,Lost
Tamil Nadu,COIMBATORE,GANAPATHY RAJKUMAR P,Dravida Munnetra Kazhagam,568200,41.39,Won
Tamil Nadu,COIMBATORE,ANNAMALAI K,Bharatiya Janata Party,450132,32.79,Lost
Tamil Nadu,COIMBATORE,SINGAI G RAMACHANDRAN,All India Anna Dravida Munnetra Kazhagam,236490,17.23,Lost
Tamil Nadu,COIMBATORE,KALAMANI JAGANATHAN,Naam Tamilar Katchi,82657,06.02,Lost
Tamil Nadu,COIMBATORE,VELMURUGAN K,Bahujan Samaj Party,2375,0.17,Lost
Tamil Nadu,COIMBATORE,SANJAYKUMAR S,Independent,1789,0.13,Lost
Tamil Nadu,COIMBATORE,ANNADURAI R,Independent,1772,0.13,Lost
Tamil Nadu,COIMBATORE,SURESH M,Independent,1474,0.11,Lost
Tamil Nadu,COIMBATORE,GOPALAKRISHNAN S,Independent,1199,0.09,Lost
Tamil Nadu,COIMBATORE,RAGHUL GANDHI K,Hindustan Janta Party,1176,0.09,Lost
Tamil Nadu,COIMBATORE,KARTHICK T,Independent,1073,0.08,Lost
Tamil Nadu,COIMBATORE,RAJKUMAR M,Independent,1068,0.08,Lost
Tamil Nadu,COIMBATORE,RAJKUMAR,Independent,1013,0.07,Lost
Tamil Nadu,COIMBATORE,RAJKUMAR G,Independent,892,0.06,Lost
Tamil Nadu,COIMBATORE,SHANMUGAM K,Independent,882,0.06,Lost
Tamil Nadu,COIMBATORE,KRISHNAN V,Independent,726,0.05,Lost
Tamil Nadu,COIMBATORE,RAMACHANDRAN M,Independent,663,0.05,Lost
Tamil Nadu,COIMBATORE,RAJAMANICKAM N,Independent,629,0.05,Lost
Tamil Nadu,COIMBATORE,RAJKUMAR G B,Independent,611,0.04,Lost
Tamil Nadu,COIMBATORE,KUMAR A,Ganasangam Party of India,551,0.04,Lost
Tamil Nadu,COIMBATORE,SANGEETHA R,Naadaalum Makkal Katchi,492,0.04,Lost
Tamil Nadu,COIMBATORE,RICHARD VINCENT,Viro Ke Vir Indian Party,492,0.04,Lost
Tamil Nadu,COIMBATORE,SURIYAKUMAR K,Independent,447,0.03,Lost
Tamil Nadu,COIMBATORE,ARUNKANTH V,Independent,438,0.03,Lost
Tamil Nadu,COIMBATORE,ANANDHAKUMAR S,Rashtriya Samaj Paksha,419,0.03,Lost
Tamil Nadu,COIMBATORE,RAMACHANDRAN R,Independent,369,0.03,Lost
Tamil Nadu,COIMBATORE,MUTHUSAMY P P,Independent,369,0.03,Lost
Tamil Nadu,COIMBATORE,PALANISAMYRAAJ M,Independent,316,0.02,Lost
Tamil Nadu,COIMBATORE,PUSHPANANTHAM V,Tamizhaga Murpokku Makkal Katchi,305,0.02,Lost
Tamil Nadu,COIMBATORE,DINESH K,Independent,285,0.02,Lost
Tamil Nadu,COIMBATORE,PREMKUMAR P,Independent,283,0.02,Lost
Tamil Nadu,COIMBATORE,RAVICHANDRAN,Independent,272,0.02,Lost
Tamil Nadu,COIMBATORE,DURAISAMY A,Independent,266,0.02,Lost
Tamil Nadu,COIMBATORE,ZAHIR HUSSAIN,Independent,260,0.02,Lost
Tamil Nadu,COIMBATORE,BOOBALAN,Independent,253,0.02,Lost
Tamil Nadu,COIMBATORE,NOORMUHAMAD A,Independent,234,0.02,Lost
Tamil Nadu,COIMBATORE,PASUPATHI S,Independent,173,0.01,Lost
Tamil Nadu,COIMBATORE,NOTA,None of the Above,11788,0.86,Lost
Tamil Nadu,CUDDALORE,M.K. VISHNUPRASAD,Indian National Congress,455053,44.11,Won
Tamil Nadu,CUDDALORE,P. SIVAKOZHUNDU,Desiya Murpokku Dravida Kazhagam,269157,26.09,Lost
Tamil Nadu,CUDDALORE,THANKAR BACHAN,Pattali Makkal Katchi,205244,19.9,Lost
Tamil Nadu,CUDDALORE,V. MANIVASAGAN,Naam Tamilar Katchi,57424,5.57,Lost
Tamil Nadu,CUDDALORE,S. ARIVUDAINAMBI,Anti Corruption Dynamic Party,6500,0.63,Lost
Tamil Nadu,CUDDALORE,A. BALAJI,Independent,5450,0.53,Lost
Tamil Nadu,CUDDALORE,V.THANIGAISELVAN,Bahujan Samaj Party,3971,0.38,Lost
Tamil Nadu,CUDDALORE,K. MAYAKRISHNAN,Veerath Thiyagi Viswanathadoss Thozhilalarkal Katchi,3702,0.36,Lost
Tamil Nadu,CUDDALORE,SU.VA. DHATSHANAMOORTHY,Independent,3419,0.33,Lost
Tamil Nadu,CUDDALORE,S. RAMALINGAM,Independent,3216,0.31,Lost
Tamil Nadu,CUDDALORE,G. PICHAMUTHU,Independent,2194,0.21,Lost
Tamil Nadu,CUDDALORE,R. ANANDHI,Independent,1696,0.16,Lost
Tamil Nadu,CUDDALORE,S. CHAKKARAVARTHY,Independent,1488,0.14,Lost
Tamil Nadu,CUDDALORE,R. SRINIVASAN,Independent,1363,0.13,Lost
Tamil Nadu,CUDDALORE,V. DAKSHANAAMURTHY,Independent,1286,0.12,Lost
Tamil Nadu,CUDDALORE,THANGA MURUGAN,Desiya Makkal Sakthi Katchi,1036,0.1,Lost
Tamil Nadu,CUDDALORE,R. RAJASEKAR,Independent,712,0.07,Lost
Tamil Nadu,CUDDALORE,R. PRAKASH,Independent,700,0.07,Lost
Tamil Nadu,CUDDALORE,S. RAJAMOHAN,Independent,660,0.06,Lost
Tamil Nadu,CUDDALORE,NOTA,None of the Above,7292,0.71,Lost
Tamil Nadu,DHARMAPURI,MANI. A.,Dravida Munnetra Kazhagam,432667,34.67,Won
Tamil Nadu,DHARMAPURI,SOWMIYA ANBUMANI,Pattali Makkal Katchi,411367,32.97,Lost
Tamil Nadu,DHARMAPURI,ASOKAN. R. DR.,All India Anna Dravida Munnetra Kazhagam,293629,23.53,Lost
Tamil Nadu,DHARMAPURI,ABINAYA,Naam Tamilar Katchi,65381,5.24,Lost
Tamil Nadu,DHARMAPURI,THANGAVEL. K.,Dhesiya Makkal Kazhagam,7331,0.59,Lost
Tamil Nadu,DHARMAPURI,THIRUMURUGAN. P.,Independent,5671,0.45,Lost
Tamil Nadu,DHARMAPURI,HARI. R.,Bahujan Samaj Party,3166,0.25,Lost
Tamil Nadu,DHARMAPURI,SOWMIYA,Independent,3028,0.24,Lost
Tamil Nadu,DHARMAPURI,ELAYARANI. P.,Ganasangam Party of India,2315,0.19,Lost
Tamil Nadu,DHARMAPURI,ARUMUGAM. M.,Independent,2290,0.18,Lost
Tamil Nadu,DHARMAPURI,AGNI AALVAR,Independent,1651,0.13,Lost
Tamil Nadu,DHARMAPURI,PALANI. K.,Independent,1450,0.12,Lost
Tamil Nadu,DHARMAPURI,MANI. R.,Independent,1033,0.08,Lost
Tamil Nadu,DHARMAPURI,ASHOKAN. M.,Independent,1026,0.08,Lost
Tamil Nadu,DHARMAPURI,ALAGARASAN. R.,Independent,900,0.07,Lost
Tamil Nadu,DHARMAPURI,SUNDHARAMOORTHY. M.,Independent,800,0.06,Lost
Tamil Nadu,DHARMAPURI,MANI. C.,Independent,710,0.06,Lost
Tamil Nadu,DHARMAPURI,PARTHASARATHI,Tamilar Makkal Katchi,709,0.06,Lost
Tamil Nadu,DHARMAPURI,PADMARAJAN. K. DR.,Independent,657,0.05,Lost
Tamil Nadu,DHARMAPURI,MANIVASAGAM. C.,Independent,651,0.05,Lost
Tamil Nadu,DHARMAPURI,ASOKAN. G.,Independent,611,0.05,Lost
Tamil Nadu,DHARMAPURI,AYYAKANNU,Independent,586,0.05,Lost
Tamil Nadu,DHARMAPURI,JAGANATHAN. A.,Independent,553,0.04,Lost
Tamil Nadu,DHARMAPURI,MANI. S.,Independent,452,0.04,Lost
Tamil Nadu,DHARMAPURI,NOTA,None of the Above,9198,0.74,Lost
Tamil Nadu,DINDIGUL,SACHITHANANTHAM R,Communist Party of India  (Marxist),670149,58.29,Won
Tamil Nadu,DINDIGUL,MOHAMED MUBARAK M A,All India Anna Dravida Munnetra Kazhagam,226328,19.69,Lost
Tamil Nadu,DINDIGUL,THILGABAMA M,Pattali Makkal Katchi,112503,9.79,Lost
Tamil Nadu,DINDIGUL,KAILAI RAJAN D,Naam Tamilar Katchi,97845,8.51,Lost
Tamil Nadu,DINDIGUL,RAJKUMAR R,Independent,4416,0.38,Lost
Tamil Nadu,DINDIGUL,NATCHIMUTHU S,Bahujan Samaj Party,4284,0.37,Lost
Tamil Nadu,DINDIGUL,DINESHKUMAR S,All India Youth Development Party,2434,0.21,Lost
Tamil Nadu,DINDIGUL,MURUGESAN (A) VISHNU MURUGESAN C,Independent,2008,0.17,Lost
Tamil Nadu,DINDIGUL,ANGUCHAMY M,Independent,1290,0.11,Lost
Tamil Nadu,DINDIGUL,SURESH K,Independent,1257,0.11,Lost
Tamil Nadu,DINDIGUL,ARUMUGAM R,Independent,1089,0.09,Lost
Tamil Nadu,DINDIGUL,SABARINATH S,Independent,1011,0.09,Lost
Tamil Nadu,DINDIGUL,ANBUROSE D,Independent,1012,0.09,Lost
Tamil Nadu,DINDIGUL,PALANISAMY K,Independent,949,0.08,Lost
Tamil Nadu,DINDIGUL,SATHISH KANNA G T,Independent,926,0.08,Lost
Tamil Nadu,DINDIGUL,NOTA,None of the Above,22120,1.92,Lost
Tamil Nadu,ERODE,K E PRAKASH,Dravida Munnetra Kazhagam,562339,51.43,Won
Tamil Nadu,ERODE,ASHOK KUMAR,All India Anna Dravida Munnetra Kazhagam,325773,29.79,Lost
Tamil Nadu,ERODE,KARMEGAN M,Naam Tamilar Katchi,82796,7.57,Lost
Tamil Nadu,ERODE,P VIJAYAKUMAR,Tamil Maanila Congress  (Moopanar),77911,7.13,Lost
Tamil Nadu,ERODE,P ESWARAN,Bahujan Samaj Party,5223,0.48,Lost
Tamil Nadu,ERODE,T V R AMIRTHALINGAM,Independent,4149,0.38,Lost
Tamil Nadu,ERODE,KEERTHANA M,Independent,3799,0.35,Lost
Tamil Nadu,ERODE,J GOPALAKRISHNAN,Independent,1955,0.18,Lost
Tamil Nadu,ERODE,S ANANTHI,Independent,1686,0.15,Lost
Tamil Nadu,ERODE,PRASATH CHITRARASU,Independent,1640,0.15,Lost
Tamil Nadu,ERODE,RAVICHANDRAN L,Independent,1380,0.13,Lost
Tamil Nadu,ERODE,P RAJENDRAN,Independent,976,0.09,Lost
Tamil Nadu,ERODE,P KUPPUSAMY,Ulzaipali Makkal Katchy,950,0.09,Lost
Tamil Nadu,ERODE,M SHANMUGAM,Independent,772,0.07,Lost
Tamil Nadu,ERODE,R KUMARESAN,Independent,751,0.07,Lost
Tamil Nadu,ERODE,N ASHOK KUMAR,Independent,690,0.06,Lost
Tamil Nadu,ERODE,DHANALAKSHMI V,Naadaalum Makkal Katchi,679,0.06,Lost
Tamil Nadu,ERODE,A T MUNUSAMY,Samaniya Makkal Nala Katchi,616,0.06,Lost
Tamil Nadu,ERODE,K MAATHAN,Ganasangam Party of India,618,0.06,Lost
Tamil Nadu,ERODE,B DHARMARAJ,Anti Corruption Dynamic Party,601,0.05,Lost
Tamil Nadu,ERODE,ARUMUGA AC KANNAN,Independent,549,0.05,Lost
Tamil Nadu,ERODE,M SABARINATHAN,Independent,531,0.05,Lost
Tamil Nadu,ERODE,R DHANDAPANI,Veerath Thiyagi Viswanathadoss Thozhilalarkal Katchi,504,0.05,Lost
Tamil Nadu,ERODE,R KUMAR,Anna Puratchi Thalaivar Amma Dravida Munnetra Kazhagam,432,0.04,Lost
Tamil Nadu,ERODE,R.MINNALMURUGESH,Independent,415,0.04,Lost
Tamil Nadu,ERODE,K K VADUGANATHAN,Independent,399,0.04,Lost
Tamil Nadu,ERODE,G MYLSAMY,Independent,301,0.03,Lost
Tamil Nadu,ERODE,MYLVAKANAN D -,Independent,279,0.03,Lost
Tamil Nadu,ERODE,M PRABAKARAN,Independent,276,0.03,Lost
Tamil Nadu,ERODE,NARENDRANATH,Independent,272,0.02,Lost
Tamil Nadu,ERODE,K SENTHIL KUMAR,Independent,178,0.02,Lost
Tamil Nadu,ERODE,NOTA,None of the Above,13983,1.28,Lost
Tamil Nadu,KALLAKURICHI,MALAIYARASAN D,Dravida Munnetra Kazhagam,561589,44.94,Won
Tamil Nadu,KALLAKURICHI,KUMARAGURU R,All India Anna Dravida Munnetra Kazhagam,507805,40.64,Lost
Tamil Nadu,KALLAKURICHI,JAGADESAN A,Naam Tamilar Katchi,73652,5.89,Lost
Tamil Nadu,KALLAKURICHI,DEVADASS RAMASAMY,Pattali Makkal Katchi,71290,5.71,Lost
Tamil Nadu,KALLAKURICHI,PRABU C,Independent,4275,0.34,Lost
Tamil Nadu,KALLAKURICHI,BALAKRISHNAN P,Independent,3469,0.28,Lost
Tamil Nadu,KALLAKURICHI,JEEVANRAJ N,Bahujan Samaj Party,3096,0.25,Lost
Tamil Nadu,KALLAKURICHI,MAYILAMPARAI MARI A,Independent,2892,0.23,Lost
Tamil Nadu,KALLAKURICHI,NATTANMAI GUNASEKARANA A.S,Anna Makkal Katchi,2505,0.2,Lost
Tamil Nadu,KALLAKURICHI,KUMARAGURU N,Independent,2227,0.18,Lost
Tamil Nadu,KALLAKURICHI,MURUGESAN M,Independent,2225,0.18,Lost
Tamil Nadu,KALLAKURICHI,SUBRAMANIAN R K,Independent,872,0.07,Lost
Tamil Nadu,KALLAKURICHI,ARUL INIYAN A,Independent,784,0.06,Lost
Tamil Nadu,KALLAKURICHI,VENKATRAMAN J,Naadaalum Makkal Katchi,691,0.06,Lost
Tamil Nadu,KALLAKURICHI,KAMALAKANNAN M,Independent,630,0.05,Lost
Tamil Nadu,KALLAKURICHI,GOVINDARAJ S R,Independent,558,0.04,Lost
Tamil Nadu,KALLAKURICHI,PALANIYAMMAL S,Desiya Makkal Sakthi Katchi,548,0.04,Lost
Tamil Nadu,KALLAKURICHI,SIGAMANI A,Independent,542,0.04,Lost
Tamil Nadu,KALLAKURICHI,RAJASEKAR K,Independent,511,0.04,Lost
Tamil Nadu,KALLAKURICHI,JAYABAL PM,Independent,476,0.04,Lost
Tamil Nadu,KALLAKURICHI,RAJAMANICKAM C,Independent,399,0.03,Lost
Tamil Nadu,KALLAKURICHI,NOTA,None of the Above,8532,0.68,Lost
Tamil Nadu,KANCHEEPURAM,SELVAM. G,Dravida Munnetra Kazhagam,586044,46.53,Won
Tamil Nadu,KANCHEEPURAM,RAJASEKAR. E,All India Anna Dravida Munnetra Kazhagam,364571,28.94,Lost
Tamil Nadu,KANCHEEPURAM,JOTHI. V,Pattali Makkal Katchi,164931,13.09,Lost
Tamil Nadu,KANCHEEPURAM,SANTHOSH KUMAR. V,Naam Tamilar Katchi,110272,8.75,Lost
Tamil Nadu,KANCHEEPURAM,ILAYARAJA. S,Bahujan Samaj Party,5264,0.42,Lost
Tamil Nadu,KANCHEEPURAM,VENKATESAN. K,Independent,2807,0.22,Lost
Tamil Nadu,KANCHEEPURAM,NARESH BHARATHI. S,Independent,2511,0.2,Lost
Tamil Nadu,KANCHEEPURAM,ELANGOVAN. M,Independent,1881,0.15,Lost
Tamil Nadu,KANCHEEPURAM,SURYA. A,Independent,1702,0.14,Lost
Tamil Nadu,KANCHEEPURAM,RAMESH. S,Independent,1318,0.1,Lost
Tamil Nadu,KANCHEEPURAM,SELVAM. T,Independent,1312,0.1,Lost
Tamil Nadu,KANCHEEPURAM,NOTA,None of the Above,16965,1.35,Lost
Tamil Nadu,KANNIYAKUMARI,VIJAYAKUMAR (Alias) VIJAY VASANTH,Indian National Congress,546248,53.08,Won
Tamil Nadu,KANNIYAKUMARI,RADHAKRISHNAN P,Bharatiya Janata Party,366341,35.6,Lost
Tamil Nadu,KANNIYAKUMARI,MARIA JENNIFER CLARA MICHAEL,Naam Tamilar Katchi,52721,5.12,Lost
Tamil Nadu,KANNIYAKUMARI,PASILIAN NAZERATH,All India Anna Dravida Munnetra Kazhagam,41393,04.02,Lost
Tamil Nadu,KANNIYAKUMARI,NAGOOR MEERAN PEER MOHAMED U,Independent,4415,0.43,Lost
Tamil Nadu,KANNIYAKUMARI,BERRILA L,Independent,3262,0.32,Lost
Tamil Nadu,KANNIYAKUMARI,BALASUBRAMANIAN T,Independent,2072,0.2,Lost
Tamil Nadu,KANNIYAKUMARI,VIJAYAN G,Bahujan Samaj Party,1623,0.16,Lost
Tamil Nadu,KANNIYAKUMARI,DENNISON V,Independent,1278,0.12,Lost
Tamil Nadu,KANNIYAKUMARI,DR TOM MANOHAR C M,Punnagai Desam Party,1040,0.1,Lost
Tamil Nadu,KANNIYAKUMARI,SATHISH BABU P,Independent,748,0.07,Lost
Tamil Nadu,KANNIYAKUMARI,RAJAN SINGH,Bahujan Dravida Party,598,0.06,Lost
Tamil Nadu,KANNIYAKUMARI,GEETA M,Thakkam Katchi,552,0.05,Lost
Tamil Nadu,KANNIYAKUMARI,SANTHAKUMAR N,Independent,527,0.05,Lost
Tamil Nadu,KANNIYAKUMARI,RAMESHKUMAR J L,Independent,465,0.05,Lost
Tamil Nadu,KANNIYAKUMARI,ESAKKIMUTHU N,Independent,441,0.04,Lost
Tamil Nadu,KANNIYAKUMARI,AYYAPPAN V,Independent,373,0.04,Lost
Tamil Nadu,KANNIYAKUMARI,SARAVANAN N,Samaniya Makkal Nala Katchi,315,0.03,Lost
Tamil Nadu,KANNIYAKUMARI,VINO JEBA SEELAN T,Independent,270,0.03,Lost
Tamil Nadu,KANNIYAKUMARI,KRISHNAN P,Independent,254,0.02,Lost
Tamil Nadu,KANNIYAKUMARI,VENKADESH S C,Independent,188,0.02,Lost
Tamil Nadu,KANNIYAKUMARI,ANTONY MICHAEL J,Independent,175,0.02,Lost
Tamil Nadu,KANNIYAKUMARI,NOTA,None of the Above,3756,0.36,Lost
Tamil Nadu,KARUR,JOTHIMANI. S,Indian National Congress,534906,47.25,Won
Tamil Nadu,KARUR,THANGAVEL. L,All India Anna Dravida Munnetra Kazhagam,368090,32.52,Lost
Tamil Nadu,KARUR,SENTHILNATHAN. V.V,Bharatiya Janata Party,102482,09.05,Lost
Tamil Nadu,KARUR,KARUPPAIYA. R,Naam Tamilar Katchi,87503,7.73,Lost
Tamil Nadu,KARUR,SANKARAN. S,Bahujan Samaj Party,2680,0.24,Lost
Tamil Nadu,KARUR,SAKTHIVEL. R,Independent,2413,0.21,Lost
Tamil Nadu,KARUR,ABILAZAN. N,Independent,1921,0.17,Lost
Tamil Nadu,KARUR,KARTHIKPERUMAL. R,Independent,1809,0.16,Lost
Tamil Nadu,KARUR,KATHIRAVAN. P,Independent,1448,0.13,Lost
Tamil Nadu,KARUR,KARUNAMOORTHY. S,Independent,1278,0.11,Lost
Tamil Nadu,KARUR,MOHAMED NAZEEM. S,Independent,938,0.08,Lost
Tamil Nadu,KARUR,PALANISAMY. N.A,Independent,934,0.08,Lost
Tamil Nadu,KARUR,SHANMUGAM. N,Samaniya Makkal Nala Katchi,929,0.08,Lost
Tamil Nadu,KARUR,KALAIRAJ. K,Independent,811,0.07,Lost
Tamil Nadu,KARUR,JOTHIMANI. A.K,Independent,808,0.07,Lost
Tamil Nadu,KARUR,KANNAN. T,Independent,788,0.07,Lost
Tamil Nadu,KARUR,JOTHIMANI. S,Independent,780,0.07,Lost
Tamil Nadu,KARUR,SATHASIVAM. R,Independent,729,0.06,Lost
Tamil Nadu,KARUR,MANIKANDAN. K,Independent,685,0.06,Lost
Tamil Nadu,KARUR,KOSAMALAR. P,Independent,644,0.06,Lost
Tamil Nadu,KARUR,MURUGESAN. K,Ganasangam Party of India,630,0.06,Lost
Tamil Nadu,KARUR,MAHESWARAN. A,Independent,590,0.05,Lost
Tamil Nadu,KARUR,REGIS THIYAGARAJAN. V.G.A,Independent,572,0.05,Lost
Tamil Nadu,KARUR,VINCENT. F,Anti Corruption Dynamic Party,515,0.05,Lost
Tamil Nadu,KARUR,NATRAYAN. R,Independent,503,0.04,Lost
Tamil Nadu,KARUR,BANUMATHY. S,Independent,496,0.04,Lost
Tamil Nadu,KARUR,UMADEVI. S,Independent,453,0.04,Lost
Tamil Nadu,KARUR,VARADAN. M,Independent,429,0.04,Lost
Tamil Nadu,KARUR,MURALI. M,Independent,417,0.04,Lost
Tamil Nadu,KARUR,SAKTHIVEL. N,Independent,415,0.04,Lost
Tamil Nadu,KARUR,BABU. G,Independent,387,0.03,Lost
Tamil Nadu,KARUR,JAFAR ALI. A,Independent,371,0.03,Lost
Tamil Nadu,KARUR,PRABHU. G,Independent,354,0.03,Lost
Tamil Nadu,KARUR,PALANIVEL. P,Independent,350,0.03,Lost
Tamil Nadu,KARUR,ANBAZHAGAN. T,Independent,339,0.03,Lost
Tamil Nadu,KARUR,MURUGESAN. P,Independent,327,0.03,Lost
Tamil Nadu,KARUR,SOWMIYA. R,Independent,310,0.03,Lost
Tamil Nadu,KARUR,SATHISHKUMAR. S,Independent,306,0.03,Lost
Tamil Nadu,KARUR,DHURAIYARASAN. P,Independent,275,0.02,Lost
Tamil Nadu,KARUR,VINOTH KUMAR. N,Independent,276,0.02,Lost
Tamil Nadu,KARUR,SATHIS KUMAR. C,Independent,267,0.02,Lost
Tamil Nadu,KARUR,THIRUGNANAM. M,Independent,258,0.02,Lost
Tamil Nadu,KARUR,SATHISH. P,Independent,244,0.02,Lost
Tamil Nadu,KARUR,MAHAMUNI. A,Independent,213,0.02,Lost
Tamil Nadu,KARUR,RAJAPANDIAN. K,Independent,209,0.02,Lost
Tamil Nadu,KARUR,JOTHIVEL. A,Independent,206,0.02,Lost
Tamil Nadu,KARUR,BASKARAN. N,Independent,205,0.02,Lost
Tamil Nadu,KARUR,PUSHPARAJ. N,Independent,199,0.02,Lost
Tamil Nadu,KARUR,NARENDRAKUMAR. G,Independent,197,0.02,Lost
Tamil Nadu,KARUR,PRASANTH. S,Independent,194,0.02,Lost
Tamil Nadu,KARUR,SUBASH MALAYALAM. T,Independent,186,0.02,Lost
Tamil Nadu,KARUR,NAGESVARAN. P,Independent,185,0.02,Lost
Tamil Nadu,KARUR,DANIYA. P,Independent,165,0.01,Lost
Tamil Nadu,KARUR,SIVAKUMAR. V,Independent,151,0.01,Lost
Tamil Nadu,KARUR,NOTA,None of the Above,8275,0.73,Lost
Tamil Nadu,KRISHNAGIRI,GOPINATH K,Indian National Congress,492883,42.27,Won
Tamil Nadu,KRISHNAGIRI,JAYAPRAKASH V,All India Anna Dravida Munnetra Kazhagam,300397,25.76,Lost
Tamil Nadu,KRISHNAGIRI,NARASIMHAN C,Bharatiya Janata Party,214125,18.36,Lost
Tamil Nadu,KRISHNAGIRI,VIDHYA RANI,Naam Tamilar Katchi,107083,9.18,Lost
Tamil Nadu,KRISHNAGIRI,ARUMUGAM M,Bharatiya Praja Aikyata Party,6154,0.53,Lost
Tamil Nadu,KRISHNAGIRI,DR.SHANMUGAM .A.R,Independent,5583,0.48,Lost
Tamil Nadu,KRISHNAGIRI,ESHWARAN C,Independent,4128,0.35,Lost
Tamil Nadu,KRISHNAGIRI,TAMILSELVAN S,Bahujan Samaj Party,3698,0.32,Lost
Tamil Nadu,KRISHNAGIRI,SWAMINATHAN T G,Aravor Munnetra Kazhagam,1978,0.17,Lost
Tamil Nadu,KRISHNAGIRI,MANI K,Chennai Youth Party,1972,0.17,Lost
Tamil Nadu,KRISHNAGIRI,SRINIVASAN K,Independent,1621,0.14,Lost
Tamil Nadu,KRISHNAGIRI,VENKATESHKUMAR M,Independent,1590,0.14,Lost
Tamil Nadu,KRISHNAGIRI,ALBERT FRANCIS XAVIER S,Independent,1423,0.12,Lost
Tamil Nadu,KRISHNAGIRI,SARAVANAKUMAR A,Independent,1169,0.1,Lost
Tamil Nadu,KRISHNAGIRI,ANAND KUMAR A,Independent,1160,0.1,Lost
Tamil Nadu,KRISHNAGIRI,SUBRAMANI M,Tamilar Makkal Katchi,1195,0.1,Lost
Tamil Nadu,KRISHNAGIRI,ANNADURAI K,Independent,1160,0.1,Lost
Tamil Nadu,KRISHNAGIRI,MAHARAJAN G,Independent,995,0.09,Lost
Tamil Nadu,KRISHNAGIRI,JAGADHEESAN C,Viro Ke Vir Indian Party,900,0.08,Lost
Tamil Nadu,KRISHNAGIRI,VIJAYAKUMAR K P,Anaithu India Makkal Katchi,937,0.08,Lost
Tamil Nadu,KRISHNAGIRI,DEEKSHITH M,Karunaadu Party,824,0.07,Lost
Tamil Nadu,KRISHNAGIRI,RAMESH A,Independent,819,0.07,Lost
Tamil Nadu,KRISHNAGIRI,RAJESHWARI B.H.,Independent,799,0.07,Lost
Tamil Nadu,KRISHNAGIRI,CHANDRAMOHAN K.M.,Independent,792,0.07,Lost
Tamil Nadu,KRISHNAGIRI,DEVAPPA Y,Independent,724,0.06,Lost
Tamil Nadu,KRISHNAGIRI,VEERASAMY C,Independent,660,0.06,Lost
Tamil Nadu,KRISHNAGIRI,YUVARAJ K P U,Independent,405,0.03,Lost
Tamil Nadu,KRISHNAGIRI,NOTA,None of the Above,10982,0.94,Lost
Tamil Nadu,MADURAI,VENKATESAN S,Communist Party of India  (Marxist),430323,43.6,Won
Tamil Nadu,MADURAI,RAAMA SREENIVASAN,Bharatiya Janata Party,220914,22.38,Lost
Tamil Nadu,MADURAI,SARAVANAN P,All India Anna Dravida Munnetra Kazhagam,204804,20.75,Lost
Tamil Nadu,MADURAI,SATHYADEVI T,Naam Tamilar Katchi,92879,9.41,Lost
Tamil Nadu,MADURAI,VELMURUGAN A,Bharatiya Praja Aikyata Party,6009,0.61,Lost
Tamil Nadu,MADURAI,VENKATESAN M,Independent,2505,0.25,Lost
Tamil Nadu,MADURAI,RAMAR PANDI T,Bahujan Samaj Party,2506,0.25,Lost
Tamil Nadu,MADURAI,SHANMUGA SUNDARAM A,United Republican Party of India,2349,0.24,Lost
Tamil Nadu,MADURAI,PERIYASAMY K,Independent,1968,0.2,Lost
Tamil Nadu,MADURAI,PANDIYAN S,Bahujan Dravida Party,1562,0.16,Lost
Tamil Nadu,MADURAI,BOOMINATHAN C,Independent,1213,0.12,Lost
Tamil Nadu,MADURAI,MUTHUPANDI S,Independent,1207,0.12,Lost
Tamil Nadu,MADURAI,RAMANATHAN S,Independent,1194,0.12,Lost
Tamil Nadu,MADURAI,VENKATESH S,Independent,1046,0.11,Lost
Tamil Nadu,MADURAI,SANKARAPANDI M.P.,Independent,1029,0.1,Lost
Tamil Nadu,MADURAI,GOPISON M.M.,Independent,946,0.1,Lost
Tamil Nadu,MADURAI,SARAVANAN K.K.,Independent,844,0.09,Lost
Tamil Nadu,MADURAI,GOPALAKRISHNAN S,Independent,746,0.08,Lost
Tamil Nadu,MADURAI,CHANDRASEKAR N,Independent,711,0.07,Lost
Tamil Nadu,MADURAI,PANDIYAN P,Socialist Unity Centre Of India (COMMUNIST),578,0.06,Lost
Tamil Nadu,MADURAI,AVADAINATHAN V,Independent,462,0.05,Lost
Tamil Nadu,MADURAI,NOTA,None of the Above,11174,1.13,Lost
Tamil Nadu,MAYILADUTHURAI,SUDHA R,Indian National Congress,518459,47.67,Won
Tamil Nadu,MAYILADUTHURAI,BABU P,All India Anna Dravida Munnetra Kazhagam,247276,22.73,Lost
Tamil Nadu,MAYILADUTHURAI,STALIN M K,Pattali Makkal Katchi,166437,15.3,Lost
Tamil Nadu,MAYILADUTHURAI,KALIYAMMAL P,Naam Tamilar Katchi,127642,11.73,Lost
Tamil Nadu,MAYILADUTHURAI,KARTHICK A,Samaniya Makkal Nala Katchi,3891,0.36,Lost
Tamil Nadu,MAYILADUTHURAI,ILANCHEZHIAN T,Bahujan Samaj Party,2898,0.27,Lost
Tamil Nadu,MAYILADUTHURAI,BABU S,Independent,1838,0.17,Lost
Tamil Nadu,MAYILADUTHURAI,MANIMARAN T,Independent,1711,0.16,Lost
Tamil Nadu,MAYILADUTHURAI,NAGARAJAN K,Independent,1347,0.12,Lost
Tamil Nadu,MAYILADUTHURAI,SILAMBARASAN D,Independent,1256,0.12,Lost
Tamil Nadu,MAYILADUTHURAI,JAFARULLAH KHAN F,Independent,1236,0.11,Lost
Tamil Nadu,MAYILADUTHURAI,PANDIYARAJAN S,Independent,1174,0.11,Lost
Tamil Nadu,MAYILADUTHURAI,TIMOTHY T,Independent,1175,0.11,Lost
Tamil Nadu,MAYILADUTHURAI,VEDARETHINAM S,Anna MGR Dravida Makkal Kalgam,782,0.07,Lost
Tamil Nadu,MAYILADUTHURAI,NITHIYANANTHAM S,Naadaalum Makkal Katchi,739,0.07,Lost
Tamil Nadu,MAYILADUTHURAI,SRINIVASAN V,Independent,617,0.06,Lost
Tamil Nadu,MAYILADUTHURAI,DHAKSHINAMOORTHY M,Independent,535,0.05,Lost
Tamil Nadu,MAYILADUTHURAI,NOTA,None of the Above,8695,0.8,Lost
Tamil Nadu,NAGAPATTINAM,SELVARAJ V,Communist Party of India,465044,47.79,Won
Tamil Nadu,NAGAPATTINAM,DR SURSITH SANKAR G,All India Anna Dravida Munnetra Kazhagam,256087,26.32,Lost
Tamil Nadu,NAGAPATTINAM,KARTHIKA M,Naam Tamilar Katchi,131294,13.49,Lost
Tamil Nadu,NAGAPATTINAM,RAMESHGOVIND S G M,Bharatiya Janata Party,102173,10.5,Lost
Tamil Nadu,NAGAPATTINAM,VIJAYARAGAVAN N,Independent,3102,0.32,Lost
Tamil Nadu,NAGAPATTINAM,SUBRAMANIAN K,Independent,2467,0.25,Lost
Tamil Nadu,NAGAPATTINAM,JAGADEESH J BE,Bahujan Samaj Party,1806,0.19,Lost
Tamil Nadu,NAGAPATTINAM,BOOMINATHAN B,Desiya Makkal Sakthi Katchi,1050,0.11,Lost
Tamil Nadu,NAGAPATTINAM,PREM S,Independent,1070,0.11,Lost
Tamil Nadu,NAGAPATTINAM,NOTA,None of the Above,8918,0.92,Lost
Tamil Nadu,NAMAKKAL,MATHESWARAN V S,Dravida Munnetra Kazhagam,462036,40.31,Won
Tamil Nadu,NAMAKKAL,TAMILMANI S,All India Anna Dravida Munnetra Kazhagam,432924,37.77,Lost
Tamil Nadu,NAMAKKAL,DR RAMALINGAM K P,Bharatiya Janata Party,104690,9.13,Lost
Tamil Nadu,NAMAKKAL,KANIMOZHI G,Naam Tamilar Katchi,95577,8.34,Lost
Tamil Nadu,NAMAKKAL,DEEPAN CHAKKRAVARTHI S,Independent,3579,0.31,Lost
Tamil Nadu,NAMAKKAL,RAJENDRAN C,Viduthalai Kalam Katchi,2599,0.23,Lost
Tamil Nadu,NAMAKKAL,NATARAJAN M,Independent,2588,0.23,Lost
Tamil Nadu,NAMAKKAL,RAMESH T,Ahimsa Socialist Party,2421,0.21,Lost
Tamil Nadu,NAMAKKAL,EZHIL SELVAN P,Tamilaga Makkal Thannurimai Katchi,2165,0.19,Lost
Tamil Nadu,NAMAKKAL,RAMAN V,Bahujan Samaj Party,2157,0.19,Lost
Tamil Nadu,NAMAKKAL,UTHAYAKUMAR P,Independent,1901,0.17,Lost
Tamil Nadu,NAMAKKAL,KANDASAMY A M,Independent,1514,0.13,Lost
Tamil Nadu,NAMAKKAL,RAMASAMY P,Independent,1350,0.12,Lost
Tamil Nadu,NAMAKKAL,KARTHI S,Independent,1334,0.12,Lost
Tamil Nadu,NAMAKKAL,RAMESH T R,Independent,1325,0.12,Lost
Tamil Nadu,NAMAKKAL,SATHEESH G,Independent,1292,0.11,Lost
Tamil Nadu,NAMAKKAL,RAMASAMY N,Independent,1250,0.11,Lost
Tamil Nadu,NAMAKKAL,MADHESWARAN V,Independent,1147,0.1,Lost
Tamil Nadu,NAMAKKAL,DR GURUNATHAN S,Independent,1071,0.09,Lost
Tamil Nadu,NAMAKKAL,KARTHIKEYAN S,Independent,920,0.08,Lost
Tamil Nadu,NAMAKKAL,NALLATHAMBI P,Independent,770,0.07,Lost
Tamil Nadu,NAMAKKAL,EASWARAMOORTHY M,Independent,768,0.07,Lost
Tamil Nadu,NAMAKKAL,BALAJICHEZHIAN P,Independent,719,0.06,Lost
Tamil Nadu,NAMAKKAL,RAVIKUMAR P,Ganasangam Party of India,637,0.06,Lost
Tamil Nadu,NAMAKKAL,NAVEEN K,Independent,635,0.06,Lost
Tamil Nadu,NAMAKKAL,DURAIRAJ C,Independent,592,0.05,Lost
Tamil Nadu,NAMAKKAL,ARULMANI M,Independent,568,0.05,Lost
Tamil Nadu,NAMAKKAL,THIYAGARAJAN R,Samaniya Makkal Nala Katchi,528,0.05,Lost
Tamil Nadu,NAMAKKAL,VENNILA S,Independent,528,0.05,Lost
Tamil Nadu,NAMAKKAL,KALIANNAN S,Independent,497,0.04,Lost
Tamil Nadu,NAMAKKAL,KANDASAMY P,Independent,480,0.04,Lost
Tamil Nadu,NAMAKKAL,MANIKKAM S,Ulzaipali Makkal Katchy,442,0.04,Lost
Tamil Nadu,NAMAKKAL,MOORTHI J,Independent,389,0.03,Lost
Tamil Nadu,NAMAKKAL,TAMILMANI A,Independent,354,0.03,Lost
Tamil Nadu,NAMAKKAL,SELVARAJ K R,Independent,303,0.03,Lost
Tamil Nadu,NAMAKKAL,SAKTHIVEL S,Independent,299,0.03,Lost
Tamil Nadu,NAMAKKAL,NETAJIKAVIARASU V,Independent,288,0.03,Lost
Tamil Nadu,NAMAKKAL,SIVAKUMAR V,Independent,246,0.02,Lost
Tamil Nadu,NAMAKKAL,MOORTHY V,Independent,222,0.02,Lost
Tamil Nadu,NAMAKKAL,GOPAL P,Independent,214,0.02,Lost
Tamil Nadu,NAMAKKAL,NOTA,None of the Above,12984,1.13,Lost
Tamil Nadu,NILGIRIS,RAJA A,Dravida Munnetra Kazhagam,473212,46.44,Won
Tamil Nadu,NILGIRIS,DR MURUGAN L,Bharatiya Janata Party,232627,22.83,Lost
Tamil Nadu,NILGIRIS,LOGESH TAMILSELVAN D,All India Anna Dravida Munnetra Kazhagam,220230,21.61,Lost
Tamil Nadu,NILGIRIS,JAYAKUMAR A,Naam Tamilar Katchi,58821,5.77,Lost
Tamil Nadu,NILGIRIS,VIJAYAKUMAR D,Independent,4808,0.47,Lost
Tamil Nadu,NILGIRIS,GANESHAMOORTHI A,Bahujan Samaj Party,3033,0.3,Lost
Tamil Nadu,NILGIRIS,BADRAN M,Ganasangam Party of India,2425,0.24,Lost
Tamil Nadu,NILGIRIS,SELVAN N,Independent,2054,0.2,Lost
Tamil Nadu,NILGIRIS,DHANABAL R,Independent,1928,0.19,Lost
Tamil Nadu,NILGIRIS,JAYANTHI M,Ambedkarite Party of India,1556,0.15,Lost
Tamil Nadu,NILGIRIS,MURUGAN Y,Independent,1413,0.14,Lost
Tamil Nadu,NILGIRIS,MURUGESAN,Independent,1059,0.1,Lost
Tamil Nadu,NILGIRIS,MALARMANNAN M,Samaniya Makkal Nala Katchi,820,0.08,Lost
Tamil Nadu,NILGIRIS,SATHISH M,Independent,740,0.07,Lost
Tamil Nadu,NILGIRIS,KRISHNA KUMAR,Independent,615,0.06,Lost
Tamil Nadu,NILGIRIS,ANBHUGURU V,Independent,565,0.06,Lost
Tamil Nadu,NILGIRIS,NOTA,None of the Above,13000,1.28,Lost
Tamil Nadu,PERAMBALUR,ARUN NEHRU,Dravida Munnetra Kazhagam,603209,53.42,Won
Tamil Nadu,PERAMBALUR,CHANDRAMOHAN N D,All India Anna Dravida Munnetra Kazhagam,214102,18.96,Lost
Tamil Nadu,PERAMBALUR,PAARIVENDHAR T R,Bharatiya Janata Party,161866,14.33,Lost
Tamil Nadu,PERAMBALUR,THENMOZHI R,Naam Tamilar Katchi,113092,10.02,Lost
Tamil Nadu,PERAMBALUR,MANI S,Independent,3951,0.35,Lost
Tamil Nadu,PERAMBALUR,MADHU R,Independent,3508,0.31,Lost
Tamil Nadu,PERAMBALUR,RENGARAJ S,Independent,3273,0.29,Lost
Tamil Nadu,PERAMBALUR,ELANGOVAN R,Bahujan Samaj Party,3059,0.27,Lost
Tamil Nadu,PERAMBALUR,VASUDEVAN A,Independent,1362,0.12,Lost
Tamil Nadu,PERAMBALUR,ARUN NEHRU,Independent,1299,0.12,Lost
Tamil Nadu,PERAMBALUR,LAKSHMANAN,Independent,1087,0.1,Lost
Tamil Nadu,PERAMBALUR,PARY T,Independent,1081,0.1,Lost
Tamil Nadu,PERAMBALUR,ANANDARAJU R,Independent,1015,0.09,Lost
Tamil Nadu,PERAMBALUR,JAYAKUMAR K,Samaniya Makkal Nala Katchi,1006,0.09,Lost
Tamil Nadu,PERAMBALUR,TAMILSELVAN M,Independent,878,0.08,Lost
Tamil Nadu,PERAMBALUR,THANGAMANI K,Independent,873,0.08,Lost
Tamil Nadu,PERAMBALUR,P K AMMAN G SIVAKUMAR,Independent,755,0.07,Lost
Tamil Nadu,PERAMBALUR,EBINESAN M,Independent,748,0.07,Lost
Tamil Nadu,PERAMBALUR,MURUGANANTHAM T,Independent,733,0.06,Lost
Tamil Nadu,PERAMBALUR,SUDHAKAR S,Independent,555,0.05,Lost
Tamil Nadu,PERAMBALUR,SAMBATH D,Independent,532,0.05,Lost
Tamil Nadu,PERAMBALUR,MUTHUKUMAR,Independent,469,0.04,Lost
Tamil Nadu,PERAMBALUR,VEERAMALAI K,Independent,451,0.04,Lost
Tamil Nadu,PERAMBALUR,NOTA,None of the Above,10322,0.91,Lost
Tamil Nadu,POLLACHI,ESWARASAMY K,Dravida Munnetra Kazhagam,533377,47.37,Won
Tamil Nadu,POLLACHI,KARTHIKEYAN A,All India Anna Dravida Munnetra Kazhagam,281335,24.98,Lost
Tamil Nadu,POLLACHI,VASANTHARAJAN K,Bharatiya Janata Party,223354,19.84,Lost
Tamil Nadu,POLLACHI,SURESHKUMAR N,Naam Tamilar Katchi,58196,5.17,Lost
Tamil Nadu,POLLACHI,PRAKASH P,Independent,2851,0.25,Lost
Tamil Nadu,POLLACHI,BENJAMINKIRUBAKARAN J,Bahujan Samaj Party,2284,0.2,Lost
Tamil Nadu,POLLACHI,VASANTHAKUMAR T,Independent,2190,0.19,Lost
Tamil Nadu,POLLACHI,RAMASAMY K,Independent,1825,0.16,Lost
Tamil Nadu,POLLACHI,ESWARASAMY K,Independent,1790,0.16,Lost
Tamil Nadu,POLLACHI,GOPALAKRISHNAN M,New Generation People’s Party,1133,0.1,Lost
Tamil Nadu,POLLACHI,KALIMUTHU S,Independent,981,0.09,Lost
Tamil Nadu,POLLACHI,KARTHIKEYAN D,Independent,619,0.05,Lost
Tamil Nadu,POLLACHI,NOOR MUHAMAD A,Independent,605,0.05,Lost
Tamil Nadu,POLLACHI,KARTHIKEYAN P,Independent,567,0.05,Lost
Tamil Nadu,POLLACHI,KARTHIKEYAN D,Independent,435,0.04,Lost
Tamil Nadu,POLLACHI,NOTA,None of the Above,14503,1.29,Lost
Tamil Nadu,RAMANATHAPURAM,NAVASKANI K,Indian Union Muslim League,509664,45.92,Won
Tamil Nadu,RAMANATHAPURAM,PANNEERSELVAM O S/O OTTAKARATHEVAR,Independent,342882,30.89,Lost
Tamil Nadu,RAMANATHAPURAM,JEYAPERUMAL P,All India Anna Dravida Munnetra Kazhagam,99780,8.99,Lost
Tamil Nadu,RAMANATHAPURAM,DR CHANDRA PRABHA JEYAPAL,Naam Tamilar Katchi,97672,8.8,Lost
Tamil Nadu,RAMANATHAPURAM,MUVITH KUMAR N,Independent,7919,0.71,Lost
Tamil Nadu,RAMANATHAPURAM,SENTHILMALLAR K,Independent,6827,0.62,Lost
Tamil Nadu,RAMANATHAPURAM,SIVASHANKAR N,Independent,6593,0.59,Lost
Tamil Nadu,RAMANATHAPURAM,KANNADHASAN R,Independent,3502,0.32,Lost
Tamil Nadu,RAMANATHAPURAM,SELVARAJ G,Puthiya Makkal Tamil Desam Katchi,2957,0.27,Lost
Tamil Nadu,RAMANATHAPURAM,PANNEERSELVAM O S/O OCHAPPAN,Independent,2981,0.27,Lost
Tamil Nadu,RAMANATHAPURAM,PANCHAVARNAM V,Independent,2572,0.23,Lost
Tamil Nadu,RAMANATHAPURAM,PARIRAJAN C,Veerath Thiyagi Viswanathadoss Thozhilalarkal Katchi,2497,0.22,Lost
Tamil Nadu,RAMANATHAPURAM,PANNIR SELVAM M  S/O MALAIYANDI,Independent,2402,0.22,Lost
Tamil Nadu,RAMANATHAPURAM,NAWASKHAN,Independent,2323,0.21,Lost
Tamil Nadu,RAMANATHAPURAM,SIVANANDAM N,Bahujan Samaj Party,2014,0.18,Lost
Tamil Nadu,RAMANATHAPURAM,PANNEERSELVAM O  S/O  OYYADEVAR,Independent,1929,0.17,Lost
Tamil Nadu,RAMANATHAPURAM,ABUBAKKAR SITHICK J,Desiya Makkal Sakthi Katchi,1518,0.14,Lost
Tamil Nadu,RAMANATHAPURAM,MANIVASAGAM S,Bahujan Dravida Party,1403,0.13,Lost
Tamil Nadu,RAMANATHAPURAM,PANNEERSELVAM O S/O  OYYARAM,Independent,1376,0.12,Lost
Tamil Nadu,RAMANATHAPURAM,SALEEM,Independent,974,0.09,Lost
Tamil Nadu,RAMANATHAPURAM,SASIKANI K,Independent,899,0.08,Lost
Tamil Nadu,RAMANATHAPURAM,SATHURAGIRI K,Independent,827,0.07,Lost
Tamil Nadu,RAMANATHAPURAM,SIKKANDAR B,Independent,823,0.07,Lost
Tamil Nadu,RAMANATHAPURAM,VIGNESH V,Independent,652,0.06,Lost
Tamil Nadu,RAMANATHAPURAM,PANNERSELVAM O  S/O  OCHATTHEVAR,Independent,572,0.05,Lost
Tamil Nadu,RAMANATHAPURAM,NOTA,None of the Above,6295,0.57,Lost
Tamil Nadu,SALEM,SELVAGANAPATHI T M,Dravida Munnetra Kazhagam,566085,43.38,Won
Tamil Nadu,SALEM,VIGNESH P,All India Anna Dravida Munnetra Kazhagam,495728,37.99,Lost
Tamil Nadu,SALEM,ANNADURAI N,Pattali Makkal Katchi,127139,9.74,Lost
Tamil Nadu,SALEM,DR MANOJKUMAR G,Naam Tamilar Katchi,76207,5.84,Lost
Tamil Nadu,SALEM,BHALAJI M,Independent,3441,0.26,Lost
Tamil Nadu,SALEM,MURALI S,Bahujan Samaj Party,3372,0.26,Lost
Tamil Nadu,SALEM,PALANIVEL K,Independent,2856,0.22,Lost
Tamil Nadu,SALEM,JEGANNATHAN A,Independent,2411,0.18,Lost
Tamil Nadu,SALEM,RAJA S,Independent,1456,0.11,Lost
Tamil Nadu,SALEM,MUTHUSAMY S,Independent,1197,0.09,Lost
Tamil Nadu,SALEM,ER PRABAKARAN S,Independent,1155,0.09,Lost
Tamil Nadu,SALEM,SHANMUGAM G,Independent,1147,0.09,Lost
Tamil Nadu,SALEM,SANTHALINGAM C,Independent,1098,0.08,Lost
Tamil Nadu,SALEM,SUTHARSANAM S,Aravor Munnetra Kazhagam,1036,0.08,Lost
Tamil Nadu,SALEM,AMBEDKAR C,Ambedkarite Party of India,961,0.07,Lost
Tamil Nadu,SALEM,RAMACHANDRAN C,Dhesiya Makkal Kazhagam,758,0.06,Lost
Tamil Nadu,SALEM,GOVINDHAN A,Independent,693,0.05,Lost
Tamil Nadu,SALEM,MANICKAM R,Ulzaipali Makkal Katchy,537,0.04,Lost
Tamil Nadu,SALEM,AHAMED SHAHJAHAN M,Independent,466,0.04,Lost
Tamil Nadu,SALEM,INTHRAJITHKUPTHA G,Independent,432,0.03,Lost
Tamil Nadu,SALEM,RAMASUNDARAM D,Independent,422,0.03,Lost
Tamil Nadu,SALEM,KARUNAKARAN M,Independent,377,0.03,Lost
Tamil Nadu,SALEM,RAJA A,Independent,332,0.03,Lost
Tamil Nadu,SALEM,VIGNESH M,Independent,328,0.03,Lost
Tamil Nadu,SALEM,JOTHILINGAM M,Independent,316,0.02,Lost
Tamil Nadu,SALEM,NOTA,None of the Above,14894,1.14,Lost
Tamil Nadu,SIVAGANGA,KARTI P CHIDAMBARAM,Indian National Congress,427677,40.6,Won
Tamil Nadu,SIVAGANGA,XAVIERDASS A,All India Anna Dravida Munnetra Kazhagam,222013,21.08,Lost
Tamil Nadu,SIVAGANGA,DHEVANATHAN YADAV T,Bharatiya Janata Party,195788,18.59,Lost
Tamil Nadu,SIVAGANGA,EZHILARASI,Naam Tamilar Katchi,163412,15.51,Lost
Tamil Nadu,SIVAGANGA,DHANALAKSHMI M,Independent,8512,0.81,Lost
Tamil Nadu,SIVAGANGA,GOVINDHARAJU M.G,Independent,4241,0.4,Lost
Tamil Nadu,SIVAGANGA,NAGARAJAN  KR,Independent,3696,0.35,Lost
Tamil Nadu,SIVAGANGA,PALANIYAPPAN  R,Independent,3427,0.33,Lost
Tamil Nadu,SIVAGANGA,RANJITHKUMAR BALUSWAMY,Bahujan Samaj Party,3171,0.3,Lost
Tamil Nadu,SIVAGANGA,BASKARAN S,Independent,2194,0.21,Lost
Tamil Nadu,SIVAGANGA,KALAISELVAM K,Independent,1663,0.16,Lost
Tamil Nadu,SIVAGANGA,MALAISAMY K,Independent,1527,0.14,Lost
Tamil Nadu,SIVAGANGA,SEKAR  A,Independent,1292,0.12,Lost
Tamil Nadu,SIVAGANGA,SELVARAJ P,Independent,1111,0.11,Lost
Tamil Nadu,SIVAGANGA,THILLAIVASAGAM   M,Vidiyalai Thedum Indhiyargal Party,1073,0.1,Lost
Tamil Nadu,SIVAGANGA,ASHOK KUMAR K,Independent,1034,0.1,Lost
Tamil Nadu,SIVAGANGA,KARTHICK  C,Independent,981,0.09,Lost
Tamil Nadu,SIVAGANGA,MUTHARASU PANDIYAN  V,Independent,828,0.08,Lost
Tamil Nadu,SIVAGANGA,KALAIRAJA  B,Independent,819,0.08,Lost
Tamil Nadu,SIVAGANGA,KARTHIKAIRAJAN  P,Independent,771,0.07,Lost
Tamil Nadu,SIVAGANGA,NOTA,None of the Above,8189,0.78,Lost
Tamil Nadu,SRIPERUMBUDUR,T R BAALU,Dravida Munnetra Kazhagam,758611,52.65,Won
Tamil Nadu,SRIPERUMBUDUR,G PREMKUMAR,All India Anna Dravida Munnetra Kazhagam,271582,18.85,Lost
Tamil Nadu,SRIPERUMBUDUR,V N VENUGOPAL,Tamil Maanila Congress  (Moopanar),210110,14.58,Lost
Tamil Nadu,SRIPERUMBUDUR,V RAVICHANDRAN,Naam Tamilar Katchi,140233,9.73,Lost
Tamil Nadu,SRIPERUMBUDUR,K PRABAKARAN,Bahujan Samaj Party,8189,0.57,Lost
Tamil Nadu,SRIPERUMBUDUR,M S ARUMUGAM,Independent,3699,0.26,Lost
Tamil Nadu,SRIPERUMBUDUR,V SUDHAVALLI,Aravor Munnetra Kazhagam,3694,0.26,Lost
Tamil Nadu,SRIPERUMBUDUR,S AMBETHKUMAR,Mahathma Makkal Munnetra Kazhakam,2220,0.15,Lost
Tamil Nadu,SRIPERUMBUDUR,M ASHOK KUMAR,Independent,1704,0.12,Lost
Tamil Nadu,SRIPERUMBUDUR,S SIVAKUMAR,Veerath Thiyagi Viswanathadoss Thozhilalarkal Katchi,1352,0.09,Lost
Tamil Nadu,SRIPERUMBUDUR,AYODHI LAKSHMANAN,Independent,1259,0.09,Lost
Tamil Nadu,SRIPERUMBUDUR,S CHITTIBABU,Naadaalum Makkal Katchi,1241,0.09,Lost
Tamil Nadu,SRIPERUMBUDUR,C ARAVIND,Desiya Makkal Sakthi Katchi,970,0.07,Lost
Tamil Nadu,SRIPERUMBUDUR,GOPI DEEPAK,Independent,883,0.06,Lost
Tamil Nadu,SRIPERUMBUDUR,KARTHIK KUMAR P C,Independent,867,0.06,Lost
Tamil Nadu,SRIPERUMBUDUR,J MOHANRAJ,Jebamani Janata,822,0.06,Lost
Tamil Nadu,SRIPERUMBUDUR,DR S PRAVEEN,Independent,799,0.06,Lost
Tamil Nadu,SRIPERUMBUDUR,I MOHAMED YASEEN,Thakkam Katchi,669,0.05,Lost
Tamil Nadu,SRIPERUMBUDUR,K PALANIYAPPAN,Tamizhaga Murpokku Makkal Katchi,617,0.04,Lost
Tamil Nadu,SRIPERUMBUDUR,S PRABHU,Independent,514,0.04,Lost
Tamil Nadu,SRIPERUMBUDUR,P BASKARAN,Independent,494,0.03,Lost
Tamil Nadu,SRIPERUMBUDUR,P HARIDAS,Independent,460,0.03,Lost
Tamil Nadu,SRIPERUMBUDUR,C A JAYARAMAN,Independent,447,0.03,Lost
Tamil Nadu,SRIPERUMBUDUR,G RAMKUMAR,Independent,426,0.03,Lost
Tamil Nadu,SRIPERUMBUDUR,N MANIKKAM,Independent,403,0.03,Lost
Tamil Nadu,SRIPERUMBUDUR,M PREMKUMAR,Independent,394,0.03,Lost
Tamil Nadu,SRIPERUMBUDUR,S MUNIKUMAR,Samaniya Makkal Nala Katchi,394,0.03,Lost
Tamil Nadu,SRIPERUMBUDUR,M SARAVANAN,Independent,385,0.03,Lost
Tamil Nadu,SRIPERUMBUDUR,A JINNA MOHAMMED,Independent,388,0.03,Lost
Tamil Nadu,SRIPERUMBUDUR,S SIVARAMAN,Independent,343,0.02,Lost
Tamil Nadu,SRIPERUMBUDUR,C PREMKUMAR,Independent,316,0.02,Lost
Tamil Nadu,SRIPERUMBUDUR,NOTA,None of the Above,26450,1.84,Lost
Tamil Nadu,TENKASI,DR RANI SRI KUMAR,Dravida Munnetra Kazhagam,425679,40.97,Won
Tamil Nadu,TENKASI,DR K KRISHNASAMY,All India Anna Dravida Munnetra Kazhagam,229480,22.08,Lost
Tamil Nadu,TENKASI,B JOHN PANDIAN,Bharatiya Janata Party,208825,20.1,Lost
Tamil Nadu,TENKASI,ESAI MATHIVANAN,Naam Tamilar Katchi,130335,12.54,Lost
Tamil Nadu,TENKASI,KARPAGAVALLI P,Independent,6314,0.61,Lost
Tamil Nadu,TENKASI,T MAHESHKUMAR,Bahujan Samaj Party,3554,0.34,Lost
Tamil Nadu,TENKASI,RAMASAMY P,Viro Ke Vir Indian Party,3412,0.33,Lost
Tamil Nadu,TENKASI,M MANMATHAN,Independent,3278,0.32,Lost
Tamil Nadu,TENKASI,A SEETHA,Bahujan Dravida Party,2476,0.24,Lost
Tamil Nadu,TENKASI,KRISHNASAMY,Independent,1833,0.18,Lost
Tamil Nadu,TENKASI,M UMAMAHESWARI,Desiya Makkal Sakthi Katchi,1655,0.16,Lost
Tamil Nadu,TENKASI,A MUTHAIAH,Independent,1457,0.14,Lost
Tamil Nadu,TENKASI,P KRISHNASAMY,Independent,1350,0.13,Lost
Tamil Nadu,TENKASI,ARUMUGASWAMI M,Independent,1313,0.13,Lost
Tamil Nadu,TENKASI,RAJA SEKAR,Independent,993,0.1,Lost
Tamil Nadu,TENKASI,NOTA,None of the Above,17165,1.65,Lost
Tamil Nadu,THANJAVUR,MURASOLI S,Dravida Munnetra Kazhagam,502245,48.82,Won
Tamil Nadu,THANJAVUR,SIVANESAN P,Desiya Murpokku Dravida Kazhagam,182662,17.76,Lost
Tamil Nadu,THANJAVUR,MURUGANANTHAM M,Bharatiya Janata Party,170613,16.59,Lost
Tamil Nadu,THANJAVUR,HUMAYUN KABIR,Naam Tamilar Katchi,120293,11.69,Lost
Tamil Nadu,THANJAVUR,RENGASAMY C,Independent,18191,1.77,Lost
Tamil Nadu,THANJAVUR,SARAVANAN M,Independent,6795,0.66,Lost
Tamil Nadu,THANJAVUR,SENTHIL KUMAR N,Independent,4158,0.4,Lost
Tamil Nadu,THANJAVUR,EZHILARASAN S,Independent,3851,0.37,Lost
Tamil Nadu,THANJAVUR,JAYABAL A,Bahujan Samaj Party,2410,0.23,Lost
Tamil Nadu,THANJAVUR,SANTHOSH M,Independent,1992,0.19,Lost
Tamil Nadu,THANJAVUR,ER ARJUN S,Independent,1446,0.14,Lost
Tamil Nadu,THANJAVUR,KARIKALA CHOLAN S,Independent,1217,0.12,Lost
Tamil Nadu,THANJAVUR,NOTA,None of the Above,12833,1.25,Lost
Tamil Nadu,THENI,THANGA TAMILSELVAN,Dravida Munnetra Kazhagam,571493,50.08,Won
Tamil Nadu,THENI,TTV DHINAKARAN,Amma Makkal Munnettra Kazagam,292668,25.65,Lost
Tamil Nadu,THENI,NARAYANASAMY V T,All India Anna Dravida Munnetra Kazhagam,155587,13.63,Lost
Tamil Nadu,THENI,MADHAN,Naam Tamilar Katchi,76834,6.73,Lost
Tamil Nadu,THENI,PRAKASH P,Independent,6298,0.55,Lost
Tamil Nadu,THENI,PANDIKUMAR S,Independent,3967,0.35,Lost
Tamil Nadu,THENI,AJEETHKUMAR S,Independent,3006,0.26,Lost
Tamil Nadu,THENI,PARAMASIVAN S,Independent,2866,0.25,Lost
Tamil Nadu,THENI,PARTHIBAN G,Independent,2277,0.2,Lost
Tamil Nadu,THENI,JEEVA M,Bahujan Samaj Party,2222,0.19,Lost
Tamil Nadu,THENI,CHARCHIL DURAI P,Humanity for Peace Party,1935,0.17,Lost
Tamil Nadu,THENI,PREMA S,Independent,1232,0.11,Lost
Tamil Nadu,THENI,MANIKANDAN R,Independent,1201,0.11,Lost
Tamil Nadu,THENI,REVATHI K,Independent,1128,0.1,Lost
Tamil Nadu,THENI,MUDIYARASU,All India Youth Development Party,1094,0.1,Lost
Tamil Nadu,THENI,THIAGARAJAN O V,Independent,932,0.08,Lost
Tamil Nadu,THENI,VASANTHA SARAVANAN,Independent,805,0.07,Lost
Tamil Nadu,THENI,VIJAYAN K,Independent,667,0.06,Lost
Tamil Nadu,THENI,SETHUPATHI G,Independent,617,0.05,Lost
Tamil Nadu,THENI,JOHNGILBERTRAJ,Independent,603,0.05,Lost
Tamil Nadu,THENI,AATHIMUTHUKUMAR M,Independent,592,0.05,Lost
Tamil Nadu,THENI,MUTHUKUMAR,Independent,543,0.05,Lost
Tamil Nadu,THENI,HARIKRISHNAKUMAR R,Independent,486,0.04,Lost
Tamil Nadu,THENI,SATHEESH KUMAR A,Independent,453,0.04,Lost
Tamil Nadu,THENI,KUMAR,Independent,377,0.03,Lost
Tamil Nadu,THENI,NOTA,None of the Above,11336,0.99,Lost
Tamil Nadu,THOOTHUKKUDI,KANIMOZHI KARUNANIDHI,Dravida Munnetra Kazhagam,540729,55.26,Won
Tamil Nadu,THOOTHUKKUDI,SIVASAMY VELUMANI R,All India Anna Dravida Munnetra Kazhagam,147991,15.12,Lost
Tamil Nadu,THOOTHUKKUDI,VIJAYASEELAN SDR,Tamil Maanila Congress  (Moopanar),122380,12.51,Lost
Tamil Nadu,THOOTHUKKUDI,ROWENA RUTH JANE J,Naam Tamilar Katchi,120300,12.29,Lost
Tamil Nadu,THOOTHUKKUDI,RAJHA N P,Naam Indiar Party,6640,0.68,Lost
Tamil Nadu,THOOTHUKKUDI,ARUNADEVI R,Independent,6072,0.62,Lost
Tamil Nadu,THOOTHUKKUDI,CHITHIRAI JEGAN S,Independent,3640,0.37,Lost
Tamil Nadu,THOOTHUKKUDI,SIVANESWARAN J,Independent,3376,0.35,Lost
Tamil Nadu,THOOTHUKKUDI,SAMUEL T,Independent,2245,0.23,Lost
Tamil Nadu,THOOTHUKKUDI,MANIKKARAJ A,Bahujan Samaj Party,2195,0.22,Lost
Tamil Nadu,THOOTHUKKUDI,AASIRIYAR SHANMUGA SUNDARAM K,Independent,1839,0.19,Lost
Tamil Nadu,THOOTHUKKUDI,KALEERMURUGAPAVENTHAN R,Makkal Nalvaazhvuk Katchi,1792,0.18,Lost
Tamil Nadu,THOOTHUKKUDI,PONKUMARAN T P S,Independent,897,0.09,Lost
Tamil Nadu,THOOTHUKKUDI,JEYAKUMAR C,Independent,829,0.08,Lost
Tamil Nadu,THOOTHUKKUDI,GANDHIMALLAR S M,Independent,805,0.08,Lost
Tamil Nadu,THOOTHUKKUDI,BISHOP DR GODFREY NOBLE,Aanaithinthiya Jananayaka Pathukappu Kazhagam,769,0.08,Lost
Tamil Nadu,THOOTHUKKUDI,PERUMALKUMAR P,Puthiya Makkal Tamil Desam Katchi,739,0.08,Lost
Tamil Nadu,THOOTHUKKUDI,ESAKKIMUTHU V,Independent,710,0.07,Lost
Tamil Nadu,THOOTHUKKUDI,KANNAN G,Independent,689,0.07,Lost
Tamil Nadu,THOOTHUKKUDI,DAVID JEBASEELAN J,Independent,663,0.07,Lost
Tamil Nadu,THOOTHUKKUDI,SUDALAIMUTHU P,Independent,578,0.06,Lost
Tamil Nadu,THOOTHUKKUDI,KRISHNAN S,Independent,480,0.05,Lost
Tamil Nadu,THOOTHUKKUDI,RADHAKRISHNAN V G,Independent,461,0.05,Lost
Tamil Nadu,THOOTHUKKUDI,JAMES P,Independent,444,0.05,Lost
Tamil Nadu,THOOTHUKKUDI,PONRAJ K,Independent,429,0.04,Lost
Tamil Nadu,THOOTHUKKUDI,PRASANNA KUMAR M,Independent,396,0.04,Lost
Tamil Nadu,THOOTHUKKUDI,SELVAMUTHUKUMAR M,Independent,341,0.03,Lost
Tamil Nadu,THOOTHUKKUDI,SENTHIL KUMAR S,Independent,291,0.03,Lost
Tamil Nadu,THOOTHUKKUDI,NOTA,None of the Above,9806,1,Lost
Tamil Nadu,TIRUCHIRAPPALLI,DURAI VAIKO,Marumalarchi Dravida Munnetra Kazhagam,542213,51.35,Won
Tamil Nadu,TIRUCHIRAPPALLI,KARUPPAIAH. P,All India Anna Dravida Munnetra Kazhagam,229119,21.7,Lost
Tamil Nadu,TIRUCHIRAPPALLI,RAJESSH. T,Naam Tamilar Katchi,107458,10.18,Lost
Tamil Nadu,TIRUCHIRAPPALLI,SENTHILNATHAN. P,Amma Makkal Munnettra Kazagam,100747,9.54,Lost
Tamil Nadu,TIRUCHIRAPPALLI,SELVARAJ. S,Independent,14796,1.4,Lost
Tamil Nadu,TIRUCHIRAPPALLI,DAMODARAN. S,Independent,5166,0.49,Lost
Tamil Nadu,TIRUCHIRAPPALLI,ALLIMUTHU. M,Bahujan Samaj Party,4431,0.42,Lost
Tamil Nadu,TIRUCHIRAPPALLI,RAJENDRAN. S,Independent,3499,0.33,Lost
Tamil Nadu,TIRUCHIRAPPALLI,JEEVANANTHAM. M,Independent,2952,0.28,Lost
Tamil Nadu,TIRUCHIRAPPALLI,SAKTHIVEL,Anna Puratchi Thalaivar Amma Dravida Munnetra Kazhagam,2646,0.25,Lost
Tamil Nadu,TIRUCHIRAPPALLI,KARUPPIAH. S,Independent,2171,0.21,Lost
Tamil Nadu,TIRUCHIRAPPALLI,BACKIYARAJ VELLAISAMY,Naadaalum Makkal Katchi,2283,0.22,Lost
Tamil Nadu,TIRUCHIRAPPALLI,SATHIS KUMAR. S,Independent,2052,0.19,Lost
Tamil Nadu,TIRUCHIRAPPALLI,KAVITHA. S,Independent,1736,0.16,Lost
Tamil Nadu,TIRUCHIRAPPALLI,NAGARAJAN. M,Independent,1664,0.16,Lost
Tamil Nadu,TIRUCHIRAPPALLI,GOVINDARASU. P,Independent,1566,0.15,Lost
Tamil Nadu,TIRUCHIRAPPALLI,ANBIN AMUDHAN. R,Independent,1498,0.14,Lost
Tamil Nadu,TIRUCHIRAPPALLI,DURAIRAJ. A,Independent,1463,0.14,Lost
Tamil Nadu,TIRUCHIRAPPALLI,SASIKUMAR. P,Independent,1352,0.13,Lost
Tamil Nadu,TIRUCHIRAPPALLI,PANNEERSELVAM. P,Independent,1263,0.12,Lost
Tamil Nadu,TIRUCHIRAPPALLI,DURAI. S,Independent,1202,0.11,Lost
Tamil Nadu,TIRUCHIRAPPALLI,ANAND SELVARAJ,Independent,1178,0.11,Lost
Tamil Nadu,TIRUCHIRAPPALLI,SANKAR. R,Independent,1166,0.11,Lost
Tamil Nadu,TIRUCHIRAPPALLI,AMBIVENKATESAN,Independent,978,0.09,Lost
Tamil Nadu,TIRUCHIRAPPALLI,DURAI. T,Independent,880,0.08,Lost
Tamil Nadu,TIRUCHIRAPPALLI,SATHYAMURTHY. T,Independent,834,0.08,Lost
Tamil Nadu,TIRUCHIRAPPALLI,VIJAYAKUMAR. P,Independent,802,0.08,Lost
Tamil Nadu,TIRUCHIRAPPALLI,PERIYASAMY. V,Independent,774,0.07,Lost
Tamil Nadu,TIRUCHIRAPPALLI,AKILA. M,Independent,747,0.07,Lost
Tamil Nadu,TIRUCHIRAPPALLI,ROJA RAMANI. S,Anna MGR Dravida Makkal Kalgam,777,0.07,Lost
Tamil Nadu,TIRUCHIRAPPALLI,RAJENDRAN. P,Independent,675,0.06,Lost
Tamil Nadu,TIRUCHIRAPPALLI,MANIKANDARAJ. S,Independent,608,0.06,Lost
Tamil Nadu,TIRUCHIRAPPALLI,MURUGESAN. P,Independent,497,0.05,Lost
Tamil Nadu,TIRUCHIRAPPALLI,JOSEPH. L,Samaniya Makkal Nala Katchi,491,0.05,Lost
Tamil Nadu,TIRUCHIRAPPALLI,MUTHURAJA. T,Independent,431,0.04,Lost
Tamil Nadu,TIRUCHIRAPPALLI,NOTA,None of the Above,13849,1.31,Lost
Tamil Nadu,TIRUNELVELI,ROBERT BRUCE C,Indian National Congress,502296,47.06,Won
Tamil Nadu,TIRUNELVELI,NAINAR NAGENTHRAN,Bharatiya Janata Party,336676,31.54,Lost
Tamil Nadu,TIRUNELVELI,JANSI RANI M,All India Anna Dravida Munnetra Kazhagam,89601,8.39,Lost
Tamil Nadu,TIRUNELVELI,SATHYA,Naam Tamilar Katchi,87686,8.21,Lost
Tamil Nadu,TIRUNELVELI,POTTAL SUNDARA MUNISWARAN,Independent,19852,1.86,Lost
Tamil Nadu,TIRUNELVELI,ATHISAYAM V,Independent,3781,0.35,Lost
Tamil Nadu,TIRUNELVELI,BALASUBRAMANIAN,Bahujan Samaj Party,2067,0.19,Lost
Tamil Nadu,TIRUNELVELI,CHINNA MAHARAJA K,Independent,1895,0.18,Lost
Tamil Nadu,TIRUNELVELI,DAVID M,Independent,1836,0.17,Lost
Tamil Nadu,TIRUNELVELI,SAMUEL LAWRENCE PONNIAH,Independent,1497,0.14,Lost
Tamil Nadu,TIRUNELVELI,BISHOP DR GODFREY WASHINGTON NOBLE,Aanaithinthiya Jananayaka Pathukappu Kazhagam,1475,0.14,Lost
Tamil Nadu,TIRUNELVELI,LENIN K,Independent,1450,0.14,Lost
Tamil Nadu,TIRUNELVELI,CHANDRAN M,Veerath Thiyagi Viswanathadoss Thozhilalarkal Katchi,1413,0.13,Lost
Tamil Nadu,TIRUNELVELI,SELVA KUMAR S,Bahujan Dravida Party,1346,0.13,Lost
Tamil Nadu,TIRUNELVELI,KUMAR V,Puthiya Makkal Tamil Desam Katchi,1072,0.1,Lost
Tamil Nadu,TIRUNELVELI,MUTHURAMAN A,Aravor Munnetra Kazhagam,1048,0.1,Lost
Tamil Nadu,TIRUNELVELI,THALAPATHY MURUGAN M,Independent,917,0.09,Lost
Tamil Nadu,TIRUNELVELI,SIVARAM K,Independent,875,0.08,Lost
Tamil Nadu,TIRUNELVELI,RAMAKRISHNAN N,Nam India Naam Indiyar Katchi,790,0.07,Lost
Tamil Nadu,TIRUNELVELI,SURESH,Independent,788,0.07,Lost
Tamil Nadu,TIRUNELVELI,DR RAJENDRA RETNAM K,Independent,689,0.06,Lost
Tamil Nadu,TIRUNELVELI,SEVAL KANNAN B ADVOCATE,Independent,636,0.06,Lost
Tamil Nadu,TIRUNELVELI,RAGHAVAN C M,Independent,366,0.03,Lost
Tamil Nadu,TIRUNELVELI,NOTA,None of the Above,7396,0.69,Lost
Tamil Nadu,TIRUPPUR,"SUBBARAYAN, K.",Communist Party of India,472739,41.38,Won
Tamil Nadu,TIRUPPUR,"ARUNACHALAM, P.",All India Anna Dravida Munnetra Kazhagam,346811,30.35,Lost
Tamil Nadu,TIRUPPUR,"MURUGANANDAM, A.P.",Bharatiya Janata Party,185322,16.22,Lost
Tamil Nadu,TIRUPPUR,"SEETHALAKSHMI, M.K.",Naam Tamilar Katchi,95726,8.38,Lost
Tamil Nadu,TIRUPPUR,"VELUSAMY, A.",Independent,7125,0.62,Lost
Tamil Nadu,TIRUPPUR,"PALANI, V.",Bahujan Samaj Party,6054,0.53,Lost
Tamil Nadu,TIRUPPUR,"SATHISHKUMAR, N.",Independent,2336,0.2,Lost
Tamil Nadu,TIRUPPUR,"JANARTHANAM, P.",Tamilaga Makkal Thannurimai Katchi,1868,0.16,Lost
Tamil Nadu,TIRUPPUR,"KANNAN, M.",Independent,1765,0.15,Lost
Tamil Nadu,TIRUPPUR,"SENGUTTUVAN, M.R.",Independent,1567,0.14,Lost
Tamil Nadu,TIRUPPUR,"SUBRAMANI, N.",Independent,1350,0.12,Lost
Tamil Nadu,TIRUPPUR,"MALARVIZHI, G.",Rashtriya Samaj Paksha,1325,0.12,Lost
Tamil Nadu,TIRUPPUR,"KARTHIKEYAN, P.",Independent,824,0.07,Lost
Tamil Nadu,TIRUPPUR,NOTA,None of the Above,17737,1.55,Lost
Tamil Nadu,TIRUVALLUR,Sasikanth Senthil,Indian National Congress,796956,56.21,Won
Tamil Nadu,TIRUVALLUR,"Balaganapathy, V. Pon",Bharatiya Janata Party,224801,15.86,Lost
Tamil Nadu,TIRUVALLUR,"Nallathambi, K.",Desiya Murpokku Dravida Kazhagam,223904,15.79,Lost
Tamil Nadu,TIRUVALLUR,"Jagadesh Chander, M.",Naam Tamilar Katchi,120838,8.52,Lost
Tamil Nadu,TIRUVALLUR,"Tamizhmadhi, D.",Bahujan Samaj Party,13810,0.97,Lost
Tamil Nadu,TIRUVALLUR,"Ashok Priyadarshan, S.",Desiya Makkal Sakthi Katchi,2946,0.21,Lost
Tamil Nadu,TIRUVALLUR,Malathi,Naadaalum Makkal Katchi,2853,0.2,Lost
Tamil Nadu,TIRUVALLUR,"Mani, E.",Independent,2752,0.19,Lost
Tamil Nadu,TIRUVALLUR,"Devandhran, M.",Anna MGR Dravida Makkal Kalgam,2008,0.14,Lost
Tamil Nadu,TIRUVALLUR,"Manimaran, V.",Independent,1922,0.14,Lost
Tamil Nadu,TIRUVALLUR,"Balakrishnan, K.",Independent,1690,0.12,Lost
Tamil Nadu,TIRUVALLUR,"Bharathidasan, S.S.",Independent,1631,0.12,Lost
Tamil Nadu,TIRUVALLUR,"Shakthivel, A.J.",Independent,1613,0.11,Lost
Tamil Nadu,TIRUVALLUR,"Sivasankaran, V.",Independent,1110,0.08,Lost
Tamil Nadu,TIRUVALLUR,NOTA,None of the Above,18978,1.34,Lost
Tamil Nadu,TIRUVANNAMALAI,"ANNADURAI, C.N.",Dravida Munnetra Kazhagam,547379,47.75,Won
Tamil Nadu,TIRUVANNAMALAI,KALIYAPERUMAL M,All India Anna Dravida Munnetra Kazhagam,313448,27.34,Lost
Tamil Nadu,TIRUVANNAMALAI,"ASUVATHAMAN, A.",Bharatiya Janata Party,156650,13.67,Lost
Tamil Nadu,TIRUVANNAMALAI,"RAMESHBABU,  R.",Naam Tamilar Katchi,83869,7.32,Lost
Tamil Nadu,TIRUVANNAMALAI,"KALIAPERUMAL, M.",Independent,5713,0.5,Lost
Tamil Nadu,TIRUVANNAMALAI,"BENNYRAJAN, C.J.",Bharatiya Praja Aikyata Party,4810,0.42,Lost
Tamil Nadu,TIRUVANNAMALAI,"KALIYAPERUMAL, A.",Independent,3407,0.3,Lost
Tamil Nadu,TIRUVANNAMALAI,"MOHANRAJA,  V.M.",Bahujan Samaj Party,2637,0.23,Lost
Tamil Nadu,TIRUVANNAMALAI,CAPTAIN GOWTHAM,Independent,1842,0.16,Lost
Tamil Nadu,TIRUVANNAMALAI,"UDHAYAKUMAR, P.S.",Independent,1251,0.11,Lost
Tamil Nadu,TIRUVANNAMALAI,"ANNADURAI, S.",Independent,1172,0.1,Lost
Tamil Nadu,TIRUVANNAMALAI,"KOTHANDABANI, B.",Independent,965,0.08,Lost
Tamil Nadu,TIRUVANNAMALAI,"SELVAM , K.",Veerath Thiyagi Viswanathadoss Thozhilalarkal Katchi,954,0.08,Lost
Tamil Nadu,TIRUVANNAMALAI,"KALASTHIRI,  S.",All India Uzhavargal Uzhaippalargal Katchi,950,0.08,Lost
Tamil Nadu,TIRUVANNAMALAI,"VIJAYAKUMAR,  S.",Independent,934,0.08,Lost
Tamil Nadu,TIRUVANNAMALAI,"JAGANNATHAN,  R.",Independent,864,0.08,Lost
Tamil Nadu,TIRUVANNAMALAI,"SENTHAMIL SELVAN,  M.",Independent,856,0.07,Lost
Tamil Nadu,TIRUVANNAMALAI,"AGNI SELVARASU, J.",Naadaalum Makkal Katchi,777,0.07,Lost
Tamil Nadu,TIRUVANNAMALAI,"SATHIYAMOORTHY,  S.",Makkal Nala Kazhagam,736,0.06,Lost
Tamil Nadu,TIRUVANNAMALAI,"ANNADURAI, S.",Independent,648,0.06,Lost
Tamil Nadu,TIRUVANNAMALAI,"SUB MAJOR SETTU, M.",Viro Ke Vir Indian Party,658,0.06,Lost
Tamil Nadu,TIRUVANNAMALAI,"SANKAR,  S.",Independent,578,0.05,Lost
Tamil Nadu,TIRUVANNAMALAI,"ANNADURAI, A.",Independent,516,0.05,Lost
Tamil Nadu,TIRUVANNAMALAI,"NALLASIVAM, M.",Independent,429,0.04,Lost
Tamil Nadu,TIRUVANNAMALAI,"PALANI , T.N.",Independent,414,0.04,Lost
Tamil Nadu,TIRUVANNAMALAI,"POONGODY,  A.",Independent,417,0.04,Lost
Tamil Nadu,TIRUVANNAMALAI,"VIMAL, V.",Independent,342,0.03,Lost
Tamil Nadu,TIRUVANNAMALAI,"THANGARAJ,  P.",Independent,295,0.03,Lost
Tamil Nadu,TIRUVANNAMALAI,"RAMESH , T.P.",Independent,281,0.02,Lost
Tamil Nadu,TIRUVANNAMALAI,"NAKKEERAN ,  A.",Independent,265,0.02,Lost
Tamil Nadu,TIRUVANNAMALAI,DEEPAMMAL SUNDARI,Independent,259,0.02,Lost
Tamil Nadu,TIRUVANNAMALAI,NOTA,None of the Above,11957,01.04,Lost
Tamil Nadu,VELLORE,DM KATHIR ANAND,Dravida Munnetra Kazhagam,568692,50.35,Won
Tamil Nadu,VELLORE,AC SHANMUGAM,Bharatiya Janata Party,352990,31.25,Lost
Tamil Nadu,VELLORE,DR S PASUPATHI,All India Anna Dravida Munnetra Kazhagam,117682,10.42,Lost
Tamil Nadu,VELLORE,D MAHESH ANAND,Naam Tamilar Katchi,53284,4.72,Lost
Tamil Nadu,VELLORE,A NATARAJAN,Bharatiya Praja Aikyata Party,4005,0.35,Lost
Tamil Nadu,VELLORE,SHANMUGAVELU,Independent,3576,0.32,Lost
Tamil Nadu,VELLORE,MANSOOR ALI KHAN,Independent,2804,0.25,Lost
Tamil Nadu,VELLORE,SYED ALI D,Independent,2124,0.19,Lost
Tamil Nadu,VELLORE,P SHANMUGAM,Independent,2039,0.18,Lost
Tamil Nadu,VELLORE,NAGARAJ P,Independent,1959,0.17,Lost
Tamil Nadu,VELLORE,K JAYAMANI,Bahujan Samaj Party,1702,0.15,Lost
Tamil Nadu,VELLORE,D SARAVANAN,Independent,1497,0.13,Lost
Tamil Nadu,VELLORE,MP SHANMUGAM,Independent,868,0.08,Lost
Tamil Nadu,VELLORE,N SIVAKUMAR,Independent,701,0.06,Lost
Tamil Nadu,VELLORE,AFROSE,Independent,673,0.06,Lost
Tamil Nadu,VELLORE,A BEEMARAO MILINTHAR,United Republican Party of India,670,0.06,Lost
Tamil Nadu,VELLORE,DR S JAYARAJ,Independent,661,0.06,Lost
Tamil Nadu,VELLORE,K SHANMUGAM,Independent,616,0.05,Lost
Tamil Nadu,VELLORE,V KALIAPERUMAL,Ganasangam Party of India,600,0.05,Lost
Tamil Nadu,VELLORE,G SHANMUGAM,Independent,572,0.05,Lost
Tamil Nadu,VELLORE,PP JAYAPRAKASH,Independent,461,0.04,Lost
Tamil Nadu,VELLORE,PASUPATHI,Independent,415,0.04,Lost
Tamil Nadu,VELLORE,S WILLIAM SATHYARAJ,Tamil Manila Murpokku Dravida Kazhagam,377,0.03,Lost
Tamil Nadu,VELLORE,M BABU,Independent,306,0.03,Lost
Tamil Nadu,VELLORE,B JAGAN,Independent,285,0.03,Lost
Tamil Nadu,VELLORE,AHMED RAASHID PALLIMIRA,Independent,273,0.02,Lost
Tamil Nadu,VELLORE,SHANMUGASUNDARAM,Independent,251,0.02,Lost
Tamil Nadu,VELLORE,C MADHAVAN,Independent,202,0.02,Lost
Tamil Nadu,VELLORE,T JOHNSON,Independent,174,0.02,Lost
Tamil Nadu,VELLORE,E RAJKUMAR,Independent,133,0.01,Lost
Tamil Nadu,VELLORE,C RAMACHANDHIRAN,Independent,130,0.01,Lost
Tamil Nadu,VELLORE,NOTA,None of the Above,8736,0.77,Lost
Tamil Nadu,VILUPPURAM,RAVIKUMAR. D,Viduthalai Chiruthaigal Katchi,477033,41.39,Won
Tamil Nadu,VILUPPURAM,BHAGYARAJ. J,All India Anna Dravida Munnetra Kazhagam,406330,35.25,Lost
Tamil Nadu,VILUPPURAM,MURALI SANKAR. S,Pattali Makkal Katchi,181882,15.78,Lost
Tamil Nadu,VILUPPURAM,KALANCHIYAM. M,Naam Tamilar Katchi,57242,4.97,Lost
Tamil Nadu,VILUPPURAM,KARUNCHIRUTHAI KALIYAMURTHY. K,Bahujan Samaj Party,3920,0.34,Lost
Tamil Nadu,VILUPPURAM,ARUMUGAM. M,United Republican Party of India,3504,0.3,Lost
Tamil Nadu,VILUPPURAM,DHARMA. K,Independent,2382,0.21,Lost
Tamil Nadu,VILUPPURAM,VIVEKANANDHAN. E,Independent,1953,0.17,Lost
Tamil Nadu,VILUPPURAM,ARASAN. K,Independent,1842,0.16,Lost
Tamil Nadu,VILUPPURAM,VIGNESVARAN. R,Independent,1656,0.14,Lost
Tamil Nadu,VILUPPURAM,SURESH. S,Independent,1397,0.12,Lost
Tamil Nadu,VILUPPURAM,PERIYAN. A,Independent,1049,0.09,Lost
Tamil Nadu,VILUPPURAM,GUNASEKARAN. K,Independent,963,0.08,Lost
Tamil Nadu,VILUPPURAM,VIJAYAN. A,Independent,861,0.07,Lost
Tamil Nadu,VILUPPURAM,NAGARAJ. A,Independent,674,0.06,Lost
Tamil Nadu,VILUPPURAM,SURESH. K,Independent,598,0.05,Lost
Tamil Nadu,VILUPPURAM,SATHIYARAJ. N,Independent,415,0.04,Lost
Tamil Nadu,VILUPPURAM,NOTA,None of the Above,8966,0.78,Lost
Tamil Nadu,VIRUDHUNAGAR,MANICKAM TAGORE B,Indian National Congress,385256,36.28,Won
Tamil Nadu,VIRUDHUNAGAR,VIJAYAPRABHAKARAN V,Desiya Murpokku Dravida Kazhagam,380877,35.87,Lost
Tamil Nadu,VIRUDHUNAGAR,RADIKAA R,Bharatiya Janata Party,166271,15.66,Lost
Tamil Nadu,VIRUDHUNAGAR,KAUSHIK S,Naam Tamilar Katchi,77031,7.25,Lost
Tamil Nadu,VIRUDHUNAGAR,RAJESH,Independent,6173,0.58,Lost
Tamil Nadu,VIRUDHUNAGAR,ASHOK KUMAR M,Bharatiya Praja Aikyata Party,5293,0.5,Lost
Tamil Nadu,VIRUDHUNAGAR,SEKAR S,Hindu Samaj Party,3446,0.32,Lost
Tamil Nadu,VIRUDHUNAGAR,MANIKANDAN M,Independent,3346,0.32,Lost
Tamil Nadu,VIRUDHUNAGAR,MAYAK KANNAN,Independent,2751,0.26,Lost
Tamil Nadu,VIRUDHUNAGAR,MAHENDRA RAMAKRISHNAN P,Independent,2405,0.23,Lost
Tamil Nadu,VIRUDHUNAGAR,SURESH,Bahujan Samaj Party,2397,0.23,Lost
Tamil Nadu,VIRUDHUNAGAR,SELVI K,Independent,2188,0.21,Lost
Tamil Nadu,VIRUDHUNAGAR,PANDIYAMMAL R,Independent,2133,0.2,Lost
Tamil Nadu,VIRUDHUNAGAR,SUDALAIMANI M,Independent,1359,0.13,Lost
Tamil Nadu,VIRUDHUNAGAR,PALANICHAMY P,Bahujan Dravida Party,1263,0.12,Lost
Tamil Nadu,VIRUDHUNAGAR,PALANISAMY K,Independent,1257,0.12,Lost
Tamil Nadu,VIRUDHUNAGAR,VENKATESWARAN V K,Independent,1247,0.12,Lost
Tamil Nadu,VIRUDHUNAGAR,SELVARAJAN V V,Independent,1121,0.11,Lost
Tamil Nadu,VIRUDHUNAGAR,MARIEESWARI M,Independent,1110,0.1,Lost
Tamil Nadu,VIRUDHUNAGAR,SANKARANARAYANAN N,Independent,998,0.09,Lost
Tamil Nadu,VIRUDHUNAGAR,SELVAKUMAR M,Independent,902,0.08,Lost
Tamil Nadu,VIRUDHUNAGAR,MUTHUKANNU C,Tamilaga Makkal Nala Katchi,761,0.07,Lost
Tamil Nadu,VIRUDHUNAGAR,MARISELVAM S,All India People Development Party,711,0.07,Lost
Tamil Nadu,VIRUDHUNAGAR,JEYARAJ T,Independent,610,0.06,Lost
Tamil Nadu,VIRUDHUNAGAR,VEDHA @  DHAMODHARAN,Independent,600,0.06,Lost
Tamil Nadu,VIRUDHUNAGAR,RAJAGOPAL S,Independent,527,0.05,Lost
Tamil Nadu,VIRUDHUNAGAR,GANESHAMOORTHI G,Independent,460,0.04,Lost
Tamil Nadu,VIRUDHUNAGAR,NOTA,None of the Above,9408,0.89,Lost
Telangana,Adilabad,GODAM NAGESH,Bharatiya Janata Party,568168,45.98,Won
Telangana,Adilabad,ATHRAM SUGUNA,Indian National Congress,477516,38.65,Lost
Telangana,Adilabad,ATHRAM SAKKU,Bharat Rashtra Samithi,137300,11.11,Lost
Telangana,Adilabad,MALOTHU SYAMLAL NAYAK,Alliance of Democratic Reforms Party,7499,0.61,Lost
Telangana,Adilabad,MESRAM JANGUBAPU,Bahujan Samaj Party,6744,0.55,Lost
Telangana,Adilabad,RATHOD SUBASH,Independent,6528,0.53,Lost
Telangana,Adilabad,BUKYA JAIVANTH RAO,Independent,6446,0.52,Lost
Telangana,Adilabad,CHAVAN SUDHARSHAN,Anna YSR Congress Party,4644,0.38,Lost
Telangana,Adilabad,GANGADEVI MESRAM,Dharma Samaj Party,3468,0.28,Lost
Telangana,Adilabad,N. TIRUPATI,Vidhyarthula Rajakiya Party,2292,0.19,Lost
Telangana,Adilabad,KODAPA VAMAN RAO,Gondwana Dandkaranya Party,1685,0.14,Lost
Telangana,Adilabad,GEDAM. SAGAR,India Praja Bandhu Party,1545,0.13,Lost
Telangana,Adilabad,NOTA,None of the Above,11762,0.95,Lost
Telangana,Bhongir,CHAMALA KIRAN KUMAR REDDY,Indian National Congress,629143,44.89,Won
Telangana,Bhongir,DR. BOORA NARSAIAH GOUD,Bharatiya Janata Party,406973,29.04,Lost
Telangana,Bhongir,KYAMA MALLESH,Bharat Rashtra Samithi,256187,18.28,Lost
Telangana,Bhongir,MAHAMD JAHANGIR,Communist Party of India  (Marxist),28730,02.05,Lost
Telangana,Bhongir,RAMESH GOUD THALLAPELLY,Alliance of Democratic Reforms Party,8146,0.58,Lost
Telangana,Bhongir,AITARAJU ABENDER,Bahujan Samaj Party,7769,0.55,Lost
Telangana,Bhongir,ASURA BALU,Independent,5750,0.41,Lost
Telangana,Bhongir,PULIGILLA BIXAPATHI YADAV,National Nava Kranthi Party,4718,0.34,Lost
Telangana,Bhongir,BUSHIPAKA VENKATAIAH,Independent,4675,0.33,Lost
Telangana,Bhongir,POOSA SRINIVAS,Telangana Rashtra Punahnirmana Samithi,4433,0.32,Lost
Telangana,Bhongir,NARENDRAA VEMULA,Jai Swaraj Party,4304,0.31,Lost
Telangana,Bhongir,KONGARI LINGA SWAMY,Dharma Samaj Party,4093,0.29,Lost
Telangana,Bhongir,TARIGOPPULA MAHENDER,Social Justice Party of India,3089,0.22,Lost
Telangana,Bhongir,KARINGULA YADAGIRI,Independent,2612,0.19,Lost
Telangana,Bhongir,BETHI NARENDER,Independent,2168,0.15,Lost
Telangana,Bhongir,M. GANESH,Pyramid Party of India,2010,0.14,Lost
Telangana,Bhongir,MALLEBOINA PARAMESH YADAV,Independent,1897,0.14,Lost
Telangana,Bhongir,LINGIDI. VENKATESWARLU,Prajavani  Party,1792,0.13,Lost
Telangana,Bhongir,V. SADANANDA REDDY,People Protection Party,1737,0.12,Lost
Telangana,Bhongir,DHERAVATH GOPI NAIK,Jai Maha Bharath Party,1682,0.12,Lost
Telangana,Bhongir,PENTA RAMESH,Independent,1647,0.12,Lost
Telangana,Bhongir,RACHA SUBHADRA REDDY,Socialist Party (India),1465,0.1,Lost
Telangana,Bhongir,VARIKUPPALA. KRISHNA VADDERA,Independent,1366,0.1,Lost
Telangana,Bhongir,BASHABOINA LAKSHMAIAH,Independent,1320,0.09,Lost
Telangana,Bhongir,NUNE VENKAT SWAMY,Independent,923,0.07,Lost
Telangana,Bhongir,NARRI. SWAMY KURUMA,Independent,898,0.06,Lost
Telangana,Bhongir,JANGA. SUJATHANAVEEN REDDY,Independent,847,0.06,Lost
Telangana,Bhongir,ERRA SURYAM,Viduthalai Chiruthaigal Katchi,778,0.06,Lost
Telangana,Bhongir,"KONGARI, MALLAIAH",Independent,633,0.05,Lost
Telangana,Bhongir,DR : MORIGADI KRISHNA,Independent,617,0.04,Lost
Telangana,Bhongir,KANDE. RAMARAJU,Independent,579,0.04,Lost
Telangana,Bhongir,KOTHOJU SRINIVASU,National Maha Sabha Party,569,0.04,Lost
Telangana,Bhongir,AMIREDDY KIRAN REDDY,Independent,541,0.04,Lost
Telangana,Bhongir,CHANDU NAYAK MEGAVATH,Independent,502,0.04,Lost
Telangana,Bhongir,KADIRE KIRAN KUMAR,Bahujan Republican  Socialist Party,478,0.03,Lost
Telangana,Bhongir,KARUNAKAR REDDY NALLA,Jai Bharat National Party,447,0.03,Lost
Telangana,Bhongir,KANDADI. MANIPAL REDDY,Telangana Republican Party,433,0.03,Lost
Telangana,Bhongir,UDARI MALLESH,Independent,406,0.03,Lost
Telangana,Bhongir,ANIL KUMAR GADEPAKA,Independent,393,0.03,Lost
Telangana,Bhongir,NOTA,None of the Above,4646,0.33,Lost
Telangana,Chevella,KONDA VISHWESHWAR REDDY,Bharatiya Janata Party,809882,48.34,Won
Telangana,Chevella,DR GADDAM RANJITH REDDY,Indian National Congress,636985,38.02,Lost
Telangana,Chevella,KASANI GYANESHWAR KASANI,Bharat Rashtra Samithi,178968,10.68,Lost
Telangana,Chevella,RAMULU BINGI,Yuga Thulasi Party,4284,0.26,Lost
Telangana,Chevella,KONDA VISHVESHWAR REDDY,All India Forward Bloc,3748,0.22,Lost
Telangana,Chevella,SRIDEVI M,Alliance of Democratic Reforms Party,2688,0.16,Lost
Telangana,Chevella,MOHAMMED SALEEM,Rashtriya Praja Congress  (Secular),2373,0.14,Lost
Telangana,Chevella,SAHITHI DASARI,Independent,1938,0.12,Lost
Telangana,Chevella,RANJIT REDDY GADE,Revolutionary Socialist Party,1698,0.1,Lost
Telangana,Chevella,MOHD SHAKEEL,Desh Janhit Party,1647,0.1,Lost
Telangana,Chevella,THOTLA RAGHAVENDER MUDIRAJ,Dharma Samaj Party,1648,0.1,Lost
Telangana,Chevella,JANAPALA DURGA PRASAD,Independent,1517,0.09,Lost
Telangana,Chevella,JALEEL AHMED,Independent,1510,0.09,Lost
Telangana,Chevella,B V RAMESH NAIDU,Socialist Party (India),1495,0.09,Lost
Telangana,Chevella,PHANI PRASAD KATAKAM,Social Justice Party of India,1426,0.09,Lost
Telangana,Chevella,SUGURU SRINIVAS,Jai Swaraj Party,1386,0.08,Lost
Telangana,Chevella,G MALLESHAM GOUD,Independent,1240,0.07,Lost
Telangana,Chevella,KATHULA YADAIAH,Independent,1155,0.07,Lost
Telangana,Chevella,DURGA PRASAD T,Praja Velugu Party,1139,0.07,Lost
Telangana,Chevella,V PANDU,Independent,1075,0.06,Lost
Telangana,Chevella,SANEM RAJU GOUD,Praja Ektha Party,971,0.06,Lost
Telangana,Chevella,GONE SRINIVAS REDDY,Independent,752,0.04,Lost
Telangana,Chevella,GOVIND LAL,Independent,661,0.04,Lost
Telangana,Chevella,MOHAMMED ABDUL QAVI ABBASI,All India Majlis-E-Inquilab-E-Millat,635,0.04,Lost
Telangana,Chevella,MOHAMMAD PASHA,Independent,628,0.04,Lost
Telangana,Chevella,P GOVIND,Bahujan Mukti Party,611,0.04,Lost
Telangana,Chevella,EESARI SURYAPRAKASH REDDY,Independent,583,0.03,Lost
Telangana,Chevella,SUDHAKAR VANAM,Marxist Communist Party of India (United),581,0.03,Lost
Telangana,Chevella,NARASIMHA REDDY DYAPA,Telangana Republican Party,525,0.03,Lost
Telangana,Chevella,MOHAMMED IQBAL,Independent,494,0.03,Lost
Telangana,Chevella,VISHWAKARMA SAPTHAGIRI,Independent,489,0.03,Lost
Telangana,Chevella,ANKAGALA PRAVEEN KUMAR,Independent,488,0.03,Lost
Telangana,Chevella,ANJANEYULU NEERATI,Independent,449,0.03,Lost
Telangana,Chevella,KANDIKEKAR SRINIVAS,Independent,446,0.03,Lost
Telangana,Chevella,CHINTALAGARI VENKAT SWAMY,Blue India Party,436,0.03,Lost
Telangana,Chevella,PALAMAKULA MADHU,India Praja Bandhu Party,430,0.03,Lost
Telangana,Chevella,KAVALI SUKUMAR,Independent,397,0.02,Lost
Telangana,Chevella,SERUBAI VASANTH KUMAR,Rashtra Samanya Praja Party,312,0.02,Lost
Telangana,Chevella,MOHAMMED MUSTAFA RIZWAN,Independent,301,0.02,Lost
Telangana,Chevella,MOHAMMAD RIAZUR REHMAN SHAIK,Independent,285,0.02,Lost
Telangana,Chevella,MOHAMMED ALI,Independent,248,0.01,Lost
Telangana,Chevella,AMIR SAJID,Independent,228,0.01,Lost
Telangana,Chevella,MOHAMMED AFSAR QUDOOS,Independent,179,0.01,Lost
Telangana,Chevella,NOTA,None of the Above,6423,0.38,Lost
Telangana,Hyderabad,ASADUDDIN OWAISI,All India Majlis-E-Ittehadul Muslimeen,661981,61.28,Won
Telangana,Hyderabad,MADHAVI LATHA KOMPELLA,Bharatiya Janata Party,323894,29.98,Lost
Telangana,Hyderabad,MOHAMMED WALIULLAH SAMEER,Indian National Congress,62962,5.83,Lost
Telangana,Hyderabad,SRINIVAS YADAV GADDAM,Bharat Rashtra Samithi,18641,1.73,Lost
Telangana,Hyderabad,MEKALA RAGHUMA REDDY,Yuga Thulasi Party,2232,0.21,Lost
Telangana,Hyderabad,DR.J.PADMAJA,Viduthalai Chiruthaigal Katchi,900,0.08,Lost
Telangana,Hyderabad,K.S.KRISHNA,Bahujan Samaj Party,769,0.07,Lost
Telangana,Hyderabad,RAMESH KUMAR MATANGI,Sakala Janula Party,663,0.06,Lost
Telangana,Hyderabad,KRANTHI KUMAR BANDELA,Indian National Yuva Jana Party,562,0.05,Lost
Telangana,Hyderabad,M.JOHNSON,All India Mahila Empowerment Party,515,0.05,Lost
Telangana,Hyderabad,JAMEEL SAYED,Alliance of Democratic Reforms Party,492,0.05,Lost
Telangana,Hyderabad,ASHOK KUMAR MAMBA,Maa Telangana Party,423,0.04,Lost
Telangana,Hyderabad,DR.LUBNA SARWATH,Vidhyarthula Rajakiya Party,411,0.04,Lost
Telangana,Hyderabad,SARAF TULASI GUPTA,Praja Ektha Party,281,0.03,Lost
Telangana,Hyderabad,V.SHANKER,Yuva Taram Party,276,0.03,Lost
Telangana,Hyderabad,GADDAM HARISH GOUD,Dharma Samaj Party,271,0.03,Lost
Telangana,Hyderabad,SYED ANWAR,Independent,251,0.02,Lost
Telangana,Hyderabad,KHAJA MOINUDDIN,All India Majlis-E-Inquilab-E-Millat,234,0.02,Lost
Telangana,Hyderabad,AMJAD KHAN,Independent,196,0.02,Lost
Telangana,Hyderabad,AMBI HANUMANTH RAO,Socialist Party (India),162,0.01,Lost
Telangana,Hyderabad,SHAIK BASHA,Dalita Bahujana Party,153,0.01,Lost
Telangana,Hyderabad,M.K.AHMED,Independent,149,0.01,Lost
Telangana,Hyderabad,SALVERU RAMESH,Indian Praja Congress,141,0.01,Lost
Telangana,Hyderabad,L.ASHOKNATH,Telangana Prajaa Jeevana Rythu Party,141,0.01,Lost
Telangana,Hyderabad,J.SHYAMSUNDER RAO,Independent,138,0.01,Lost
Telangana,Hyderabad,ANDE USHA KANNA,Bahujan Mukti Party,133,0.01,Lost
Telangana,Hyderabad,SATTI SHABABU REDDY,Independent,123,0.01,Lost
Telangana,Hyderabad,ANIL SEN,Independent,111,0.01,Lost
Telangana,Hyderabad,CHAITANYA KUMAR REDDY PELLAKURU,Independent,110,0.01,Lost
Telangana,Hyderabad,SILIVERU NARESH,Telangana Jaghir Party,103,0.01,Lost
Telangana,Hyderabad,NOTA,None of the Above,2906,0.27,Lost
Telangana,Karimnagar,BANDI SANJAY KUMAR,Bharatiya Janata Party,585116,44.57,Won
Telangana,Karimnagar,VELCHALA RAJENDER RAO,Indian National Congress,359907,27.41,Lost
Telangana,Karimnagar,VINOD KUMAR BOIANAPALLI,Bharat Rashtra Samithi,282163,21.49,Lost
Telangana,Karimnagar,ABBADI BUCHI REDDY,Independent,11612,0.88,Lost
Telangana,Karimnagar,ARUNA THALLAPALLY,Alliance of Democratic Reforms Party,9064,0.69,Lost
Telangana,Karimnagar,KOTA SHYAM KUMAR,Independent,8756,0.67,Lost
Telangana,Karimnagar,ANOSE KATKOORI,Independent,8706,0.66,Lost
Telangana,Karimnagar,MAREPALLI MOGILAIAH,Bahujan Samaj Party,8109,0.62,Lost
Telangana,Karimnagar,RAJENDER POTHURI,Independent,3257,0.25,Lost
Telangana,Karimnagar,SRAVAN PEDDAPELLY,Bharathiya YuvaKula Dalam,3074,0.23,Lost
Telangana,Karimnagar,GADDA SATHISH,Independent,2945,0.22,Lost
Telangana,Karimnagar,ANILREDDY KADTHALA,National Nava Kranthi Party,2754,0.21,Lost
Telangana,Karimnagar,CHILUVERU SRIKANTH,Dharma Samaj Party,2586,0.2,Lost
Telangana,Karimnagar,AKSHAY KUMAR MEKALA,Independent,2224,0.17,Lost
Telangana,Karimnagar,JOURNALIST VIKRAM REDDY VEMULAA,Independent,2096,0.16,Lost
Telangana,Karimnagar,ASHOK PANCHIKA,Social Justice Party of India,1924,0.15,Lost
Telangana,Karimnagar,GAVVALA LAXMI,Independent,1744,0.13,Lost
Telangana,Karimnagar,GATTAIAH YADAV BARIGE,Independent,1694,0.13,Lost
Telangana,Karimnagar,RANAPRATAP GATTU,Socialist Party (India),1613,0.12,Lost
Telangana,Karimnagar,GUDISHE  MOHAN,Independent,1474,0.11,Lost
Telangana,Karimnagar,MANASA PERALA,Independent,1125,0.09,Lost
Telangana,Karimnagar,PODISHETTI SAMMAIAH,Bahujan Mukti Party,994,0.08,Lost
Telangana,Karimnagar,VENKATANARSAIAH DYAGALA @ DEGALA,Independent,928,0.07,Lost
Telangana,Karimnagar,SHIVARATRI SRINIVAS,Independent,889,0.07,Lost
Telangana,Karimnagar,CHINTHA ANILKUMAR,Pyramid Party of India,830,0.06,Lost
Telangana,Karimnagar,CHEEKOTI VARUN KUMAR GUPTA,Telugu Congress Party,790,0.06,Lost
Telangana,Karimnagar,RAPOLE RAMKUMAR BHARADWAJ,Independent,575,0.04,Lost
Telangana,Karimnagar,DEVUNOORI SRINIVASU,Independent,465,0.04,Lost
Telangana,Karimnagar,NOTA,None of the Above,5438,0.41,Lost
Telangana,Khammam,RAMASAHAYAM RAGHURAM REDDY,Indian National Congress,766929,61.29,Won
Telangana,Khammam,NAMA NAGESWARA RAO,Bharat Rashtra Samithi,299082,23.9,Lost
Telangana,Khammam,VINOD RAO TANDRA,Bharatiya Janata Party,118636,9.48,Lost
Telangana,Khammam,VASAM RAMAKRISHNA DORA,Independent,6215,0.5,Lost
Telangana,Khammam,ULLENGALA YADAGIRI,Independent,6064,0.48,Lost
Telangana,Khammam,ADVOCATE YERRA KAAMESH,Bahujan Samaj Party,6101,0.49,Lost
Telangana,Khammam,KUKKALA NAGAIAH,Alliance of Democratic Reforms Party,5743,0.46,Lost
Telangana,Khammam,KATUKOJWALA NAGESWAR RAO,Independent,4114,0.33,Lost
Telangana,Khammam,CHILAKABATHINI STALIN,Independent,3113,0.25,Lost
Telangana,Khammam,SHAIK BAJI BABA,Independent,2424,0.19,Lost
Telangana,Khammam,KASIMALLA NAGESWARA RAO,Independent,2237,0.18,Lost
Telangana,Khammam,BANDARU NAGARAJU,Independent,2122,0.17,Lost
Telangana,Khammam,SHAIK KHALEEL PASHA,Independent,2028,0.16,Lost
Telangana,Khammam,EDURUGATLA CHITTI MALLU,Independent,1854,0.15,Lost
Telangana,Khammam,GANGIREDDY KOTI REDDY,Independent,1790,0.14,Lost
Telangana,Khammam,SHAIK SIRAJUDDIN,Independent,1663,0.13,Lost
Telangana,Khammam,SHAIK AJJULU,Independent,1342,0.11,Lost
Telangana,Khammam,KOPPULA SRINIVASA RAO,Jaibhim Rao Bharat Party,1273,0.1,Lost
Telangana,Khammam,MADDISETTY YERRAPPA @ AJAY,Independent,1053,0.08,Lost
Telangana,Khammam,SHAIK MOHMED RASOOL,Independent,1022,0.08,Lost
Telangana,Khammam,LINGALA RAVI KUMAR,Independent,1018,0.08,Lost
Telangana,Khammam,AVUTAPALLI RAMBABU,Independent,950,0.08,Lost
Telangana,Khammam,TEJAVATH JOGRAM NAIK,Independent,919,0.07,Lost
Telangana,Khammam,ANWAR RAICE,Socialist Party (India),754,0.06,Lost
Telangana,Khammam,ANANDA PRASAD KASINA,Pyramid Party of India,718,0.06,Lost
Telangana,Khammam,LINGAIAH DANDA,Independent,700,0.06,Lost
Telangana,Khammam,ANIL KUMAR MADDINENI,Independent,693,0.06,Lost
Telangana,Khammam,PAPETLA RAMAMURTHY,Sakala Janula Party,661,0.05,Lost
Telangana,Khammam,ANTHONI SURESH,Bahujana Left Party,616,0.05,Lost
Telangana,Khammam,M. RAVI CHANDAR CHOWHAN,Independent,601,0.05,Lost
Telangana,Khammam,THAMBALLA RAVI,Independent,508,0.04,Lost
Telangana,Khammam,BHATTU SRINIVAS,Jai Bharat National Party,476,0.04,Lost
Telangana,Khammam,NAGESWARA RAO LAKAVATH,Independent,368,0.03,Lost
Telangana,Khammam,MALAMPATI SURYANARAYANA,Independent,363,0.03,Lost
Telangana,Khammam,MUTYAM ARJUNA RAJU,Independent,351,0.03,Lost
Telangana,Khammam,NOTA,None of the Above,6782,0.54,Lost
Telangana,Mahabubabad,BALRAM NAIK PORIKA,Indian National Congress,612774,55.27,Won
Telangana,Mahabubabad,KAVITHA MALOTH,Bharat Rashtra Samithi,263609,23.77,Lost
Telangana,Mahabubabad,PROFESSOR. AZMEERA SEETARAM NAIK,Bharatiya Janata Party,110444,9.96,Lost
Telangana,Mahabubabad,ARUN KUMAR MYPATHI,All India Forward Bloc,39136,3.53,Lost
Telangana,Mahabubabad,RAGHU VARMA JATOTHU,Alliance of Democratic Reforms Party,11893,01.07,Lost
Telangana,Mahabubabad,DURGA PALVANCHA,Independent,10119,0.91,Lost
Telangana,Mahabubabad,KONETI SUJATHA,Bahujan Samaj Party,8093,0.73,Lost
Telangana,Mahabubabad,ANIL KUMAR BODA,Independent,6431,0.58,Lost
Telangana,Mahabubabad,CHANDA LINGAIAH,Independent,5100,0.46,Lost
Telangana,Mahabubabad,MOKALLA MURALIKRISHNA,Independent,4062,0.37,Lost
Telangana,Mahabubabad,SOYAM KANNA RAJU,Gondvana Gantantra Party,3755,0.34,Lost
Telangana,Mahabubabad,BANOTH PREM NAYAK [BPN],Independent,3712,0.33,Lost
Telangana,Mahabubabad,PAYAM.SINGARAJU,Independent,3196,0.29,Lost
Telangana,Mahabubabad,PADIGA YARRAIAH,Independent,2887,0.26,Lost
Telangana,Mahabubabad,DV NAIK,Independent,2781,0.25,Lost
Telangana,Mahabubabad,GUGULOTH SHEKAR NAIK,Independent,2542,0.23,Lost
Telangana,Mahabubabad,RAVVA. BHADRAMMA,Dharma Samaj Party,2244,0.2,Lost
Telangana,Mahabubabad,SODE VENKATESWARLU,Gondwana Dandkaranya Party,2172,0.2,Lost
Telangana,Mahabubabad,BANOTH LINGYA NAIK,Independent,1715,0.15,Lost
Telangana,Mahabubabad,BODA PRASHANTH,Independent,1590,0.14,Lost
Telangana,Mahabubabad,BURKA KRISHNAVENI,Socialist Party (India),1448,0.13,Lost
Telangana,Mahabubabad,BANOTHU LINGANNA,Blue India Party,1367,0.12,Lost
Telangana,Mahabubabad,VANKUDOTHU RAVI KUMAR (RAVANNA),Telangana Jaghir Party,1125,0.1,Lost
Telangana,Mahabubabad,NOTA,None of the Above,6591,0.59,Lost
Telangana,Mahbubnagar,ARUNA. D. K,Bharatiya Janata Party,510747,41.66,Won
Telangana,Mahbubnagar,CHALLA VAMSHI CHAND REDDY,Indian National Congress,506247,41.29,Lost
Telangana,Mahbubnagar,MANNE SRINIVAS REDDY,Bharat Rashtra Samithi,154792,12.62,Lost
Telangana,Mahbubnagar,VENKATESWARLU TALLADA,Alliance of Democratic Reforms Party,6379,0.52,Lost
Telangana,Mahbubnagar,KINNERA YADAGIRI,Independent,4470,0.36,Lost
Telangana,Mahbubnagar,KURA VENKATAIAH,Independent,4249,0.35,Lost
Telangana,Mahbubnagar,HARINDER REDDY MALLELA,Independent,3815,0.31,Lost
Telangana,Mahbubnagar,KARUKONDA SRINIVAS YADAV,Independent,3451,0.28,Lost
Telangana,Mahbubnagar,HANUMESH,Independent,3225,0.26,Lost
Telangana,Mahbubnagar,MOHD ALAUDDIN,Bahujan Samaj Party,3077,0.25,Lost
Telangana,Mahbubnagar,GOVINDAMMA,Independent,2748,0.22,Lost
Telangana,Mahbubnagar,GANTLAVELLI RAKESH,Dharma Samaj Party,2618,0.21,Lost
Telangana,Mahbubnagar,UMASHANKAR NEMMIKANTI,Independent,2214,0.18,Lost
Telangana,Mahbubnagar,DINESH,Independent,1727,0.14,Lost
Telangana,Mahbubnagar,ANDHARI ANJAIAH,Independent,1675,0.14,Lost
Telangana,Mahbubnagar,SANGEPAGA SAROJANAMMA,Independent,1565,0.13,Lost
Telangana,Mahbubnagar,B. RAVINDER,Social Justice Party of India,1085,0.09,Lost
Telangana,Mahbubnagar,K. UDAY TEJ NAIK,Independent,1027,0.08,Lost
Telangana,Mahbubnagar,MARLA ANJANEYULU,Jai Swaraj Party,1020,0.08,Lost
Telangana,Mahbubnagar,NADIMINTI SRINIVASULU,Independent,985,0.08,Lost
Telangana,Mahbubnagar,M. NAVEEN REDDY,Independent,952,0.08,Lost
Telangana,Mahbubnagar,VIJAYA,Independent,596,0.05,Lost
Telangana,Mahbubnagar,ANEESUR RAHMAN,Bahujan Mukti Party,503,0.04,Lost
Telangana,Mahbubnagar,A. SRINIVASULU,Independent,438,0.04,Lost
Telangana,Mahbubnagar,KADINTI SHANKAR REDDY,Viduthalai Chiruthaigal Katchi,432,0.04,Lost
Telangana,Mahbubnagar,NARESH REDDY,Telangana Jaghir Party,420,0.03,Lost
Telangana,Mahbubnagar,VENKATA RAMANA,Independent,353,0.03,Lost
Telangana,Mahbubnagar,BANDA SATYANARAYANA,Independent,264,0.02,Lost
Telangana,Mahbubnagar,PULLANGARI SANDEEP KUMAR REDDY,Independent,262,0.02,Lost
Telangana,Mahbubnagar,VISHNU VARDHAN REDDY THAPALAKINDHI,Independent,229,0.02,Lost
Telangana,Mahbubnagar,MUDAVATH BALARAJU NAIK,Independent,183,0.01,Lost
Telangana,Mahbubnagar,NOTA,None of the Above,4330,0.35,Lost
Telangana,Malkajgiri,EATALA RAJENDER,Bharatiya Janata Party,991042,51.25,Won
Telangana,Malkajgiri,PATNAM SUNEETHA MAHENDER REDDY,Indian National Congress,599567,31,Lost
Telangana,Malkajgiri,RAGIDI LAXMA REDDY,Bharat Rashtra Samithi,300486,15.54,Lost
Telangana,Malkajgiri,THALLADA VENKATESWARLU,Independent,6800,0.35,Lost
Telangana,Malkajgiri,ANITHA REDDY SHEELAM,Bahujan Samaj Party,4779,0.25,Lost
Telangana,Malkajgiri,VAISHNAVI PRASAD,Independent,1912,0.1,Lost
Telangana,Malkajgiri,PAREE (PESARIKAYALA PAREEKSHITH REDDY),Independent,1835,0.09,Lost
Telangana,Malkajgiri,DONTHULA BIKSHAPATHI,Independent,1821,0.09,Lost
Telangana,Malkajgiri,BHARATHA SUDARSHAN,Independent,1643,0.08,Lost
Telangana,Malkajgiri,APPARAO KONDA,Rashtra Samanya Praja Party,1162,0.06,Lost
Telangana,Malkajgiri,MOUTAM SAMPATH,Independent,1137,0.06,Lost
Telangana,Malkajgiri,RAJESH MISHRA,Independent,1110,0.06,Lost
Telangana,Malkajgiri,BANJAPALLY SUDHA RANI,Independent,1069,0.06,Lost
Telangana,Malkajgiri,CHIRIPI REDDY RAMESH,Independent,987,0.05,Lost
Telangana,Malkajgiri,PEDDAPALLI SANDEEP,Bharathiya YuvaKula Dalam,933,0.05,Lost
Telangana,Malkajgiri,BOIN DURGA PRASAD YADAV,Dharma Samaj Party,789,0.04,Lost
Telangana,Malkajgiri,CHAMAKURA RAJAIAH ALIAS PIDIKILI RAJU,Social Justice Party of India,723,0.04,Lost
Telangana,Malkajgiri,NARRA SUKHENDER REDDY,Vidhyarthula Rajakiya Party,694,0.04,Lost
Telangana,Malkajgiri,KANTE SAYANNA,Independent,539,0.03,Lost
Telangana,Malkajgiri,JUVVA PHANI KUMAR CHOWDARY,Jai Bharat National Party,508,0.03,Lost
Telangana,Malkajgiri,YADISHWAR NAKKA,Telangana Republican Party,494,0.03,Lost
Telangana,Malkajgiri,R. SUBENDER SINGH,Independent,447,0.02,Lost
Telangana,Malkajgiri,NOTA,None of the Above,13366,0.69,Lost
Telangana,Medak,MADHAVANENI RAGHUNANDAN RAO,Bharatiya Janata Party,471217,33.99,Won
Telangana,Medak,NEELAM MADHU,Indian National Congress,432078,31.17,Lost
Telangana,Medak,P. VENKATRAMA REDDY,Bharat Rashtra Samithi,396790,28.62,Lost
Telangana,Medak,NANDA KISHORE TALLADA,Alliance of Democratic Reforms Party,17216,1.24,Lost
Telangana,Medak,SARA YADAGIRI GOUD,Praja Velugu Party,11060,0.8,Lost
Telangana,Medak,BODAPATLA ESHWAR,Bahujan Samaj Party,7463,0.54,Lost
Telangana,Medak,DUBALA SRI SAILAM,Independent,5166,0.37,Lost
Telangana,Medak,ADLA KUMAR,Independent,5116,0.37,Lost
Telangana,Medak,BANDAPALLY SRINIVAS,Socialist Unity Centre Of India (COMMUNIST),2366,0.17,Lost
Telangana,Medak,ANIL GOUD,Bharat Jodo Party,2132,0.15,Lost
Telangana,Medak,ABHILASH CHELIMELA,Independent,2031,0.15,Lost
Telangana,Medak,ATI ANJANEYULU,Independent,2038,0.15,Lost
Telangana,Medak,MAISANGARI SUNIL,India Praja Bandhu Party,2011,0.15,Lost
Telangana,Medak,PRADEEP,Independent,2010,0.14,Lost
Telangana,Medak,INDRAGOUD SILIVERI,National Nava Kranthi Party,1774,0.13,Lost
Telangana,Medak,NAGAMANI ACHA,Independent,1540,0.11,Lost
Telangana,Medak,A. KRANTHI KUMAR,Independent,1467,0.11,Lost
Telangana,Medak,MAREPALLY LAXMINARAYANA,Independent,1414,0.1,Lost
Telangana,Medak,BALESH UPPARI,Independent,1393,0.1,Lost
Telangana,Medak,VENKATESH BEJUGAM,Independent,1264,0.09,Lost
Telangana,Medak,BOMMALA VIJAY KUMAR,Independent,1196,0.09,Lost
Telangana,Medak,ANNELA LAXMAN,Dharma Samaj Party,1152,0.08,Lost
Telangana,Medak,ABHILASH SHIRNA,Independent,924,0.07,Lost
Telangana,Medak,DODLA VENKAT,Telangana Praja Shakthi Party,917,0.07,Lost
Telangana,Medak,ABISHEK GOUD THABETI,Jana Shankhaaraavam Party,797,0.06,Lost
Telangana,Medak,MEDI SRINIVAS REDDI,Independent,793,0.06,Lost
Telangana,Medak,VUTLA RAMESH,Independent,778,0.06,Lost
Telangana,Medak,D. NARAHARI,Independent,675,0.05,Lost
Telangana,Medak,GOLLAPALLY SAYA GOUD,Pyramid Party of India,658,0.05,Lost
Telangana,Medak,SATYANARAYANA GOUD KOVURI,Independent,607,0.04,Lost
Telangana,Medak,DASARI BHANUCHANDER,Independent,575,0.04,Lost
Telangana,Medak,DADIGE RAJENDAR,Independent,559,0.04,Lost
Telangana,Medak,C.H. NAVEEN KUMAR,Independent,531,0.04,Lost
Telangana,Medak,KONDI ASHOK,Independent,509,0.04,Lost
Telangana,Medak,URELLI YELLAIAH,Viduthalai Chiruthaigal Katchi,494,0.04,Lost
Telangana,Medak,GONDHI BHUJANGAMU,Independent,431,0.03,Lost
Telangana,Medak,MOHD AZHER,Independent,416,0.03,Lost
Telangana,Medak,S RAJESH SAGAR,Independent,348,0.03,Lost
Telangana,Medak,KASOJU SRIKANTH,Independent,344,0.02,Lost
Telangana,Medak,K. LAXMINARAYANA,Independent,317,0.02,Lost
Telangana,Medak,KOLKUR PRATAP,Independent,293,0.02,Lost
Telangana,Medak,GADILA ANJANEYULU,Independent,290,0.02,Lost
Telangana,Medak,GOUTI MALLESH,Independent,248,0.02,Lost
Telangana,Medak,K.RAGHU,Independent,224,0.02,Lost
Telangana,Medak,NOTA,None of the Above,4617,0.33,Lost
Telangana,Nagarkurnool,DR.MALLU RAVI,Indian National Congress,465072,38.14,Won
Telangana,Nagarkurnool,BHARATH  PRASAD POTHUGANTI,Bharatiya Janata Party,370658,30.4,Lost
Telangana,Nagarkurnool,DR.R.S.PRAVEEN KUMAR,Bharat Rashtra Samithi,321343,26.36,Lost
Telangana,Nagarkurnool,AMBOJU RAVI,Alliance of Democratic Reforms Party,12554,01.03,Lost
Telangana,Nagarkurnool,BESAMOLLA  YOSEF,Bahujan Samaj Party,7218,0.59,Lost
Telangana,Nagarkurnool,PILLELA SRIKANTH,Independent,6404,0.53,Lost
Telangana,Nagarkurnool,BUDDHULA SRINIVAS,Independent,4361,0.36,Lost
Telangana,Nagarkurnool,PALADHI NAGARAJU,Independent,4058,0.33,Lost
Telangana,Nagarkurnool,AMARNATH,India Praja Bandhu Party,3709,0.3,Lost
Telangana,Nagarkurnool,PULJALA BALAIAH,Independent,3584,0.29,Lost
Telangana,Nagarkurnool,GALIMUDI GEETHA,Independent,3147,0.26,Lost
Telangana,Nagarkurnool,KARNE. SHIREESHA @ BARRELAKKA,Independent,3087,0.25,Lost
Telangana,Nagarkurnool,PAKIRA RAMULU,Independent,2839,0.23,Lost
Telangana,Nagarkurnool,BIKSHAPATHI LANDA,Independent,1981,0.16,Lost
Telangana,Nagarkurnool,AYYAPPA SUNIL,Rashtriya Praja Congress  (Secular),1227,0.1,Lost
Telangana,Nagarkurnool,GADDAM VIJAY,Bahujan Mukti Party,1009,0.08,Lost
Telangana,Nagarkurnool,PRASANGI,Pyramid Party of India,892,0.07,Lost
Telangana,Nagarkurnool,VAGGU VINAY,Vidhyarthula Rajakiya Party,770,0.06,Lost
Telangana,Nagarkurnool,DASARI BHARATHI,Viduthalai Chiruthaigal Katchi,730,0.06,Lost
Telangana,Nagarkurnool,NOTA,None of the Above,4580,0.38,Lost
Telangana,Nalgonda,KUNDURU RAGHUVEER,Indian National Congress,784337,60.5,Won
Telangana,Nalgonda,SAIDI REDDY SHANAMPUDI,Bharatiya Janata Party,224432,17.31,Lost
Telangana,Nalgonda,KANCHARLA KRISHNA REDDY,Bharat Rashtra Samithi,218417,16.85,Lost
Telangana,Nalgonda,JANAIAH NANDIPATI,Telangana Sakalajanula Party,10859,0.84,Lost
Telangana,Nalgonda,NAGARAJU BANDARU,Independent,7128,0.55,Lost
Telangana,Nalgonda,ANJAIAH VIRIGINENI,Bahujan Samaj Party,7177,0.55,Lost
Telangana,Nalgonda,MARAM VENKAT REDDY,Independent,5967,0.46,Lost
Telangana,Nalgonda,PANUGOTU LALASINGH,Independent,5286,0.41,Lost
Telangana,Nalgonda,THALARI RAMBABU,Dharma Samaj Party,5122,0.4,Lost
Telangana,Nalgonda,RAMESH SUNKARA,Independent,3569,0.28,Lost
Telangana,Nalgonda,POLISHETTY VENKATESHWARLU,Independent,3212,0.25,Lost
Telangana,Nalgonda,KUKKALA VENKANNA,Independent,2566,0.2,Lost
Telangana,Nalgonda,CHOLLETI PRABHAKAR,Independent,2504,0.19,Lost
Telangana,Nalgonda,GOLI SAIDULU,Independent,1779,0.14,Lost
Telangana,Nalgonda,MARRI NEHEMIAH,Independent,1662,0.13,Lost
Telangana,Nalgonda,RAVI PALAKURI,Independent,1547,0.12,Lost
Telangana,Nalgonda,VASKULA MATTAIAH,Marxist Communist Party of India (United),1040,0.08,Lost
Telangana,Nalgonda,KUNDARAPU SRIKANTH,Independent,947,0.07,Lost
Telangana,Nalgonda,RACHA SUBHADRA REDDY,Socialist Party (India),846,0.07,Lost
Telangana,Nalgonda,LINGAM KRISHNA,Independent,666,0.05,Lost
Telangana,Nalgonda,KINNERA YADAIAH,Independent,661,0.05,Lost
Telangana,Nalgonda,SHIRISHALA SRINAIAH,Independent,514,0.04,Lost
Telangana,Nalgonda,NOTA,None of the Above,6086,0.47,Lost
Telangana,Nizamabad,ARVIND DHARMAPURI,Bharatiya Janata Party,592318,48.02,Won
Telangana,Nizamabad,JEEVANREDDY THATIPARTHI,Indian National Congress,483077,39.16,Lost
Telangana,Nizamabad,GOVERDHAN BAJIREDDY,Bharat Rashtra Samithi,102406,8.3,Lost
Telangana,Nizamabad,GANTA CHARITHA RAO,Independent,5710,0.46,Lost
Telangana,Nizamabad,YOUGENDAR GATLA,Alliance of Democratic Reforms Party,5453,0.44,Lost
Telangana,Nizamabad,KOTAGIRI SRINIVAS,Independent,5312,0.43,Lost
Telangana,Nizamabad,PUPPALA LIMBADRI,Bahujan Samaj Party,4263,0.35,Lost
Telangana,Nizamabad,TUTUKURU JEEVAN REDDY,Independent,4091,0.33,Lost
Telangana,Nizamabad,KANDELA SUMAN,Dharma Samaj Party,3886,0.32,Lost
Telangana,Nizamabad,GOLI. NARESH,Dalita Bahujana Party,3024,0.25,Lost
Telangana,Nizamabad,ARE RAJENDHAR,Independent,2907,0.24,Lost
Telangana,Nizamabad,KOTHAKONDA SHAKTI PRASAD,Independent,2106,0.17,Lost
Telangana,Nizamabad,VEMULAA VIKRAM REDDY,Independent,2074,0.17,Lost
Telangana,Nizamabad,GOPI CHENDRIAH,Independent,1723,0.14,Lost
Telangana,Nizamabad,ALI MANSOOR,Anna YSR Congress Party,1468,0.12,Lost
Telangana,Nizamabad,GUYYA SAIKRISHNA MURTHY,Yuga Thulasi Party,1129,0.09,Lost
Telangana,Nizamabad,SYED ASGAR,Independent,1048,0.08,Lost
Telangana,Nizamabad,MALAVAT VITHAL,Independent,919,0.07,Lost
Telangana,Nizamabad,MOGILI RAJKUMAR,India Praja Bandhu Party,830,0.07,Lost
Telangana,Nizamabad,RAPELLY SRINIVAS,Independent,793,0.06,Lost
Telangana,Nizamabad,DESHABOINA LAXMINARAYANA,Independent,723,0.06,Lost
Telangana,Nizamabad,ABBAGONI ASHOK GOUD,Bahujana Left Party,649,0.05,Lost
Telangana,Nizamabad,DEVATHI SRINIVAS,Bahujan Mukti Party,636,0.05,Lost
Telangana,Nizamabad,B B NAIK,Independent,581,0.05,Lost
Telangana,Nizamabad,BHUKYA. NANDU,Vidhyarthula Rajakiya Party,580,0.05,Lost
Telangana,Nizamabad,RAPALLY SATYANARAYANA,Independent,426,0.03,Lost
Telangana,Nizamabad,RAGI ANIL,Independent,375,0.03,Lost
Telangana,Nizamabad,PALAMURI SAI NIKHIL,Independent,307,0.02,Lost
Telangana,Nizamabad,PRASHANTH KATRAJI,Independent,284,0.02,Lost
Telangana,Nizamabad,NOTA,None of the Above,4483,0.36,Lost
Telangana,Peddapalle,VAMSI KRISHNA GADDAM,Indian National Congress,475587,43.42,Won
Telangana,Peddapalle,SRINIVAS GOMASE,Bharatiya Janata Party,344223,31.43,Lost
Telangana,Peddapalle,ESHWAR KOPPULA,Bharat Rashtra Samithi,193356,17.65,Lost
Telangana,Peddapalle,ERUKULLA RAJA NARSAIAH,Bahujan Samaj Party,6799,0.62,Lost
Telangana,Peddapalle,VENUGOPAL MOYYI,Bahujan Mukti Party,5223,0.48,Lost
Telangana,Peddapalle,MOTHE NARESH,Peoples Party of India (Democratic),5007,0.46,Lost
Telangana,Peddapalle,RAMESH MANDA,Dharma Samaj Party,4334,0.4,Lost
Telangana,Peddapalle,AMBOJU SUMALATHA,Alliance of Democratic Reforms Party,3783,0.35,Lost
Telangana,Peddapalle,DURGAM RAMULU,Independent,3434,0.31,Lost
Telangana,Peddapalle,MULKALLA RAJENDRAPRASAD,Independent,2789,0.25,Lost
Telangana,Peddapalle,RAMCHANDAR NICHHAKOLA,Dalita Bahujana Party,2629,0.24,Lost
Telangana,Peddapalle,KANDI CHANDU,Rashtriya Manav Party,2410,0.22,Lost
Telangana,Peddapalle,RAMULA KARTHIK,Independent,2288,0.21,Lost
Telangana,Peddapalle,MOLUGU VENKATESH,New India Party,2269,0.21,Lost
Telangana,Peddapalle,ERUGURALA BHAGYALAXMI,Pyramid Party of India,2125,0.19,Lost
Telangana,Peddapalle,GADDAM MARUTHI,Independent,2081,0.19,Lost
Telangana,Peddapalle,NAVEEN NUKALA,Independent,2067,0.19,Lost
Telangana,Peddapalle,MEKALA AKSHAY KUMAR,Independent,1902,0.17,Lost
Telangana,Peddapalle,KATKURI SANDEEP,Independent,1872,0.17,Lost
Telangana,Peddapalle,BOTLA CHANDRAIAH,Independent,1747,0.16,Lost
Telangana,Peddapalle,ERIKILLA RAJESH,Independent,1734,0.16,Lost
Telangana,Peddapalle,AKKAPAKA THIRUPATHI,Independent,1669,0.15,Lost
Telangana,Peddapalle,DURGAM SANTHOSH,Prajarajya Samithi,1614,0.15,Lost
Telangana,Peddapalle,MAMIDIPALLY BAPAIAH,Independent,1504,0.14,Lost
Telangana,Peddapalle,DUDA MAHIPAL,Independent,1496,0.14,Lost
Telangana,Peddapalle,BOODIDHA THIRUPATHI,Independent,1393,0.13,Lost
Telangana,Peddapalle,DAGAM SRINIVAS,Independent,1388,0.13,Lost
Telangana,Peddapalle,KADASI SHEKHAR,Independent,1272,0.12,Lost
Telangana,Peddapalle,DR VASARLA NATHANIAL,Independent,1217,0.11,Lost
Telangana,Peddapalle,AARNAKONDA RAJU,Independent,1167,0.11,Lost
Telangana,Peddapalle,NARESH JANAGAMA,Independent,1123,0.1,Lost
Telangana,Peddapalle,CHILUKA ANAND,Yuva Taram Party,1093,0.1,Lost
Telangana,Peddapalle,TALLAPALLY NARESH,Independent,968,0.09,Lost
Telangana,Peddapalle,KURMA MAHENDER,Independent,865,0.08,Lost
Telangana,Peddapalle,CHANDANAGIRI SHRINIVAS,Independent,766,0.07,Lost
Telangana,Peddapalle,KASHI SATHISH KUMAR,Anti Corruption Dynamic Party,751,0.07,Lost
Telangana,Peddapalle,KANAKAIAH MULKALA,Socialist Party (India),720,0.07,Lost
Telangana,Peddapalle,SRINIVAS PANTHUKALA,Independent,703,0.06,Lost
Telangana,Peddapalle,KONKATI LINGA MURTHI,Independent,661,0.06,Lost
Telangana,Peddapalle,JUPAKA KIRAN,Independent,653,0.06,Lost
Telangana,Peddapalle,RAJKUMAR DURGAM,Independent,479,0.04,Lost
Telangana,Peddapalle,RAJESHAM RACHARLA,Independent,423,0.04,Lost
Telangana,Peddapalle,NOTA,None of the Above,5711,0.52,Lost
Telangana,Secunderabad,G. KISHAN REDDY,Bharatiya Janata Party,473012,45.15,Won
Telangana,Secunderabad,DANAM NAGENDER,Indian National Congress,423068,40.38,Lost
Telangana,Secunderabad,PADMA RAO . T,Bharat Rashtra Samithi,129586,12.37,Lost
Telangana,Secunderabad,DR.  BASWANANDAM DANDEPU,Bahujan Samaj Party,2268,0.22,Lost
Telangana,Secunderabad,SARARAPU SRISAILAM,Telangana Rajya Samithi,1727,0.16,Lost
Telangana,Secunderabad,SAPAVAT SUMAN,Independent,996,0.1,Lost
Telangana,Secunderabad,R.S.J. THOMAS,Jai Swaraj Party,974,0.09,Lost
Telangana,Secunderabad,RAASALA VINOD KUMAR,Dharma Samaj Party,826,0.08,Lost
Telangana,Secunderabad,KOLISETTY SHIVA KUMAR,Yuga Thulasi Party,679,0.06,Lost
Telangana,Secunderabad,MACHCHERLA VENKATA REDDY,Independent,673,0.06,Lost
Telangana,Secunderabad,MOHAMMED AKRAM ALI KHAN,Independent,597,0.06,Lost
Telangana,Secunderabad,MOHAMMED RAFIUDDIN KALEEM,All India Majlis-E-Inquilab-E-Millat,484,0.05,Lost
Telangana,Secunderabad,LUNAVATH HARI RAM,Independent,474,0.05,Lost
Telangana,Secunderabad,BOGGULA SUNIITHHA,Independent,418,0.04,Lost
Telangana,Secunderabad,MOHAMMED AYUB ALI,Anna YSR Congress Party,410,0.04,Lost
Telangana,Secunderabad,MOHAMMED FASI UDDIN,Independent,342,0.03,Lost
Telangana,Secunderabad,PULIMAMIDI VENKATESH GUPTA,Independent,340,0.03,Lost
Telangana,Secunderabad,IBRAHIM KHAN,Independent,320,0.03,Lost
Telangana,Secunderabad,ANDRAPU SUDARSHAN,Independent,315,0.03,Lost
Telangana,Secunderabad,JUNAID ANAM SIDDIQUI,Independent,295,0.03,Lost
Telangana,Secunderabad,KRANTHI KUMAR BANDELA,Indian National Yuva Jana Party,285,0.03,Lost
Telangana,Secunderabad,DR. R. GANGADHAR,Socialist Unity Centre Of India (COMMUNIST),281,0.03,Lost
Telangana,Secunderabad,UTTAM PRAVEEN KUMAR,Independent,274,0.03,Lost
Telangana,Secunderabad,GOWLIKAR SONY,Social Justice Party of India,272,0.03,Lost
Telangana,Secunderabad,BATHULA RAVI,Independent,252,0.02,Lost
Telangana,Secunderabad,P C LINGANNA,Independent,243,0.02,Lost
Telangana,Secunderabad,MOHAMMED IBRAHIM AHMED,Independent,242,0.02,Lost
Telangana,Secunderabad,SANGALA FLORY,Independent,223,0.02,Lost
Telangana,Secunderabad,MOHAMMED ABDUL AZEEM,Independent,221,0.02,Lost
Telangana,Secunderabad,GANESH BHARGAVI GUNDE,Jai Bharat National Party,223,0.02,Lost
Telangana,Secunderabad,V. K. VIJAYA LAKSHMI,Independent,216,0.02,Lost
Telangana,Secunderabad,CHEEKATI BHUPAL GOUD,All India Backward People Sunami Party,210,0.02,Lost
Telangana,Secunderabad,BOMMAKANTI SOWMYA,Pyramid Party of India,205,0.02,Lost
Telangana,Secunderabad,KRUPAVARAM GANDU,Independent,161,0.02,Lost
Telangana,Secunderabad,PAMPARI NARENDER,Independent,143,0.01,Lost
Telangana,Secunderabad,SYED KHADER,Independent,133,0.01,Lost
Telangana,Secunderabad,B . SUNITHA RANI,Socialist Party (India),133,0.01,Lost
Telangana,Secunderabad,CHALIKA CHANDRA SEKHAR,Independent,129,0.01,Lost
Telangana,Secunderabad,PAGIDIPALLI SHYAMSON,Viduthalai Chiruthaigal Katchi,130,0.01,Lost
Telangana,Secunderabad,REDDYMALLA PARVATHI,Independent,127,0.01,Lost
Telangana,Secunderabad,VELAMARTHI. RAVI KIRAN,Independent,124,0.01,Lost
Telangana,Secunderabad,K. MURALI KRISHNA,Independent,120,0.01,Lost
Telangana,Secunderabad,DEVENDAR KONNE,Independent,117,0.01,Lost
Telangana,Secunderabad,KONDOJU MOHAN,Independent,114,0.01,Lost
Telangana,Secunderabad,MD KHALEEL UZ ZAMA,Independent,111,0.01,Lost
Telangana,Secunderabad,NOTA,None of the Above,5166,0.49,Lost
Telangana,Warangal,KADIYAM KAVYA,Indian National Congress,581294,45.85,Won
Telangana,Warangal,AROORI RAMESH,Bharatiya Janata Party,360955,28.47,Lost
Telangana,Warangal,Dr. MARAPALLY SUDHEER KUMAR,Bharat Rashtra Samithi,232033,18.3,Lost
Telangana,Warangal,AMBOJU BUDDAIAH,Alliance of Democratic Reforms Party,11115,0.88,Lost
Telangana,Warangal,KALPANA PANJA,Bahujan Samaj Party,9327,0.74,Lost
Telangana,Warangal,KONGARA ANIL KUMAR,Independent,6259,0.49,Lost
Telangana,Warangal,ANIL KUMAR GADEPAKA,Independent,4486,0.35,Lost
Telangana,Warangal,BUNGA JYOTHI RAMANA,Aihra National Party,4265,0.34,Lost
Telangana,Warangal,MEKALA SUMAN,Dharma Samaj Party,4038,0.32,Lost
Telangana,Warangal,AR NENA PREM READY RIPEEKA,Mana Telangana Rashtra Samaikya Party,3634,0.29,Lost
Telangana,Warangal,KOYYADA NARESH,Independent,3286,0.26,Lost
Telangana,Warangal,PRAMEELA JANNU,Independent,3022,0.24,Lost
Telangana,Warangal,BARIGELA SHIVA,Independent,2949,0.23,Lost
Telangana,Warangal,S P K  SAGAR,Jai Maha Bharath Party,2773,0.22,Lost
Telangana,Warangal,PASULA RAVI,Republican Party of India (Athawale),2239,0.18,Lost
Telangana,Warangal,DEVARAJU PENDELA,Rashtriya Praja Congress  (Secular),2083,0.16,Lost
Telangana,Warangal,POTHARAJU NARASIMHARAJU,Independent,1955,0.15,Lost
Telangana,Warangal,BOLLAM VIJAY KUMAR,Independent,1825,0.14,Lost
Telangana,Warangal,MACHA DEVENDER,Viduthalai Chiruthaigal Katchi,1769,0.14,Lost
Telangana,Warangal,ROOPA POLEPAKA,Independent,1659,0.13,Lost
Telangana,Warangal,NARMADA PRAVEEN,Pyramid Party of India,1664,0.13,Lost
Telangana,Warangal,DHAYAKAR GAJJI,Independent,1638,0.13,Lost
Telangana,Warangal,POGULA ASHOK,Independent,1337,0.11,Lost
Telangana,Warangal,THANDRA ESHWAR,Independent,1292,0.1,Lost
Telangana,Warangal,MANDA NARESH,Independent,1051,0.08,Lost
Telangana,Warangal,KOTHAPALLI SAVITHRI,Marxist Communist Party of India (United),1023,0.08,Lost
Telangana,Warangal,PUTTA VINOD KUMAR,Independent,909,0.07,Lost
Telangana,Warangal,BOCHU RAJU,Independent,913,0.07,Lost
Telangana,Warangal,PAITHARA ACHYUTH,Independent,906,0.07,Lost
Telangana,Warangal,MANGALAPELLI ASHAIAH,Independent,847,0.07,Lost
Telangana,Warangal,GADDAM CHIRANJEEVI,Independent,826,0.07,Lost
Telangana,Warangal,MOTHKUPELLY PRABHAKAR,Independent,819,0.06,Lost
Telangana,Warangal,GANNARAPU RAVINDER,Independent,752,0.06,Lost
Telangana,Warangal,GANIPAKA PRADEEP,Independent,713,0.06,Lost
Telangana,Warangal,RAMESH BABU SHANIGARAPU,Independent,662,0.05,Lost
Telangana,Warangal,Dr GADAM MALLESH,Jai Bharat National Party,567,0.04,Lost
Telangana,Warangal,THALLAPALLY VENKATAIAH,Independent,538,0.04,Lost
Telangana,Warangal,BASHIPAKA SUDHAKAR,Independent,505,0.04,Lost
Telangana,Warangal,RK GANAPURAM,Independent,474,0.04,Lost
Telangana,Warangal,CHILUVERU PRATHAP,Independent,401,0.03,Lost
Telangana,Warangal,THATIKAYALA SATHISH BABU,Independent,384,0.03,Lost
Telangana,Warangal,CHILUMULLA SUJATHA,Independent,379,0.03,Lost
Telangana,Warangal,NOTA,None of the Above,8380,0.66,Lost
Telangana,Zahirabad,SURESH KUMAR SHETKAR,Indian National Congress,528418,42.73,Won
Telangana,Zahirabad,B. B. PATIL,Bharatiya Janata Party,482230,39,Lost
Telangana,Zahirabad,ANILKUMAR GALI,Bharat Rashtra Samithi,172078,13.92,Lost
Telangana,Zahirabad,KOTHA BALIJA BASWARAJ,Telangana Praja Shakthi Party,8373,0.68,Lost
Telangana,Zahirabad,CHAVAGANI MANI,Alliance of Democratic Reforms Party,6309,0.51,Lost
Telangana,Zahirabad,YAKUB SHARIF MD,Independent,5489,0.44,Lost
Telangana,Zahirabad,MAHADHEV SWAMI MATAM,Independent,5412,0.44,Lost
Telangana,Zahirabad,B. MARUTHI RAO,Independent,4252,0.34,Lost
Telangana,Zahirabad,S. RAJU,Independent,3514,0.28,Lost
Telangana,Zahirabad,SATYANARAYANA GOUD KOVURI,Independent,2876,0.23,Lost
Telangana,Zahirabad,RAMESH. SAJJAPUR.,Independent,2479,0.2,Lost
Telangana,Zahirabad,KAMMARI ANANDEESHWAR,Independent,2384,0.19,Lost
Telangana,Zahirabad,JAIPAL NAYAK JADAVATH,Independent,2268,0.18,Lost
Telangana,Zahirabad,GURRAPU MACHANDER,All India Forward Bloc,1769,0.14,Lost
Telangana,Zahirabad,T.D.S. MANI,Dharma Samaj Party,1655,0.13,Lost
Telangana,Zahirabad,MOHD SADDAM,Independent,1568,0.13,Lost
Telangana,Zahirabad,MALEPU MOHAN REDDY,Pyramid Party of India,1102,0.09,Lost
Telangana,Zahirabad,ASHOK TALARI,Independent,837,0.07,Lost
Telangana,Zahirabad,ROMALA BABU DURGAIAH,India Praja Bandhu Party,603,0.05,Lost
Telangana,Zahirabad,NOTA,None of the Above,2977,0.24,Lost
Tripura,Tripura East,KRITI DEVI DEBBARMAN,Bharatiya Janata Party,777447,68.54,Won
Tripura,Tripura East,RAJENDRA REANG,Communist Party of India  (Marxist),290628,25.62,Lost
Tripura,Tripura East,ARCHANA URANG,Independent,10922,0.96,Lost
Tripura,Tripura East,DARSHAN KUMAR REANG,Independent,9269,0.82,Lost
Tripura,Tripura East,SANTOJOY TRIPURA,Independent,6862,0.6,Lost
Tripura,Tripura East,SHIB CHANDRA DEBBARMA,Independent,6719,0.59,Lost
Tripura,Tripura East,SATRUGHNA JAMATIA,Independent,5967,0.53,Lost
Tripura,Tripura East,KRISHNA MOHAN JAMATIA,Independent,4217,0.37,Lost
Tripura,Tripura East,KALPA MOHAN TRIPURA,Independent,4011,0.35,Lost
Tripura,Tripura East,NOTA,None of the Above,18303,1.61,Lost
Tripura,Tripura West,BIPLAB KUMAR DEB,Bharatiya Janata Party,881341,72.85,Won
Tripura,Tripura West,ASISH KUMAR SAHA,Indian National Congress,269763,22.3,Lost
Tripura,Tripura West,RAMENDRA REANG,Independent,8932,0.74,Lost
Tripura,Tripura West,ARUN KUMAR BHAUMIK,Socialist Unity Centre Of India (COMMUNIST),8784,0.73,Lost
Tripura,Tripura West,GOURI SANKAR NANDI,Independent,8114,0.67,Lost
Tripura,Tripura West,MILAN PADA MURASING,Independent,6652,0.55,Lost
Tripura,Tripura West,BALARAM DEBBARMA,Independent,4479,0.37,Lost
Tripura,Tripura West,BRAJALAL DEBNATH,Independent,3683,0.3,Lost
Tripura,Tripura West,ARNAB ROY,Republican Party of India (A),3449,0.29,Lost
Tripura,Tripura West,NOTA,None of the Above,14612,1.21,Lost
Uttar Pradesh,Agra,PROF S P SINGH BAGHEL,Bharatiya Janata Party,599397,53.34,Won
Uttar Pradesh,Agra,SURESH CHAND KARDAM,Samajwadi Party,328103,29.2,Lost
Uttar Pradesh,Agra,POOJA AMROHI,Bahujan Samaj Party,176474,15.7,Lost
Uttar Pradesh,Agra,ARAM SINGH,Peoples Party of India (Democratic),4143,0.37,Lost
Uttar Pradesh,Agra,KULDEEP KUMAR,Bharatiya Kisan Parivartan Party,2002,0.18,Lost
Uttar Pradesh,Agra,MAHENDRA SINGH,Independent,1785,0.16,Lost
Uttar Pradesh,Agra,POOJA,Independent,1370,0.12,Lost
Uttar Pradesh,Agra,SARVESH KUMAR,Bharatiya Majdoor Janta Party,1133,0.1,Lost
Uttar Pradesh,Agra,AMBEDAKARI HASANURAM AMBEDAKARI,Independent,933,0.08,Lost
Uttar Pradesh,Agra,JITENDRA GAUTAM,Lokpriya Rashtrawadi Party,782,0.07,Lost
Uttar Pradesh,Agra,CHANDRA PAL,Adarsh Samaj Party,643,0.06,Lost
Uttar Pradesh,Agra,NOTA,None of the Above,7014,0.62,Lost
Uttar Pradesh,Akbarpur,DEVENDRA SINGH ALIAS BHOLE SINGH,Bharatiya Janata Party,517423,47.6,Won
Uttar Pradesh,Akbarpur,RAJARAM PAL,Samajwadi Party,473078,43.52,Lost
Uttar Pradesh,Akbarpur,RAJESH KUMAR DWIVEDI,Bahujan Samaj Party,73140,6.73,Lost
Uttar Pradesh,Akbarpur,RAJARAM,Independent,4642,0.43,Lost
Uttar Pradesh,Akbarpur,ASHOK PASWAN ADVOCATE,Sabhi Jan Party,3173,0.29,Lost
Uttar Pradesh,Akbarpur,CHANDRESH SINGH,Bhartiya Shakti Chetna Party,2654,0.24,Lost
Uttar Pradesh,Akbarpur,YOGESH JAISWAL,Independent,2543,0.23,Lost
Uttar Pradesh,Akbarpur,VIPIN KUMAR,Rashtriya Sanskriti Party,1494,0.14,Lost
Uttar Pradesh,Akbarpur,RAMGOPAL,Rashtriya Janutthan Party,1157,0.11,Lost
Uttar Pradesh,Akbarpur,NOTA,None of the Above,7649,0.7,Lost
Uttar Pradesh,Aligarh,SATISH KUMAR GAUTAM,Bharatiya Janata Party,501834,44.28,Won
Uttar Pradesh,Aligarh,BIJENDRA SINGH,Samajwadi Party,486187,42.9,Lost
Uttar Pradesh,Aligarh,HITENDRA KUMAR ALIAS BUNTY UPADHYAY,Bahujan Samaj Party,123929,10.93,Lost
Uttar Pradesh,Aligarh,GYANI RAM,Independent,3799,0.34,Lost
Uttar Pradesh,Aligarh,SATISH KUMAR,Independent,3561,0.31,Lost
Uttar Pradesh,Aligarh,SATISH KUMAR,Swatantra Jantaraj Party,1648,0.15,Lost
Uttar Pradesh,Aligarh,MANOJ KUMAR ALIAS MANOJ LODHI,Saman Adhikar Party,1440,0.13,Lost
Uttar Pradesh,Aligarh,KESHAV DEV ALIAS PANDIT KESHAV DEV GAUTAM,Independent,1319,0.12,Lost
Uttar Pradesh,Aligarh,SURENDRA,Moulik Adhikar Party,1178,0.1,Lost
Uttar Pradesh,Aligarh,RAJESH KUMAR,Independent,1056,0.09,Lost
Uttar Pradesh,Aligarh,DILEEP SHARMA AD.,Independent,955,0.08,Lost
Uttar Pradesh,Aligarh,MAHESH CHANDRA SHARMA,Independent,736,0.06,Lost
Uttar Pradesh,Aligarh,RAJ KUMAR,Rashtriya Shoshit Samaj Party,412,0.04,Lost
Uttar Pradesh,Aligarh,MANOJ KUMAR SHARMA ADVOCATE,Loktantrik Janshakti Party,378,0.03,Lost
Uttar Pradesh,Aligarh,NOTA,None of the Above,4934,0.44,Lost
Uttar Pradesh,Allahabad,UJJWAL RAMAN SINGH,Indian National Congress,462145,48.8,Won
Uttar Pradesh,Allahabad,NEERAJ TRIPATHI,Bharatiya Janata Party,403350,42.59,Lost
Uttar Pradesh,Allahabad,RAMESH KUMAR PATEL,Bahujan Samaj Party,49144,5.19,Lost
Uttar Pradesh,Allahabad,GOPAL SWROOP JOSHI,Independent,4248,0.45,Lost
Uttar Pradesh,Allahabad,AJEET KUMAR PATEL,Pragatisheel Samaj Party,2642,0.28,Lost
Uttar Pradesh,Allahabad,MOOLNIWASI HEMRAJ SINGH,Peoples Party of India (Democratic),2355,0.25,Lost
Uttar Pradesh,Allahabad,GEETA RANI SHARMA,Independent,2197,0.23,Lost
Uttar Pradesh,Allahabad,HANSHRAJ KOL,Apna Dal (Kamerawadi),2141,0.23,Lost
Uttar Pradesh,Allahabad,RAJENDRA PRASAD PRAJAPATI,Bhagidari Party(P),1847,0.2,Lost
Uttar Pradesh,Allahabad,AVANEESH KUMAR,Independent,1835,0.19,Lost
Uttar Pradesh,Allahabad,ANUJ SWAROOP SHUKLA,Independent,1616,0.17,Lost
Uttar Pradesh,Allahabad,SHIV PRASAD VISHWAKARMA,Samyak Party,1326,0.14,Lost
Uttar Pradesh,Allahabad,SARVAJEET SINGH,Kamera Samaj Party,1177,0.12,Lost
Uttar Pradesh,Allahabad,RAJDHAR SINGH PATEL,Rashtriya Samaj Dal (R),1025,0.11,Lost
Uttar Pradesh,Allahabad,NOTA,None of the Above,9952,01.05,Lost
Uttar Pradesh,Ambedkar Nagar,LALJI VERMA,Samajwadi Party,544959,46.3,Won
Uttar Pradesh,Ambedkar Nagar,RITESH PANDEY,Bharatiya Janata Party,407712,34.64,Lost
Uttar Pradesh,Ambedkar Nagar,QAMAR HAYAT,Bahujan Samaj Party,199499,16.95,Lost
Uttar Pradesh,Ambedkar Nagar,NEELAM SINGH,Moolniwasi Samaj Party,4331,0.37,Lost
Uttar Pradesh,Ambedkar Nagar,SHABANA KHATOON,Peace Party,3990,0.34,Lost
Uttar Pradesh,Ambedkar Nagar,JAVED AHMAD SIDDIQUI,Independent,3860,0.33,Lost
Uttar Pradesh,Ambedkar Nagar,RAM NARESH PRAJAPATI,Bhagidari Party(P),3413,0.29,Lost
Uttar Pradesh,Ambedkar Nagar,VIVEK KUMAR,Bhartiya Shakti Chetna Party,1850,0.16,Lost
Uttar Pradesh,Ambedkar Nagar,NOTA,None of the Above,7448,0.63,Lost
Uttar Pradesh,Amethi,KISHORI LAL,Indian National Congress,539228,54.99,Won
Uttar Pradesh,Amethi,SMRITI IRANI,Bharatiya Janata Party,372032,37.94,Lost
Uttar Pradesh,Amethi,NANHE SINGH CHAUHAN,Bahujan Samaj Party,34534,3.52,Lost
Uttar Pradesh,Amethi,SURENDRA KUMAR,Independent,5699,0.58,Lost
Uttar Pradesh,Amethi,DINESH CHANDRA MAURYA,Janshakti Samta Party,4577,0.47,Lost
Uttar Pradesh,Amethi,JAGDAMBA PRASAD YADAV,Independent,4020,0.41,Lost
Uttar Pradesh,Amethi,BHAGWANDIN PASI,Moulik Adhikar Party,2334,0.24,Lost
Uttar Pradesh,Amethi,CHANDRAWATI,Independent,2291,0.23,Lost
Uttar Pradesh,Amethi,MOHD HASAN LAHRI,Rashtriya Narayanwadi Vikas Party,1527,0.16,Lost
Uttar Pradesh,Amethi,KHUSHIRAM,Independent,1401,0.14,Lost
Uttar Pradesh,Amethi,UDAYRAJ,Independent,1305,0.13,Lost
Uttar Pradesh,Amethi,SANTRAM,Samajhdar Party,1212,0.12,Lost
Uttar Pradesh,Amethi,SHAILENDRA KUMAR MISHRA,Sanyogwadi Party,1128,0.12,Lost
Uttar Pradesh,Amethi,NOTA,None of the Above,9383,0.96,Lost
Uttar Pradesh,Amroha,KANWAR SINGH TANWAR,Bharatiya Janata Party,476506,42.9,Won
Uttar Pradesh,Amroha,KUNWAR DANISH ALI,Indian National Congress,447836,40.32,Lost
Uttar Pradesh,Amroha,MUJAHID HUSAIN,Bahujan Samaj Party,164099,14.77,Lost
Uttar Pradesh,Amroha,DHANISH,Independent,3617,0.33,Lost
Uttar Pradesh,Amroha,SURESH,Independent,2717,0.24,Lost
Uttar Pradesh,Amroha,JEETPAL RANA,Independent,2556,0.23,Lost
Uttar Pradesh,Amroha,SUHEL HAIDER,Akhil Bhartiya Parivar Party,2504,0.23,Lost
Uttar Pradesh,Amroha,NARENDRA SINGH,Independent,1779,0.16,Lost
Uttar Pradesh,Amroha,NAEEMUDDIN,Independent,1004,0.09,Lost
Uttar Pradesh,Amroha,KUSHAGRA,Independent,858,0.08,Lost
Uttar Pradesh,Amroha,KASHIF HUSAIN,Independent,679,0.06,Lost
Uttar Pradesh,Amroha,KUMDESH KUMAR,Independent,635,0.06,Lost
Uttar Pradesh,Amroha,NOTA,None of the Above,5900,0.53,Lost
Uttar Pradesh,Aonla,NEERAJ MAURYA,Samajwadi Party,492515,45.23,Won
Uttar Pradesh,Aonla,DHARMENDRA KASHYAP,Bharatiya Janata Party,476546,43.76,Lost
Uttar Pradesh,Aonla,ABID ALI,Bahujan Samaj Party,95630,8.78,Lost
Uttar Pradesh,Aonla,KAUSAR KHAN,Peace Party,4213,0.39,Lost
Uttar Pradesh,Aonla,PREM PAL SAGAR,Vanchitsamaj Insaaf Party,3330,0.31,Lost
Uttar Pradesh,Aonla,MAKKHAN LAL,Independent,2953,0.27,Lost
Uttar Pradesh,Aonla,RAJ KUMAR PATEL,Sardar Patel Siddhant Party,2706,0.25,Lost
Uttar Pradesh,Aonla,MOHAMMAD AMIR KHAN,Bharat Jodo Party,2355,0.22,Lost
Uttar Pradesh,Aonla,NIRMOD KUMAR SINGH,Bhartiya Shakti Chetna Party,1790,0.16,Lost
Uttar Pradesh,Aonla,NOTA,None of the Above,6858,0.63,Lost
Uttar Pradesh,Azamgarh,DHARMENDRA YADAV,Samajwadi Party,508239,48.2,Won
Uttar Pradesh,Azamgarh,DINESH LAL YADAV “NIRAHUA”,Bharatiya Janata Party,347204,32.93,Lost
Uttar Pradesh,Azamgarh,MASHHOD SABEEHA ANSARI,Bahujan Samaj Party,179839,17.05,Lost
Uttar Pradesh,Azamgarh,RAVINDRA NATH SHARMA,Moulik Adhikar Party,3042,0.29,Lost
Uttar Pradesh,Azamgarh,PARAS YADAV,Jan Raajya Party,2491,0.24,Lost
Uttar Pradesh,Azamgarh,SHASHIDHAR,Independent,2232,0.21,Lost
Uttar Pradesh,Azamgarh,MAHENDRA NATH YADAV,Moolniwasi Samaj Party,1905,0.18,Lost
Uttar Pradesh,Azamgarh,VIJAY KUMAR,Independent,1735,0.16,Lost
Uttar Pradesh,Azamgarh,PANKAJ KUMAR YADAV,Independent,1599,0.15,Lost
Uttar Pradesh,Azamgarh,NOTA,None of the Above,6234,0.59,Lost
Uttar Pradesh,Badaun,ADITYA YADAV,Samajwadi Party,501855,45.97,Won
Uttar Pradesh,Badaun,DURVIJAY SINGH SHAKYA,Bharatiya Janata Party,466864,42.76,Lost
Uttar Pradesh,Badaun,MUSLIM KHAN,Bahujan Samaj Party,97751,8.95,Lost
Uttar Pradesh,Badaun,SANDEEP KUMAR,Independent,3836,0.35,Lost
Uttar Pradesh,Badaun,DINESH KUMAR,Independent,2674,0.24,Lost
Uttar Pradesh,Badaun,LATA YADAV,Independent,2578,0.24,Lost
Uttar Pradesh,Badaun,NILAM RANI PAL,Rashtriya Shoshit Samaj Party,2438,0.22,Lost
Uttar Pradesh,Badaun,RAM PRATAP MAURYA,Independent,1543,0.14,Lost
Uttar Pradesh,Badaun,ISRAT ALI,Independent,1513,0.14,Lost
Uttar Pradesh,Badaun,SULEMAN,Swaraj Bhartiya Nyay Party,1240,0.11,Lost
Uttar Pradesh,Badaun,HARIRAJ SINGH URF SIPU YADAV,Log Party,910,0.08,Lost
Uttar Pradesh,Badaun,NOTA,None of the Above,8562,0.78,Lost
Uttar Pradesh,Baghpat,DR RAJKUMAR SANGWAN,Rashtriya Lok Dal,488967,52.36,Won
Uttar Pradesh,Baghpat,AMARPAL,Samajwadi Party,329508,35.29,Lost
Uttar Pradesh,Baghpat,PRAVEEN BANSAL,Bahujan Samaj Party,92266,9.88,Lost
Uttar Pradesh,Baghpat,MUKESH KUMAR SHARMA,Azad Adhikar Sena,5523,0.59,Lost
Uttar Pradesh,Baghpat,MAHENDER SINGH,Sarvjan Samta Party,5020,0.54,Lost
Uttar Pradesh,Baghpat,SUKHVIR SINGH,Swatantra Jantaraj Party,4099,0.44,Lost
Uttar Pradesh,Baghpat,RUBY KASHYAP,Sarvjan Lok Shakti Party,3280,0.35,Lost
Uttar Pradesh,Baghpat,NOTA,None of the Above,5110,0.55,Lost
Uttar Pradesh,Baharaich,ANAND KUMAR,Bharatiya Janata Party,518802,49.1,Won
Uttar Pradesh,Baharaich,RAMESH CHANDRA,Samajwadi Party,454575,43.02,Lost
Uttar Pradesh,Baharaich,DR. BRIJESH KUMAR,Bahujan Samaj Party,50448,4.77,Lost
Uttar Pradesh,Baharaich,ARVIND KUMAR,Bhartiya Awam Party (Rastriya),6160,0.58,Lost
Uttar Pradesh,Baharaich,RAMESH BALMIKI,Independent,3227,0.31,Lost
Uttar Pradesh,Baharaich,BECHULAL,Independent,2920,0.28,Lost
Uttar Pradesh,Baharaich,JANARDAN GOND,Independent,2673,0.25,Lost
Uttar Pradesh,Baharaich,RAM MILAN,Sardar Patel Siddhant Party,1699,0.16,Lost
Uttar Pradesh,Baharaich,RINKU SAHANI,Rashtra Dharak Dal,1683,0.16,Lost
Uttar Pradesh,Baharaich,JAGRAM,Independent,1515,0.14,Lost
Uttar Pradesh,Baharaich,NOTA,None of the Above,12864,1.22,Lost
Uttar Pradesh,Ballia,SANATAN PANDEY,Samajwadi Party,467068,46.37,Won
Uttar Pradesh,Ballia,NEERAJ SHEKHAR,Bharatiya Janata Party,423684,42.06,Lost
Uttar Pradesh,Ballia,LALLAN SINGH YADAV,Bahujan Samaj Party,85205,8.46,Lost
Uttar Pradesh,Ballia,SUMESHWAR,Independent,5056,0.5,Lost
Uttar Pradesh,Ballia,SHESHNATH,Independent,3588,0.36,Lost
Uttar Pradesh,Ballia,RAVI KANT SINGH ALIAS RAVI PATEL,Sardar Patel Siddhant Party,3181,0.32,Lost
Uttar Pradesh,Ballia,RAMNIVAS GOND,Gondvana Gantantra Party,2672,0.27,Lost
Uttar Pradesh,Ballia,SURYA BALI PRASAD,Aazad Samaj Party (Kanshi Ram),2148,0.21,Lost
Uttar Pradesh,Ballia,RANJANA,Independent,1878,0.19,Lost
Uttar Pradesh,Ballia,ASHOK GUPTA,Independent,1347,0.13,Lost
Uttar Pradesh,Ballia,MANINDR,Independent,1187,0.12,Lost
Uttar Pradesh,Ballia,AVADHESH VERMA,Independent,1161,0.12,Lost
Uttar Pradesh,Ballia,PRAKASH KUMAR,Independent,960,0.1,Lost
Uttar Pradesh,Ballia,NOTA,None of the Above,8187,0.81,Lost
Uttar Pradesh,Banda,KRISHNA DEVI SHIVSHANKER PATEL,Samajwadi Party,406567,38.94,Won
Uttar Pradesh,Banda,R. K. SINGH PATEL,Bharatiya Janata Party,335357,32.12,Lost
Uttar Pradesh,Banda,MAYANK DWIVEDI,Bahujan Samaj Party,245745,23.54,Lost
Uttar Pradesh,Banda,RAMCHANDRA SARAS,Communist Party of India,9438,0.9,Lost
Uttar Pradesh,Banda,PANCHA URF PANCHAMLAL,Bhagidari Party(P),7717,0.74,Lost
Uttar Pradesh,Banda,GULAB CHANDER BARMA,Rashtra Uday Party,5907,0.57,Lost
Uttar Pradesh,Banda,RAMCHRAN,Independent,5423,0.52,Lost
Uttar Pradesh,Banda,SURENDRA KUMAR,Swatantra Jantaraj Party,4382,0.42,Lost
Uttar Pradesh,Banda,SHRIRAM SINGH GAUR,Bhartiya Shakti Chetna Party,3350,0.32,Lost
Uttar Pradesh,Banda,DINESH KUMAR PATEL,Sardar Patel Siddhant Party,2508,0.24,Lost
Uttar Pradesh,Banda,BABULAL,Log Party,2361,0.23,Lost
Uttar Pradesh,Banda,PRAMOD AZAD,Apna Dal (Kamerawadi),2142,0.21,Lost
Uttar Pradesh,Banda,NOTA,None of the Above,13235,1.27,Lost
Uttar Pradesh,Bansgaon,KAMLESH PASWAN,Bharatiya Janata Party,428693,45.38,Won
Uttar Pradesh,Bansgaon,SADAL PRASAD,Indian National Congress,425543,45.04,Lost
Uttar Pradesh,Bansgaon,RAMSAMUJH,Bahujan Samaj Party,64750,6.85,Lost
Uttar Pradesh,Bansgaon,GAYA PRASAD,Independent,6638,0.7,Lost
Uttar Pradesh,Bansgaon,SHRVAN KUMAR NIRALA,Independent,4142,0.44,Lost
Uttar Pradesh,Bansgaon,HEERALAL,Independent,2597,0.27,Lost
Uttar Pradesh,Bansgaon,MURLI DHAR,Independent,1745,0.18,Lost
Uttar Pradesh,Bansgaon,RAJENDRA CHAUDHARI,Independent,1634,0.17,Lost
Uttar Pradesh,Bansgaon,NOTA,None of the Above,9021,0.95,Lost
Uttar Pradesh,Barabanki,TANUJ PUNIA,Indian National Congress,719927,55.78,Won
Uttar Pradesh,Barabanki,RAJRANI RAWAT,Bharatiya Janata Party,504223,39.07,Lost
Uttar Pradesh,Barabanki,SHIV KUMAR DOHAREY,Bahujan Samaj Party,39177,03.04,Lost
Uttar Pradesh,Barabanki,BABOORAM,Independent,3669,0.28,Lost
Uttar Pradesh,Barabanki,RAMLAKHAN PASI,Independent,2928,0.23,Lost
Uttar Pradesh,Barabanki,MITHALESH KUMARI,Independent,2321,0.18,Lost
Uttar Pradesh,Barabanki,DEVATADEEN GAUTAM,Independent,2173,0.17,Lost
Uttar Pradesh,Barabanki,ASHA DEVI,Swatantrata Abhivyakti Party,2020,0.16,Lost
Uttar Pradesh,Barabanki,PROF. (DR.) RAM GHULAM RAZDAN,Public Adhikar Socialist Indian Party,1493,0.12,Lost
Uttar Pradesh,Barabanki,MAHENDRA KUMAR RAWAT,Awami Samta Party,1190,0.09,Lost
Uttar Pradesh,Barabanki,OMKAR,Independent,1138,0.09,Lost
Uttar Pradesh,Barabanki,ADVOCATE SANTOSH RAWAT,Dr. Bhimrao Ambedkar Dal,1078,0.08,Lost
Uttar Pradesh,Barabanki,PREMCHANDRA HARIJAN,Sardar Patel Siddhant Party,1076,0.08,Lost
Uttar Pradesh,Barabanki,NOTA,None of the Above,8221,0.64,Lost
Uttar Pradesh,Bareilly,CHHATRA PAL SINGH GANGWAR,Bharatiya Janata Party,567127,50.66,Won
Uttar Pradesh,Bareilly,PRAVEEN SINGH ARON,Samajwadi Party,532323,47.55,Lost
Uttar Pradesh,Bareilly,IRSHAD ANSARI ADVOCATE,Peace Party,3553,0.32,Lost
Uttar Pradesh,Bareilly,WASEEM MIAN,Independent,2839,0.25,Lost
Uttar Pradesh,Bareilly,BHUPENDRA KUMAR MAURYA,Peoples Party of India (Democratic),1704,0.15,Lost
Uttar Pradesh,Bareilly,BUDDH PRIYA KARMRAJ RAHUL,Independent,1194,0.11,Lost
Uttar Pradesh,Bareilly,ROHTASH KASHYAP,Jan Shakti Ekta Party,847,0.08,Lost
Uttar Pradesh,Bareilly,JAGPAL SINGH YADAV,Samrat Mihir Bhoj Samaj Party,656,0.06,Lost
Uttar Pradesh,Bareilly,RAVI KUMAR,Sardar Patel Siddhant Party,627,0.06,Lost
Uttar Pradesh,Bareilly,MOHD NAJIM ALI,Bharat Jodo Party,633,0.06,Lost
Uttar Pradesh,Bareilly,NITIN MOHAN,Independent,620,0.06,Lost
Uttar Pradesh,Bareilly,ASHISH GANGWAR,Independent,616,0.06,Lost
Uttar Pradesh,Bareilly,AYSHA BI,Independent,559,0.05,Lost
Uttar Pradesh,Bareilly,NOTA,None of the Above,6260,0.56,Lost
Uttar Pradesh,Basti,RAM PRASAD CHAUDHARY,Samajwadi Party,527005,48.67,Won
Uttar Pradesh,Basti,HARISH CHANDRA ALIAS HARISH DWIVEDI,Bharatiya Janata Party,426011,39.34,Lost
Uttar Pradesh,Basti,LAVKUSH PATEL,Bahujan Samaj Party,103301,9.54,Lost
Uttar Pradesh,Basti,PANKAJ DUBEY,Log Party,4627,0.43,Lost
Uttar Pradesh,Basti,PREM KUMAR,Moulik Adhikar Party,3611,0.33,Lost
Uttar Pradesh,Basti,HAFIZ ALI,All India Forward Bloc,2988,0.28,Lost
Uttar Pradesh,Basti,RAM KARAN GAUTAM,Independent,2645,0.24,Lost
Uttar Pradesh,Basti,PRAMOD KUMAR,Independent,2557,0.24,Lost
Uttar Pradesh,Basti,SHAILENDRA KUMAR,Bharat Mahaparivar Party,2364,0.22,Lost
Uttar Pradesh,Basti,NOTA,None of the Above,7761,0.72,Lost
Uttar Pradesh,Bhadohi,DR. VINOD KUMAR BIND,Bharatiya Janata Party,459982,42.39,Won
Uttar Pradesh,Bhadohi,LALITESHPATI TRIPATHI,All India Trinamool Congress,415910,38.33,Lost
Uttar Pradesh,Bhadohi,HARISHANKAR,Bahujan Samaj Party,155053,14.29,Lost
Uttar Pradesh,Bhadohi,PREMCHAND BIND,Pragatisheel Manav Samaj Party,13689,1.26,Lost
Uttar Pradesh,Bhadohi,RAJ NARAYAN PATEL,Sardar Patel Siddhant Party,6206,0.57,Lost
Uttar Pradesh,Bhadohi,RAM PRAKASH MISHRA,Rashtriya Samaj Paksha,5270,0.49,Lost
Uttar Pradesh,Bhadohi,SUSHIL,All India Forward Bloc,5261,0.48,Lost
Uttar Pradesh,Bhadohi,DR. SHYAMDHAR TIWARI,Independent,4848,0.45,Lost
Uttar Pradesh,Bhadohi,KRISHNA DEV,Rashtra Uday Party,4597,0.42,Lost
Uttar Pradesh,Bhadohi,DHIRENDRA KUMAR TIWARI,Independent,2948,0.27,Lost
Uttar Pradesh,Bhadohi,NOTA,None of the Above,11229,01.03,Lost
Uttar Pradesh,Bijnor,CHANDAN CHAUHAN,Rashtriya Lok Dal,404493,39.48,Won
Uttar Pradesh,Bijnor,DEEPAK,Samajwadi Party,366985,35.82,Lost
Uttar Pradesh,Bijnor,VIJENDER SINGH,Bahujan Samaj Party,218986,21.38,Lost
Uttar Pradesh,Bijnor,ABDUL BARI,Jai Samta Party,8072,0.79,Lost
Uttar Pradesh,Bijnor,DEEPAK KUMAR,Independent,7318,0.71,Lost
Uttar Pradesh,Bijnor,ZAHEER,Independent,2788,0.27,Lost
Uttar Pradesh,Bijnor,RAJAPAL,Peoples Party of India (Democratic),2373,0.23,Lost
Uttar Pradesh,Bijnor,MOHD. SHAHJAD,Independent,2347,0.23,Lost
Uttar Pradesh,Bijnor,FARMAN,Majloom Samaj Party,2343,0.23,Lost
Uttar Pradesh,Bijnor,CHANDAN SINGH,Independent,2176,0.21,Lost
Uttar Pradesh,Bijnor,RAMDHAN SINGH,Majdoor Kisan Union Party,2105,0.21,Lost
Uttar Pradesh,Bijnor,NOTA,None of the Above,4446,0.43,Lost
Uttar Pradesh,Bulandshahr,DR BHOLA SINGH,Bharatiya Janata Party,597310,56.65,Won
Uttar Pradesh,Bulandshahr,SHIVRAM,Indian National Congress,322176,30.56,Lost
Uttar Pradesh,Bulandshahr,GIRISH CHANDRA,Bahujan Samaj Party,117424,11.14,Lost
Uttar Pradesh,Bulandshahr,RAJESH TUREHA,Rishivadi Karm Sheel Young Parmarthi Party,4401,0.42,Lost
Uttar Pradesh,Bulandshahr,SONAM BHARTI,Independent,3600,0.34,Lost
Uttar Pradesh,Bulandshahr,PRADEEP KUMAR,Independent,2563,0.24,Lost
Uttar Pradesh,Bulandshahr,NOTA,None of the Above,6925,0.66,Lost
Uttar Pradesh,Chandauli,BIRENDRA SINGH,Samajwadi Party,474476,42.5,Won
Uttar Pradesh,Chandauli,DR. MAHENDRA NATH  PANDEY,Bharatiya Janata Party,452911,40.57,Lost
Uttar Pradesh,Chandauli,SATYENDRA KUMAR MAURYA,Bahujan Samaj Party,159903,14.32,Lost
Uttar Pradesh,Chandauli,SHOBHANATH  PRAJAPATI,Bhagidari Party(P),4032,0.36,Lost
Uttar Pradesh,Chandauli,SHER SINGH,Yuga Thulasi Party,3096,0.28,Lost
Uttar Pradesh,Chandauli,SANTOSH KUMAR,Independent,2969,0.27,Lost
Uttar Pradesh,Chandauli,RAJESH VISHWAKARMA,Moulik Adhikar Party,2762,0.25,Lost
Uttar Pradesh,Chandauli,ARVIND KUMAR PATEL,Sardar Patel Siddhant Party,2745,0.25,Lost
Uttar Pradesh,Chandauli,SANJAY KUMAR SINHA,Jai Hind National Party,2623,0.23,Lost
Uttar Pradesh,Chandauli,RAM GOVIND,Samajhdar Party,1977,0.18,Lost
Uttar Pradesh,Chandauli,NOTA,None of the Above,9005,0.81,Lost
Uttar Pradesh,Deoria,SHASHANK MANI,Bharatiya Janata Party,504541,48.36,Won
Uttar Pradesh,Deoria,AKHILESH PRATAP SINGH,Indian National Congress,469699,45.02,Lost
Uttar Pradesh,Deoria,SANDESH,Bahujan Samaj Party,45564,4.37,Lost
Uttar Pradesh,Deoria,SATENDER KUMAR MALL,Independent,4158,0.4,Lost
Uttar Pradesh,Deoria,MUKTINATH SINGH,Janta Samta Party,3264,0.31,Lost
Uttar Pradesh,Deoria,AGAMSWAROOP,Rashtriya Samanta Dal,3182,0.3,Lost
Uttar Pradesh,Deoria,RAFIK ANSARI,Independent,2688,0.26,Lost
Uttar Pradesh,Deoria,NOTA,None of the Above,10212,0.98,Lost
Uttar Pradesh,Dhaurahra,ANAND BHADAURIYA,Samajwadi Party,443743,39.91,Won
Uttar Pradesh,Dhaurahra,REKHA VERMA,Bharatiya Janata Party,439294,39.51,Lost
Uttar Pradesh,Dhaurahra,SHYAM KISHOR AWASTHI,Bahujan Samaj Party,185474,16.68,Lost
Uttar Pradesh,Dhaurahra,JANARDAN PRASAD,Communist Party of India,15900,1.43,Lost
Uttar Pradesh,Dhaurahra,RAJESH KUMAR,Political Justice Party,5023,0.45,Lost
Uttar Pradesh,Dhaurahra,ASHUTOSH PATHAK,Aam Janta Party (India),3556,0.32,Lost
Uttar Pradesh,Dhaurahra,SUDESH KUMAR,Lok Jan Sangharsh Party,2814,0.25,Lost
Uttar Pradesh,Dhaurahra,SAMRENDRA KUMAR,Independent,2484,0.22,Lost
Uttar Pradesh,Dhaurahra,VIJAY KUMAR TIWARI,Independent,2017,0.18,Lost
Uttar Pradesh,Dhaurahra,KASIM ALI,Peace Party,1812,0.16,Lost
Uttar Pradesh,Dhaurahra,SAKASEN,Sardar Patel Siddhant Party,1296,0.12,Lost
Uttar Pradesh,Dhaurahra,RAM NARESH,Independent,1290,0.12,Lost
Uttar Pradesh,Dhaurahra,NOTA,None of the Above,7144,0.64,Lost
Uttar Pradesh,Domariyaganj,JAGDAMBIKA PAL,Bharatiya Janata Party,463303,45.47,Won
Uttar Pradesh,Domariyaganj,BHISHMA SHANKAR ALIAS KUSHAL TIWARI,Samajwadi Party,420575,41.27,Lost
Uttar Pradesh,Domariyaganj,AMAR SINGH CHAUDHARY,Aazad Samaj Party (Kanshi Ram),81305,7.98,Lost
Uttar Pradesh,Domariyaganj,MD. NADEEM,Bahujan Samaj Party,35936,3.53,Lost
Uttar Pradesh,Domariyaganj,NAUSHAD AZAM,Peace Party,5138,0.5,Lost
Uttar Pradesh,Domariyaganj,KIRAN DEVI,Independent,3261,0.32,Lost
Uttar Pradesh,Domariyaganj,NOTA,None of the Above,9447,0.93,Lost
Uttar Pradesh,Etah,DEVESH SHAKYA,Samajwadi Party,475808,47.09,Won
Uttar Pradesh,Etah,RAJVEER SINGH (RAJU BHAIYA),Bharatiya Janata Party,447756,44.32,Lost
Uttar Pradesh,Etah,MOHAMMAD IRFAN ADVOCATE,Bahujan Samaj Party,71585,07.08,Lost
Uttar Pradesh,Etah,ANUPAM KUMAR,Kisan Kranti Dal,3949,0.39,Lost
Uttar Pradesh,Etah,KAILASH KUMAR,Independent,1728,0.17,Lost
Uttar Pradesh,Etah,DANVEER,Independent,1265,0.13,Lost
Uttar Pradesh,Etah,UDAY VEER SINGH,Peoples Party of India (Democratic),992,0.1,Lost
Uttar Pradesh,Etah,ASHOK KUMAR,Independent,780,0.08,Lost
Uttar Pradesh,Etah,VIABHAV MISHRA,Bhartiya Shakti Chetna Party,747,0.07,Lost
Uttar Pradesh,Etah,AMAR SINGH,Independent,615,0.06,Lost
Uttar Pradesh,Etah,NOTA,None of the Above,5156,0.51,Lost
Uttar Pradesh,Etawah,JITENDRA KUMAR DOHARE,Samajwadi Party,490747,47.47,Won
Uttar Pradesh,Etawah,DR RAM SHANKAR KATHERIA,Bharatiya Janata Party,432328,41.82,Lost
Uttar Pradesh,Etawah,SARIKA SINGH BAGHEL,Bahujan Samaj Party,96541,9.34,Lost
Uttar Pradesh,Etawah,SUNIL SHANKWAR ADVOCATE,Independent,2963,0.29,Lost
Uttar Pradesh,Etawah,MULAYAM SINGH,Independent,1708,0.17,Lost
Uttar Pradesh,Etawah,BHUVNESH KUMARI,Samyak Party,1657,0.16,Lost
Uttar Pradesh,Etawah,VIVEK RAJ,Janta Samajwadi Party (Vivek Raj),1574,0.15,Lost
Uttar Pradesh,Etawah,NOTA,None of the Above,6266,0.61,Lost
Uttar Pradesh,Faizabad,AWADHESH PRASAD,Samajwadi Party,554289,48.59,Won
Uttar Pradesh,Faizabad,LALLU SINGH,Bharatiya Janata Party,499722,43.81,Lost
Uttar Pradesh,Faizabad,SACHIDANAND PANDEY,Bahujan Samaj Party,46407,04.07,Lost
Uttar Pradesh,Faizabad,ARVIND SEN,Communist Party of India,15367,1.35,Lost
Uttar Pradesh,Faizabad,SUNIL KUMAR BHATT,Independent,3827,0.34,Lost
Uttar Pradesh,Faizabad,KANCHAN YADAV,Moulik Adhikar Party,2666,0.23,Lost
Uttar Pradesh,Faizabad,AMBRISH DEV GUPTA,Bharat Mahaparivar Party,2218,0.19,Lost
Uttar Pradesh,Faizabad,FAREED SALMANI,Independent,1780,0.16,Lost
Uttar Pradesh,Faizabad,LAL MANI URF L.M. TRIPATHI (BHAI SAHAB),Independent,1717,0.15,Lost
Uttar Pradesh,Faizabad,ANIL KUMAR RAVAT,Rashtriya Janshakti Samaj Party,1638,0.14,Lost
Uttar Pradesh,Faizabad,JAGAT SINGH,Independent,1254,0.11,Lost
Uttar Pradesh,Faizabad,BRAJENDRA DUTT TRIPATHI URF B. D. TRIPATHI,Adarshwaadi Congress Party,1173,0.1,Lost
Uttar Pradesh,Faizabad,ARUN KUMAR,Independent,1067,0.09,Lost
Uttar Pradesh,Faizabad,NOTA,None of the Above,7536,0.66,Lost
Uttar Pradesh,Farrukhabad,MUKESH RAJPUT,Bharatiya Janata Party,487963,47.2,Won
Uttar Pradesh,Farrukhabad,DR. NAVAL KISHOR SHAKYA,Samajwadi Party,485285,46.94,Lost
Uttar Pradesh,Farrukhabad,KRANTI PANDEY,Bahujan Samaj Party,45390,4.39,Lost
Uttar Pradesh,Farrukhabad,AMAR SINGH,Bharatiya Rashtriya Morcha,3358,0.32,Lost
Uttar Pradesh,Farrukhabad,HARNANDAN SINGH,Independent,2469,0.24,Lost
Uttar Pradesh,Farrukhabad,SHYAMVEER SINGH,Bharatiya Nagrik Party,2434,0.24,Lost
Uttar Pradesh,Farrukhabad,VIDYAPRAKASH,Bharatheeya Jawan Kisan Party,1467,0.14,Lost
Uttar Pradesh,Farrukhabad,DINESH,Bhartiya Shakti Chetna Party,1063,0.1,Lost
Uttar Pradesh,Farrukhabad,NOTA,None of the Above,4365,0.42,Lost
Uttar Pradesh,Fatehpur,NARESH CHANDRA UTTAM PATEL,Samajwadi Party,500328,45.2,Won
Uttar Pradesh,Fatehpur,NIRANJAN JYOTI,Bharatiya Janata Party,467129,42.2,Lost
Uttar Pradesh,Fatehpur,MANISH SINGH SACHAN,Bahujan Samaj Party,90970,8.22,Lost
Uttar Pradesh,Fatehpur,BIRENDRA SINGH,Independent,7920,0.72,Lost
Uttar Pradesh,Fatehpur,KAMLESH KUMAR SINGH,Parivartan Samaj Party,5219,0.47,Lost
Uttar Pradesh,Fatehpur,PANKAJ AWASTHI,Independent,4457,0.4,Lost
Uttar Pradesh,Fatehpur,RAMKISHOR,Rashtra Uday Party,4079,0.37,Lost
Uttar Pradesh,Fatehpur,JITENDRA KUMAR MAURYA,Independent,3336,0.3,Lost
Uttar Pradesh,Fatehpur,KULDEEP KUSHWAHA,Independent,2726,0.25,Lost
Uttar Pradesh,Fatehpur,RAJ BAHADUR,Peoples Party of India (Democratic),2654,0.24,Lost
Uttar Pradesh,Fatehpur,NIRAJ KUMAR,Akhil Bhartiya Parivar Party,2567,0.23,Lost
Uttar Pradesh,Fatehpur,RAM BIHARI,Bhartiya Shakti Chetna Party,2344,0.21,Lost
Uttar Pradesh,Fatehpur,NEERAJ LODHI,Vikas Insaf Party,2033,0.18,Lost
Uttar Pradesh,Fatehpur,JAY CHANDRA KUMAR,Vishwa Kalyan Rashtriya Manav Samaj Party,1604,0.14,Lost
Uttar Pradesh,Fatehpur,RAJESH KUMAR PATEL,Sardar Patel Siddhant Party,1458,0.13,Lost
Uttar Pradesh,Fatehpur,NOTA,None of the Above,8120,0.73,Lost
Uttar Pradesh,Fatehpur Sikri,RAJKUMAR CHAHAR,Bharatiya Janata Party,445657,43.09,Won
Uttar Pradesh,Fatehpur Sikri,RAMNATH SINGH SIKARWAR,Indian National Congress,402252,38.9,Lost
Uttar Pradesh,Fatehpur Sikri,PT.  RAMNIWAS SHARMA,Bahujan Samaj Party,120539,11.66,Lost
Uttar Pradesh,Fatehpur Sikri,DR RAMESHWAR SINGH,Independent,48606,4.7,Lost
Uttar Pradesh,Fatehpur Sikri,KALLAN KUMBHKAR,Independent,3463,0.33,Lost
Uttar Pradesh,Fatehpur Sikri,HOTAM SINGH NISHAD,Rashtriya Shoshit Samaj Party,1810,0.18,Lost
Uttar Pradesh,Fatehpur Sikri,GIRRAJ SINGH DHAKREY,"Proutist Bloc, India",1564,0.15,Lost
Uttar Pradesh,Fatehpur Sikri,SANGEETA TOMAR,Bharatiya Majdoor Janta Party,1433,0.14,Lost
Uttar Pradesh,Fatehpur Sikri,VED PRAKASH,Rashtriya Jansanchar Dal,1038,0.1,Lost
Uttar Pradesh,Fatehpur Sikri,NOTA,None of the Above,7793,0.75,Lost
Uttar Pradesh,Firozabad,AKSHAYA YADAV,Samajwadi Party,543037,49.04,Won
Uttar Pradesh,Firozabad,VISHWADEEP SINGH,Bharatiya Janata Party,453725,40.98,Lost
Uttar Pradesh,Firozabad,CHOWDHARY BASHEER,Bahujan Samaj Party,90948,8.21,Lost
Uttar Pradesh,Firozabad,UPENDRA SINGH,Bharatiya Kisan Parivartan Party,7119,0.64,Lost
Uttar Pradesh,Firozabad,RASHMI KANT,Parivartan Samaj Party,2930,0.26,Lost
Uttar Pradesh,Firozabad,PREM DUTT,Rashtra Uday Party,2878,0.26,Lost
Uttar Pradesh,Firozabad,RAJVEER,Independent,1380,0.12,Lost
Uttar Pradesh,Firozabad,NOTA,None of the Above,5279,0.48,Lost
Uttar Pradesh,Gautam Buddha Nagar,DR. MAHESH SHARMA,Bharatiya Janata Party,857829,59.69,Won
Uttar Pradesh,Gautam Buddha Nagar,DR. MAHENDRA SINGH NAGAR,Samajwadi Party,298357,20.76,Lost
Uttar Pradesh,Gautam Buddha Nagar,RAJENDRA SINGH SOLANKI,Bahujan Samaj Party,251615,17.51,Lost
Uttar Pradesh,Gautam Buddha Nagar,BHIM PRAKASH JIGYASU,Viro Ke Vir Indian Party,3875,0.27,Lost
Uttar Pradesh,Gautam Buddha Nagar,MOHD. MUMTAJ AALAM,Independent,2821,0.2,Lost
Uttar Pradesh,Gautam Buddha Nagar,SHIVAM ASHUTOSH,Independent,2641,0.18,Lost
Uttar Pradesh,Gautam Buddha Nagar,MANISH KUMAR DWIVEDI,Akhil Bhartiya Parivar Party,1772,0.12,Lost
Uttar Pradesh,Gautam Buddha Nagar,KISHOR SINGH,National Party,1767,0.12,Lost
Uttar Pradesh,Gautam Buddha Nagar,MAHKAR SINGH,Independent,1124,0.08,Lost
Uttar Pradesh,Gautam Buddha Nagar,KM. SHALU,Loktantrik Janshakti Party,1050,0.07,Lost
Uttar Pradesh,Gautam Buddha Nagar,PARAG KAUSHIK,Independent,946,0.07,Lost
Uttar Pradesh,Gautam Buddha Nagar,NARESH NAUTIYAL,Bhartiya Rashtriya Jansatta,941,0.07,Lost
Uttar Pradesh,Gautam Buddha Nagar,RAN SINGH DUDEE,Super Power India Party,908,0.06,Lost
Uttar Pradesh,Gautam Buddha Nagar,RAJEEV MISHRA,Jai Hind National Party,657,0.05,Lost
Uttar Pradesh,Gautam Buddha Nagar,NARAVEDASHVAR,Subhashwadi Bhartiya Samajwadi Party (Subhas Party),617,0.04,Lost
Uttar Pradesh,Gautam Buddha Nagar,NOTA,None of the Above,10324,0.72,Lost
Uttar Pradesh,Ghaziabad,ATUL GARG,Bharatiya Janata Party,854170,58.09,Won
Uttar Pradesh,Ghaziabad,DOLLY SHARMA,Indian National Congress,517205,35.17,Lost
Uttar Pradesh,Ghaziabad,NAND KISHOR PUNDIR,Bahujan Samaj Party,79525,5.41,Lost
Uttar Pradesh,Ghaziabad,RAVI KUMAR PANCHAL,Independent,1966,0.13,Lost
Uttar Pradesh,Ghaziabad,ANAND KUMAR,Rashtra Nirman Party,1178,0.08,Lost
Uttar Pradesh,Ghaziabad,NATTHUSINGH CHAUDHARY,Independent,1162,0.08,Lost
Uttar Pradesh,Ghaziabad,AURANGJEB,Independent,1120,0.08,Lost
Uttar Pradesh,Ghaziabad,NAMAHA,Samaj Vikas Kranti Party,1080,0.07,Lost
Uttar Pradesh,Ghaziabad,AVDESH KUMAR,Independent,1043,0.07,Lost
Uttar Pradesh,Ghaziabad,POOJA SAXENA,Right to Recall Party,878,0.06,Lost
Uttar Pradesh,Ghaziabad,KAVITA,Independent,775,0.05,Lost
Uttar Pradesh,Ghaziabad,ANSUL GUPTA,Rashtriya Jan Karmath Party,764,0.05,Lost
Uttar Pradesh,Ghaziabad,DHIRENDRA SINGH BHADAURIYA,Subhashwadi Bhartiya Samajwadi Party (Subhas Party),700,0.05,Lost
Uttar Pradesh,Ghaziabad,ABHISHEK PUNDIR,Independent,653,0.04,Lost
Uttar Pradesh,Ghaziabad,NOTA,None of the Above,8211,0.56,Lost
Uttar Pradesh,Ghazipur,AFZAL ANSARI,Samajwadi Party,539912,46.82,Won
Uttar Pradesh,Ghazipur,PARS NATH RAI,Bharatiya Janata Party,415051,35.99,Lost
Uttar Pradesh,Ghazipur,UMESH KUMAR SINGH,Bahujan Samaj Party,164964,14.31,Lost
Uttar Pradesh,Ghazipur,AJAY,Vishwa Kalyan Rashtriya Manav Samaj Party,5074,0.44,Lost
Uttar Pradesh,Ghazipur,NUSRAT ANSARI,Independent,4616,0.4,Lost
Uttar Pradesh,Ghazipur,ADITYA SHRIVASTAV,Yuga Thulasi Party,3316,0.29,Lost
Uttar Pradesh,Ghazipur,SATYDEV YADAV,Independent,3172,0.28,Lost
Uttar Pradesh,Ghazipur,GYANCHANDRA BIND,Independent,3135,0.27,Lost
Uttar Pradesh,Ghazipur,RAMPRAVESH,Moulik Adhikar Party,2833,0.25,Lost
Uttar Pradesh,Ghazipur,DHANANJAY KUMAR TIWARI,Bhartiya Lokvani Party,1956,0.17,Lost
Uttar Pradesh,Ghazipur,NOTA,None of the Above,9065,0.79,Lost
Uttar Pradesh,Ghosi,RAJEEV RAI,Samajwadi Party,503131,43.73,Won
Uttar Pradesh,Ghosi,DR. ARVIND RAJBHAR,Suheldev Bharatiya Samaj Party,340188,29.57,Lost
Uttar Pradesh,Ghosi,BALKRISHNA CHAUHAN,Bahujan Samaj Party,209404,18.2,Lost
Uttar Pradesh,Ghosi,LILAWATI RAJBHAR,Moolniwasi Samaj Party,47527,4.13,Lost
Uttar Pradesh,Ghosi,PAWAN KUMAR CHAUHAN,Independent,7077,0.62,Lost
Uttar Pradesh,Ghosi,VINOD KUMAR RAI,Communist Party of India,6993,0.61,Lost
Uttar Pradesh,Ghosi,ROLI GUPTA,Akhil Bhartiya Hamara Samaj Party,4225,0.37,Lost
Uttar Pradesh,Ghosi,VIRENDRA,Rashtriya Jantantrik Bharat Vikas Party,2347,0.2,Lost
Uttar Pradesh,Ghosi,VIJAY,Socialist Unity Centre Of India (COMMUNIST),2241,0.19,Lost
Uttar Pradesh,Ghosi,AWADHESH KUMAR CHAUHAN,Janta Kranti Party (Rashtravadi),2239,0.19,Lost
Uttar Pradesh,Ghosi,SATISH CHAND PRAJAPATI FAUJI,Samajhdar Party,1921,0.17,Lost
Uttar Pradesh,Ghosi,MADAN RAJBHAR,Mang Samaj Party,1905,0.17,Lost
Uttar Pradesh,Ghosi,SAUDAGER,Independent,1892,0.16,Lost
Uttar Pradesh,Ghosi,RAJENDRA RAM,Independent,1649,0.14,Lost
Uttar Pradesh,Ghosi,YAKUB ANSARI,Peace Party,1573,0.14,Lost
Uttar Pradesh,Ghosi,PREM CHAND,Pragatisheel Manav Samaj Party,1561,0.14,Lost
Uttar Pradesh,Ghosi,SANTOSH KUMAR GUPTA,Janlok Vikas Party,1473,0.13,Lost
Uttar Pradesh,Ghosi,JYOTIRMA PATHAK,Independent,1204,0.1,Lost
Uttar Pradesh,Ghosi,BADRI NATH,Independent,1170,0.1,Lost
Uttar Pradesh,Ghosi,PREMCHAND NAYAK,Independent,1117,0.1,Lost
Uttar Pradesh,Ghosi,RAMNARESH YADAV,Jan Raajya Party,885,0.08,Lost
Uttar Pradesh,Ghosi,RAJIV KUMAR SINGH,Independent,857,0.07,Lost
Uttar Pradesh,Ghosi,ISHWAR DAYAL SINGH SETH,Bhartiya Sabka Dal,841,0.07,Lost
Uttar Pradesh,Ghosi,PRAGYESH KUMAR,Independent,818,0.07,Lost
Uttar Pradesh,Ghosi,RAMVACHAN,Sardar Patel Siddhant Party,773,0.07,Lost
Uttar Pradesh,Ghosi,RAJENDRA AGRAWAL,Independent,730,0.06,Lost
Uttar Pradesh,Ghosi,GOPAL SINGH,Azad Adhikar Sena,737,0.06,Lost
Uttar Pradesh,Ghosi,ISMAIL ANSARI,Aawami Pichhada Party,594,0.05,Lost
Uttar Pradesh,Ghosi,NOTA,None of the Above,3518,0.31,Lost
Uttar Pradesh,Gonda,KIRTIVARDHAN SINGH,Bharatiya Janata Party,474258,49.77,Won
Uttar Pradesh,Gonda,SHREYA VERMA,Samajwadi Party,428034,44.92,Lost
Uttar Pradesh,Gonda,SAURABH,Bahujan Samaj Party,29429,03.09,Lost
Uttar Pradesh,Gonda,RAM UJAGAR,Independent,3535,0.37,Lost
Uttar Pradesh,Gonda,ARUNIMA PANDEY,Independent,3073,0.32,Lost
Uttar Pradesh,Gonda,RAGHAVENDRA,Bhartiya Shakti Chetna Party,2028,0.21,Lost
Uttar Pradesh,Gonda,RAJKUMAR,Independent,1989,0.21,Lost
Uttar Pradesh,Gonda,VINOD KUMAR SINGH,Bhartiya Uday Nirman Party,1483,0.16,Lost
Uttar Pradesh,Gonda,NOTA,None of the Above,9055,0.95,Lost
Uttar Pradesh,Gorakhpur,RAVINDRA SHUKLA ALIAS RAVI KISHAN,Bharatiya Janata Party,585834,50.75,Won
Uttar Pradesh,Gorakhpur,KAJAL NISHAD,Samajwadi Party,482308,41.78,Lost
Uttar Pradesh,Gorakhpur,JAVED ASHRAF ALIAS JAVED SIMNANI,Bahujan Samaj Party,55781,4.83,Lost
Uttar Pradesh,Gorakhpur,ANAND KUMAR YADAV ALIAS ANAND KUMAR FAUJI,Bharatheeya Jawan Kisan Party,4955,0.43,Lost
Uttar Pradesh,Gorakhpur,PINTU SAHANI,Independent,4032,0.35,Lost
Uttar Pradesh,Gorakhpur,SHIVSHANKAR PRAJAPATI,Bhagidari Party(P),2635,0.23,Lost
Uttar Pradesh,Gorakhpur,SUDHANSHU,Independent,2395,0.21,Lost
Uttar Pradesh,Gorakhpur,SANJAY SINGH RANA,Bhartiya Sarvdharm Party,2012,0.17,Lost
Uttar Pradesh,Gorakhpur,NAFEES AKHTAR,Independent,1880,0.16,Lost
Uttar Pradesh,Gorakhpur,ANKIT SHAH,Bharatiya Yuva Jan Ekta Party,1874,0.16,Lost
Uttar Pradesh,Gorakhpur,AMITA BHARATI,Independent,1364,0.12,Lost
Uttar Pradesh,Gorakhpur,SONU RAI,Mera Adhikaar Rashtriya Dal,898,0.08,Lost
Uttar Pradesh,Gorakhpur,SHRIRAM PRASAD,Al-Hind Party,764,0.07,Lost
Uttar Pradesh,Gorakhpur,NOTA,None of the Above,7681,0.67,Lost
Uttar Pradesh,Hamirpur,AJENDRA SINGH LODHI,Samajwadi Party,490683,44,Won
Uttar Pradesh,Hamirpur,KUNWAR PUSHPENDRA SINGH CHANDEL,Bharatiya Janata Party,488054,43.76,Lost
Uttar Pradesh,Hamirpur,NIRDOSH KUMAR DIXIT,Bahujan Samaj Party,94696,8.49,Lost
Uttar Pradesh,Hamirpur,ANUPAM KUMAR TRIPATHI,Bhartiya Shakti Chetna Party,6407,0.57,Lost
Uttar Pradesh,Hamirpur,BRIJESH KUMAR PAL,Rashtra Uday Party,4527,0.41,Lost
Uttar Pradesh,Hamirpur,BHUVANENDRA NARAYAN SINGH,Independent,4320,0.39,Lost
Uttar Pradesh,Hamirpur,SANTOSH KUMAR,Independent,3777,0.34,Lost
Uttar Pradesh,Hamirpur,RAJESH SINGH,Independent,3607,0.32,Lost
Uttar Pradesh,Hamirpur,SURESH KUMAR,Eklavya Samaj Party,2181,0.2,Lost
Uttar Pradesh,Hamirpur,SANJIV KUMAR,Spashtwadi Jan Aadhar Party,2003,0.18,Lost
Uttar Pradesh,Hamirpur,DHARMRAJ,Al-Hind Party,1591,0.14,Lost
Uttar Pradesh,Hamirpur,NOTA,None of the Above,13453,1.21,Lost
Uttar Pradesh,Hardoi,JAI PRAKASH,Bharatiya Janata Party,486798,44.25,Won
Uttar Pradesh,Hardoi,USHA VERMA,Samajwadi Party,458942,41.72,Lost
Uttar Pradesh,Hardoi,BHIMRAO AMBEDKAR,Bahujan Samaj Party,122629,11.15,Lost
Uttar Pradesh,Hardoi,SHIVE KUMAR,Independent,4898,0.45,Lost
Uttar Pradesh,Hardoi,SHYAM  KUMAR,Peoples Party of India (Democratic),4200,0.38,Lost
Uttar Pradesh,Hardoi,SUNIL KUMAR VERMA,Independent,3821,0.35,Lost
Uttar Pradesh,Hardoi,INDRAPAL PASI,Justice Party,2946,0.27,Lost
Uttar Pradesh,Hardoi,MUNNA LAL,Naari Nar Rakshak Party,1589,0.14,Lost
Uttar Pradesh,Hardoi,OM PRAKASH,Independent,1561,0.14,Lost
Uttar Pradesh,Hardoi,AWADESH KUMAR,Independent,1424,0.13,Lost
Uttar Pradesh,Hardoi,PRADEEP KUMAR,Bhartiya Krishak Dal,1354,0.12,Lost
Uttar Pradesh,Hardoi,BRAHMA PRASAD,Lok Jan Sangharsh Party,1140,0.1,Lost
Uttar Pradesh,Hardoi,NOTA,None of the Above,8814,0.8,Lost
Uttar Pradesh,Hathras,ANOOP PRADHAN BALMIKI,Bharatiya Janata Party,554746,51.24,Won
Uttar Pradesh,Hathras,JASVEER VALMIKI,Samajwadi Party,307428,28.39,Lost
Uttar Pradesh,Hathras,HEMBABOO DHANGAR,Bahujan Samaj Party,201263,18.59,Lost
Uttar Pradesh,Hathras,JAYPAL MAHOR,Independent,3061,0.28,Lost
Uttar Pradesh,Hathras,RAJPAL SINGH,Independent,2372,0.22,Lost
Uttar Pradesh,Hathras,GHANSHYAM SINGH,Swaraj Bhartiya Nyay Party,2345,0.22,Lost
Uttar Pradesh,Hathras,RAVI KUMAR,Independent,1645,0.15,Lost
Uttar Pradesh,Hathras,DR. JAYVEER SINGH DHANGAR,Rashtra Uday Party,1607,0.15,Lost
Uttar Pradesh,Hathras,DINESH SAI,Independent,1144,0.11,Lost
Uttar Pradesh,Hathras,MUNNALAL JATAV,Independent,810,0.07,Lost
Uttar Pradesh,Hathras,NOTA,None of the Above,6299,0.58,Lost
Uttar Pradesh,Jalaun,NARAYAN DAS AHIRWAR,Samajwadi Party,530180,46.96,Won
Uttar Pradesh,Jalaun,BHANU PRATAP SINGH VERMA,Bharatiya Janata Party,476282,42.19,Lost
Uttar Pradesh,Jalaun,SURESH CHANDRA GAUTAM,Bahujan Samaj Party,100248,8.88,Lost
Uttar Pradesh,Jalaun,BRIJ MOHAN,Independent,4673,0.41,Lost
Uttar Pradesh,Jalaun,NAGENDRA KUMAR,Bhartiya Shakti Chetna Party,3212,0.28,Lost
Uttar Pradesh,Jalaun,PREMLATA VERMA,Independent,3200,0.28,Lost
Uttar Pradesh,Jalaun,NOTA,None of the Above,11154,0.99,Lost
Uttar Pradesh,Jaunpur,BABU SINGH KUSHWAHA,Samajwadi Party,509130,46.21,Won
Uttar Pradesh,Jaunpur,KRIPASHANKAR SINGH,Bharatiya Janata Party,409795,37.19,Lost
Uttar Pradesh,Jaunpur,SHYAM SINGH YADAV,Bahujan Samaj Party,157137,14.26,Lost
Uttar Pradesh,Jaunpur,SARFARAZ AHMAD,Independent,2750,0.25,Lost
Uttar Pradesh,Jaunpur,ASHOK SINGH,Samaj Vikas Kranti Party,2755,0.25,Lost
Uttar Pradesh,Jaunpur,JIYALAL PRAJAPATI,Bhagidari Party(P),2235,0.2,Lost
Uttar Pradesh,Jaunpur,SHRIPATI MAURYA,Independent,2094,0.19,Lost
Uttar Pradesh,Jaunpur,SHAH ALAM,Apna Dal (Kamerawadi),2003,0.18,Lost
Uttar Pradesh,Jaunpur,FULACHANDR,Moulik Adhikar Party,1633,0.15,Lost
Uttar Pradesh,Jaunpur,KRIPASHANKAR C PANDEY,Independent,1447,0.13,Lost
Uttar Pradesh,Jaunpur,GOVIND LAL,Independent,1389,0.13,Lost
Uttar Pradesh,Jaunpur,RAM PYARE,Socialist Unity Centre Of India (COMMUNIST),1161,0.11,Lost
Uttar Pradesh,Jaunpur,NISHA PATEL,Sardar Patel Siddhant Party,1128,0.1,Lost
Uttar Pradesh,Jaunpur,BHARAT RAM,Pachchasi Parivartan Samaj Party,802,0.07,Lost
Uttar Pradesh,Jaunpur,NOTA,None of the Above,6329,0.57,Lost
Uttar Pradesh,Jhansi,ANURAG SHARMA,Bharatiya Janata Party,690316,50,Won
Uttar Pradesh,Jhansi,"PRADEEP JAIN ""ADITYA""",Indian National Congress,587702,42.57,Lost
Uttar Pradesh,Jhansi,RAVI PRAKASH,Bahujan Samaj Party,63192,4.58,Lost
Uttar Pradesh,Jhansi,LAKHAN LAL,Independent,6832,0.49,Lost
Uttar Pradesh,Jhansi,RAMESH,Independent,6338,0.46,Lost
Uttar Pradesh,Jhansi,GANESH RAM,Independent,2575,0.19,Lost
Uttar Pradesh,Jhansi,CHANDAN SINGH,Apna Dal (Kamerawadi),2491,0.18,Lost
Uttar Pradesh,Jhansi,DHARMENDRA PRATAP,Independent,2303,0.17,Lost
Uttar Pradesh,Jhansi,INDRA SINGH,Independent,2078,0.15,Lost
Uttar Pradesh,Jhansi,ER. DEEPAK KUMAR VERMA,Al-Hind Party,1377,0.1,Lost
Uttar Pradesh,Jhansi,NOTA,None of the Above,15302,1.11,Lost
Uttar Pradesh,Kairana,IQRA CHOUDHARY,Samajwadi Party,528013,48.9,Won
Uttar Pradesh,Kairana,PRADEEP KUMAR,Bharatiya Janata Party,458897,42.5,Lost
Uttar Pradesh,Kairana,SRIPAL,Bahujan Samaj Party,76200,07.06,Lost
Uttar Pradesh,Kairana,JAHID,Social Democratic Party Of India,3320,0.31,Lost
Uttar Pradesh,Kairana,SHOKINDER KUMAR,Independent,1985,0.18,Lost
Uttar Pradesh,Kairana,MANOJ RANA,Independent,1936,0.18,Lost
Uttar Pradesh,Kairana,VIKAS KUMAR,Independent,1100,0.1,Lost
Uttar Pradesh,Kairana,OMBEER,Azad Adhikar Sena,1096,0.1,Lost
Uttar Pradesh,Kairana,VIKRAM SINGH,Independent,900,0.08,Lost
Uttar Pradesh,Kairana,PRITI KASHYAP,Rashtriya Mazdoor Ekta Party,791,0.07,Lost
Uttar Pradesh,Kairana,VIKRAM SAINI,Akhand Bharat Swatantra Party,780,0.07,Lost
Uttar Pradesh,Kairana,YOGESH,Independent,670,0.06,Lost
Uttar Pradesh,Kairana,MOHD KADIR,Independent,442,0.04,Lost
Uttar Pradesh,Kairana,NAND KISHOOR,Aapki Apni Party (Peoples),427,0.04,Lost
Uttar Pradesh,Kairana,NOTA,None of the Above,3249,0.3,Lost
Uttar Pradesh,Kaiserganj,KARAN BHUSHAN SINGH,Bharatiya Janata Party,571263,53.79,Won
Uttar Pradesh,Kaiserganj,BHAGAT RAM,Samajwadi Party,422420,39.77,Lost
Uttar Pradesh,Kaiserganj,NARENDRA PANDEY,Bahujan Samaj Party,44279,4.17,Lost
Uttar Pradesh,Kaiserganj,ARUNIMA PANDEY,Independent,9250,0.87,Lost
Uttar Pradesh,Kaiserganj,NOTA,None of the Above,14887,1.4,Lost
Uttar Pradesh,Kannauj,AKHILESH YADAV,Samajwadi Party,642292,52.74,Won
Uttar Pradesh,Kannauj,SUBRAT PATHAK,Bharatiya Janata Party,471370,38.71,Lost
Uttar Pradesh,Kannauj,IMRAN BIN ZAFAR,Bahujan Samaj Party,81639,6.7,Lost
Uttar Pradesh,Kannauj,ALOK VERMA,Rashtriya Shoshit Samaj Party,4492,0.37,Lost
Uttar Pradesh,Kannauj,LALIT KUMARI,Independent,3267,0.27,Lost
Uttar Pradesh,Kannauj,SINOD KUMAR,Independent,1733,0.14,Lost
Uttar Pradesh,Kannauj,RAJ KATHERIA,Independent,1464,0.12,Lost
Uttar Pradesh,Kannauj,BHANU PRATAP SINGH DOHRE,Independent,1432,0.12,Lost
Uttar Pradesh,Kannauj,SHAILENDRA KUMAR,Bharatiya Kisan Parivartan Party,1151,0.09,Lost
Uttar Pradesh,Kannauj,YADVENDRA KISHOR,Independent,1062,0.09,Lost
Uttar Pradesh,Kannauj,SUBHASH CHANDRA,All India Forward Bloc,801,0.07,Lost
Uttar Pradesh,Kannauj,SUNIL,Bhartiya Shakti Chetna Party,739,0.06,Lost
Uttar Pradesh,Kannauj,PRAMOD KUMAR YADAV,Bhartiya Krishak Dal,560,0.05,Lost
Uttar Pradesh,Kannauj,PURUSHOTTAM TIWARI,Independent,543,0.04,Lost
Uttar Pradesh,Kannauj,IRFAN ALI,Independent,470,0.04,Lost
Uttar Pradesh,Kannauj,NOTA,None of the Above,4818,0.4,Lost
Uttar Pradesh,Kanpur,RAMESH AWASTHI,Bharatiya Janata Party,443055,49.93,Won
Uttar Pradesh,Kanpur,ALOK MISRA,Indian National Congress,422087,47.56,Lost
Uttar Pradesh,Kanpur,KULDEEP BHADAURIYA,Bahujan Samaj Party,12032,1.36,Lost
Uttar Pradesh,Kanpur,ASHOK PASWAN ADVOCATE,Sabhi Jan Party,1974,0.22,Lost
Uttar Pradesh,Kanpur,ALOK MISHRA,Independent,1198,0.14,Lost
Uttar Pradesh,Kanpur,MANOJ KUMAR,Independent,778,0.09,Lost
Uttar Pradesh,Kanpur,AJAY KUMAR MISHRA,Independent,672,0.08,Lost
Uttar Pradesh,Kanpur,PRASHAST DHEER,All India Forward Bloc,465,0.05,Lost
Uttar Pradesh,Kanpur,ARVIND KUMAR SRIVASTAVA,Independent,398,0.04,Lost
Uttar Pradesh,Kanpur,SANJAY SINGH,"Proutist Bloc, India",350,0.04,Lost
Uttar Pradesh,Kanpur,VALENDRA KATIYAR,Socialist Unity Centre Of India (COMMUNIST),270,0.03,Lost
Uttar Pradesh,Kanpur,NOTA,None of the Above,4117,0.46,Lost
Uttar Pradesh,Kaushambi,PUSHPENDRA SAROJ,Samajwadi Party,509787,50.51,Won
Uttar Pradesh,Kaushambi,VINOD KUMAR SONKAR,Bharatiya Janata Party,405843,40.21,Lost
Uttar Pradesh,Kaushambi,SHUBH NARAYAN,Bahujan Samaj Party,55858,5.53,Lost
Uttar Pradesh,Kaushambi,PUSHPENDRA KUMAR SAROJ,Independent,5184,0.51,Lost
Uttar Pradesh,Kaushambi,NARENDRA KUMAR,Apna Dal (Kamerawadi),5131,0.51,Lost
Uttar Pradesh,Kaushambi,SANJAY KUMAR,Independent,4634,0.46,Lost
Uttar Pradesh,Kaushambi,RAJENDRA SONKAR URF PANNA BHAIYA,Independent,3421,0.34,Lost
Uttar Pradesh,Kaushambi,PRADEEP KUMAR,Independent,2541,0.25,Lost
Uttar Pradesh,Kaushambi,RAMESHWAR PRASAD,Bhartiya Shakti Chetna Party,2013,0.2,Lost
Uttar Pradesh,Kaushambi,RAM ASREY,Manavtawadi Samaj Party,1950,0.19,Lost
Uttar Pradesh,Kaushambi,NOTA,None of the Above,12967,1.28,Lost
Uttar Pradesh,Kheri,UTKARSH VERMA  'MADHUR',Samajwadi Party,557365,45.94,Won
Uttar Pradesh,Kheri,AJAY KUMAR,Bharatiya Janata Party,523036,43.11,Lost
Uttar Pradesh,Kheri,ANSHAY KALRA,Bahujan Samaj Party,110460,9.1,Lost
Uttar Pradesh,Kheri,SANDHYA JAISWAL,Parivartan Samaj Party,3096,0.26,Lost
Uttar Pradesh,Kheri,SATENDRA KUMAR MAURYA,Independent,2982,0.25,Lost
Uttar Pradesh,Kheri,OM NATH SINGH,Rashtriya Shoshit Samaj Party,2300,0.19,Lost
Uttar Pradesh,Kheri,NARESH SINGH BHADAURIYA,Independent,2111,0.17,Lost
Uttar Pradesh,Kheri,MUKESH KUMAR  (BHARTI),Rashtriya Vikalp Party,1269,0.1,Lost
Uttar Pradesh,Kheri,KHANJAN,Netaji Subhash Chander Bose Rashtriya Azad Party,1019,0.08,Lost
Uttar Pradesh,Kheri,DARWARI URF  DARWARI LAL  CHAUHAN,Janta Kranti Party,936,0.08,Lost
Uttar Pradesh,Kheri,KM. PANCHSHEELA ANAND,Uttar Pradesh Republican Party,854,0.07,Lost
Uttar Pradesh,Kheri,NOTA,None of the Above,7931,0.65,Lost
Uttar Pradesh,Kushi Nagar,VIJAY KUMAR DUBAY,Bharatiya Janata Party,516345,47.79,Won
Uttar Pradesh,Kushi Nagar,AJAY PRATAP SINGH URF PINTU SAITHWAR,Samajwadi Party,434555,40.22,Lost
Uttar Pradesh,Kushi Nagar,SUBH NARAYAN CHAUHAN,Bahujan Samaj Party,67208,6.22,Lost
Uttar Pradesh,Kushi Nagar,SWAMI PRASAD MAURYA,Rashtriya Shoshit Samaj Party,36575,3.39,Lost
Uttar Pradesh,Kushi Nagar,HARIKESH,Azad Adhikar Sena,4097,0.38,Lost
Uttar Pradesh,Kushi Nagar,RAMCHANDRA SINGH,Independent,3621,0.34,Lost
Uttar Pradesh,Kushi Nagar,SUNIL KUMAR SHUKLA,Bhartiya Lok Nayak Party,3532,0.33,Lost
Uttar Pradesh,Kushi Nagar,AMIY UPADHYAY,Independent,2433,0.23,Lost
Uttar Pradesh,Kushi Nagar,VEDPRAKASH MISHRA,Subhashwadi Bhartiya Samajwadi Party (Subhas Party),2335,0.22,Lost
Uttar Pradesh,Kushi Nagar,NOTA,None of the Above,9782,0.91,Lost
Uttar Pradesh,Lalganj,DAROGA PRASAD SAROJ,Samajwadi Party,439959,43.85,Won
Uttar Pradesh,Lalganj,NEELAM SONKER,Bharatiya Janata Party,324936,32.38,Lost
Uttar Pradesh,Lalganj,INDU CHAUDHRI,Bahujan Samaj Party,210053,20.93,Lost
Uttar Pradesh,Lalganj,GANGADEEN,Communist Party of India,12271,1.22,Lost
Uttar Pradesh,Lalganj,BALINDAR,Janta Kranti Party (Rashtravadi),4158,0.41,Lost
Uttar Pradesh,Lalganj,SUSHMITA SAROJ,Independent,2626,0.26,Lost
Uttar Pradesh,Lalganj,RAM PYARE SHARAN VIJAITA,Independent,2341,0.23,Lost
Uttar Pradesh,Lalganj,NOTA,None of the Above,7094,0.71,Lost
Uttar Pradesh,Lucknow,RAJ NATH SINGH,Bharatiya Janata Party,612709,53.89,Won
Uttar Pradesh,Lucknow,RAVIDAS MEHROTRA,Samajwadi Party,477550,42,Lost
Uttar Pradesh,Lucknow,MOHAMMAD SARWAR MALIK,Bahujan Samaj Party,30192,2.66,Lost
Uttar Pradesh,Lucknow,MO AHMAD URF RINKU,Social Democratic Party Of India,3255,0.29,Lost
Uttar Pradesh,Lucknow,AKHAND PRATAP SINGH,Independent,1473,0.13,Lost
Uttar Pradesh,Lucknow,SARVAR ALI,Sarvar Party,1202,0.11,Lost
Uttar Pradesh,Lucknow,ISHTIYAQ ALI,Independent,934,0.08,Lost
Uttar Pradesh,Lucknow,KAPIL MOHAN CHOWDHARY,Mera Adhikaar Rashtriya Dal,817,0.07,Lost
Uttar Pradesh,Lucknow,GAURAV VERMA,Hindu Samaj Party,807,0.07,Lost
Uttar Pradesh,Lucknow,BRIJESH KUMAR YADAV,Kisan Vishwa Party,603,0.05,Lost
Uttar Pradesh,Lucknow,NOTA,None of the Above,7350,0.65,Lost
Uttar Pradesh,Machhlishahr,PRIYA SAROJ,Samajwadi Party,451292,42.57,Won
Uttar Pradesh,Machhlishahr,BHOLANATH (B.P. SAROJ),Bharatiya Janata Party,415442,39.19,Lost
Uttar Pradesh,Machhlishahr,KRIPA SHANKAR SAROJ,Bahujan Samaj Party,157291,14.84,Lost
Uttar Pradesh,Machhlishahr,SHRAVAN KUMAR,Independent,5807,0.55,Lost
Uttar Pradesh,Machhlishahr,URMILA,Samaj Parivartan Party,5303,0.5,Lost
Uttar Pradesh,Machhlishahr,SUBAS,Independent,3693,0.35,Lost
Uttar Pradesh,Machhlishahr,RANG BAHADUR,Independent,2718,0.26,Lost
Uttar Pradesh,Machhlishahr,BRIJESH KUMAR SAROJ,Prabuddhwadi Bahujan Morcha,2365,0.22,Lost
Uttar Pradesh,Machhlishahr,RAJENDRA PRASAD,Rashtra Uday Party,2067,0.19,Lost
Uttar Pradesh,Machhlishahr,RAM MILAN,Sardar Patel Siddhant Party,1716,0.16,Lost
Uttar Pradesh,Machhlishahr,KAMLESH,Azad Samaj Party,1702,0.16,Lost
Uttar Pradesh,Machhlishahr,BRIJESH KUMAR,Prithviraj Janshakti Party,1364,0.13,Lost
Uttar Pradesh,Machhlishahr,NOTA,None of the Above,9303,0.88,Lost
Uttar Pradesh,Maharajganj,PANKAJ CHAUDHARY,Bharatiya Janata Party,591310,48.85,Won
Uttar Pradesh,Maharajganj,VIRENDRA CHAUDHARY,Indian National Congress,555859,45.92,Lost
Uttar Pradesh,Maharajganj,MO MAUSME ALAM,Bahujan Samaj Party,32955,2.72,Lost
Uttar Pradesh,Maharajganj,BRIJESH,Abhay Samaj Party,8583,0.71,Lost
Uttar Pradesh,Maharajganj,CHHEDI MAJDOOR,Independent,3834,0.32,Lost
Uttar Pradesh,Maharajganj,RAMPRIT,Independent,3029,0.25,Lost
Uttar Pradesh,Maharajganj,SUNIL,Independent,2718,0.22,Lost
Uttar Pradesh,Maharajganj,VINOD KUMAR PATEL,Sardar Patel Siddhant Party,2418,0.2,Lost
Uttar Pradesh,Maharajganj,NOTA,None of the Above,9745,0.81,Lost
Uttar Pradesh,Mainpuri,DIMPLE YADAV,Samajwadi Party,598526,56.79,Won
Uttar Pradesh,Mainpuri,JAYVEER SINGH,Bharatiya Janata Party,376887,35.76,Lost
Uttar Pradesh,Mainpuri,SHIV PRASAD YADAV,Bahujan Samaj Party,66814,6.34,Lost
Uttar Pradesh,Mainpuri,SURESH CHANDRA,Independent,2374,0.23,Lost
Uttar Pradesh,Mainpuri,NAND RAM BAGRI,Voters Party  International,1769,0.17,Lost
Uttar Pradesh,Mainpuri,MANJU PAL,Bhartiya Shakti Chetna Party,1171,0.11,Lost
Uttar Pradesh,Mainpuri,PRAMOD KUMAR,Independent,1006,0.1,Lost
Uttar Pradesh,Mainpuri,SUNIL KUMAR MISHRA,Sarva Samaj Janata Party,882,0.08,Lost
Uttar Pradesh,Mainpuri,NOTA,None of the Above,4582,0.43,Lost
Uttar Pradesh,Mathura,HEMAMALINI DHARMENDRA DEOL,Bharatiya Janata Party,510064,53.3,Won
Uttar Pradesh,Mathura,MUKESH DHANGAR,Indian National Congress,216657,22.64,Lost
Uttar Pradesh,Mathura,SURESH SINGH,Bahujan Samaj Party,188417,19.69,Lost
Uttar Pradesh,Mathura,BHANU PRATAP SINGH,Independent,15665,1.64,Lost
Uttar Pradesh,Mathura,RAKESH KUMAR,Independent,4494,0.47,Lost
Uttar Pradesh,Mathura,JAGDISH PRASAD KAUSHIK ADVOCATE,Rashtriya Samta Vikas Party,3575,0.37,Lost
Uttar Pradesh,Mathura,RAVI VERMA,Independent,2724,0.28,Lost
Uttar Pradesh,Mathura,SHIKHA SHARMA,Independent,2251,0.24,Lost
Uttar Pradesh,Mathura,KAMAL KANT SHARMA,Independent,1503,0.16,Lost
Uttar Pradesh,Mathura,YOGESH KUMAR TALAN,Independent,1493,0.16,Lost
Uttar Pradesh,Mathura,MONI FALHARI BAPU,Independent,1326,0.14,Lost
Uttar Pradesh,Mathura,KSHETRA PAL SINGH,Independent,1211,0.13,Lost
Uttar Pradesh,Mathura,DR. RASHMI YADAV,Independent,1189,0.12,Lost
Uttar Pradesh,Mathura,PRAVESHANAND PURI,Independent,1085,0.11,Lost
Uttar Pradesh,Mathura,SURESH CHANDRA VAGHEL,Rashtriya Shoshit Samaj Party,829,0.09,Lost
Uttar Pradesh,Mathura,NOTA,None of the Above,4563,0.48,Lost
Uttar Pradesh,Meerut,ARUN GOVIL,Bharatiya Janata Party,546469,46.21,Won
Uttar Pradesh,Meerut,SUNITA VERMA,Samajwadi Party,535884,45.32,Lost
Uttar Pradesh,Meerut,DEVVRAT KUMAR TYAGI,Bahujan Samaj Party,87025,7.36,Lost
Uttar Pradesh,Meerut,BHUPENDRA PAL URF BHUPPI BHAI,Rashtriya Shoshit Samaj Party,2626,0.22,Lost
Uttar Pradesh,Meerut,HAJI  AFZAL,Sabse Achchhi Party,2029,0.17,Lost
Uttar Pradesh,Meerut,ABID HUSAIN,Social Democratic Party Of India,1922,0.16,Lost
Uttar Pradesh,Meerut,LIYAKAT,Majloom Samaj Party,894,0.08,Lost
Uttar Pradesh,Meerut,DR HIMANSHU BHATNAGAR,Jai Hind National Party,854,0.07,Lost
Uttar Pradesh,Meerut,NOTA,None of the Above,4776,0.4,Lost
Uttar Pradesh,Mirzapur,ANUPRIYA PATEL,Apna Dal (Soneylal),471631,42.67,Won
Uttar Pradesh,Mirzapur,RAMESH CHAND BIND,Samajwadi Party,433821,39.25,Lost
Uttar Pradesh,Mirzapur,MANISH KUMAR,Bahujan Samaj Party,144446,13.07,Lost
Uttar Pradesh,Mirzapur,RAJESH,Independent,10936,0.99,Lost
Uttar Pradesh,Mirzapur,LAL JI VERMA,Independent,6359,0.58,Lost
Uttar Pradesh,Mirzapur,ANIL KUMAR,Eklavya Samaj Party,6171,0.56,Lost
Uttar Pradesh,Mirzapur,DAULAT SINGH,Apna Dal (Kamerawadi),5235,0.47,Lost
Uttar Pradesh,Mirzapur,RAMDHANI,Rashtriya Samaj Paksha,4915,0.44,Lost
Uttar Pradesh,Mirzapur,SAMEER SINGH,All India Forward Bloc,3487,0.32,Lost
Uttar Pradesh,Mirzapur,SATYADEV,Purvanchal Mahapanchayat,3355,0.3,Lost
Uttar Pradesh,Mirzapur,NOTA,None of the Above,15049,1.36,Lost
Uttar Pradesh,Misrikh,ASHOK KUMAR RAWAT,Bharatiya Janata Party,475016,45.15,Won
Uttar Pradesh,Misrikh,SANGITA RAJVANSHI,Samajwadi Party,441610,41.98,Lost
Uttar Pradesh,Misrikh,B R AHIRWAR,Bahujan Samaj Party,111945,10.64,Lost
Uttar Pradesh,Misrikh,RAMPAL,Independent,3978,0.38,Lost
Uttar Pradesh,Misrikh,LALIT KUMAR,Bhartiya Shakti Chetna Party,3815,0.36,Lost
Uttar Pradesh,Misrikh,Neelam Singh,Independent,2905,0.28,Lost
Uttar Pradesh,Misrikh,VANDNA  VERMA,Naari Nar Rakshak Party,1912,0.18,Lost
Uttar Pradesh,Misrikh,AVDHESH,Independent,1423,0.14,Lost
Uttar Pradesh,Misrikh,SAVITRI DEVI,Rashtriya Janshakti Samaj Party,1350,0.13,Lost
Uttar Pradesh,Misrikh,NOTA,None of the Above,8029,0.76,Lost
Uttar Pradesh,Mohanlalganj,R.K. CHAUDHARY,Samajwadi Party,667869,48.49,Won
Uttar Pradesh,Mohanlalganj,KAUSHAL KISHORE,Bharatiya Janata Party,597577,43.38,Lost
Uttar Pradesh,Mohanlalganj,RAJESH KUMAR,Bahujan Samaj Party,88461,6.42,Lost
Uttar Pradesh,Mohanlalganj,MAHENDRA,Independent,2661,0.19,Lost
Uttar Pradesh,Mohanlalganj,SUSHIL KUMAR,Independent,2627,0.19,Lost
Uttar Pradesh,Mohanlalganj,RAMESH KUMAR,Independent,1841,0.13,Lost
Uttar Pradesh,Mohanlalganj,SUNITA CHHEDA PASI,Aam Janta Party (India),1749,0.13,Lost
Uttar Pradesh,Mohanlalganj,S. L.SINGH,Peoples Party of India (Democratic),1717,0.12,Lost
Uttar Pradesh,Mohanlalganj,BRIJESH KUMAR VIKRAM,Rashtriya Samaj Paksha,1655,0.12,Lost
Uttar Pradesh,Mohanlalganj,JITENDRA KUMAR,Independent,1414,0.1,Lost
Uttar Pradesh,Mohanlalganj,SURAJ KUMAR,Sardar Patel Siddhant Party,1015,0.07,Lost
Uttar Pradesh,Mohanlalganj,NOTA,None of the Above,8866,0.64,Lost
Uttar Pradesh,Moradabad,RUCHI VIRA,Samajwadi Party,637363,49.67,Won
Uttar Pradesh,Moradabad,KUNWAR SARVESH KUMAR,Bharatiya Janata Party,531601,41.43,Lost
Uttar Pradesh,Moradabad,MO IRFAN,Bahujan Samaj Party,92313,7.19,Lost
Uttar Pradesh,Moradabad,AJAY YADAV,Apna Haq Party,4094,0.32,Lost
Uttar Pradesh,Moradabad,MUSHARRAT HUSAIN,Independent,2583,0.2,Lost
Uttar Pradesh,Moradabad,SADHNA SINGH,Independent,2296,0.18,Lost
Uttar Pradesh,Moradabad,MOHD JAMSHED,Independent,1719,0.13,Lost
Uttar Pradesh,Moradabad,ONKAR SINGH,Bharatiya Bahujan Samta Party,1459,0.11,Lost
Uttar Pradesh,Moradabad,SHAKIL AHMED,Samata Party,1356,0.11,Lost
Uttar Pradesh,Moradabad,HAR KISHORE SINGH,Socialist Unity Centre Of India (COMMUNIST),940,0.07,Lost
Uttar Pradesh,Moradabad,AMARJEET SINGH JATAV,Independent,952,0.07,Lost
Uttar Pradesh,Moradabad,GANGARAM SHARMA,Rashtriya Congress(J) Party,685,0.05,Lost
Uttar Pradesh,Moradabad,NOTA,None of the Above,5824,0.45,Lost
Uttar Pradesh,Muzaffarnagar,HARENDRA SINGH MALIK,Samajwadi Party,470721,43.64,Won
Uttar Pradesh,Muzaffarnagar,SANJEEV KUMAR BALYAN,Bharatiya Janata Party,446049,41.35,Lost
Uttar Pradesh,Muzaffarnagar,DARA SINGH PRAJAPATI,Bahujan Samaj Party,143707,13.32,Lost
Uttar Pradesh,Muzaffarnagar,SUNIL TYAGI,Independent,7167,0.66,Lost
Uttar Pradesh,Muzaffarnagar,KAVITA,Rashtrawadi Janlok Party (Satya),2000,0.19,Lost
Uttar Pradesh,Muzaffarnagar,SHASHIKANT SHAMAR,Independent,1431,0.13,Lost
Uttar Pradesh,Muzaffarnagar,BIRBAL SINGH,Vishal Janta Party,1421,0.13,Lost
Uttar Pradesh,Muzaffarnagar,NEEL KUMAR,Jai Samta Party,861,0.08,Lost
Uttar Pradesh,Muzaffarnagar,RESHU SHARMA,Independent,684,0.06,Lost
Uttar Pradesh,Muzaffarnagar,ANKUR,Independent,372,0.03,Lost
Uttar Pradesh,Muzaffarnagar,MANUJ VERMA,Independent,340,0.03,Lost
Uttar Pradesh,Muzaffarnagar,NOTA,None of the Above,3916,0.36,Lost
Uttar Pradesh,Nagina,CHANDRASHEKHAR,Aazad Samaj Party (Kanshi Ram),512552,51.19,Won
Uttar Pradesh,Nagina,OM KUMAR,Bharatiya Janata Party,361079,36.06,Lost
Uttar Pradesh,Nagina,MANOJ KUMAR,Samajwadi Party,102374,10.22,Lost
Uttar Pradesh,Nagina,SURENDRA PAL SINGH,Bahujan Samaj Party,13272,1.33,Lost
Uttar Pradesh,Nagina,JOGENDRA,Independent,4518,0.45,Lost
Uttar Pradesh,Nagina,SANJEEV KUMAR,Independent,2201,0.22,Lost
Uttar Pradesh,Nagina,NOTA,None of the Above,5307,0.53,Lost
Uttar Pradesh,Phulpur,PRAVEEN PATEL,Bharatiya Janata Party,452600,44.6,Won
Uttar Pradesh,Phulpur,AMAR NATH SINGH MAURYA,Samajwadi Party,448268,44.17,Lost
Uttar Pradesh,Phulpur,JAGANNATH PAL,Bahujan Samaj Party,82586,8.14,Lost
Uttar Pradesh,Phulpur,MAHIMA PATEL,Apna Dal (Kamerawadi),4162,0.41,Lost
Uttar Pradesh,Phulpur,JILA JEET BHARTIY,Bahujan Awam Party,3299,0.33,Lost
Uttar Pradesh,Phulpur,SUNIL KUMAR PRAJAPATI,Bhagidari Party(P),3047,0.3,Lost
Uttar Pradesh,Phulpur,ENGG YOGESH KUSHWAHA,Pragatisheel Samaj Party,2771,0.27,Lost
Uttar Pradesh,Phulpur,AKHILESH TRIPATHI,Independent,2298,0.23,Lost
Uttar Pradesh,Phulpur,NAFIS AHAMAD,Independent,2147,0.21,Lost
Uttar Pradesh,Phulpur,DR NEERAJ,Independent,1710,0.17,Lost
Uttar Pradesh,Phulpur,SANJEEV KUMAR MISHRA,Yuva Vikas Party,1679,0.17,Lost
Uttar Pradesh,Phulpur,MUSHIR AHMAD SIDDIQUI,Peoples Party of India (Democratic),1506,0.15,Lost
Uttar Pradesh,Phulpur,SANGEETA YADAV,Subhashwadi Bhartiya Samajwadi Party (Subhas Party),1291,0.13,Lost
Uttar Pradesh,Phulpur,LALA RAM SAROJ,Prabuddhwadi Bahujan Morcha,1052,0.1,Lost
Uttar Pradesh,Phulpur,PRAMOD BHAI PATEL URF P K,Sardar Patel Siddhant Party,948,0.09,Lost
Uttar Pradesh,Phulpur,NOTA,None of the Above,5460,0.54,Lost
Uttar Pradesh,Pilibhit,JITIN PRASADA,Bharatiya Janata Party,607158,52.3,Won
Uttar Pradesh,Pilibhit,BHAGWAT SARAN GANGWAR,Samajwadi Party,442223,38.09,Lost
Uttar Pradesh,Pilibhit,ANIS AHMED KHAN (PHOOL BABU),Bahujan Samaj Party,89697,7.73,Lost
Uttar Pradesh,Pilibhit,RAJEEV KUMAR SAXENA,Bhartiya Krishak Dal,3809,0.33,Lost
Uttar Pradesh,Pilibhit,SUSHIL KUMAR SHUKLA,Independent,2727,0.23,Lost
Uttar Pradesh,Pilibhit,MOHMMAD SHAHID HUSAIN,Independent,1846,0.16,Lost
Uttar Pradesh,Pilibhit,ASHISH KUMAR,Independent,1850,0.16,Lost
Uttar Pradesh,Pilibhit,ADARSH PANDEY,Independent,1726,0.15,Lost
Uttar Pradesh,Pilibhit,SANJAY KUMAR BHARTI,Rashtriya Samaj Dal (R),1631,0.14,Lost
Uttar Pradesh,Pilibhit,PRAMOD BHAI PATEL ALIAS P.K.,Independent,1539,0.13,Lost
Uttar Pradesh,Pilibhit,NOTA,None of the Above,6741,0.58,Lost
Uttar Pradesh,Pratapgarh,SHIV PAL SINGH PATEL (DR. S P SINGH),Samajwadi Party,441932,46.65,Won
Uttar Pradesh,Pratapgarh,SANGAM LAL GUPTA,Bharatiya Janata Party,375726,39.66,Lost
Uttar Pradesh,Pratapgarh,PRATHMESH MISHRA 'SENANI',Bahujan Samaj Party,80144,8.46,Lost
Uttar Pradesh,Pratapgarh,SANDEEP SINGH,National Jan Dal,5286,0.56,Lost
Uttar Pradesh,Pratapgarh,ARUN KUMAR PANDEY,Hindustan Samaj Party,4991,0.53,Lost
Uttar Pradesh,Pratapgarh,SHIV RAM SHARMA,Moulik Adhikar Party,4711,0.5,Lost
Uttar Pradesh,Pratapgarh,AMAR SINGH,Independent,4138,0.44,Lost
Uttar Pradesh,Pratapgarh,SUNIL CHANDRA PAL,Rashtra Uday Party,3340,0.35,Lost
Uttar Pradesh,Pratapgarh,AJEET PRATAP,Independent,2581,0.27,Lost
Uttar Pradesh,Pratapgarh,VIJAY SINGH,Sanatan Sanskriti Raksha Dal,2459,0.26,Lost
Uttar Pradesh,Pratapgarh,RISHI PATEL,Apna Dal (Kamerawadi),2429,0.26,Lost
Uttar Pradesh,Pratapgarh,MAHESH KUMAR PRAJAPATI,Samajhdar Party,1964,0.21,Lost
Uttar Pradesh,Pratapgarh,DHANANJAY,Independent,1623,0.17,Lost
Uttar Pradesh,Pratapgarh,GEETA DEVI,Bhartiya Lokmat Rashtrwadi Party,1594,0.17,Lost
Uttar Pradesh,Pratapgarh,RAMSIDDH YADAV URF R.S.YADAV,Manavtawadi Samaj Party,1327,0.14,Lost
Uttar Pradesh,Pratapgarh,SUNIL KUMAR MISHRA,Independent,1136,0.12,Lost
Uttar Pradesh,Pratapgarh,SHANKAR SUMAN TIVARI,Independent,1129,0.12,Lost
Uttar Pradesh,Pratapgarh,DURGESH KUMAR,Rastriya Atal Janta Party,1116,0.12,Lost
Uttar Pradesh,Pratapgarh,RAM KUMAR YADAV,Socialist Unity Centre Of India (COMMUNIST),1071,0.11,Lost
Uttar Pradesh,Pratapgarh,SHIV PAL PATEL,Independent,1030,0.11,Lost
Uttar Pradesh,Pratapgarh,DHARMENDRA TIWARI,Log Party,993,0.1,Lost
Uttar Pradesh,Pratapgarh,JOKHU PATEL,Sardar Patel Siddhant Party,971,0.1,Lost
Uttar Pradesh,Pratapgarh,SHRAWAN KUMAR TRIPATHI,Independent,851,0.09,Lost
Uttar Pradesh,Pratapgarh,DHYAN SINGH,Independent,678,0.07,Lost
Uttar Pradesh,Pratapgarh,PRAMOD KUMAR,Independent,674,0.07,Lost
Uttar Pradesh,Pratapgarh,MOHRAM ALI,Independent,503,0.05,Lost
Uttar Pradesh,Pratapgarh,NOTA,None of the Above,2891,0.31,Lost
Uttar Pradesh,Rae Bareli,RAHUL GANDHI,Indian National Congress,687649,66.17,Won
Uttar Pradesh,Rae Bareli,DINESH PRATAP SINGH,Bharatiya Janata Party,297619,28.64,Lost
Uttar Pradesh,Rae Bareli,THAKUR PRASAD YADAV,Bahujan Samaj Party,21624,02.08,Lost
Uttar Pradesh,Rae Bareli,DILEEP SINGH,Akhil Bhartiya Apna Dal,8678,0.84,Lost
Uttar Pradesh,Rae Bareli,HORILAL,Independent,5399,0.52,Lost
Uttar Pradesh,Rae Bareli,SUDARSHAN RAM,Bhartiya Panchsheel Party,4345,0.42,Lost
Uttar Pradesh,Rae Bareli,HIND ROHITASH,Manavtawadi Samaj Party,3859,0.37,Lost
Uttar Pradesh,Rae Bareli,MO MOBIN,Apna Dal (Kamerawadi),2174,0.21,Lost
Uttar Pradesh,Rae Bareli,NOTA,None of the Above,7872,0.76,Lost
Uttar Pradesh,Rampur,MOHIBBULLAH,Samajwadi Party,481503,49.74,Won
Uttar Pradesh,Rampur,GHANSHYAM SINGH LODHI,Bharatiya Janata Party,394069,40.71,Lost
Uttar Pradesh,Rampur,ZEESHAN KHAN,Bahujan Samaj Party,79692,8.23,Lost
Uttar Pradesh,Rampur,ARSHAD WARSI,Minorities Democratic Party,2927,0.3,Lost
Uttar Pradesh,Rampur,MEHMOOD PRACHA,Independent,2759,0.28,Lost
Uttar Pradesh,Rampur,SHIV PRASAD,Independent,1476,0.15,Lost
Uttar Pradesh,Rampur,NOTA,None of the Above,5653,0.58,Lost
Uttar Pradesh,Robertsganj,CHHOTELAL,Samajwadi Party,465848,46.14,Won
Uttar Pradesh,Robertsganj,RINKI SINGH,Apna Dal (Soneylal),336614,33.34,Lost
Uttar Pradesh,Robertsganj,DHANESHWAR,Bahujan Samaj Party,118778,11.77,Lost
Uttar Pradesh,Robertsganj,ASHOK KUMAR KANNAUJIYA,Communist Party of India,23852,2.36,Lost
Uttar Pradesh,Robertsganj,SUBHAGI,Janhit Sankalp Party,8194,0.81,Lost
Uttar Pradesh,Robertsganj,ARVIND KUMAR BHARTI,Rashtriya Samanta Dal,7592,0.75,Lost
Uttar Pradesh,Robertsganj,SUKALU,Independent,6712,0.66,Lost
Uttar Pradesh,Robertsganj,SHIVPUJAN,Rashtriya Samaj Paksha,6444,0.64,Lost
Uttar Pradesh,Robertsganj,SONU NIGAM,Independent,6144,0.61,Lost
Uttar Pradesh,Robertsganj,CHANDRIKA PRASAD,Janta Kranti Party (Rashtravadi),3741,0.37,Lost
Uttar Pradesh,Robertsganj,PRABHUDAYAL,Rashtriya Samaj Dal (R),3471,0.34,Lost
Uttar Pradesh,Robertsganj,RAM SHIROMANI,Sardar Patel Siddhant Party,3123,0.31,Lost
Uttar Pradesh,Robertsganj,NOTA,None of the Above,19032,1.89,Lost
Uttar Pradesh,Saharanpur,IMRAN MASOOD,Indian National Congress,547967,44.57,Won
Uttar Pradesh,Saharanpur,RAGHAV LAKHANPAL,Bharatiya Janata Party,483425,39.32,Lost
Uttar Pradesh,Saharanpur,MAJID ALI,Bahujan Samaj Party,180353,14.67,Lost
Uttar Pradesh,Saharanpur,MOHD INAM,Akhil Bhartiya Parivar Party,5400,0.44,Lost
Uttar Pradesh,Saharanpur,SHABNAM,Independent,2373,0.19,Lost
Uttar Pradesh,Saharanpur,SHAHBAJ,Independent,1698,0.14,Lost
Uttar Pradesh,Saharanpur,RASHID KHAN,Independent,1230,0.1,Lost
Uttar Pradesh,Saharanpur,TASMEEM BANO,Independent,885,0.07,Lost
Uttar Pradesh,Saharanpur,RAJKUMAR,Independent,813,0.07,Lost
Uttar Pradesh,Saharanpur,KAMRAN,Independent,745,0.06,Lost
Uttar Pradesh,Saharanpur,NOTA,None of the Above,4566,0.37,Lost
Uttar Pradesh,Salempur,RAMASHANKAR RAJBHAR,Samajwadi Party,405472,44.2,Won
Uttar Pradesh,Salempur,RAVINDAR KUSHAWAHA,Bharatiya Janata Party,401899,43.81,Lost
Uttar Pradesh,Salempur,BHIM RAJBHAR,Bahujan Samaj Party,80599,8.79,Lost
Uttar Pradesh,Salempur,JAIBAHADUR ALIAS JAIBAHADUR CHAUHAN,Janta Kranti Party (Rashtravadi),8263,0.9,Lost
Uttar Pradesh,Salempur,SHREENARAYAN MISHRA,Akhil Bhartiya Sarvjan Hit Party,3892,0.42,Lost
Uttar Pradesh,Salempur,SADDAM HUSSAIN,Independent,3215,0.35,Lost
Uttar Pradesh,Salempur,SHRIKRISHNA,Independent,2532,0.28,Lost
Uttar Pradesh,Salempur,AMRESH THAKUR,Independent,2156,0.24,Lost
Uttar Pradesh,Salempur,SURYA PRAKASH GAUTAM,Sardar Patel Siddhant Party,1785,0.19,Lost
Uttar Pradesh,Salempur,NOTA,None of the Above,7549,0.82,Lost
Uttar Pradesh,Sambhal,ZIA UR REHMAN,Samajwadi Party,571161,47.8,Won
Uttar Pradesh,Sambhal,PARMESHWAR LAL SAINI,Bharatiya Janata Party,449667,37.63,Lost
Uttar Pradesh,Sambhal,CHAUDHARY SAULAT ALI,Bahujan Samaj Party,152460,12.76,Lost
Uttar Pradesh,Sambhal,WASEEM SO MOH SHAMIM,Independent,3864,0.32,Lost
Uttar Pradesh,Sambhal,MOHD WASEEM SO MOHD FAREED,Independent,2077,0.17,Lost
Uttar Pradesh,Sambhal,JAYGAMUL ISLAM,Janta Shashan Party,1942,0.16,Lost
Uttar Pradesh,Sambhal,ANUJ VARSHNEY,Independent,1677,0.14,Lost
Uttar Pradesh,Sambhal,MAHANDRA SINGH,Independent,1294,0.11,Lost
Uttar Pradesh,Sambhal,SANTOSH,Kisan Kranti Dal,1204,0.1,Lost
Uttar Pradesh,Sambhal,DR RASHID,Peace Party,1060,0.09,Lost
Uttar Pradesh,Sambhal,TAUFIK AHAMAD,Independent,723,0.06,Lost
Uttar Pradesh,Sambhal,PAVAN KUMAR,Log Party,637,0.05,Lost
Uttar Pradesh,Sambhal,NOTA,None of the Above,7217,0.6,Lost
Uttar Pradesh,Sant Kabir Nagar,LAXMIKANT PAPPU NISHAD,Samajwadi Party,498695,45.7,Won
Uttar Pradesh,Sant Kabir Nagar,PRAVIN KUMAR NISHAD,Bharatiya Janata Party,406525,37.25,Lost
Uttar Pradesh,Sant Kabir Nagar,NADEEM ASHRAF,Bahujan Samaj Party,150812,13.82,Lost
Uttar Pradesh,Sant Kabir Nagar,DHEERAJ SRIVASTAV,Pragatisheel Samaj Party,5140,0.47,Lost
Uttar Pradesh,Sant Kabir Nagar,RAM KRISHNA DWIVEDI,Independent,4509,0.41,Lost
Uttar Pradesh,Sant Kabir Nagar,SATYVANT PRATAP SINGH,Independent,4358,0.4,Lost
Uttar Pradesh,Sant Kabir Nagar,KULDEEP,Sardar Patel Siddhant Party,3595,0.33,Lost
Uttar Pradesh,Sant Kabir Nagar,MITRASEN,Independent,2544,0.23,Lost
Uttar Pradesh,Sant Kabir Nagar,RAJENDRA YADAV URF COLONEL SAHAB,Sarvjan Awaz Party,2239,0.21,Lost
Uttar Pradesh,Sant Kabir Nagar,ANAND KUMAR GAUTAM,Independent,1850,0.17,Lost
Uttar Pradesh,Sant Kabir Nagar,SUBHASH CHANDRA DUBEY,Naki Bharatiya Ekta Party,1708,0.16,Lost
Uttar Pradesh,Sant Kabir Nagar,NOTA,None of the Above,9227,0.85,Lost
Uttar Pradesh,Shahjahanpur,ARUN KUMAR SAGAR,Bharatiya Janata Party,592718,47.5,Won
Uttar Pradesh,Shahjahanpur,JYOTSNA GOND,Samajwadi Party,537339,43.06,Lost
Uttar Pradesh,Shahjahanpur,DOD RAM VERMA,Bahujan Samaj Party,91710,7.35,Lost
Uttar Pradesh,Shahjahanpur,KIRAN,Rashtriya Sanatan Party,6588,0.53,Lost
Uttar Pradesh,Shahjahanpur,SHIV KUMAR,Independent,2805,0.22,Lost
Uttar Pradesh,Shahjahanpur,MEENA KASYAP,Independent,2061,0.17,Lost
Uttar Pradesh,Shahjahanpur,PRADEEP KUMAR,Independent,2005,0.16,Lost
Uttar Pradesh,Shahjahanpur,PREMCHANDRA HARIJAN,Sardar Patel Siddhant Party,1687,0.14,Lost
Uttar Pradesh,Shahjahanpur,DHARM PAL,Independent,1423,0.11,Lost
Uttar Pradesh,Shahjahanpur,RAMESH CHANDRA VERMA,Manav Kranti Party,1076,0.09,Lost
Uttar Pradesh,Shahjahanpur,NOTA,None of the Above,8490,0.68,Lost
Uttar Pradesh,Shrawasti,RAM SHIROMANI VERMA,Samajwadi Party,511055,48.83,Won
Uttar Pradesh,Shrawasti,SAKET MISRA,Bharatiya Janata Party,434382,41.51,Lost
Uttar Pradesh,Shrawasti,MUINUDDIN AHAMAD KHAN URF HAZI DADDAN KHAN,Bahujan Samaj Party,56251,5.38,Lost
Uttar Pradesh,Shrawasti,AHMAD JIYA KHAN,Peace Party,15630,1.49,Lost
Uttar Pradesh,Shrawasti,SHANTI DEVI,Independent,4011,0.38,Lost
Uttar Pradesh,Shrawasti,SUJEET KUMAR,Independent,3946,0.38,Lost
Uttar Pradesh,Shrawasti,YUGAL KISHOR SHUKLA,Aam Janta Party (India),2673,0.26,Lost
Uttar Pradesh,Shrawasti,KRISHNA KUMAR MAURYA,Samyak Party,2267,0.22,Lost
Uttar Pradesh,Shrawasti,MALIK RAM,Independent,2113,0.2,Lost
Uttar Pradesh,Shrawasti,ANIL KUMAR TIWARI,Independent,1514,0.14,Lost
Uttar Pradesh,Shrawasti,HANUMAN PRASAD MISHRA,Kisan Mazdoor Sangharsh Party,1495,0.14,Lost
Uttar Pradesh,Shrawasti,KUMARI GEETA GAUTAM,Rashtriya Janta Party,1319,0.13,Lost
Uttar Pradesh,Shrawasti,NOTA,None of the Above,9872,0.94,Lost
Uttar Pradesh,Sitapur,RAKESH RATHOR,Indian National Congress,531138,48.2,Won
Uttar Pradesh,Sitapur,RAJESH VERMA,Bharatiya Janata Party,441497,40.06,Lost
Uttar Pradesh,Sitapur,MAHENDRA SINGH YADAV,Bahujan Samaj Party,99364,09.02,Lost
Uttar Pradesh,Sitapur,MO. KASHIF ANSARI,Apna Dal (Kamerawadi),7586,0.69,Lost
Uttar Pradesh,Sitapur,LEKHRAJ LODHI,Aazad Samaj Party (Kanshi Ram),6734,0.61,Lost
Uttar Pradesh,Sitapur,VIDYAWATI GAUTAM,Independent,4194,0.38,Lost
Uttar Pradesh,Sitapur,CHANDRA SHEKHAR VERMA,Rashtriya Shoshit Samaj Party,2429,0.22,Lost
Uttar Pradesh,Sitapur,RAM ADHAR VERMA,Sardar Patel Siddhant Party,2115,0.19,Lost
Uttar Pradesh,Sitapur,NOTA,None of the Above,6958,0.63,Lost
Uttar Pradesh,Sultanpur,RAMBHUAL NISHAD,Samajwadi Party,444330,43,Won
Uttar Pradesh,Sultanpur,MANEKA SANJAY GANDHI,Bharatiya Janata Party,401156,38.82,Lost
Uttar Pradesh,Sultanpur,UDRAJ VERMA,Bahujan Samaj Party,163025,15.78,Lost
Uttar Pradesh,Sultanpur,ABDUL MABOOD,Apna Desh Party,4297,0.42,Lost
Uttar Pradesh,Sultanpur,MOHAMMAD ASIF,Independent,3387,0.33,Lost
Uttar Pradesh,Sultanpur,UDAYRAJ VERMA,Independent,2909,0.28,Lost
Uttar Pradesh,Sultanpur,GIRISH LAL,Azad Party,2311,0.22,Lost
Uttar Pradesh,Sultanpur,DR SHIV SHANKAR INDIAN,Most Backward Classes Of India,2090,0.2,Lost
Uttar Pradesh,Sultanpur,JAY PRAKASH,Sardar Patel Siddhant Party,1369,0.13,Lost
Uttar Pradesh,Sultanpur,NOTA,None of the Above,8513,0.82,Lost
Uttar Pradesh,Unnao,SWAMI SACHCHIDANAND HARI SAKSHI,Bharatiya Janata Party,616133,47.31,Won
Uttar Pradesh,Unnao,ANNU TANDON,Samajwadi Party,580315,44.56,Lost
Uttar Pradesh,Unnao,ASHOK KUMAR PANDEY,Bahujan Samaj Party,72527,5.57,Lost
Uttar Pradesh,Unnao,SAIF KHAN,Parcham Party of India,8404,0.65,Lost
Uttar Pradesh,Unnao,UMESH,Independent,5635,0.43,Lost
Uttar Pradesh,Unnao,SHIV PRAKASH SINGH,Independent,4118,0.32,Lost
Uttar Pradesh,Unnao,SAIYYAD SARFARAZ GANDHI,Independent,3023,0.23,Lost
Uttar Pradesh,Unnao,HIMANSHU SHARMA,Bhartiya Shakti Chetna Party,2663,0.2,Lost
Uttar Pradesh,Unnao,NOTA,None of the Above,9453,0.73,Lost
Uttar Pradesh,Varanasi,NARENDRA MODI,Bharatiya Janata Party,612970,54.24,Won
Uttar Pradesh,Varanasi,AJAY RAI,Indian National Congress,460457,40.74,Lost
Uttar Pradesh,Varanasi,ATHER JAMAL LARI,Bahujan Samaj Party,33766,2.99,Lost
Uttar Pradesh,Varanasi,KOLISETTY SHIVA KUMAR,Yuga Thulasi Party,5750,0.51,Lost
Uttar Pradesh,Varanasi,GAGAN PRAKASH YADAV,Apna Dal (Kamerawadi),3634,0.32,Lost
Uttar Pradesh,Varanasi,DINESH KUMAR YADAV,Independent,2917,0.26,Lost
Uttar Pradesh,Varanasi,SANJAY KUMAR TIWARI,Independent,2171,0.19,Lost
Uttar Pradesh,Varanasi,NOTA,None of the Above,8478,0.75,Lost
Uttarakhand,Almora,AJAY TAMTA,Bharatiya Janata Party,429167,64.2,Won
Uttarakhand,Almora,PRADEEP TAMTA,Indian National Congress,195070,29.18,Lost
Uttarakhand,Almora,NARAYAN RAM,Bahujan Samaj Party,10075,1.51,Lost
Uttarakhand,Almora,KIRAN ARYA,Uttarakhand Parivartan Party,5778,0.86,Lost
Uttarakhand,Almora,ARJUN PRASAD,Independent,4707,0.7,Lost
Uttarakhand,Almora,DR PRAMOD KUMAR,Peoples Party of India (Democratic),4457,0.67,Lost
Uttarakhand,Almora,ER JYOTI PRAKASH TAMTA,Bahujan Mukti Party,2224,0.33,Lost
Uttarakhand,Almora,NOTA,None of the Above,17019,2.55,Lost
Uttarakhand,Garhwal,ANIL BALUNI,Bharatiya Janata Party,432159,58.6,Won
Uttarakhand,Garhwal,GANESH GODIYAL,Indian National Congress,268656,36.43,Lost
Uttarakhand,Garhwal,SONU KUMAR,Independent,4822,0.65,Lost
Uttarakhand,Garhwal,ASHUTOSH SINGH,Uttarakhand Kranti Dal,4561,0.62,Lost
Uttarakhand,Garhwal,DHEER SINGH,Bahujan Samaj Party,4122,0.56,Lost
Uttarakhand,Garhwal,MUKESH PRAKASH,Independent,3079,0.42,Lost
Uttarakhand,Garhwal,SURESHI DEVI,Peoples Party of India (Democratic),1512,0.21,Lost
Uttarakhand,Garhwal,DEEPENDRA SINGH NEGI,Independent,1640,0.22,Lost
Uttarakhand,Garhwal,ARJUN SINGH,Akhil Bhartiya Parivar Party,1378,0.19,Lost
Uttarakhand,Garhwal,RESHMA PANWAR,Socialist Unity Centre Of India (COMMUNIST),1293,0.18,Lost
Uttarakhand,Garhwal,DR MUKESH PANT,Sainik Samaj Party,1179,0.16,Lost
Uttarakhand,Garhwal,VINOD KUMAR SHARMA,Uttarakhand Samanta Party,884,0.12,Lost
Uttarakhand,Garhwal,SHYAMLAL,Bahujan Mukti Party,771,0.1,Lost
Uttarakhand,Garhwal,NOTA,None of the Above,11375,1.54,Lost
Uttarakhand,Haridwar,TRIVENDRA SINGH RAWAT,Bharatiya Janata Party,653808,50.19,Won
Uttarakhand,Haridwar,VIRENDRA RAWAT,Indian National Congress,489752,37.6,Lost
Uttarakhand,Haridwar,UMESH KUMAR PATRAKAR,Independent,91188,7,Lost
Uttarakhand,Haridwar,JAMIL AHMAD,Bahujan Samaj Party,42323,3.25,Lost
Uttarakhand,Haridwar,BALBIR SINGH BHANDARI,Uttarakhand Samanta Party,2961,0.23,Lost
Uttarakhand,Haridwar,MOHAN SINGH ASWAL,Uttarakhand Kranti Dal,2854,0.22,Lost
Uttarakhand,Haridwar,VIJAY KUMAR,Independent,2410,0.19,Lost
Uttarakhand,Haridwar,PAWAN KASHYAP,Independent,2178,0.17,Lost
Uttarakhand,Haridwar,KARAN SINGH SAINI ENGINEER,Independent,1974,0.15,Lost
Uttarakhand,Haridwar,AKRAM HUSSAIN,Independent,1685,0.13,Lost
Uttarakhand,Haridwar,LALIT KUMAR,Peoples Party of India (Democratic),1410,0.11,Lost
Uttarakhand,Haridwar,SURESH PAL,Bhartiya Rashtriya Ekta Dal,1162,0.09,Lost
Uttarakhand,Haridwar,ASHISH DHYANI,Independent,1117,0.09,Lost
Uttarakhand,Haridwar,AVNISH KUMAR,Independent,975,0.07,Lost
Uttarakhand,Haridwar,NOTA,None of the Above,6826,0.52,Lost
Uttarakhand,Nainital-Udhamsingh Nagar,AJAY BHATT,Bharatiya Janata Party,772671,61.03,Won
Uttarakhand,Nainital-Udhamsingh Nagar,PRAKASH JOSHI,Indian National Congress,438123,34.61,Lost
Uttarakhand,Nainital-Udhamsingh Nagar,AKHTAR ALI,Bahujan Samaj Party,23455,1.85,Lost
Uttarakhand,Nainital-Udhamsingh Nagar,AKHALESH KUMAR,Akhil Bhartiya Parivar Party,4902,0.39,Lost
Uttarakhand,Nainital-Udhamsingh Nagar,HITESH PATHAK,Independent,4315,0.34,Lost
Uttarakhand,Nainital-Udhamsingh Nagar,RAMESH KUMAR MAX,Independent,3300,0.26,Lost
Uttarakhand,Nainital-Udhamsingh Nagar,AMAR SINGH SAINI,Peoples Party of India (Democratic),2987,0.24,Lost
Uttarakhand,Nainital-Udhamsingh Nagar,JEEVAN CHANDRA UPRETI,Bharat Ki Lok Jimmedar Party,2310,0.18,Lost
Uttarakhand,Nainital-Udhamsingh Nagar,SHIB SINGH,Uttarakhand Kranti Dal,1855,0.15,Lost
Uttarakhand,Nainital-Udhamsingh Nagar,SURENDRA SINGH,Bhartiya Shakti Chetna Party,1673,0.13,Lost
Uttarakhand,Nainital-Udhamsingh Nagar,NOTA,None of the Above,10425,0.82,Lost
Uttarakhand,Tehri Garhwal,MALA RAJYA LAKSHMI SHAH,Bharatiya Janata Party,462603,53.66,Won
Uttarakhand,Tehri Garhwal,JOT SINGH GUNSOLA,Indian National Congress,190110,22.05,Lost
Uttarakhand,Tehri Garhwal,BOBY PANWAR,Independent,168081,19.5,Lost
Uttarakhand,Tehri Garhwal,NAVNEET SINGH GOSAIN,Rashtriya Uttarakhand Party,10026,1.16,Lost
Uttarakhand,Tehri Garhwal,NEMCHAND,Bahujan Samaj Party,6908,0.8,Lost
Uttarakhand,Tehri Garhwal,BRIJ BHUSHAN KARANWAL,Bhartiya Rashtriya Ekta Dal,3570,0.41,Lost
Uttarakhand,Tehri Garhwal,SARDAR KHAN PAPPU,Independent,3275,0.38,Lost
Uttarakhand,Tehri Garhwal,VEPIN KUMAR AGGARWAL,Independent,3216,0.37,Lost
Uttarakhand,Tehri Garhwal,RAMPAL SINGH,Peoples Party of India (Democratic),2362,0.27,Lost
Uttarakhand,Tehri Garhwal,SUDESH TOMAR,Independent,2268,0.26,Lost
Uttarakhand,Tehri Garhwal,PREM DUTT SEMWAL,Independent,2164,0.25,Lost
Uttarakhand,Tehri Garhwal,NOTA,None of the Above,7458,0.87,Lost
West Bengal,Alipurduars,MANOJ TIGGA,Bharatiya Janata Party,695314,48.92,Won
West Bengal,Alipurduars,PRAKASH CHIK BARAIK,All India Trinamool Congress,619867,43.61,Lost
West Bengal,Alipurduars,MILI ORAON,Revolutionary Socialist Party,39709,2.79,Lost
West Bengal,Alipurduars,PARIMAL ORAON,Independent,12584,0.89,Lost
West Bengal,Alipurduars,ARJUN INDWAR,Independent,11122,0.78,Lost
West Bengal,Alipurduars,MUNIB NARJINARY,Bahujan Samaj Party,6648,0.47,Lost
West Bengal,Alipurduars,RAHUL MARAK,Kisan Mazdoor Sangharsh Party,5695,0.4,Lost
West Bengal,Alipurduars,CHANDAN ORAON,Socialist Unity Centre Of India (COMMUNIST),2787,0.2,Lost
West Bengal,Alipurduars,BINAY MURMU,North Bengal People’s Party,2758,0.19,Lost
West Bengal,Alipurduars,NRIPENDRA NARAYAN DEBKARJEE,Kamatapur People’s Party (United),2055,0.14,Lost
West Bengal,Alipurduars,BABITA BARA,Gana Suraksha Party,1552,0.11,Lost
West Bengal,Alipurduars,NOTA,None of the Above,21298,1.5,Lost
West Bengal,Arambagh,BAG MITALI,All India Trinamool Congress,712587,45.71,Won
West Bengal,Arambagh,ARUP KANTI DIGAR,Bharatiya Janata Party,706188,45.3,Lost
West Bengal,Arambagh,BIPLAB KUMAR MOITRA,Communist Party of India  (Marxist),92502,5.93,Lost
West Bengal,Arambagh,RAGHU MALLIK,Independent,16130,01.03,Lost
West Bengal,Arambagh,SUBIR KUMAR ROY,Bahujan Samaj Party,3831,0.25,Lost
West Bengal,Arambagh,VASKAR MALIK,Independent,3665,0.24,Lost
West Bengal,Arambagh,SUKANTA POREL,Socialist Unity Centre Of India (COMMUNIST),1816,0.12,Lost
West Bengal,Arambagh,BABLU GHANTI,Independent,1629,0.1,Lost
West Bengal,Arambagh,ABHIJIT MAJI,Independent,1606,0.1,Lost
West Bengal,Arambagh,ALOK DOLAI,Independent,1094,0.07,Lost
West Bengal,Arambagh,NOTA,None of the Above,18031,1.16,Lost
West Bengal,Asansol,SHATRUGHAN PRASAD SINHA,All India Trinamool Congress,605645,46.53,Won
West Bengal,Asansol,SURENDRAJEET SINGH AHLUWALIA,Bharatiya Janata Party,546081,41.96,Lost
West Bengal,Asansol,JAHANARA KHAN,Communist Party of India  (Marxist),105964,8.14,Lost
West Bengal,Asansol,DIPIKA BAURI,Independent,10647,0.82,Lost
West Bengal,Asansol,SUNNY KUMAR SAH,Bahujan Samaj Party,8575,0.66,Lost
West Bengal,Asansol,SUJIT PAL,Independent,4760,0.37,Lost
West Bengal,Asansol,AMARNATH CHOWDHURY,Socialist Unity Centre Of India (COMMUNIST),4358,0.33,Lost
West Bengal,Asansol,NOTA,None of the Above,15510,1.19,Lost
West Bengal,Baharampur,PATHAN YUSUF,All India Trinamool Congress,524516,37.88,Won
West Bengal,Baharampur,ADHIR RANJAN CHOWDHURY,Indian National Congress,439494,31.74,Lost
West Bengal,Baharampur,DR. NIRMAL KUMAR SAHA,Bharatiya Janata Party,371885,26.86,Lost
West Bengal,Baharampur,SAMIRAN DAS,Independent,18527,1.34,Lost
West Bengal,Baharampur,SWAPAN KUMAR MANDAL,Independent,6396,0.46,Lost
West Bengal,Baharampur,SANTOSH BISWAS,Bahujan Samaj Party,4238,0.31,Lost
West Bengal,Baharampur,BISWAMVOIR KALITA,Independent,3062,0.22,Lost
West Bengal,Baharampur,SOMNATH PAUL,All India Arya Mahasabha,2250,0.16,Lost
West Bengal,Baharampur,RUNA LAILA,Social Democratic Party Of India,1571,0.11,Lost
West Bengal,Baharampur,ABHIJIT MANDAL,Socialist Unity Centre Of India (COMMUNIST),1418,0.1,Lost
West Bengal,Baharampur,ASHIS DAS,Independent,1110,0.08,Lost
West Bengal,Baharampur,ADHIR SWARNAKAR,Independent,856,0.06,Lost
West Bengal,Baharampur,AJIT KUMAR MANDAL,Independent,749,0.05,Lost
West Bengal,Baharampur,MANIK KUMAR DAS,Jai Prakash Janata Dal,729,0.05,Lost
West Bengal,Baharampur,AABDUSA SATTAR SEKH,Indian National Socialistic Action Forces,484,0.03,Lost
West Bengal,Baharampur,NOTA,None of the Above,7485,0.54,Lost
West Bengal,Balurghat,SUKANTA MAJUMDAR,Bharatiya Janata Party,574996,46.47,Won
West Bengal,Balurghat,BIPLAB MITRA,All India Trinamool Congress,564610,45.63,Lost
West Bengal,Balurghat,JOYDEV KUMAR SIDDHANTA,Revolutionary Socialist Party,54217,4.38,Lost
West Bengal,Balurghat,HAKIM MURMU,Independent,6822,0.55,Lost
West Bengal,Balurghat,BAKHTIAR MUJAHIT SAHANI,Independent,6393,0.52,Lost
West Bengal,Balurghat,RANENDRA NATH MALI,Independent,5593,0.45,Lost
West Bengal,Balurghat,ANTA HANSDA,Bahujan Samaj Party,5145,0.42,Lost
West Bengal,Balurghat,BISWANATH MURMU,Ambedkarite Party of India,3465,0.28,Lost
West Bengal,Balurghat,MOZAMMEL HAQUE,All India Secular Front,2268,0.18,Lost
West Bengal,Balurghat,NAROTTAM SAHA,Independent,2106,0.17,Lost
West Bengal,Balurghat,MD. SARWARDI,Bhumiputra United Party,1967,0.16,Lost
West Bengal,Balurghat,BIRENDRA NATH MAHANTA,Socialist Unity Centre Of India (COMMUNIST),1387,0.11,Lost
West Bengal,Balurghat,RUBEL SARKAR,Kamatapur People’s Party (United),902,0.07,Lost
West Bengal,Balurghat,NOTA,None of the Above,7437,0.6,Lost
West Bengal,Bangaon,SHANTANU THAKUR,Bharatiya Janata Party,719505,48.19,Won
West Bengal,Bangaon,BISWAJIT DAS S/O LATE BIJAY KRISHNA DAS,All India Trinamool Congress,645812,43.25,Lost
West Bengal,Bangaon,PRADIPKUMAR BISWAS,Indian National Congress,65176,4.37,Lost
West Bengal,Bangaon,DIPAK MAJUMDAR,All India Secular Front,19216,1.29,Lost
West Bengal,Bangaon,SUJATA BAIRAGI,Independent,9653,0.65,Lost
West Bengal,Bangaon,JASHAJIT SARKHEL,Independent,7833,0.52,Lost
West Bengal,Bangaon,CHANDAN MALLICK,Bahujan Samaj Party,5935,0.4,Lost
West Bengal,Bangaon,PRANITA MANDAL,Independent,2411,0.16,Lost
West Bengal,Bangaon,SUMITA PODDAR,Independent,2354,0.16,Lost
West Bengal,Bangaon,BISWAJIT DAS S/O LATE BALARAM DAS,Independent,2248,0.15,Lost
West Bengal,Bangaon,PATIT PABAN MANDAL,Socialist Unity Centre Of India (COMMUNIST),2169,0.15,Lost
West Bengal,Bangaon,SAMARESH BISWAS,Party for Democratic Socialism,1565,0.1,Lost
West Bengal,Bangaon,BISWAJIT DAS,Independent,1272,0.09,Lost
West Bengal,Bangaon,KALYAN SARKAR,Independent,691,0.05,Lost
West Bengal,Bangaon,SUBRATA BISWAS,Guruchand Sena Dal,583,0.04,Lost
West Bengal,Bangaon,NOTA,None of the Above,6685,0.45,Lost
West Bengal,Bankura,ARUP CHAKRABORTY,All India Trinamool Congress,641813,44.33,Won
West Bengal,Bankura,DR. SUBHAS SARKAR,Bharatiya Janata Party,609035,42.07,Lost
West Bengal,Bankura,NILANJAN DASGUPTA,Communist Party of India  (Marxist),105359,7.28,Lost
West Bengal,Bankura,SURAJIT SINGH KURMALI,Independent,18569,1.28,Lost
West Bengal,Bankura,GOPAL MURMU,Ambedkarite Party of India,9101,0.63,Lost
West Bengal,Bankura,DIPA BOURI,Bahujan Samaj Party,8796,0.61,Lost
West Bengal,Bankura,MARSHAL TUDU,Independent,6717,0.46,Lost
West Bengal,Bankura,TARA SHANKAR GOPE,Socialist Unity Centre Of India (COMMUNIST),5529,0.38,Lost
West Bengal,Bankura,SANDIP KUMAR DEY,Independent,4622,0.32,Lost
West Bengal,Bankura,SAMAR KUMAR BISWAS,Kisan Mazdoor Sangharsh Party,3541,0.24,Lost
West Bengal,Bankura,JIBAN CHAKRABORTY,Independent,3506,0.24,Lost
West Bengal,Bankura,KARTIK CHANDRA BAURI,Independent,2796,0.19,Lost
West Bengal,Bankura,GOUR CHANDRA HEMBRAM,Independent,2081,0.14,Lost
West Bengal,Bankura,NOTA,None of the Above,26209,1.81,Lost
West Bengal,Barasat,KAKOLI GHOSH DASTIDAR,All India Trinamool Congress,692010,45.15,Won
West Bengal,Barasat,SWAPAN MAJUMDER,Bharatiya Janata Party,577821,37.7,Lost
West Bengal,Barasat,TAPAS BANERJEE,All India Secular Front,121440,7.92,Lost
West Bengal,Barasat,SANJIB CHATTERJEE,All India Forward Bloc,100000,6.52,Lost
West Bengal,Barasat,SMRITIKANA HAOLADAR,Bahujan Samaj Party,5787,0.38,Lost
West Bengal,Barasat,SAIFUDDIN MONDAL,Independent,3827,0.25,Lost
West Bengal,Barasat,SWAPAN MAJUMDAR,Independent,3085,0.2,Lost
West Bengal,Barasat,S MUKHTAR AHMED,Independent,2647,0.17,Lost
West Bengal,Barasat,SEFALI DEY,Bharatiya Nyay-Adhikar Raksha Party,2252,0.15,Lost
West Bengal,Barasat,SADHAN GHOSH,Socialist Unity Centre Of India (COMMUNIST),2047,0.13,Lost
West Bengal,Barasat,BIKASH SARKAR,Mulnibasi Party of India,1929,0.13,Lost
West Bengal,Barasat,MOHAN LAL ADHIKARY,Independent,1864,0.12,Lost
West Bengal,Barasat,NOTA,None of the Above,17892,1.17,Lost
West Bengal,Bardhaman Purba,DR. SHARMILA SARKAR,All India Trinamool Congress,720302,48.11,Won
West Bengal,Bardhaman Purba,ASIM KUMAR SARKAR,Bharatiya Janata Party,559730,37.38,Lost
West Bengal,Bardhaman Purba,NIRAB KHAN,Communist Party of India  (Marxist),176899,11.81,Lost
West Bengal,Bardhaman Purba,NIRMAL MAJHI,Socialist Unity Centre Of India (COMMUNIST),10976,0.73,Lost
West Bengal,Bardhaman Purba,MUKUL BISWAS,Bahujan Samaj Party,7631,0.51,Lost
West Bengal,Bardhaman Purba,SHARMILA SARKAR,Independent,4893,0.33,Lost
West Bengal,Bardhaman Purba,SAJAL KUMAR DE,Communist Party of India  (Marxist-Leninist)  (Liberation),4182,0.28,Lost
West Bengal,Bardhaman Purba,NOTA,None of the Above,12697,0.85,Lost
West Bengal,Bardhaman-Durgapur,AZAD KIRTI JHA,All India Trinamool Congress,720667,47.99,Won
West Bengal,Bardhaman-Durgapur,DILIP GHOSH,Bharatiya Janata Party,582686,38.8,Lost
West Bengal,Bardhaman-Durgapur,SUKRITI GHOSAL,Communist Party of India  (Marxist),153829,10.24,Lost
West Bengal,Bardhaman-Durgapur,LUXMI NARAYAN KORA,Independent,7142,0.48,Lost
West Bengal,Bardhaman-Durgapur,PRABHU NATH SAH,Bahujan Samaj Party,6856,0.46,Lost
West Bengal,Bardhaman-Durgapur,TASBIRUL ISLAM,Socialist Unity Centre Of India (COMMUNIST),3469,0.23,Lost
West Bengal,Bardhaman-Durgapur,REENA LEONG,Independent,3111,0.21,Lost
West Bengal,Bardhaman-Durgapur,MIR SAKIMUDDIN,The National Road Map Party of India,2418,0.16,Lost
West Bengal,Bardhaman-Durgapur,NOTA,None of the Above,21595,1.44,Lost
West Bengal,Barrackpur,PARTHA BHOWMICK,All India Trinamool Congress,520231,45.56,Won
West Bengal,Barrackpur,ARJUN SINGH,Bharatiya Janata Party,455793,39.92,Lost
West Bengal,Barrackpur,DEBDUT GHOSH,Communist Party of India  (Marxist),109564,9.6,Lost
West Bengal,Barrackpur,MD JAMIR HOSSAIN,All India Secular Front,18806,1.65,Lost
West Bengal,Barrackpur,ROHIT KUMAR PATHAK,Independent,7132,0.62,Lost
West Bengal,Barrackpur,CHAPALA RAY (MAJUMDER),Bahujan Samaj Party,3909,0.34,Lost
West Bengal,Barrackpur,SHARMISTHA DAS,Independent,3634,0.32,Lost
West Bengal,Barrackpur,ANJAN GOSWAMI,Bharatiya Nyay-Adhikar Raksha Party,3448,0.3,Lost
West Bengal,Barrackpur,DHARMENDRA SINGH,Independent,2847,0.25,Lost
West Bengal,Barrackpur,SANJAY SINGH,Independent,1676,0.15,Lost
West Bengal,Barrackpur,DEBASISH BANERJEE,Socialist Unity Centre Of India (COMMUNIST),1434,0.13,Lost
West Bengal,Barrackpur,KUNDAN SINGH,Independent,826,0.07,Lost
West Bengal,Barrackpur,UDAY VEER CHOUDHURY,Independent,757,0.07,Lost
West Bengal,Barrackpur,AMIT KUMAR CHOUBEY,Independent,721,0.06,Lost
West Bengal,Barrackpur,NOTA,None of the Above,11082,0.97,Lost
West Bengal,Basirhat,SK NURUL ISLAM,All India Trinamool Congress,803762,52.76,Won
West Bengal,Basirhat,REKHA PATRA,Bharatiya Janata Party,470215,30.87,Lost
West Bengal,Basirhat,AKHTAR RAHAMAN BISWAS,All India Secular Front,123500,8.11,Lost
West Bengal,Basirhat,NIRAPADA SARDAR,Communist Party of India  (Marxist),77899,5.11,Lost
West Bengal,Basirhat,MAFIJUL MOLLA,Independent,11833,0.78,Lost
West Bengal,Basirhat,PRIYAMA DAS,Independent,6620,0.43,Lost
West Bengal,Basirhat,MIRAZ MOLLA,Independent,5902,0.39,Lost
West Bengal,Basirhat,MD ABUL KALAM MOLLA,Bahujan Samaj Party,4464,0.29,Lost
West Bengal,Basirhat,BIDYUT GAYEN,Independent,3634,0.24,Lost
West Bengal,Basirhat,IMRAN ALI SARDAR,Bharatheeya Jawan Kisan Party,2553,0.17,Lost
West Bengal,Basirhat,PIYARUL ISLAM,Independent,2391,0.16,Lost
West Bengal,Basirhat,SARAVAN SINGH,Independent,2021,0.13,Lost
West Bengal,Basirhat,DAUD ALI GAZI,Socialist Unity Centre Of India (COMMUNIST),1167,0.08,Lost
West Bengal,Basirhat,KINKAR KANTI ROY,Independent,1118,0.07,Lost
West Bengal,Basirhat,BIPUL CHANDRA BISWAS,Mulnibasi Party of India,1074,0.07,Lost
West Bengal,Basirhat,NOTA,None of the Above,5248,0.34,Lost
West Bengal,Birbhum,SATABDI ROY,All India Trinamool Congress,717961,47,Won
West Bengal,Birbhum,DEBTANU BHATTACHARYA,Bharatiya Janata Party,520311,34.06,Lost
West Bengal,Birbhum,MILTON RASHID,Indian National Congress,226260,14.81,Lost
West Bengal,Birbhum,AMIY GHOSH,Independent,11958,0.78,Lost
West Bengal,Birbhum,LAKSHMI HEMBROM,Ambedkarite Party of India,7687,0.5,Lost
West Bengal,Birbhum,AYESHA KHATUN,Socialist Unity Centre Of India (COMMUNIST),6779,0.44,Lost
West Bengal,Birbhum,RAJNATH SARKAR,Bahujan Samaj Party,5882,0.39,Lost
West Bengal,Birbhum,SAURAV MUDI,Independent,4256,0.28,Lost
West Bengal,Birbhum,ABDUL IMRAN,Independent,3832,0.25,Lost
West Bengal,Birbhum,BISWAJIT MISHRA,All India Arya Mahasabha,3823,0.25,Lost
West Bengal,Birbhum,MD. JAKIR HOSSAIN,Bharatiya National Janata Dal,2557,0.17,Lost
West Bengal,Birbhum,DOLA SARKAR,Indian National Socialistic Action Forces,2033,0.13,Lost
West Bengal,Birbhum,NOTA,None of the Above,14093,0.92,Lost
West Bengal,Bishnupur,KHAN SAUMITRA,Bharatiya Janata Party,680130,44.93,Won
West Bengal,Bishnupur,SUJATA MONDAL,All India Trinamool Congress,674563,44.56,Lost
West Bengal,Bishnupur,SITAL CHANDRA KAIBARTYA,Communist Party of India  (Marxist),105411,6.96,Lost
West Bengal,Bishnupur,SADANANDA MANDAL,Socialist Unity Centre Of India (COMMUNIST),16074,01.06,Lost
West Bengal,Bishnupur,JOYDEV DHANK,Bahujan Samaj Party,9079,0.6,Lost
West Bengal,Bishnupur,BASUDEB SIKARI,Independent,5106,0.34,Lost
West Bengal,Bishnupur,NARENDRANATH RAY,Independent,4377,0.29,Lost
West Bengal,Bishnupur,NOTA,None of the Above,19132,1.26,Lost
West Bengal,Bolpur,ASIT KUMAR MAL,All India Trinamool Congress,855633,55.98,Won
West Bengal,Bolpur,PIYA SAHA,Bharatiya Janata Party,528380,34.57,Lost
West Bengal,Bolpur,SHYAMALI PRADHAN,Communist Party of India  (Marxist),99383,6.5,Lost
West Bengal,Bolpur,ATUL CHANDRA BAURI,Independent,7829,0.51,Lost
West Bengal,Bolpur,DR MANIK CHANDRA PRODHAN,Bahujan Samaj Party,7039,0.46,Lost
West Bengal,Bolpur,SHANTA DAS,Mulnibasi Party of India,3640,0.24,Lost
West Bengal,Bolpur,BIJOY DOLUI,Socialist Unity Centre Of India (COMMUNIST),2792,0.18,Lost
West Bengal,Bolpur,MANTU DHIBAR,Hindustan Shakti Sena,2052,0.13,Lost
West Bengal,Bolpur,NOTA,None of the Above,21722,1.42,Lost
West Bengal,Coochbehar,JAGADISH CHANDRA BARMA BASUNIA,All India Trinamool Congress,788375,48.57,Won
West Bengal,Coochbehar,NISITH PRAMANIK,Bharatiya Janata Party,749125,46.16,Lost
West Bengal,Coochbehar,NITISH CHANDRA ROY,All India Forward Bloc,30267,1.86,Lost
West Bengal,Coochbehar,PIYA ROY CHOWDHURY,Indian National Congress,10679,0.66,Lost
West Bengal,Coochbehar,HAREKRISHNA SARKAR,Independent,9467,0.58,Lost
West Bengal,Coochbehar,KAMALESH BARMAN,Independent,2993,0.18,Lost
West Bengal,Coochbehar,NABI BARMAN,Independent,2724,0.17,Lost
West Bengal,Coochbehar,SUBODH BARMAN,Independent,2599,0.16,Lost
West Bengal,Coochbehar,DILIP CHANDRA BARMAN,Socialist Unity Centre Of India (COMMUNIST),2468,0.15,Lost
West Bengal,Coochbehar,PURNA MOHAN ROY,Bahujan Samaj Party,2097,0.13,Lost
West Bengal,Coochbehar,BIDHAN DAS,Independent,2072,0.13,Lost
West Bengal,Coochbehar,KISHORE RAY,Independent,1606,0.1,Lost
West Bengal,Coochbehar,PRADIP KUMAR ROY,Kamatapur People’s Party (United),1518,0.09,Lost
West Bengal,Coochbehar,AMAL DAS,Independent,1495,0.09,Lost
West Bengal,Coochbehar,NOTA,None of the Above,15563,0.96,Lost
West Bengal,Darjeeling,RAJU BISTA,Bharatiya Janata Party,679331,51.18,Won
West Bengal,Darjeeling,GOPAL LAMA,All India Trinamool Congress,500806,37.73,Lost
West Bengal,Darjeeling,MUNISH TAMANG,Indian National Congress,83374,6.28,Lost
West Bengal,Darjeeling,BANDANA RAI,Independent,13674,01.03,Lost
West Bengal,Darjeeling,BISHNU PRASAD SHARMA,Independent,7447,0.56,Lost
West Bengal,Darjeeling,BHUPENDRA LEPCHA,Independent,6395,0.48,Lost
West Bengal,Darjeeling,ATASI BISWAS,Kisan Mazdoor Sangharsh Party,4641,0.35,Lost
West Bengal,Darjeeling,PRADHAN MARDI,Ambedkarite Party of India,2747,0.21,Lost
West Bengal,Darjeeling,KHUSHI RANJAN MANDAL,Independent,2337,0.18,Lost
West Bengal,Darjeeling,KALICHARAN BARMAN,Independent,2079,0.16,Lost
West Bengal,Darjeeling,QAMRUL HAQUE,North Bengal People’s Party,1853,0.14,Lost
West Bengal,Darjeeling,BUDHARU ROY,Kamatapur People’s Party (United),1762,0.13,Lost
West Bengal,Darjeeling,SHAHRIAR ALAM,Socialist Unity Centre Of India (COMMUNIST),1614,0.12,Lost
West Bengal,Darjeeling,SUBODH PAKHRIN,Gorkha Rashtriya Congress,1331,0.1,Lost
West Bengal,Darjeeling,NOTA,None of the Above,18021,1.36,Lost
West Bengal,Diamond harbour,ABHISHEK BANERJEE,All India Trinamool Congress,1048230,68.48,Won
West Bengal,Diamond harbour,ABHIJIT DAS (BOBBY),Bharatiya Janata Party,337300,22.03,Lost
West Bengal,Diamond harbour,PRATIK UR RAHAMAN,Communist Party of India  (Marxist),86953,5.68,Lost
West Bengal,Diamond harbour,MAJNU LASKAR,All India Secular Front,21139,1.38,Lost
West Bengal,Diamond harbour,SUBRATA BOSE,Independent,9825,0.64,Lost
West Bengal,Diamond harbour,DASARATHI PAIK,Bahujan Samaj Party,7111,0.46,Lost
West Bengal,Diamond harbour,MALAY GUHA ROY,Independent,2971,0.19,Lost
West Bengal,Diamond harbour,PULAKESH MONDAL,Independent,1948,0.13,Lost
West Bengal,Diamond harbour,KALIMUDDIN SK,Indian National Socialistic Action Forces,1590,0.1,Lost
West Bengal,Diamond harbour,RAMKUMAR MONDAL,Socialist Unity Centre Of India (COMMUNIST),1418,0.09,Lost
West Bengal,Diamond harbour,ANISUR RAHAMAN SK,Independent,1159,0.08,Lost
West Bengal,Diamond harbour,KASHINATH MONDAL,Independent,985,0.06,Lost
West Bengal,Diamond harbour,NOTA,None of the Above,10188,0.67,Lost
West Bengal,Dum dum,SOUGATA RAY,All India Trinamool Congress,528579,41.95,Won
West Bengal,Dum dum,SILBHADRA DATTA,Bharatiya Janata Party,457919,36.34,Lost
West Bengal,Dum dum,SUJAN CHAKRABORTY,Communist Party of India  (Marxist),240784,19.11,Lost
West Bengal,Dum dum,SHEKH IMANUR RAHMAN,Independent,6411,0.51,Lost
West Bengal,Dum dum,SWAMINATH KORI,Bahujan Samaj Party,3766,0.3,Lost
West Bengal,Dum dum,HIRAK SINHA,Independent,3147,0.25,Lost
West Bengal,Dum dum,BANAMALI PANDA,Socialist Unity Centre Of India (COMMUNIST),1739,0.14,Lost
West Bengal,Dum dum,DULU DEY,Independent,1694,0.13,Lost
West Bengal,Dum dum,MANIKA MUKHERJEE,Bharatiya Nyay-Adhikar Raksha Party,1237,0.1,Lost
West Bengal,Dum dum,SANTANU MANDAL,Democratic Socialist Party of India,885,0.07,Lost
West Bengal,Dum dum,TRIDIB BHUNIA,Independent,772,0.06,Lost
West Bengal,Dum dum,GOURI BISWAS,Independent,701,0.06,Lost
West Bengal,Dum dum,SUBRATA BHOWMIK,Mera Bharat Mahan Party,604,0.05,Lost
West Bengal,Dum dum,HARI PADA BISWAS,Mulnibasi Party of India,474,0.04,Lost
West Bengal,Dum dum,NOTA,None of the Above,11334,0.9,Lost
West Bengal,Ghatal,ADHIKARI DEEPAK (DEV),All India Trinamool Congress,837990,52.36,Won
West Bengal,Ghatal,DR. HIRANMOY CHATTOPADHYAYA,Bharatiya Janata Party,655122,40.93,Lost
West Bengal,Ghatal,TAPAN GANGULI,Communist Party of India,74908,4.68,Lost
West Bengal,Ghatal,SOUMEN MADRAJI,Bahujan Samaj Party,7941,0.5,Lost
West Bengal,Ghatal,GOPAL MONDAL,Independent,4244,0.27,Lost
West Bengal,Ghatal,DINESH MAIKAP,Socialist Unity Centre Of India (COMMUNIST),4148,0.26,Lost
West Bengal,Ghatal,SAHEB CHOWDHURY,Independent,3237,0.2,Lost
West Bengal,Ghatal,NOTA,None of the Above,12966,0.81,Lost
West Bengal,Hooghly,RACHNA BANERJEE,All India Trinamool Congress,702744,46.31,Won
West Bengal,Hooghly,LOCKET CHATTERJEE,Bharatiya Janata Party,625891,41.24,Lost
West Bengal,Hooghly,MANADIP GHOSH,Communist Party of India  (Marxist),139919,9.22,Lost
West Bengal,Hooghly,SURAJIT HEMBRAM,Independent,9268,0.61,Lost
West Bengal,Hooghly,SAMIM ALI MOLLICK,Independent,6567,0.43,Lost
West Bengal,Hooghly,JAMINI BHAR,Bahujan Samaj Party,4718,0.31,Lost
West Bengal,Hooghly,AJANTA SARKAR,Bharatiya National Janata Dal,3639,0.24,Lost
West Bengal,Hooghly,SK KAMALUDDIN,Independent,2766,0.18,Lost
West Bengal,Hooghly,SANCHITA BERA,Independent,2649,0.17,Lost
West Bengal,Hooghly,PABAN MAZUMDER,Socialist Unity Centre Of India (COMMUNIST),2380,0.16,Lost
West Bengal,Hooghly,PRADIP PAL,Bharatiya Nyay-Adhikar Raksha Party,2220,0.15,Lost
West Bengal,Hooghly,MRINAL KANTI DAS,Independent,1398,0.09,Lost
West Bengal,Hooghly,NOTA,None of the Above,13352,0.88,Lost
West Bengal,Howrah,PRASUN BANERJEE,All India Trinamool Congress,626493,49.26,Won
West Bengal,Howrah,DR RATHIN CHAKRAVARTY,Bharatiya Janata Party,457051,35.94,Lost
West Bengal,Howrah,SABYASACHI CHATTERJEE,Communist Party of India  (Marxist),152005,11.95,Lost
West Bengal,Howrah,PALASH BACHAR,Bahujan Samaj Party,6354,0.5,Lost
West Bengal,Howrah,SEIKH SAKIRUL ISLAM,Independent,5271,0.41,Lost
West Bengal,Howrah,SHIWA MALLICK,Independent,3220,0.25,Lost
West Bengal,Howrah,UTTAM CHATTERJEE,Socialist Unity Centre Of India (COMMUNIST),2325,0.18,Lost
West Bengal,Howrah,SHAMPA DAS,Bharatiya Nyay-Adhikar Raksha Party,2065,0.16,Lost
West Bengal,Howrah,RATHIN GANGULY,Independent,1887,0.15,Lost
West Bengal,Howrah,PRASUN LAHIRI,Independent,1326,0.1,Lost
West Bengal,Howrah,RAJESH KUMAR PRASAD,All India Arya Mahasabha,1272,0.1,Lost
West Bengal,Howrah,ADARSHA MONDAL,Independent,945,0.07,Lost
West Bengal,Howrah,AJAZ AHMED ANSARI,Independent,857,0.07,Lost
West Bengal,Howrah,TAPAS BARUI,Independent,641,0.05,Lost
West Bengal,Howrah,NOTA,None of the Above,10084,0.79,Lost
West Bengal,Jadavpur,SAYANI GHOSH,All India Trinamool Congress,717899,45.83,Won
West Bengal,Jadavpur,DR. ANIRBAN GANGULY,Bharatiya Janata Party,459698,29.35,Lost
West Bengal,Jadavpur,SRIJAN BHATTACHARYYA,Communist Party of India  (Marxist),258712,16.52,Lost
West Bengal,Jadavpur,NUR ALAM KHAN,All India Secular Front,83362,5.32,Lost
West Bengal,Jadavpur,RANJIT KUMAR MANDAL,Independent,13030,0.83,Lost
West Bengal,Jadavpur,HOSEN GAZI,Independent,4927,0.31,Lost
West Bengal,Jadavpur,SANDIP NATH,Bahujan Samaj Party,4462,0.28,Lost
West Bengal,Jadavpur,KALPANA NASKAR DATTA,Socialist Unity Centre Of India (COMMUNIST),4451,0.28,Lost
West Bengal,Jadavpur,BALARAM MANDAL,Independent,2835,0.18,Lost
West Bengal,Jadavpur,TANUSHREE MONDAL,Independent,2427,0.15,Lost
West Bengal,Jadavpur,SHANKAR MANDAL,Independent,1442,0.09,Lost
West Bengal,Jadavpur,SRI GOPAN SARDAR,Mulnibasi Party of India,1373,0.09,Lost
West Bengal,Jadavpur,PURNIMA DEBNATH,Independent,1325,0.08,Lost
West Bengal,Jadavpur,CHANDRACHUR GOSWAMI,Independent,1114,0.07,Lost
West Bengal,Jadavpur,ARUN SARKAR,Independent,1110,0.07,Lost
West Bengal,Jadavpur,DIPAK SARDAR,Independent,927,0.06,Lost
West Bengal,Jadavpur,NOTA,None of the Above,7415,0.47,Lost
West Bengal,Jalpaiguri,DR JAYANTA KUMAR ROY,Bharatiya Janata Party,766568,48.57,Won
West Bengal,Jalpaiguri,NIRMAL CHANDRA ROY,All India Trinamool Congress,679875,43.07,Lost
West Bengal,Jalpaiguri,DEBRAJ BARMAN,Communist Party of India  (Marxist),74092,4.69,Lost
West Bengal,Jalpaiguri,SHIPRA RAY HAKIM,Independent,9907,0.63,Lost
West Bengal,Jalpaiguri,BINOD MALLICK,Bahujan Samaj Party,8566,0.54,Lost
West Bengal,Jalpaiguri,HAREKRISHNA SARKAR,Independent,5848,0.37,Lost
West Bengal,Jalpaiguri,MAHESWAR BARMAN,Independent,4267,0.27,Lost
West Bengal,Jalpaiguri,RAM PRASAD MANDAL,Socialist Unity Centre Of India (COMMUNIST),3835,0.24,Lost
West Bengal,Jalpaiguri,MANABENDRA ROY,Kamatapur People’s Party (United),2950,0.19,Lost
West Bengal,Jalpaiguri,NIRODE CHANDRA ADHIKARY,Independent,2517,0.16,Lost
West Bengal,Jalpaiguri,ADHIR CHANDRA BARMAN,Independent,1927,0.12,Lost
West Bengal,Jalpaiguri,RANJIT BARMAN,Mulnibasi Party of India,1189,0.08,Lost
West Bengal,Jalpaiguri,NOTA,None of the Above,16848,01.07,Lost
West Bengal,Jangipur,KHALILUR RAHAMAN,All India Trinamool Congress,544427,39.75,Won
West Bengal,Jangipur,MURTOJA HOSSAIN BOKUL,Indian National Congress,427790,31.23,Lost
West Bengal,Jangipur,DHANANJAY GHOSH,Bharatiya Janata Party,340814,24.88,Lost
West Bengal,Jangipur,REJAUL MONDAL,Independent,7500,0.55,Lost
West Bengal,Jangipur,SAJAHAN BISWAS,All India Secular Front,6858,0.5,Lost
West Bengal,Jangipur,MUKTIPADA KONAI,Independent,5671,0.41,Lost
West Bengal,Jangipur,ASHISH BHUIMALI,Independent,3951,0.29,Lost
West Bengal,Jangipur,MD SARWARUL ISLAM SARKAR,Bahujan Samaj Party,3515,0.26,Lost
West Bengal,Jangipur,MD SAHABUDDIN,Social Democratic Party Of India,3496,0.26,Lost
West Bengal,Jangipur,SAMIRUDDIN,Socialist Unity Centre Of India (COMMUNIST),1950,0.14,Lost
West Bengal,Jangipur,PARIMAL GHOSH,Independent,1931,0.14,Lost
West Bengal,Jangipur,SANUAR ALI,Bharatheeya Jawan Kisan Party,1700,0.12,Lost
West Bengal,Jangipur,RAJIB CHATTERJEE,Bhartiya Lokmat Rashtrwadi Party,1532,0.11,Lost
West Bengal,Jangipur,MD ASADUL BISWAS,Independent,1340,0.1,Lost
West Bengal,Jangipur,NOTA,None of the Above,17158,1.25,Lost
West Bengal,Jhargram,KALIPADA SAREN (KHERWAL),All India Trinamool Congress,743478,49.87,Won
West Bengal,Jhargram,DR. PRANAT TUDU,Bharatiya Janata Party,569430,38.2,Lost
West Bengal,Jhargram,SONAMANI TUDU,Communist Party of India  (Marxist),77302,5.19,Lost
West Bengal,Jhargram,SURYA SINGH BESRA,Jharkhand People's Party,19494,1.31,Lost
West Bengal,Jhargram,BARUN MAHATO,Independent,12087,0.81,Lost
West Bengal,Jhargram,ARUNKUMAR HANSDA,Bahujan Samaj Party,11989,0.8,Lost
West Bengal,Jhargram,SURENDRANATH SING,Independent,10787,0.72,Lost
West Bengal,Jhargram,RAMANATH ORANG,Independent,7188,0.48,Lost
West Bengal,Jhargram,BIPLAB HEMBRAM,Independent,7170,0.48,Lost
West Bengal,Jhargram,BAPI SOREN,All India Secular Front,5895,0.4,Lost
West Bengal,Jhargram,BIRSABIR BASKEY,Ambedkarite Party of India,4362,0.29,Lost
West Bengal,Jhargram,SUSHIL MANDI,Socialist Unity Centre Of India (COMMUNIST),2892,0.19,Lost
West Bengal,Jhargram,GUNADHAR SING,Independent,2849,0.19,Lost
West Bengal,Jhargram,NOTA,None of the Above,15920,01.07,Lost
West Bengal,Joynagar,PRATIMA MONDAL,All India Trinamool Congress,894312,60.32,Won
West Bengal,Joynagar,ASHOK KANDARY,Bharatiya Janata Party,424093,28.6,Lost
West Bengal,Joynagar,MEGHNATH HALDER,All India Secular Front,65372,4.41,Lost
West Bengal,Joynagar,SAMARENDRA NATH MONDAL,Revolutionary Socialist Party,40113,2.71,Lost
West Bengal,Joynagar,NIRANJAN  NASKAR,Socialist Unity Centre Of India (COMMUNIST),14622,0.99,Lost
West Bengal,Joynagar,SUJAN SARDAR,Independent,10794,0.73,Lost
West Bengal,Joynagar,SINDHUPADA BAIRAGI,Independent,9162,0.62,Lost
West Bengal,Joynagar,SHANKAR DEB MONDAL,Bahujan Samaj Party,6391,0.43,Lost
West Bengal,Joynagar,JURAN CHANDRA PANDEY,Mulnibasi Party of India,3769,0.25,Lost
West Bengal,Joynagar,MILAN NASKAR,Independent,2136,0.14,Lost
West Bengal,Joynagar,PRATIMA MONDAL,Independent,2079,0.14,Lost
West Bengal,Joynagar,NOTA,None of the Above,9788,0.66,Lost
West Bengal,Kanthi,ADHIKARI SOUMENDU,Bharatiya Janata Party,763195,49.85,Won
West Bengal,Kanthi,UTTAM BARIK SON OF LATE BIRENDRA BARIK,All India Trinamool Congress,715431,46.73,Lost
West Bengal,Kanthi,URBASI BANERJEE,Indian National Congress,31122,02.03,Lost
West Bengal,Kanthi,BIDESH BASU MAITY,Independent,5654,0.37,Lost
West Bengal,Kanthi,MANAS PRADHAN,Socialist Unity Centre Of India (COMMUNIST),2529,0.17,Lost
West Bengal,Kanthi,UTTAM BARIK SON OF LATE NARAYAN BARIK,Independent,1998,0.13,Lost
West Bengal,Kanthi,MAKHAN LAL MAHAPATRA,Bahujan Samaj Party,1804,0.12,Lost
West Bengal,Kanthi,MD AHAMADULLAH KHAN,Independent,586,0.04,Lost
West Bengal,Kanthi,ARJUN KUMAR MAITY,Independent,544,0.04,Lost
West Bengal,Kanthi,NOTA,None of the Above,8134,0.53,Lost
West Bengal,Kolkata Dakshin,MALA ROY,All India Trinamool Congress,615274,49.48,Won
West Bengal,Kolkata Dakshin,DEBASREE CHAUDHURI,Bharatiya Janata Party,428043,34.42,Lost
West Bengal,Kolkata Dakshin,SAIRA SHAH HALIM,Communist Party of India  (Marxist),168531,13.55,Lost
West Bengal,Kolkata Dakshin,NIRAJ AGARWAL,Independent,4032,0.32,Lost
West Bengal,Kolkata Dakshin,FIROZA KHATUN,Bahujan Samaj Party,3975,0.32,Lost
West Bengal,Kolkata Dakshin,SANTANU ROY,Independent,2920,0.23,Lost
West Bengal,Kolkata Dakshin,ZUBAIR RABBANI,Socialist Unity Centre Of India (COMMUNIST),2300,0.18,Lost
West Bengal,Kolkata Dakshin,SUSANTA MONDAL,Independent,2091,0.17,Lost
West Bengal,Kolkata Dakshin,MUMTAZ ALI,Independent,1969,0.16,Lost
West Bengal,Kolkata Dakshin,MUKTI,Right to Recall Party,1544,0.12,Lost
West Bengal,Kolkata Dakshin,SANJOY (RANA) CHANDA,Kisan Mazdoor Sangharsh Party,1193,0.1,Lost
West Bengal,Kolkata Dakshin,SANJANA RAM,Independent,1056,0.08,Lost
West Bengal,Kolkata Dakshin,YASMIN ISLAM,Social Democratic Party Of India,985,0.08,Lost
West Bengal,Kolkata Dakshin,ATANU DAS,Independent,971,0.08,Lost
West Bengal,Kolkata Dakshin,MRIDUL OJHA,Independent,862,0.07,Lost
West Bengal,Kolkata Dakshin,DIPENDU HAZRA,Independent,804,0.06,Lost
West Bengal,Kolkata Dakshin,MD. SHAKIL WARSI,Independent,504,0.04,Lost
West Bengal,Kolkata Dakshin,NOTA,None of the Above,6423,0.52,Lost
West Bengal,Kolkata Uttar,BANDYOPADHYAY SUDIP,All India Trinamool Congress,454696,47.44,Won
West Bengal,Kolkata Uttar,TAPAS ROY,Bharatiya Janata Party,362136,37.78,Lost
West Bengal,Kolkata Uttar,PRADIP BHATTACHARYA,Indian National Congress,114982,12,Lost
West Bengal,Kolkata Uttar,DR. BIPLAB CHANDRA,Socialist Unity Centre Of India (COMMUNIST),3658,0.38,Lost
West Bengal,Kolkata Uttar,OMPRAKASH PRAJAPATI,Bahujan Samaj Party,3180,0.33,Lost
West Bengal,Kolkata Uttar,PRANATI PAUL,Independent,2272,0.24,Lost
West Bengal,Kolkata Uttar,SURENDRA KUMAR KABRA,Independent,1322,0.14,Lost
West Bengal,Kolkata Uttar,SWAPAN DAS,Independent,1166,0.12,Lost
West Bengal,Kolkata Uttar,MISBAHUS SALAM,Independent,981,0.1,Lost
West Bengal,Kolkata Uttar,SAMPA GUHA,Bharatiya Nyay-Adhikar Raksha Party,916,0.1,Lost
West Bengal,Kolkata Uttar,RAJKUMAR PALIT,Mission Naya Digant Party,772,0.08,Lost
West Bengal,Kolkata Uttar,SMT. RINKU GUPTA,Pyramid Party of India,659,0.07,Lost
West Bengal,Kolkata Uttar,AMAL KUMAR DEY,Independent,591,0.06,Lost
West Bengal,Kolkata Uttar,ANUJIT KUMAR NAN,Independent,557,0.06,Lost
West Bengal,Kolkata Uttar,BINOY KRISHNA CHATTERJEE,Independent,501,0.05,Lost
West Bengal,Kolkata Uttar,NOTA,None of the Above,10044,01.05,Lost
West Bengal,Krishnanagar,MAHUA MOITRA,All India Trinamool Congress,628789,44.1,Won
West Bengal,Krishnanagar,AMRITA ROY,Bharatiya Janata Party,572084,40.13,Lost
West Bengal,Krishnanagar,S.M. SADI,Communist Party of India  (Marxist),180201,12.64,Lost
West Bengal,Krishnanagar,SANJIT BISWAS,Independent,8671,0.61,Lost
West Bengal,Krishnanagar,SOURAV HELA,Independent,5065,0.36,Lost
West Bengal,Krishnanagar,NEMAI BISWAS,Independent,5069,0.36,Lost
West Bengal,Krishnanagar,AMAL CHANDRA SARKAR,Bahujan Samaj Party,5100,0.36,Lost
West Bengal,Krishnanagar,AFROJA KHATUN MONDAL,All India Secular Front,4298,0.3,Lost
West Bengal,Krishnanagar,ISMAT ARA MONDAL,Socialist Unity Centre Of India (COMMUNIST),3622,0.25,Lost
West Bengal,Krishnanagar,MD. MUKTAR SHAIKH,Independent,3294,0.23,Lost
West Bengal,Krishnanagar,ALIK KUMAR KUNDU,Independent,2708,0.19,Lost
West Bengal,Krishnanagar,NOTA,None of the Above,6811,0.48,Lost
West Bengal,Maldaha Dakshin,ISHA KHAN CHOUDHURY,Indian National Congress,572395,41.79,Won
West Bengal,Maldaha Dakshin,SREERUPA MITRA CHAUDHURY (NIRBHAYA DIDI),Bharatiya Janata Party,444027,32.42,Lost
West Bengal,Maldaha Dakshin,SHAHNAWAZ ALI RAIHAN,All India Trinamool Congress,301026,21.98,Lost
West Bengal,Maldaha Dakshin,PURNOCHANDRA MANDAL,Independent,8383,0.61,Lost
West Bengal,Maldaha Dakshin,AHMED HEDATUL HASAN,Independent,5736,0.42,Lost
West Bengal,Maldaha Dakshin,MD. JAMAL SAIKH,Independent,5386,0.39,Lost
West Bengal,Maldaha Dakshin,BIKASH RABIDAS,Bahujan Samaj Party,5065,0.37,Lost
West Bengal,Maldaha Dakshin,BIJOY KUMAR SARKAR,Independent,4776,0.35,Lost
West Bengal,Maldaha Dakshin,SUSMITA DEY KARJEE,Bhartiya Lokmat Rashtrwadi Party,3535,0.26,Lost
West Bengal,Maldaha Dakshin,AMAL KUMAR RABIDAS,Independent,3271,0.24,Lost
West Bengal,Maldaha Dakshin,KAVIR MADAN DAS,Ambedkarite Party of India,3140,0.23,Lost
West Bengal,Maldaha Dakshin,ASIM MANDAL,Jan Sangh Party,2788,0.2,Lost
West Bengal,Maldaha Dakshin,MD SHAHNAWAJ RAHMATULLAH,Social Democratic Party Of India,2323,0.17,Lost
West Bengal,Maldaha Dakshin,JALALUDDIN SARKAR,Bharatiya Nyay-Adhikar Raksha Party,2075,0.15,Lost
West Bengal,Maldaha Dakshin,ANGSHUDHAR MANDAL,Socialist Unity Centre Of India (COMMUNIST),1189,0.09,Lost
West Bengal,Maldaha Dakshin,MD NUR ISLAM SEKH,Rashtriya Secular Majlis Party,1136,0.08,Lost
West Bengal,Maldaha Dakshin,MD MONIRUL HASAN,Jamat-E-Seratul Mustakim,741,0.05,Lost
West Bengal,Maldaha Dakshin,NOTA,None of the Above,2797,0.2,Lost
West Bengal,Maldaha Uttar,KHAGEN MURMU,Bharatiya Janata Party,527023,37.18,Won
West Bengal,Maldaha Uttar,PRASUN BANERJEE,All India Trinamool Congress,449315,31.7,Lost
West Bengal,Maldaha Uttar,ALAM MOSTAQUE,Indian National Congress,384764,27.14,Lost
West Bengal,Maldaha Uttar,JATISH KISKU,Independent,8683,0.61,Lost
West Bengal,Maldaha Uttar,MONATAN HEMBRAM,Independent,7933,0.56,Lost
West Bengal,Maldaha Uttar,SWAPAN MAHATO,Independent,7237,0.51,Lost
West Bengal,Maldaha Uttar,SANATAN RISHI,Bahujan Samaj Party,5632,0.4,Lost
West Bengal,Maldaha Uttar,JOSEPH KISKU,Ambedkarite Party of India,4637,0.33,Lost
West Bengal,Maldaha Uttar,MONJU HEMBROM,Independent,3538,0.25,Lost
West Bengal,Maldaha Uttar,MD FARUQUE HOSSAIN,Independent,3375,0.24,Lost
West Bengal,Maldaha Uttar,SOMNATH DAS,Bharatiya Nyay-Adhikar Raksha Party,3164,0.22,Lost
West Bengal,Maldaha Uttar,SUBHASH BARMAN,Kamatapur People’s Party (United),2019,0.14,Lost
West Bengal,Maldaha Uttar,KALICHARAN ROY,Socialist Unity Centre Of India (COMMUNIST),1293,0.09,Lost
West Bengal,Maldaha Uttar,MD SOHEL,All India Secular Front,1092,0.08,Lost
West Bengal,Maldaha Uttar,NARESH PAL,Jan Sangh Party,596,0.04,Lost
West Bengal,Maldaha Uttar,NOTA,None of the Above,7288,0.51,Lost
West Bengal,Mathurapur,BAPI HALDAR,All India Trinamool Congress,755731,50.52,Won
West Bengal,Mathurapur,ASHOK PURKAIT,Bharatiya Janata Party,554674,37.08,Lost
West Bengal,Mathurapur,AJAY KUMAR DAS,All India Secular Front,87606,5.86,Lost
West Bengal,Mathurapur,DR SARAT CHANDRA HALDER,Communist Party of India  (Marxist),61100,04.08,Lost
West Bengal,Mathurapur,BAPI HALDER,Independent,8934,0.6,Lost
West Bengal,Mathurapur,BAPI HALDAR,Independent,5626,0.38,Lost
West Bengal,Mathurapur,BISWANATH SARDAR,Socialist Unity Centre Of India (COMMUNIST),4534,0.3,Lost
West Bengal,Mathurapur,PANKAJ KUMAR HALDER,Bahujan Samaj Party,4257,0.28,Lost
West Bengal,Mathurapur,ASHOKE PUROKAIT,Independent,1501,0.1,Lost
West Bengal,Mathurapur,ASHOKE SARDAR,Independent,1501,0.1,Lost
West Bengal,Mathurapur,BAPPA DAS,Party for Democratic Socialism,1209,0.08,Lost
West Bengal,Mathurapur,RUDRA PRASAD MANDAL,Mulnibasi Party of India,720,0.05,Lost
West Bengal,Mathurapur,NOTA,None of the Above,8631,0.58,Lost
West Bengal,Medinipur,JUNE MALIAH,All India Trinamool Congress,702192,47.4,Won
West Bengal,Medinipur,AGNIMITRA PAUL,Bharatiya Janata Party,675001,45.56,Lost
West Bengal,Medinipur,BIPLAB BHATTA,Communist Party of India,57785,3.9,Lost
West Bengal,Medinipur,ANINDITA JANA,Socialist Unity Centre Of India (COMMUNIST),9791,0.66,Lost
West Bengal,Medinipur,SANJIB DEY,Independent,8711,0.59,Lost
West Bengal,Medinipur,ANJAN (BABALU) MANDAL,Bahujan Samaj Party,6503,0.44,Lost
West Bengal,Medinipur,KAMALESH MAHATA,Independent,4250,0.29,Lost
West Bengal,Medinipur,SUKESH CHANDRA PALMAL,Independent,2762,0.19,Lost
West Bengal,Medinipur,BISWAJIT DAS,Independent,2144,0.14,Lost
West Bengal,Medinipur,NOTA,None of the Above,12424,0.84,Lost
West Bengal,Murshidabad,ABU TAHER KHAN,All India Trinamool Congress,682442,44.27,Won
West Bengal,Murshidabad,MD SALIM,Communist Party of India  (Marxist),518227,33.62,Lost
West Bengal,Murshidabad,GOURI SANKAR GHOSH,Bharatiya Janata Party,292031,18.94,Lost
West Bengal,Murshidabad,HABIB SAIKH,All India Secular Front,12370,0.8,Lost
West Bengal,Murshidabad,ASIM RAY,Bhartiya Lokmat Rashtrwadi Party,5534,0.36,Lost
West Bengal,Murshidabad,SAHABUDDIN MALLIK,Independent,4156,0.27,Lost
West Bengal,Murshidabad,RAFIKUL ISLAM,Independent,4065,0.26,Lost
West Bengal,Murshidabad,MAHAFUJUL ALAM,Socialist Unity Centre Of India (COMMUNIST),3426,0.22,Lost
West Bengal,Murshidabad,MD TAIEDUL ISLAM,Social Democratic Party Of India,3293,0.21,Lost
West Bengal,Murshidabad,DHANANJOY SARKAR,Independent,1539,0.1,Lost
West Bengal,Murshidabad,KRISHNA PROSAD BISWAS,Independent,1206,0.08,Lost
West Bengal,Murshidabad,NOTA,None of the Above,13270,0.86,Lost
West Bengal,Purulia,JYOTIRMAY SINGH MAHATO,Bharatiya Janata Party,578489,40.34,Won
West Bengal,Purulia,SHANTIRAM MAHATO,All India Trinamool Congress,561410,39.15,Lost
West Bengal,Purulia,NEPAL CHANDRA MAHATO,Indian National Congress,129157,09.01,Lost
West Bengal,Purulia,AJIT PRASAD MAHATA,Independent,98658,6.88,Lost
West Bengal,Purulia,DHIRENDRANATH MAHATO,All India Forward Bloc,14572,01.02,Lost
West Bengal,Purulia,SONTOSH RAJOWARD,Bahujan Samaj Party,7760,0.54,Lost
West Bengal,Purulia,SUSMITA MAHATO,Socialist Unity Centre Of India (COMMUNIST),6109,0.43,Lost
West Bengal,Purulia,GORISH ROY,Independent,4809,0.34,Lost
West Bengal,Purulia,BHAGWAT DASS SHASTRI,Independent,4512,0.31,Lost
West Bengal,Purulia,ASIT BARAN MAHATO,Party for Democratic Socialism,3877,0.27,Lost
West Bengal,Purulia,PIJUSH KANTI RAJAK,Independent,3418,0.24,Lost
West Bengal,Purulia,AJIT MAHATO,Independent,3318,0.23,Lost
West Bengal,Purulia,NOTA,None of the Above,17929,1.25,Lost
West Bengal,Raiganj,KARTICK CHANDRA PAUL,Bharatiya Janata Party,560897,40.99,Won
West Bengal,Raiganj,KALYANI KRISHNA,All India Trinamool Congress,492700,36,Lost
West Bengal,Raiganj,ALI IMRAN RAMZ,Indian National Congress,263273,19.24,Lost
West Bengal,Raiganj,DWARIK NATH BARMAN,Independent,8264,0.6,Lost
West Bengal,Raiganj,MD NAZIR AKHTAR,Independent,6005,0.44,Lost
West Bengal,Raiganj,KALIDASH MURMU,Independent,5868,0.43,Lost
West Bengal,Raiganj,SWAPAN KUMAR DAS,Bahujan Samaj Party,4117,0.3,Lost
West Bengal,Raiganj,RUPAK ROY,Independent,3358,0.25,Lost
West Bengal,Raiganj,FAKIRA MD,Independent,3355,0.25,Lost
West Bengal,Raiganj,DURGA MURMU,Ambedkarite Party of India,3334,0.24,Lost
West Bengal,Raiganj,PALASH CHANDRA MAHATO,Independent,3114,0.23,Lost
West Bengal,Raiganj,ALI IMRAN,Independent,1946,0.14,Lost
West Bengal,Raiganj,MD ABRAHIM HOQUE,Independent,1763,0.13,Lost
West Bengal,Raiganj,SHAHIDUR RAHMAN,North Bengal People’s Party,1462,0.11,Lost
West Bengal,Raiganj,SHARANYA DUTTA,Independent,1330,0.1,Lost
West Bengal,Raiganj,SANATAN DUTTA,Socialist Unity Centre Of India (COMMUNIST),1271,0.09,Lost
West Bengal,Raiganj,TAPAN BARMAN,Jai Prakash Janata Dal,1251,0.09,Lost
West Bengal,Raiganj,ANWARUL HOQUE,Independent,1190,0.09,Lost
West Bengal,Raiganj,RAMESH CHANDRA SINHA,Bhumiputra United Party,1051,0.08,Lost
West Bengal,Raiganj,AL MONOWARA BEGAM,India Manus Party,982,0.07,Lost
West Bengal,Raiganj,NOTA,None of the Above,1940,0.14,Lost
West Bengal,Ranaghat,JAGANNATH SARKAR,Bharatiya Janata Party,782396,50.78,Won
West Bengal,Ranaghat,MUKUT MANI ADHIKARI,All India Trinamool Congress,595497,38.65,Lost
West Bengal,Ranaghat,ALAKESH DAS,Communist Party of India  (Marxist),123810,08.04,Lost
West Bengal,Ranaghat,BIPLAB BISWAS,Bahujan Samaj Party,9392,0.61,Lost
West Bengal,Ranaghat,PARESH HALDAR,Socialist Unity Centre Of India (COMMUNIST),8239,0.53,Lost
West Bengal,Ranaghat,JAGANNATH SARKAR,Independent,5861,0.38,Lost
West Bengal,Ranaghat,SHYAMAL KUMAR MALLICK,Independent,5544,0.36,Lost
West Bengal,Ranaghat,NOTA,None of the Above,9893,0.64,Lost
West Bengal,Srerampur,KALYAN BANERJEE,All India Trinamool Congress,673970,45.65,Won
West Bengal,Srerampur,KABIR SHANKAR BOSE,Bharatiya Janata Party,499140,33.8,Lost
West Bengal,Srerampur,DIPSITA DHAR,Communist Party of India  (Marxist),239146,16.2,Lost
West Bengal,Srerampur,SAHARIAR MULLICK (BAPI),All India Secular Front,25677,1.74,Lost
West Bengal,Srerampur,SUNDAR PATRA,Independent,9902,0.67,Lost
West Bengal,Srerampur,SASANKA CHAKRABORTY,Independent,3938,0.27,Lost
West Bengal,Srerampur,SUPRIYA BISWAS,Bahujan Samaj Party,3589,0.24,Lost
West Bengal,Srerampur,KALYAN PAUL,Independent,1758,0.12,Lost
West Bengal,Srerampur,PRADYUT CHOWDHURI,Socialist Unity Centre Of India (COMMUNIST),1680,0.11,Lost
West Bengal,Srerampur,KALYAN SAMANTA,Independent,1440,0.1,Lost
West Bengal,Srerampur,SARKAR MANGAL,Bahujan Maha Party,1258,0.09,Lost
West Bengal,Srerampur,NOTA,None of the Above,15034,01.02,Lost
West Bengal,Tamluk,ABHIJIT GANGOPADHYAY,Bharatiya Janata Party,765584,48.54,Won
West Bengal,Tamluk,DEBANGSHU BHATTACHARYA,All India Trinamool Congress,687851,43.61,Lost
West Bengal,Tamluk,SAYAN BANERJEE,Communist Party of India  (Marxist),85389,5.41,Lost
West Bengal,Tamluk,MOHIUDDIN AHMED MAHI,All India Secular Front,12339,0.78,Lost
West Bengal,Tamluk,SURYANEEL DAS,Independent,6014,0.38,Lost
West Bengal,Tamluk,NARAYAN CHANDRA NAYAK,Socialist Unity Centre Of India (COMMUNIST),5682,0.36,Lost
West Bengal,Tamluk,SABITRI BISHAI,Bahujan Samaj Party,3754,0.24,Lost
West Bengal,Tamluk,DEBAPRASAD JANA,Independent,1467,0.09,Lost
West Bengal,Tamluk,KALIPADA DAS,Independent,974,0.06,Lost
West Bengal,Tamluk,NOTA,None of the Above,8265,0.52,Lost
West Bengal,Uluberia,SAJDA AHMED,All India Trinamool Congress,724622,52.1,Won
West Bengal,Uluberia,ARUNUDAY PAULCHOWDHURY,Bharatiya Janata Party,505949,36.38,Lost
West Bengal,Uluberia,AZAHAR MOLLICK,Indian National Congress,78589,5.65,Lost
West Bengal,Uluberia,MOFIKUL ISLAM,All India Secular Front,38991,2.8,Lost
West Bengal,Uluberia,ARIT KARAK,Independent,7292,0.52,Lost
West Bengal,Uluberia,AMAL KUMAR DEYATI,Bharatiya Nyay-Adhikar Raksha Party,5451,0.39,Lost
West Bengal,Uluberia,RAMESH KHANRA,Independent,5104,0.37,Lost
West Bengal,Uluberia,BIMALESH KUMAR HELA,Bahujan Samaj Party,4875,0.35,Lost
West Bengal,Uluberia,SK. SAPIYAR ALI,Independent,2924,0.21,Lost
West Bengal,Uluberia,NIKHIL BERA,Socialist Unity Centre Of India (COMMUNIST),2107,0.15,Lost
West Bengal,Uluberia,AMAL KUMAR BARMAN,Independent,2000,0.14,Lost
West Bengal,Uluberia,RAMPRASAD GHORAI,Indian Unity Centre,1572,0.11,Lost
West Bengal,Uluberia,NOTA,None of the Above,11318,0.81,Lost
