State,Constituency,Candidate,Party,Total Votes,% of Votes,Result
Andaman & Nicobar Islands,Andaman & Nicobar Islands,KULDEEP RAI SHARMA,Indian National Congress,95308,45.98,Won
Andhra Pradesh,Amalapuram,CHINTA ANURADHA,Yuvajana Sramika Rythu Congress Party,485313,39.43,Won
Andhra Pradesh,Anakapalli,Dr.Beesetti Venkata Satyavathi,Yuvajana Sramika Rythu Congress Party,586226,47.33,Won
Andhra Pradesh,Anantapur,TALARI RANGAIAH,Yuvajana Sramika Rythu Congress Party,695208,51.79,Won
Andhra Pradesh,Aruku,GODDETI. MADHAVI,Yuvajana Sramika Rythu Congress Party,562190,52.32,Won
Andhra Pradesh,Bapatla,NANDIGAM SURESH,Yuvajana Sramika Rythu Congress Party,598257,47.24,Won
Andhra Pradesh,Chittoor,N. REDDEPPA,Yuvajana Sramika Rythu Congress Party,686792,52.05,Won
Andhra Pradesh,Eluru,KOTAGIRI SRIDHAR,Yuvajana Sramika Rythu Congress Party,676809,50.97,Won
Andhra Pradesh,Hindupur,KURUVA GORANTLA MADHAV,Yuvajana Sramika Rythu Congress Party,706602,52.79,Won
Andhra Pradesh,Kadapa,Y.S.Avinash Reddy,Yuvajana Sramika Rythu Congress Party,783799,63.8,Won
Andhra Pradesh,Kurnool,AYUSHMAN DOCTOR SANJEEV KUMAR,Yuvajana Sramika Rythu Congress Party,602554,50.98,Won
Andhra Pradesh,Machilipatnam,BALASHOWRY VALLABHANENI,Yuvajana Sramika Rythu Congress Party,571436,46.02,Won
Andhra Pradesh,Nandyal,POCHA . BRAHMANANDA REDDY,Yuvajana Sramika Rythu Congress Party,720888,55.49,Won
Andhra Pradesh,Narasaraopet,LAVU SRI KRISHNA DEVARAYALU,Yuvajana Sramika Rythu Congress Party,745089,51.83,Won
Andhra Pradesh,Narsapuram,KANUMURU RAGHU RAMA KRISHNA RAJU,Yuvajana Sramika Rythu Congress Party,447594,38.11,Won
Andhra Pradesh,Nellore,Adala Prabhakara Reddy,Yuvajana Sramika Rythu Congress Party,683830,53.13,Won
Andhra Pradesh,Ongole,MAGUNTA SREENIVASULU REDDY,Yuvajana Sramika Rythu Congress Party,739202,55.07,Won
Andhra Pradesh,Rajahmundry,MARGANI BHARAT,Yuvajana Sramika Rythu Congress Party,582024,46.55,Won
Andhra Pradesh,Rajampet,P.V.MIDHUN REDDY,Yuvajana Sramika Rythu Congress Party,702211,57.35,Won
Andhra Pradesh,Srikakulam,KINJARAPU RAM MOHAN NAIDU,Telugu Desam,534544,46.19,Won
Andhra Pradesh,Tirupati,Balli Durga Prasad Rao,Yuvajana Sramika Rythu Congress Party,722877,55.03,Won
Andhra Pradesh,Vijayawada,KESINENI SRINIVAS (NANI),Telugu Desam,575498,45.04,Won
Andhra Pradesh,Visakhapatnam,M V V SATYANARAYANA,Yuvajana Sramika Rythu Congress Party,436906,35.24,Won
Andhra Pradesh,Vizianagaram,Bellana Chandra Sekhar,Yuvajana Sramika Rythu Congress Party,578418,47.49,Won
Andhra Pradesh,Guntur,Jayadev Galla,Telugu Desam,587918,43.5,Won
Andhra Pradesh,Kakinada,VANGA GEETHAVISWANATH,Yuvajana Sramika Rythu Congress Party,537630,43.54,Won
Arunachal Pradesh,ARUNACHAL EAST,Tapir Gao,Bharatiya Janata Party,153883,52.38,Won
Arunachal Pradesh,ARUNACHAL WEST,KIREN RIJIJU,Bharatiya Janata Party,225796,63.02,Won
Assam,Autonomous District,HOREN SING BEY,Bharatiya Janata Party,381316,61.73,Won
Assam,Barpeta,Abdul Khaleque,Indian National Congress,645173,44.23,Won
Assam,Dhubri,BADRUDDIN AJMAL,All India United Democratic Front,718764,42.66,Won
Assam,Dibrugarh,RAMESWAR TELI,Bharatiya Janata Party,659583,64.94,Won
Assam,Gauhati,QUEEN OJA,Bharatiya Janata Party,1008936,57.2,Won
Assam,Jorhat,TOPON KUMAR GOGOI,Bharatiya Janata Party,543288,51.35,Won
Assam,Kaliabor,Gaurav Gogoi,Indian National Congress,786092,55.18,Won
Assam,Karimganj,KRIPANATH MALLAH,Bharatiya Janata Party,473046,44.62,Won
Assam,Kokrajhar,Naba Kumar Sarania,Independent,484560,32.75,Won
Assam,Lakhimpur,PRADAN BARUAH,Bharatiya Janata Party,776406,60.49,Won
Assam,Mangaldoi,DILIP SAIKIA,Bharatiya Janata Party,735469,48.83,Won
Assam,Nowgong,Pradyut Bordoloi,Indian National Congress,739724,49.53,Won
Assam,Silchar,RAJDEEP ROY,Bharatiya Janata Party,499414,52.59,Won
Assam,Tezpur,PALLAB LOCHAN DAS,Bharatiya Janata Party,684166,57.48,Won
Bihar,Araria,PRADEEP KUMAR SINGH,Bharatiya Janata Party,618434,52.87,Won
Bihar,Arrah,R. K. Singh,Bharatiya Janata Party,566480,52.42,Won
Bihar,Aurangabad,SUSHIL KUMAR SINGH,Bharatiya Janata Party,431541,45.83,Won
Bihar,Banka,GIRIDHARI YADAV,Janata Dal (United),477788,47.98,Won
Bihar,Begusarai,Giriraj Singh,Bharatiya Janata Party,692193,56.48,Won
Bihar,Bhagalpur,AJAY KUMAR MANDAL,Janata Dal (United),618254,59.3,Won
Bihar,Buxar,Ashwini Kumar Choubey,Bharatiya Janata Party,473053,47.94,Won
Bihar,Darbhanga,Gopal Jee Thakur,Bharatiya Janata Party,586668,60.79,Won
Bihar,Gaya (SC),Vijay Kumar,Janata Dal (United),467007,48.79,Won
Bihar,Gopalganj (SC),DR. ALOK KUMAR SUMAN,Janata Dal (United),568150,55.44,Won
Bihar,Hajipur (SC),PASHU PATI KUMAR PARAS,Lok Jan Shakti Party,541310,53.76,Won
Bihar,Jahanabad,CHANDESHWAR PRASAD,Janata Dal (United),335584,40.82,Won
Bihar,Jamui (SC),CHIRAG KUMAR PASWAN,Lok Jan Shakti Party,529134,55.75,Won
Bihar,Jhanjharpur,Ramprit Mandal,Janata Dal (United),602391,56.8,Won
Bihar,Karakat,MAHABALI SINGH,Janata Dal (United),398408,45.86,Won
Bihar,Katihar,DULAL CHANDRA GOSWAMI,Janata Dal (United),559423,50.05,Won
Bihar,Khagaria,Choudhary Mehboob Ali Kaiser,Lok Jan Shakti Party,510193,52.77,Won
Bihar,Kishanganj,Dr. Mohammad Jawed,Indian National Congress,367017,33.32,Won
Bihar,Madhepura,Dinesh Chandra Yadav,Janata Dal (United),624334,54.42,Won
Bihar,Madhubani,ASHOK KUMAR YADAV,Bharatiya Janata Party,595843,61.83,Won
Bihar,Maharajganj,"Janardan Singh 'Sigriwal""",Bharatiya Janata Party,546352,56.17,Won
Bihar,Munger,RAJIV RANJAN SINGH ALIAS LALAN SINGH,Janata Dal (United),528762,51.03,Won
Bihar,Muzaffarpur,Ajay Nishad,Bharatiya Janata Party,666878,63.03,Won
Bihar,Nalanda,Kaushlendra Kumar,Janata Dal (United),540888,52.45,Won
Bihar,Nawada,Chandan Singh,Lok Jan Shakti Party,495684,52.59,Won
Bihar,Paschim Champaran,DR. SANJAY JAISWAL,Bharatiya Janata Party,603706,59.6,Won
Bihar,Pataliputra,RAM KRIPAL YADAV,Bharatiya Janata Party,509557,47.28,Won
Bihar,Patna Sahib,RAVI SHANKAR PRASAD,Bharatiya Janata Party,607506,61.85,Won
Bihar,Purnia,SANTOSH KUMAR,Janata Dal (United),632924,54.85,Won
Bihar,Purvi Champaran,RADHA MOHAN SINGH,Bharatiya Janata Party,577787,57.81,Won
Bihar,Samastipur (SC),Ramchandra Paswan,Lok Jan Shakti Party,562443,55.19,Won
Bihar,Saran,Rajiv Pratap Rudy,Bharatiya Janata Party,499342,53.03,Won
Bihar,Sasaram (SC),CHHEDI PASWAN,Bharatiya Janata Party,494800,50.76,Won
Bihar,Sheohar,RAMA DEVI,Bharatiya Janata Party,608678,60.59,Won
Bihar,Sitamarhi,Sunil Kumar Pintu,Janata Dal (United),567745,54.65,Won
Bihar,Siwan,Kavita Singh,Janata Dal (United),448473,45.54,Won
Bihar,Supaul,Dileshwar Kamait,Janata Dal (United),597377,53.78,Won
Bihar,Ujiarpur,Nityanand Rai,Bharatiya Janata Party,543906,56.11,Won
Bihar,Vaishali,Veena Devi (W/o Dinesh Prasad Singh),Lok Jan Shakti Party,568215,52.87,Won
Bihar,Valmiki Nagar,BAIDYANATH PRASAD MAHTO,Janata Dal (United),602660,58.39,Won
Chandigarh,CHANDIGARH,KIRRON KHER,Bharatiya Janata Party,231188,50.64,Won
Chhattisgarh,BASTAR,DEEPAK BAIJ,Indian National Congress,402527,44.1,Won
Chhattisgarh,BILASPUR,ARUN SAO,Bharatiya Janata Party,634559,52.47,Won
Chhattisgarh,DURG,VIJAY BAGHEL,Bharatiya Janata Party,849374,61.02,Won
Chhattisgarh,JANJGIR-CHAMPA,GUHARAM AJGALLEY,Bharatiya Janata Party,572790,45.91,Won
Chhattisgarh,KANKER,MOHAN MANDAVI,Bharatiya Janata Party,546233,47.12,Won
Chhattisgarh,KORBA,JYOTSNA CHARANDAS MAHANT,Indian National Congress,523410,46.03,Won
Chhattisgarh,MAHASAMUND,CHUNNI LAL SAHU,Bharatiya Janata Party,616580,50.44,Won
Chhattisgarh,RAIGARH,GOMATI SAI,Bharatiya Janata Party,658335,48.76,Won
Chhattisgarh,RAIPUR,Sunil Kumar Soni,Bharatiya Janata Party,837902,60.01,Won
Chhattisgarh,RAJNANDGAON,SANTOSH PANDEY,Bharatiya Janata Party,662387,50.68,Won
Chhattisgarh,SARGUJA,Renuka Singh Saruta,Bharatiya Janata Party,663711,51.82,Won
Dadra & Nagar Haveli,Dadra And Nagar Haveli,DELKAR MOHANBHAI SANJIBHAI,Independent,90421,45.44,Won
Daman & Diu,Daman & diu,LALUBHAI BABUBHAI PATEL,Bharatiya Janata Party,37597,42.98,Won
Goa,North Goa,SHRIPAD YESSO NAIK,Bharatiya Janata Party,244844,57.12,Won
Goa,South Goa,COSME FRANCISCO CAITANO SARDINHA,Indian National Congress,201561,47.47,Won
Gujarat,Ahmedabad East,Patel Hasmukhbhai Somabhai,Bharatiya Janata Party,749834,67.17,Won
Gujarat,Ahmedabad West,DR. KIRIT P. SOLANKI,Bharatiya Janata Party,641622,64.35,Won
Gujarat,Amreli,Kachhadiya Naranbhai Bhikhabhai,Bharatiya Janata Party,529035,58.19,Won
Gujarat,Anand,PATEL MITESH RAMESHBHAI (BAKABHAI),Bharatiya Janata Party,633097,57.1,Won
Gujarat,Banaskantha,PARBATBHAI SAVABHAI PATEL,Bharatiya Janata Party,679108,61.62,Won
Gujarat,Bardoli,PARBHUBHAI NAGARBHAI VASAVA,Bharatiya Janata Party,742273,55.06,Won
Gujarat,Bharuch,Mansukhbhai Dhanjibhai Vasava,Bharatiya Janata Party,637795,55.47,Won
Gujarat,Bhavnagar,DR.BHARATIBEN DHIRUBHAI SHIYAL,Bharatiya Janata Party,661273,63.51,Won
Gujarat,Chhota Udaipur,RATHVA GITABEN VAJESINGBHAI,Bharatiya Janata Party,764445,62.03,Won
Gujarat,Dahod,JASHVANTSINH SUMANBHAI BHABHOR,Bharatiya Janata Party,561760,52.84,Won
Gujarat,Gandhinagar,AMIT SHAH,Bharatiya Janata Party,894624,69.67,Won
Gujarat,Jamnagar,POONAMBEN HEMATBHAI MAADAM,Bharatiya Janata Party,591588,58.52,Won
Gujarat,Junagadh,CHUDASAMA RAJESHBHAI NARANBHAI,Bharatiya Janata Party,547952,54.51,Won
Gujarat,Kachchh,CHAVDA VINOD LAKHAMSHI,Bharatiya Janata Party,637034,62.26,Won
Gujarat,Kheda,Chauhan Devusinh,Bharatiya Janata Party,714572,65.04,Won
Gujarat,Mahesana,SHARDABEN ANILBHAI PATEL,Bharatiya Janata Party,659525,60.96,Won
Gujarat,Navsari,C. R. Patil,Bharatiya Janata Party,972739,74.37,Won
Gujarat,Panchmahal,Ratansinh Magansinh Rathod,Bharatiya Janata Party,732136,67.56,Won
Gujarat,Patan,DABHI BHARATSINHJI SHANKARJI,Bharatiya Janata Party,633368,56.24,Won
Gujarat,Porbandar,RAMESHBHAI LAVJIBHAI DHADUK,Bharatiya Janata Party,563881,59.36,Won
Gujarat,Rajkot,KUNDARIA MOHANBHAI KALYANJIBHAI,Bharatiya Janata Party,758645,63.47,Won
Gujarat,Sabarkantha,RATHOD DIPSINH SHANKARSINH,Bharatiya Janata Party,701984,57.62,Won
Gujarat,Surat,Darshana Vikram Jardosh,Bharatiya Janata Party,795651,74.47,Won
Gujarat,Surendranagar,Dr. MUNJAPARA MAHENDRABHAI,Bharatiya Janata Party,631844,58.63,Won
Gujarat,Vadodara,RANJANBEN BHATT,Bharatiya Janata Party,883719,72.3,Won
Gujarat,Valsad,Dr.K.C.PATEL,Bharatiya Janata Party,771980,61.25,Won
Haryana,Ambala,RATTAN LAL KATARIA,Bharatiya Janata Party,746508,56.72,Won
Haryana,Bhiwani-Mahendragarh,Dharambir Singh S/o Bhale Ram,Bharatiya Janata Party,736699,63.45,Won
Haryana,Faridabad,KRISHAN PAL,Bharatiya Janata Party,913222,68.8,Won
Haryana,Gurgaon,RAO INDERJIT SINGH,Bharatiya Janata Party,881546,60.94,Won
Haryana,Hisar,BRIJENDRA SINGH,Bharatiya Janata Party,603289,51.13,Won
Haryana,Karnal,Sanjay Bhatia,Bharatiya Janata Party,911594,70.08,Won
Haryana,Kurukshetra,NAYAB SINGH,Bharatiya Janata Party,688629,55.98,Won
Haryana,Rohtak,ARVIND KUMAR SHARMA,Bharatiya Janata Party,573845,47.01,Won
Haryana,Sirsa,Sunita Duggal,Bharatiya Janata Party,714351,52.16,Won
Haryana,Sonipat,RAMESH CHANDER KAUSHIK,Bharatiya Janata Party,587664,52.03,Won
Himachal Pradesh,Hamirpur,ANURAG SINGH THAKUR,Bharatiya Janata Party,682692,69.04,Won
Himachal Pradesh,Kangra,Kishan Kapoor,Bharatiya Janata Party,725218,72.02,Won
Himachal Pradesh,Mandi,RAM SWAROOP SHARMA,Bharatiya Janata Party,647189,68.75,Won
Himachal Pradesh,Shimla,SURESH KUMAR KASHYAP,Bharatiya Janata Party,606183,66.35,Won
Jammu & Kashmir,Anantnag,HASNAIN MASOODI,Jammu & Kashmir National Conference,40180,32.17,Won
Jammu & Kashmir,Baramulla,MOHAMMAD AKBAR LONE,Jammu & Kashmir National Conference,133426,29.29,Won
Jammu & Kashmir,Jammu,Jugal Kishore,Bharatiya Janata Party,858066,58.02,Won
Jammu & Kashmir,Ladakh,Jamyang Tsering Namgyal,Bharatiya Janata Party,42914,33.94,Won
Jammu & Kashmir,Srinagar,Farooq Abdullah,Jammu & Kashmir National Conference,106750,57.14,Won
Jammu & Kashmir,Udhampur,DR. JITENDRA SINGH,Bharatiya Janata Party,724311,61.38,Won
Jharkhand,Chatra,SUNIL KUMAR SINGH,Bharatiya Janata Party,528077,57.03,Won
Jharkhand,Dhanbad,PASHUPATI NATH SINGH,Bharatiya Janata Party,827234,66.03,Won
Jharkhand,Dumka,SUNIL SOREN,Bharatiya Janata Party,484923,47.26,Won
Jharkhand,Giridih,Chandra Prakash Choudhary,AJSU Party,648277,58.57,Won
Jharkhand,Godda,Nishikant Dubey,Bharatiya Janata Party,637610,53.4,Won
Jharkhand,Hazaribagh,JAYANT SINHA,Bharatiya Janata Party,728798,67.42,Won
Jharkhand,Jamshedpur,Bidyut Baran Mahato,Bharatiya Janata Party,679632,59.4,Won
Jharkhand,Khunti,ARJUN MUNDA,Bharatiya Janata Party,382638,45.97,Won
Jharkhand,Kodarma,ANNPURNA DEVI,Bharatiya Janata Party,753016,62.26,Won
Jharkhand,Lohardaga,SUDARSHAN BHAGAT,Bharatiya Janata Party,371595,45.45,Won
Jharkhand,Palamau,VISHNU DAYAL RAM,Bharatiya Janata Party,755659,62.46,Won
Jharkhand,Rajmahal,VIJAY KUMAR HANSDAK,Jharkhand Mukti Morcha,507830,48.47,Won
Jharkhand,Ranchi,SANJAY SETH,Bharatiya Janata Party,706828,57.21,Won
Jharkhand,Singhbhum,GEETA KORA,Indian National Congress,431815,49.11,Won
Karnataka,Bagalkot,Gaddigoudar Parvatagouda Chandanagouda,Bharatiya Janata Party,664638,55.17,Won
Karnataka,Bangalore central,P. C. Mohan,Bharatiya Janata Party,602853,50.35,Won
Karnataka,Bangalore North,D.V. Sadananda Gowda,Bharatiya Janata Party,824500,52.87,Won
Karnataka,Bangalore Rural,D.K. SURESH,Indian National Congress,878258,54.15,Won
Karnataka,Bangalore South,TEJASVI SURYA,Bharatiya Janata Party,739229,62.2,Won
Karnataka,Belgaum,ANGADI SURESH CHANNABASAPPA,Bharatiya Janata Party,761991,63.22,Won
Karnataka,Bellary,Y. DEVENDRAPPA,Bharatiya Janata Party,616388,50.44,Won
Karnataka,Bidar,BHAGWANTH KHUBA,Bharatiya Janata Party,585471,52.41,Won
Karnataka,Bijapur,JIGAJINAGI RAMESH CHANDAPPA,Bharatiya Janata Party,635867,57.22,Won
Karnataka,Chamarajanagar,V. SRINIVAS PRASAD,Bharatiya Janata Party,568537,44.74,Won
Karnataka,Chikkballapur,B.N.Bache Gowda,Bharatiya Janata Party,745912,53.78,Won
Karnataka,Chikkodi,ANNASAHEB SHANKAR JOLLE,Bharatiya Janata Party,645017,52.98,Won
Karnataka,Chitradurga,A NARAYANASWAMY,Bharatiya Janata Party,626195,50.26,Won
Karnataka,Dakshina Kannada,NALIN KUMAR KATEEL,Bharatiya Janata Party,774285,57.57,Won
Karnataka,Davanagere,G M SIDDESHWAR,Bharatiya Janata Party,652996,54.66,Won
Karnataka,Dharwad,Pralhad Joshi,Bharatiya Janata Party,684837,56.43,Won
Karnataka,Gulbarga,DR. UMESH G JADHAV,Bharatiya Janata Party,620192,52.14,Won
Karnataka,Hassan,PRAJWAL REVANNA,Janata Dal (Secular),676606,52.96,Won
Karnataka,Haveri,UDASI. S.C.,Bharatiya Janata Party,683660,53.97,Won
Karnataka,Kolar,S. MUNISWAMY,Bharatiya Janata Party,709165,56.35,Won
Karnataka,Koppal,KARADI SANGANNA AMARAPPA,Bharatiya Janata Party,586783,49.3,Won
Karnataka,Mandya,SUMALATHA AMBAREESH,Independent,703660,51.02,Won
Karnataka,Mysore,PRATHAP SIMHA,Bharatiya Janata Party,688974,52.27,Won
Karnataka,Raichur,RAJA AMARESHWARA NAIK,Bharatiya Janata Party,598337,53.21,Won
Karnataka,Shimoga,B.Y.RAGHAVENDRA.,Bharatiya Janata Party,729872,56.86,Won
Karnataka,Tumkur,G. S. BASAVARAJ,Bharatiya Janata Party,596127,47.89,Won
Karnataka,Udupi Chikmagalur,SHOBHA KARANDLAJE,Bharatiya Janata Party,718916,62.46,Won
Karnataka,Uttara Kannada,ANANTKUMAR HEGDE,Bharatiya Janata Party,786042,68.15,Won
Kerala,Alappuzha,Adv. A M ARIFF,Communist Party of India (Marxist),445970,40.96,Won
Kerala,Alathur,RAMYA HARIDAS,Indian National Congress,533815,52.4,Won
Kerala,Attingal,Adv. ADOOR PRAKASH,Indian National Congress,380995,37.91,Won
Kerala,Chalakudy,BENNY BEHANAN,Indian National Congress,473444,47.81,Won
Kerala,Ernakulam,HIBI EDEN,Indian National Congress,491263,50.79,Won
Kerala,Idukki,Adv. DEAN KURIAKOSE,Indian National Congress,498493,54.23,Won
Kerala,Kannur,K. SUDHAKARAN,Indian National Congress,529741,50.27,Won
Kerala,Kasaragod,Rajmohan Unnithan,Indian National Congress,474961,43.18,Won
Kerala,Kollam,N.K.Premachandran,Revolutionary Socialist Party,499677,51.61,Won
Kerala,Kottayam,Thomas Chazhikadan,Kerala Congress (M),421046,46.25,Won
Kerala,Kozhikode,M.K.RAGHAVAN,Indian National Congress,493444,45.85,Won
Kerala,Malappuram,P.K. Kunhalikutty,Indian Union Muslim League,589873,57.01,Won
Kerala,Mavelikkara,KODIKUNNIL SURESH,Indian National Congress,440415,45.36,Won
Kerala,Palakkad,V K SREEKANDAN,Indian National Congress,399274,38.83,Won
Kerala,Pathanamthitta,ANTO ANTONY,Indian National Congress,380927,37.11,Won
Kerala,Ponnani,E. T. Mohammed Basheer,Indian Union Muslim League,521824,51.3,Won
Kerala,Thiruvananthapuram,Dr. SHASHI THAROOR,Indian National Congress,416131,41.19,Won
Kerala,Thrissur,T. N. PRATHAPAN,Indian National Congress,415089,39.84,Won
Kerala,Vadakara,K. MURALEEDHARAN,Indian National Congress,526755,49.43,Won
Kerala,Wayanad,Rahul Gandhi,Indian National Congress,706367,64.67,Won
Lakshadweep,Lakshadweep,MOHAMMED FAIZAL PP,Nationalist Congress Party,22851,48.61,Won
Madhya Pradesh,BALAGHAT,DR DHAL SINGH BISEN,Bharatiya Janata Party,696102,50.74,Won
Madhya Pradesh,BETUL,DURGA DAS (D.D.) UIKEY,Bharatiya Janata Party,811248,59.74,Won
Madhya Pradesh,BHIND,SANDHYA RAY,Bharatiya Janata Party,527694,54.93,Won
Madhya Pradesh,BHOPAL,SADHVI PRAGYA SINGH THAKUR,Bharatiya Janata Party,866482,61.54,Won
Madhya Pradesh,CHHINDWARA,NAKUL KAMAL NATH,Indian National Congress,587305,47.06,Won
Madhya Pradesh,DAMOH,PRAHALAD SINGH PATEL,Bharatiya Janata Party,704524,60.51,Won
Madhya Pradesh,DEWAS,MAHENDRA SINGH SOLANKY,Bharatiya Janata Party,862429,61.65,Won
Madhya Pradesh,DHAR,CHATTARSINGH DARBAR,Bharatiya Janata Party,722147,53.73,Won
Madhya Pradesh,GUNA,"KRISHNA PAL SINGH ""Dr. K. P. YADAV""",Bharatiya Janata Party,614049,52.11,Won
Madhya Pradesh,GWALIOR,VIVEK NARAYAN SHEJWALKAR,Bharatiya Janata Party,627250,52.44,Won
Madhya Pradesh,HOSHANGABAD,UDAY PRATAP SINGH,Bharatiya Janata Party,877927,69.35,Won
Madhya Pradesh,INDORE,SHANKAR LALWANI,Bharatiya Janata Party,1068569,65.59,Won
Madhya Pradesh,JABALPUR,RAKESH SINGH,Bharatiya Janata Party,826454,65.41,Won
Madhya Pradesh,KHAJURAHO,V.D. SHARMA (VISHNU DATT SHARMA),Bharatiya Janata Party,811135,64.49,Won
Madhya Pradesh,KHANDWA,NANDKUMAR SINGH CHOUHAN (NANDU BHAIYA),Bharatiya Janata Party,838909,57.14,Won
Madhya Pradesh,KHARGONE,GAJENDRA UMRAO SINGH PATEL,Bharatiya Janata Party,773550,54.19,Won
Madhya Pradesh,MANDLA,FAGGAN SINGH KULASTE,Bharatiya Janata Party,737266,48.59,Won
Madhya Pradesh,MANDSOUR,Sudheer Gupta,Bharatiya Janata Party,847786,61.85,Won
Madhya Pradesh,MORENA,NARENDRA SINGH TOMAR,Bharatiya Janata Party,541689,47.63,Won
Madhya Pradesh,RAJGARH,RODMAL NAGAR,Bharatiya Janata Party,823824,65.37,Won
Madhya Pradesh,RATLAM,GUMAN SINGH DAMOR,Bharatiya Janata Party,696103,49.7,Won
Madhya Pradesh,REWA,JANARDAN MISHRA,Bharatiya Janata Party,583745,57.61,Won
Madhya Pradesh,SAGAR,RAJBAHADUR SINGH,Bharatiya Janata Party,646231,62.31,Won
Madhya Pradesh,SATNA,GANESH SINGH,Bharatiya Janata Party,588753,52.87,Won
Madhya Pradesh,SHAHDOL,HIMADRI SINGH,Bharatiya Janata Party,747977,60.43,Won
Madhya Pradesh,SIDHI,Riti Pathak,Bharatiya Janata Party,698342,54.44,Won
Madhya Pradesh,TIKAMGARH,Dr Virendra Kumar,Bharatiya Janata Party,672248,61.3,Won
Madhya Pradesh,UJJAIN,ANIL FIROJIYA,Bharatiya Janata Party,791663,63.21,Won
Madhya Pradesh,VIDISHA,Ramakant Bhargava,Bharatiya Janata Party,853022,68.23,Won
Maharashtra,Ahmadnagar,Dr. SUJAY RADHAKRISHNA VIKHEPATIL,Bharatiya Janata Party,704660,58.54,Won
Maharashtra,Akola,Dhotre Sanjay Shamrao,Bharatiya Janata Party,554444,49.53,Won
Maharashtra,Amravati,Navnit Ravi Rana,Independent,510947,45.93,Won
Maharashtra,Aurangabad,Imtiaz Jaleel Syed,All India Majlis-E-Ittehadul Muslimeen,389042,32.47,Won
Maharashtra,Baramati,Supriya Sule,Nationalist Congress Party,686714,52.63,Won
Maharashtra,Beed,Pritam Gopinathrao Munde,Bharatiya Janata Party,678175,50.15,Won
Maharashtra,Bhandara - gondiya,Sunil Baburao Mendhe,Bharatiya Janata Party,650243,52.23,Won
Maharashtra,Bhiwandi,KAPIL MORESHWAR PATIL,Bharatiya Janata Party,523583,52.09,Won
Maharashtra,Buldhana,Jadhav Prataprao Ganpatrao,Shivsena,521977,46.59,Won
Maharashtra,Chandrapur,Balubhau alias Suresh Narayan Dhanorkar,Indian National Congress,559507,45.18,Won
Maharashtra,Dhule,Bhamre Subhash Ramrao,Bharatiya Janata Party,613533,56.54,Won
Maharashtra,Dindori,Dr. Bharati Pravin Pawar,Bharatiya Janata Party,567470,49.88,Won
Maharashtra,Gadchiroli-Chimur,ASHOK MAHADEORAO NETE,Bharatiya Janata Party,519968,45.5,Won
Maharashtra,Hatkanangle,Dhairyasheel Sambhajirao Mane,Shivsena,585776,46.78,Won
Maharashtra,Hingoli,Hemant Patil,Shivsena,586312,50.65,Won
Maharashtra,Jalgaon,Unmesh Bhaiyyasaheb Patil,Bharatiya Janata Party,713874,65.6,Won
Maharashtra,Jalna,Danve Raosaheb Dadarao,Bharatiya Janata Party,698019,57.78,Won
Maharashtra,Kalyan,Dr. SHRIKANT EKNATH SHINDE,Shivsena,559723,62.87,Won
Maharashtra,Kolhapur,Sanjay Sadashivrao Mandlik,Shivsena,749085,56.29,Won
Maharashtra,Latur,Sudhakar Tukaram Shrangare,Bharatiya Janata Party,661495,56.22,Won
Maharashtra,Madha,Ranjeetsinha Hindurao Naik- Nimbalkar,Bharatiya Janata Party,586314,48.2,Won
Maharashtra,Maval,SHRIRANG APPA CHANDU BARNE,Shivsena,720663,52.65,Won
Maharashtra,Mumbai North,Gopal Shetty,Bharatiya Janata Party,706678,71.4,Won
Maharashtra,Mumbai North central,POONAM MAHAJAN,Bharatiya Janata Party,486672,53.97,Won
Maharashtra,Mumbai North East,Manoj Kotak,Bharatiya Janata Party,514599,56.61,Won
Maharashtra,Mumbai North West,Gajanan Kirtikar,Shivsena,570063,60.55,Won
Maharashtra,Mumbai South,Arvind Ganpat Sawant,Shivsena,421937,52.64,Won
Maharashtra,Mumbai South central,Rahul Ramesh Shewale,Shivsena,424913,53.3,Won
Maharashtra,Nagpur,NITIN JAIRAM GADKARI,Bharatiya Janata Party,660221,55.67,Won
Maharashtra,Nanded,Prataprao Patil Chikhalikar,Bharatiya Janata Party,486806,43.1,Won
Maharashtra,Nandurbar,Dr. Heena Vijaykumar Gavit,Bharatiya Janata Party,639136,49.86,Won
Maharashtra,Nashik,Godse Hemant Tukaram,Shivsena,563599,50.27,Won
Maharashtra,Osmanabad,Omprakash Bhupalsinh Alias Pawan Rajenimbalkar,Shivsena,596640,49.52,Won
Maharashtra,Palghar,Rajendra Dhedya Gavit,Shivsena,580479,48.3,Won
Maharashtra,Parbhani,JADHAV SANJAY (BANDU) HARIBHAU,Shivsena,538941,43.02,Won
Maharashtra,Pune,Girish Bhalchandra Bapat,Bharatiya Janata Party,632835,61.13,Won
Maharashtra,Raigad,Tatkare Sunil Dattatray,Nationalist Congress Party,486968,47.49,Won
Maharashtra,Ramtek,Krupal Balaji Tumane,Shivsena,597126,49.9,Won
Maharashtra,Ratnagiri - sindhudurg,Vinayak Raut,Shivsena,458022,50.83,Won
Maharashtra,Raver,Khadse Raksha Nikhil,Bharatiya Janata Party,655386,59.96,Won
Maharashtra,Sangli,Sanjaykaka Patil,Bharatiya Janata Party,508995,42.77,Won
Maharashtra,Satara,SHRIMANT CHH. UDAYANRAJE PRATAPSINHMAHARAJ BHONSLE,Nationalist Congress Party,579026,51.91,Won
Maharashtra,Shirdi,SADASHIV KISAN LOKHANDE,Shivsena,486820,47.29,Won
Maharashtra,Shirur,Dr. Amol Ramsing Kolhe,Nationalist Congress Party,635830,49.17,Won
Maharashtra,Solapur,SHRI. SHA. BRA. DR. JAI SIDHESHWAR SHIVACHARY MAHASWAMIJI,Bharatiya Janata Party,524985,48.41,Won
Maharashtra,Thane,RAJAN BABURAO VICHARE,Shivsena,740969,63.3,Won
Maharashtra,Wardha,Ramdas Chandrabhanji Tadas,Bharatiya Janata Party,578364,53.92,Won
Maharashtra,Yavatmal-Washim,Bhavana Pundlikrao Gawali,Shivsena,542098,46.17,Won
Manipur,Inner manipur,DR RAJKUMAR RANJAN SINGH,Bharatiya Janata Party,263632,34.72,Won
Manipur,Outer manipur,Lorho S. Pfoze,Naga Peoples Front,363527,42.37,Won
Meghalaya,Shillong,VINCENT H. PALA,Indian National Congress,419689,53.52,Won
Meghalaya,Tura,AGATHA K. SANGMA,National People's Party,304455,52.22,Won
Mizoram,MIZORAM,C LALROSANGA,Mizo National Front,224286,44.89,Won
Nagaland,Nagaland,Tokheho Yepthomi,Nationalist Democratic Progressive Party,500510,49.73,Won
NCT OF Delhi,CHANDNI CHOWK,HARSH VARDHAN,Bharatiya Janata Party,519055,52.94,Won
NCT OF Delhi,EAST DELHI,GAUTAM GAMBHIR,Bharatiya Janata Party,696156,55.35,Won
NCT OF Delhi,NEW DELHI,MEENAKASHI LEKHI,Bharatiya Janata Party,504206,54.77,Won
NCT OF Delhi,NORTH EAST DELHI,MANOJ TIWARI,Bharatiya Janata Party,787799,53.9,Won
NCT OF Delhi,NORTH WEST DELHI,HANS RAJ HANS,Bharatiya Janata Party,848663,60.49,Won
NCT OF Delhi,SOUTH DELHI,RAMESH BIDHURI,Bharatiya Janata Party,687014,56.58,Won
NCT OF Delhi,WEST DELHI,PARVESH SAHIB SINGH VERMA,Bharatiya Janata Party,865648,60.05,Won
Odisha,Aska,Pramila Bisoyi,Biju Janata Dal,552749,54.52,Won
Odisha,Balasore,PRATAP CHANDRA SARANGI,Bharatiya Janata Party,483858,41.79,Won
Odisha,Bargarh,Suresh Pujari,Bharatiya Janata Party,581245,46.58,Won
Odisha,Berhampur,CHANDRA SEKHAR SAHU,Biju Janata Dal,443843,44.84,Won
Odisha,Bhadrak,MANJULATA MANDAL,Biju Janata Dal,512305,41.86,Won
Odisha,Bhubaneswar,APARAJITA SARANGI,Bharatiya Janata Party,486991,48.45,Won
Odisha,Bolangir,Sangeeta Kumari Singh Deo,Bharatiya Janata Party,498086,38.12,Won
Odisha,Cuttack,BHARTRUHARI MAHTAB,Biju Janata Dal,524592,49.51,Won
Odisha,Dhenkanal,MAHESH SAHOO,Biju Janata Dal,522884,46.21,Won
Odisha,Jagatsinghpur,RAJASHREE MALLICK,Biju Janata Dal,619985,50.44,Won
Odisha,Jajpur,SARMISTHA SETHI,Biju Janata Dal,544020,49.81,Won
Odisha,Kalahandi,BASANTA KUMAR PANDA,Bharatiya Janata Party,433074,35.26,Won
Odisha,Kandhamal,ACHYUTANANDA SAMANTA,Biju Janata Dal,461679,49.01,Won
Odisha,Kendrapara,Anubhav Mohanty,Biju Janata Dal,628939,50.87,Won
Odisha,Keonjhar,Chandrani Murmu,Biju Janata Dal,526359,44.75,Won
Odisha,Koraput,SAPTAGIRI SANKAR ULAKA,Indian National Congress,371129,34.36,Won
Odisha,Mayurbhanj,BISHWESWAR TUDU,Bharatiya Janata Party,483812,42.06,Won
Odisha,Nabarangpur,RAMESH CHANDRA MAJHI,Biju Janata Dal,392504,33.85,Won
Odisha,Puri,PINAKI MISRA,Biju Janata Dal,538321,47.4,Won
Odisha,Sambalpur,NITESH GANGA DEB,Bharatiya Janata Party,473770,42.13,Won
Odisha,Sundargarh,Jual Oram,Bharatiya Janata Party,500056,45.45,Won
Puducherry,Puducherry,Ve. VAITHILINGAM,Indian National Congress,444981,56.27,Won
Punjab,Amritsar,GURJEET SINGH AUJLA,Indian National Congress,445032,51.78,Won
Punjab,Anandpur Sahib,Manish Tewari,Indian National Congress,428045,39.57,Won
Punjab,Bathinda,Harsimrat Kaur Badal,Shiromani Akali Dal,492824,41.04,Won
Punjab,Faridkot,Mohammad Sadique,Indian National Congress,419065,42.98,Won
Punjab,Fatehgarh Sahib,AMAR SINGH,Indian National Congress,411651,41.75,Won
Punjab,Firozpur,SUKHBIR SINGH BADAL,Shiromani Akali Dal,633427,54.05,Won
Punjab,Gurdaspur,SUNNY DEOL,Bharatiya Janata Party,558719,50.61,Won
Punjab,Hoshiarpur,SOM PARKASH,Bharatiya Janata Party,421320,42.52,Won
Punjab,Jalandhar,Santokh Singh Chaudhary,Indian National Congress,385712,37.85,Won
Punjab,Khadoor Sahib,JASBIR SINGH GILL (DIMPA),Indian National Congress,459710,43.95,Won
Punjab,Ludhiana,RAVNEET SINGH BITTU,Indian National Congress,383795,36.66,Won
Punjab,Patiala,Preneet Kaur,Indian National Congress,532027,45.17,Won
Punjab,Sangrur,BHAGWANT MANN,Aam Aadmi Party,413561,37.4,Won
Rajasthan,Ajmer,Bhagirath Chaudhary,Bharatiya Janata Party,815076,64.58,Won
Rajasthan,Alwar,Balak Nath,Bharatiya Janata Party,760201,60.06,Won
Rajasthan,Banswara,KANAKMAL KATARA,Bharatiya Janata Party,711709,49.44,Won
Rajasthan,Barmer,KAILASH CHOUDHARY,Bharatiya Janata Party,846526,59.52,Won
Rajasthan,BHARATPUR,RANJEETA KOLI,Bharatiya Janata Party,707992,61.74,Won
Rajasthan,Bhilwara,SUBHASH CHANDRA BAHERIA,Bharatiya Janata Party,938160,71.59,Won
Rajasthan,Bikaner (SC),ARJUN RAM MEGHWAL,Bharatiya Janata Party,657743,59.82,Won
Rajasthan,Chittorgarh,Chandra Prakash Joshi,Bharatiya Janata Party,982942,67.38,Won
Rajasthan,Churu,RAHUL KASWAN,Bharatiya Janata Party,792999,59.69,Won
Rajasthan,Dausa,Jaskaur Meena,Bharatiya Janata Party,548733,51.63,Won
Rajasthan,Ganganagar,NIHAL CHAND,Bharatiya Janata Party,897177,61.8,Won
Rajasthan,Jaipur,Ramcharan Bohra,Bharatiya Janata Party,924065,63.45,Won
Rajasthan,Jaipur Rural,COL. RAJYAVARDHAN RATHORE,Bharatiya Janata Party,820132,64.24,Won
Rajasthan,Jalore,Devaji Patel,Bharatiya Janata Party,772833,56.76,Won
Rajasthan,JHALAWAR-BARAN,DUSHYANT SINGH,Bharatiya Janata Party,887400,64.78,Won
Rajasthan,Jhunjhunu,NARENDRA KUMAR,Bharatiya Janata Party,738163,61.57,Won
Rajasthan,Jodhpur,Gajendra Singh Shekhawat,Bharatiya Janata Party,788888,58.6,Won
Rajasthan,KARAULI-DHOLPUR,MANOJ RAJORIA,Bharatiya Janata Party,526443,52.75,Won
Rajasthan,Kota,OM BIRLA,Bharatiya Janata Party,800051,58.52,Won
Rajasthan,Nagaur,HANUMAN BENIWAL,Rashtriya Loktantrik Party,660051,54.86,Won
Rajasthan,Pali,P. P. CHAUDHARY,Bharatiya Janata Party,900149,66.2,Won
Rajasthan,Rajsamand,Diya Kumari,Bharatiya Janata Party,863039,69.61,Won
Rajasthan,Sikar,Sumedhanand Saraswati,Bharatiya Janata Party,772104,58.19,Won
Rajasthan,TONK-SAWAI MADHOPUR,Sukhbir Singh Jaunapuria,Bharatiya Janata Party,644319,52.24,Won
Rajasthan,Udaipur,ARJUNLAL MEENA,Bharatiya Janata Party,871548,59.92,Won
Sikkim,Sikkim,INDRA HANG SUBBA,Sikkim Krantikari Morcha,166922,47.46,Won
Tamil Nadu,Arakkonam,S. JAGATHRAKSHAKAN,Dravida Munnetra Kazhagam,672190,57.06,Won
Tamil Nadu,Arani,VISHNU PRASAD M K,Indian National Congress,617760,54.0,Won
Tamil Nadu,Chennai central,DAYANIDHI MARAN,Dravida Munnetra Kazhagam,448911,57.15,Won
Tamil Nadu,Chennai North,Dr. KALANIDHI VEERASWAMY,Dravida Munnetra Kazhagam,590986,61.85,Won
Tamil Nadu,Chennai South,T.SUMATHY (A) THAMIZHACHI THANGAPANDIAN,Dravida Munnetra Kazhagam,564872,50.17,Won
Tamil Nadu,Chidambaram,THIRUMAAVALAVAN THOL,Viduthalai Chiruthaigal Katchi,500229,43.38,Won
Tamil Nadu,Coimbatore,NATARAJAN. P.R,Communist Party of India (Marxist),571150,45.66,Won
Tamil Nadu,Cuddalore,T. R. V .S. RAMESH,Dravida Munnetra Kazhagam,522160,50.05,Won
Tamil Nadu,Dharmapuri,DNV SENTHILKUMAR. S.,Dravida Munnetra Kazhagam,574988,47.01,Won
Tamil Nadu,Dindigul,"VELUSAMY, P.",Dravida Munnetra Kazhagam,746523,64.35,Won
Tamil Nadu,Erode,GANESHAMURTHI A,Dravida Munnetra Kazhagam,563591,52.78,Won
Tamil Nadu,Kallakurichi,Gautham Sigamani Pon,Dravida Munnetra Kazhagam,721713,59.92,Won
Tamil Nadu,Kancheepuram,Selvam.G,Dravida Munnetra Kazhagam,684004,55.27,Won
Tamil Nadu,Kanniyakumari,Vasanthakumar. H,Indian National Congress,627235,59.83,Won
Tamil Nadu,Karur,Jothimani S,Indian National Congress,695697,63.06,Won
Tamil Nadu,Krishnagiri,Dr.A.CHELLAKUMAR,Indian National Congress,611298,52.64,Won
Tamil Nadu,Madurai,VENKATESAN S,Communist Party of India (Marxist),447075,44.0,Won
Tamil Nadu,Mayiladuthurai,RAMALINGAM. S,Dravida Munnetra Kazhagam,599292,54.62,Won
Tamil Nadu,Nagapattinam,SELVARAJ M,Communist Party of India,522892,52.17,Won
Tamil Nadu,Namakkal,CHINRAJ A.K.P,Dravida Munnetra Kazhagam,626293,55.24,Won
Tamil Nadu,Nilgiris,"RAJA, A.",Dravida Munnetra Kazhagam,547832,54.2,Won
Tamil Nadu,Perambalur,"Dr.PAARIVENDHAR, T. R",Dravida Munnetra Kazhagam,683697,62.0,Won
Tamil Nadu,Pollachi,SHANMUGA SUNDARAM. K,Dravida Munnetra Kazhagam,554230,51.23,Won
Tamil Nadu,Ramanathapuram,K. NAVASKANI,Indian Union Muslim League,469943,44.08,Won
Tamil Nadu,Salem,PARTHIBAN.S.R,Dravida Munnetra Kazhagam,606302,48.29,Won
Tamil Nadu,Sivaganga,KARTI P CHIDAMBARAM,Indian National Congress,566104,52.2,Won
Tamil Nadu,Sriperumbudur,Baalu.T.R.,Dravida Munnetra Kazhagam,793281,56.39,Won
Tamil Nadu,Tenkasi,DHANUSH.M.KUMAR,Dravida Munnetra Kazhagam,476156,44.69,Won
Tamil Nadu,Thanjavur,"PALANIMANICKAM,S.S.",Dravida Munnetra Kazhagam,588978,55.6,Won
Tamil Nadu,Theni,"RAVEENDRANATH KUMAR, P",All India Anna Dravida Munnetra Kazhagam,504813,43.02,Won
Tamil Nadu,Thiruvallur,Dr.K.Jayakumar,Indian National Congress,767292,54.49,Won
Tamil Nadu,Thoothukkudi,KANIMOZHI KARUNANIDHI,Dravida Munnetra Kazhagam,563143,56.81,Won
Tamil Nadu,Tiruchirappalli,Thirunavukkarasar. SU,Indian National Congress,621285,59.28,Won
Tamil Nadu,Tirunelveli,GNANATHIRAVIAM S,Dravida Munnetra Kazhagam,522623,50.26,Won
Tamil Nadu,Tiruppur,"SUBBARAYAN, K.",Communist Party of India,508725,45.44,Won
Tamil Nadu,Tiruvannamalai,ANNADURAI C N,Dravida Munnetra Kazhagam,666272,57.85,Won
Tamil Nadu,Viluppuram,RAVIKUMAR D,Dravida Munnetra Kazhagam,559585,49.28,Won
Tamil Nadu,Virudhunagar,"MANICKAM TAGORE, B.",Indian National Congress,470883,43.81,Won
Telangana,Adilabad,SOYAM BAPU RAO,Bharatiya Janata Party,377374,35.48,Won
Telangana,Bhongir,Komati Reddy Venkat Reddy,Indian National Congress,532795,43.94,Won
Telangana,CHEVELLA,Dr. G. Ranjith Reddy,Telangana Rashtra Samithi,528148,40.62,Won
Telangana,Hyderabad,ASADUDDIN OWAISI,All India Majlis-E-Ittehadul Muslimeen,517471,58.95,Won
Telangana,Karimnagar,BANDI SANJAY KUMAR,Bharatiya Janata Party,498276,43.42,Won
Telangana,Khammam,NAMA NAGESWR RAO,Telangana Rashtra Samithi,567459,49.78,Won
Telangana,Mahabubabad,Kavitha Malothu,Telangana Rashtra Samithi,462109,46.98,Won
Telangana,Mahbubnagar,MANNE SRINIVAS REDDY,Telangana Rashtra Samithi,411402,41.78,Won
Telangana,Malkajgiri,ANUMULA REVANTH REDDY,Indian National Congress,603748,38.63,Won
Telangana,Medak,Kotha Prabhakar Reddy,Telangana Rashtra Samithi,596048,51.82,Won
Telangana,Nagarkurnool,POTHUGANTI RAMULU,Telangana Rashtra Samithi,499672,50.48,Won
Telangana,Nalgonda,UTTAM KUMAR REDDY NALAMADA,Indian National Congress,526028,44.74,Won
Telangana,Nizamabad,ARVIND DHARMAPURI,Bharatiya Janata Party,480584,45.22,Won
Telangana,Peddapalle,Venkatesh Netha Borlakunta,Telangana Rashtra Samithi,441321,45.49,Won
Telangana,Secundrabad,G . KISHAN REDDY,Bharatiya Janata Party,384780,42.05,Won
Telangana,Warangal,DAYAKAR PASUNOORI,Telangana Rashtra Samithi,612498,57.69,Won
Telangana,Zahirabad,B.B.PATIL,Telangana Rashtra Samithi,434244,41.58,Won
Tripura,Tripura East,Rebati Tripura,Bharatiya Janata Party,482126,46.12,Won
Tripura,Tripura West,Pratima Bhoumik,Bharatiya Janata Party,573532,51.77,Won
Uttar Pradesh,Agra,Satyapal Singh Baghel,Bharatiya Janata Party,646875,56.48,Won
Uttar Pradesh,Akbarpur,Devendra Singh 'Bhole',Bharatiya Janata Party,581282,56.69,Won
Uttar Pradesh,Aligarh,SATISH KUMAR GAUTAM,Bharatiya Janata Party,656215,56.42,Won
Uttar Pradesh,Allahabad,Rita Bahuguna Joshi,Bharatiya Janata Party,494454,55.62,Won
Uttar Pradesh,Ambedkar Nagar,Ritesh Pandey,Bahujan Samaj Party,564118,51.75,Won
Uttar Pradesh,Amethi,Smriti Irani,Bharatiya Janata Party,468514,49.71,Won
Uttar Pradesh,Amroha,KUNWAR DANISH ALI,Bahujan Samaj Party,601082,51.41,Won
Uttar Pradesh,Aonla,DHARMENDRA KASHYAP,Bharatiya Janata Party,537675,51.07,Won
Uttar Pradesh,Azamgarh,Akhilesh Yadav,Samajwadi Party,621578,60.4,Won
Uttar Pradesh,Badaun,Dr. Sanghmitra Maurya,Bharatiya Janata Party,511352,47.3,Won
Uttar Pradesh,Baghpat,Dr. SATYAPAL SINGH,Bharatiya Janata Party,525789,50.32,Won
Uttar Pradesh,Bahraich,AKSHAIBAR LAL,Bharatiya Janata Party,525982,53.14,Won
Uttar Pradesh,Ballia,Virendra Singh,Bharatiya Janata Party,469114,47.4,Won
Uttar Pradesh,Banda,R.K. SINGH PATEL,Bharatiya Janata Party,477926,46.2,Won
Uttar Pradesh,Bansgaon,Kamlesh Paswan,Bharatiya Janata Party,546673,56.41,Won
Uttar Pradesh,Barabanki,Upendra Singh Rawat,Bharatiya Janata Party,535917,46.39,Won
Uttar Pradesh,Bareilly,SANTOSH KUMAR GANGWAR,Bharatiya Janata Party,565270,52.91,Won
Uttar Pradesh,Basti,HARISH CHANDRA ALIAS HARISH DWIVEDI,Bharatiya Janata Party,471162,44.68,Won
Uttar Pradesh,Bhadohi,RAMESH CHAND,Bharatiya Janata Party,510029,49.07,Won
Uttar Pradesh,Bijnor,MALOOK NAGAR,Bahujan Samaj Party,561045,50.97,Won
Uttar Pradesh,Bulandshahr,BHOLA SINGH,Bharatiya Janata Party,681321,60.64,Won
Uttar Pradesh,Chandauli,Dr. Mahendra Nath Pandey,Bharatiya Janata Party,510733,47.07,Won
Uttar Pradesh,Deoria,RAMAPATI RAM TRIPATHI,Bharatiya Janata Party,580644,57.19,Won
Uttar Pradesh,Dhaurahra,REKHA VERMA,Bharatiya Janata Party,512905,48.21,Won
Uttar Pradesh,Domariyaganj,JAGDAMBIKA PAL,Bharatiya Janata Party,492253,49.96,Won
Uttar Pradesh,Etah,Rajveer Singh (Raju Bhaiya),Bharatiya Janata Party,545348,54.56,Won
Uttar Pradesh,Etawah,Dr RAM SHANKAR KATHERIA,Bharatiya Janata Party,522119,50.8,Won
Uttar Pradesh,Faizabad,LALLU SINGH,Bharatiya Janata Party,529021,48.66,Won
Uttar Pradesh,Farrukhabad,Mukesh Rajput,Bharatiya Janata Party,569880,56.82,Won
Uttar Pradesh,Fatehpur,NIRANJAN JYOTI,Bharatiya Janata Party,566040,54.24,Won
Uttar Pradesh,Fatehpur Sikri,RAJKUMAR CHAHAR,Bharatiya Janata Party,667147,64.32,Won
Uttar Pradesh,Firozabad,Dr. Chandra Sen Jadon,Bharatiya Janata Party,495819,46.09,Won
Uttar Pradesh,Gautam Buddha Nagar,Dr. MAHESH SHARMA,Bharatiya Janata Party,830812,59.64,Won
Uttar Pradesh,Ghaziabad,Vijay Kumar Singh,Bharatiya Janata Party,944503,61.96,Won
Uttar Pradesh,Ghazipur,AFZAL ANSARI,Bahujan Samaj Party,566082,51.2,Won
Uttar Pradesh,Ghosi,ATUL KUMAR SINGH,Bahujan Samaj Party,573829,50.3,Won
Uttar Pradesh,Gonda,KIRTI VARDHAN SINGH ALIAS RAJA BHAIYA,Bharatiya Janata Party,508190,55.01,Won
Uttar Pradesh,Gorakhpur,Ravindra Shyamnarayan Shukla alias Ravi Kishan,Bharatiya Janata Party,717122,60.54,Won
Uttar Pradesh,Hamirpur,KUNWAR PUSHPENDRA SINGH CHANDEL,Bharatiya Janata Party,575122,52.77,Won
Uttar Pradesh,Hardoi,Jai Prakash,Bharatiya Janata Party,568143,53.72,Won
Uttar Pradesh,Hathras,RAJVIR DILER,Bharatiya Janata Party,684299,59.49,Won
Uttar Pradesh,Jalaun,BHANU PRATAP SINGH VERMA,Bharatiya Janata Party,581763,51.49,Won
Uttar Pradesh,Jaunpur,SHYAM SINGH YADAV,Bahujan Samaj Party,521128,50.08,Won
Uttar Pradesh,Jhansi,Anurag Sharma,Bharatiya Janata Party,809272,58.61,Won
Uttar Pradesh,Kairana,Pradeep Kumar,Bharatiya Janata Party,566961,50.44,Won
Uttar Pradesh,Kaiserganj,Brijbhusan Sharan Singh,Bharatiya Janata Party,581358,59.24,Won
Uttar Pradesh,Kannauj,SUBRAT PATHAK,Bharatiya Janata Party,563087,49.37,Won
Uttar Pradesh,Kanpur,Satyadev Pachauri,Bharatiya Janata Party,468937,55.63,Won
Uttar Pradesh,Kaushambi,VINOD KUMAR SONKAR,Bharatiya Janata Party,383009,39.31,Won
Uttar Pradesh,Kheri,Ajay Kumar,Bharatiya Janata Party,609589,53.63,Won
Uttar Pradesh,Kushi Nagar,VIJAY KUMAR DUBEY,Bharatiya Janata Party,597039,56.69,Won
Uttar Pradesh,Lalganj,Sangeeta Azad,Bahujan Samaj Party,518820,54.01,Won
Uttar Pradesh,Lucknow,Rajnath Singh,Bharatiya Janata Party,633026,56.7,Won
Uttar Pradesh,Machhlishahr,Bholanath (B.P. Saroj),Bharatiya Janata Party,488397,47.19,Won
Uttar Pradesh,Maharajganj,PANKAJ CHOUDHARY,Bharatiya Janata Party,726349,59.2,Won
Uttar Pradesh,Mainpuri,MULAYAM SINGH YADAV,Samajwadi Party,524926,53.75,Won
Uttar Pradesh,Mathura,HEMA MALINI,Bharatiya Janata Party,671293,60.88,Won
Uttar Pradesh,Meerut,RAJENDRA AGARWAL,Bharatiya Janata Party,586184,48.19,Won
Uttar Pradesh,Mirzapur,Anupriya Singh Patel,Apna Dal (Soneylal),591564,53.34,Won
Uttar Pradesh,Misrikh,Ashok Kumar Rawat,Bharatiya Janata Party,534429,52.05,Won
Uttar Pradesh,Mohanlalganj,Kaushal Kishore,Bharatiya Janata Party,629748,49.62,Won
Uttar Pradesh,Moradabad,Dr. S.T. HASAN,Samajwadi Party,649416,50.65,Won
Uttar Pradesh,Muzaffarnagar,Sanjeev Kumar Balyan,Bharatiya Janata Party,573780,49.46,Won
Uttar Pradesh,Nagina,GIRISH CHANDRA,Bahujan Samaj Party,568378,56.31,Won
Uttar Pradesh,Phulpur,Keshari Devi Patel,Bharatiya Janata Party,544701,55.68,Won
Uttar Pradesh,Pilibhit,Feroze Varun Gandhi,Bharatiya Janata Party,704549,59.38,Won
Uttar Pradesh,Pratapgarh,SANGAM LAL GUPTA,Bharatiya Janata Party,436291,47.7,Won
Uttar Pradesh,Rae Bareli,SONIA GANDHI,Indian National Congress,534918,55.8,Won
Uttar Pradesh,Rampur,Mohammad Azam Khan,Samajwadi Party,559177,52.71,Won
Uttar Pradesh,Robertsganj,PAKAURI LAL KOL,Apna Dal (Soneylal),447914,45.32,Won
Uttar Pradesh,Saharanpur,HAJI FAZLUR REHMAN,Bahujan Samaj Party,514139,41.74,Won
Uttar Pradesh,Salempur,RAVINDER,Bharatiya Janata Party,467241,50.73,Won
Uttar Pradesh,Sambhal,DR. SHAFIQUR REHMAN BARQ,Samajwadi Party,658006,55.6,Won
Uttar Pradesh,Sant Kabir Nagar,PRAVEEN KUMAR NISHAD,Bharatiya Janata Party,467543,43.97,Won
Uttar Pradesh,Shahjahanpur,Arun Kumar Sagar,Bharatiya Janata Party,688990,58.09,Won
Uttar Pradesh,Shrawasti,RAM SHIROMANI,Bahujan Samaj Party,441771,44.31,Won
Uttar Pradesh,Sitapur,Rajesh Verma,Bharatiya Janata Party,514528,48.33,Won
Uttar Pradesh,Sultanpur,MANEKA SANJAI GANDHI,Bharatiya Janata Party,459196,45.91,Won
Uttar Pradesh,Unnao,Swami Sakshi Ji Maharaj,Bharatiya Janata Party,703507,56.87,Won
Uttar Pradesh,Varanasi,NARENDRA MODI,Bharatiya Janata Party,674664,63.62,Won
Uttarakhand,Almora,Ajay Tamta,Bharatiya Janata Party,444651,64.03,Won
Uttarakhand,Garhwal,Tirath Singh Rawat,Bharatiya Janata Party,506980,68.25,Won
Uttarakhand,Hardwar,Ramesh Pokhriyal 'Nishank',Bharatiya Janata Party,665674,52.37,Won
Uttarakhand,Nainital-udhamsingh Nagar,Ajay Bhatt,Bharatiya Janata Party,772195,61.35,Won
Uttarakhand,Tehri Garhwal,MALA RAJYA LAXMI SHAH,Bharatiya Janata Party,565333,64.53,Won
West Bengal,Alipurduars,JOHN BARLA,Bharatiya Janata Party,750804,54.4,Won
West Bengal,Arambagh,APARUPA PODDAR (AFRIN ALI),All India Trinamool Congress,649929,44.15,Won
West Bengal,Asansol,BABUL SUPRIYO,Bharatiya Janata Party,633378,51.16,Won
West Bengal,Baharampur,ADHIR RANJAN CHOWDHURY,Indian National Congress,591106,45.47,Won
West Bengal,Balurghat,Sukanta Majumdar,Bharatiya Janata Party,539317,45.02,Won
West Bengal,Bangaon,SHANTANU THAKUR,Bharatiya Janata Party,687622,48.85,Won
West Bengal,Bankura,DR. SUBHAS SARKAR,Bharatiya Janata Party,675319,49.23,Won
West Bengal,Barasat,Dr. Kakoli Ghoshdastidar,All India Trinamool Congress,648084,46.47,Won
West Bengal,Bardhaman Durgapur,S.S AHLUWALIA,Bharatiya Janata Party,598376,41.76,Won
West Bengal,Bardhaman Purba,SUNIL KUMAR MONDAL,All India Trinamool Congress,640834,44.52,Won
West Bengal,Barrackpore,ARJUN SINGH,Bharatiya Janata Party,472994,42.82,Won
West Bengal,Basirhat,Nusrat Jahan Ruhi,All India Trinamool Congress,782078,54.56,Won
West Bengal,Birbhum,SATABDI ROY,All India Trinamool Congress,654077,45.13,Won
West Bengal,Bishnupur,KHAN SAUMITRA,Bharatiya Janata Party,657019,46.25,Won
West Bengal,Bolpur,ASIT KUMAR MAL,All India Trinamool Congress,699171,47.85,Won
West Bengal,Cooch behar,NISITH PRAMANIK,Bharatiya Janata Party,731594,47.98,Won
West Bengal,Darjeeling,RAJU BISTA,Bharatiya Janata Party,750067,59.19,Won
West Bengal,Diamond harbour,ABHISHEK BANERJEE,All India Trinamool Congress,791127,56.15,Won
West Bengal,Dum dum,SOUGATA RAY,All India Trinamool Congress,512062,42.51,Won
West Bengal,Ghatal,ADHIKARI DEEPAK (DEV),All India Trinamool Congress,717959,48.22,Won
West Bengal,Hooghly,LOCKET CHATTERJEE,Bharatiya Janata Party,671448,46.06,Won
West Bengal,Howrah,Prasun Banerjee,All India Trinamool Congress,576711,47.18,Won
West Bengal,Jadavpur,MIMI CHAKRABORTY,All India Trinamool Congress,688472,47.91,Won
West Bengal,Jalpaiguri,Dr. JAYANTA KUMAR ROY,Bharatiya Janata Party,760145,50.65,Won
West Bengal,Jangipur,KHALILUR RAHAMAN,All India Trinamool Congress,562838,43.15,Won
West Bengal,Jhargram,Kunar Hembram,Bharatiya Janata Party,626583,44.56,Won
West Bengal,Joynagar,PRATIMA MONDAL,All India Trinamool Congress,761202,56.13,Won
West Bengal,Kanthi,Adhikari Sisir,All India Trinamool Congress,711872,49.98,Won
West Bengal,Kolkata Dakshin,Mala Roy,All India Trinamool Congress,573119,47.5,Won
West Bengal,Kolkata Uttar,BANDYOPADHYAY SUDIP,All India Trinamool Congress,474891,49.96,Won
West Bengal,Krishnanagar,MAHUA MOITRA,All India Trinamool Congress,614872,45.0,Won
West Bengal,Maldaha Dakshin,ABU HASEM KHAN CHOWDHURY (DALU),Indian National Congress,444270,34.73,Won
West Bengal,Maldaha Uttar,KHAGEN MURMU,Bharatiya Janata Party,509524,37.61,Won
West Bengal,Mathurapur,CHOUDHURY MOHAN JATUA,All India Trinamool Congress,726828,51.84,Won
West Bengal,Medinipur,Dilip Ghosh,Bharatiya Janata Party,685433,48.62,Won
West Bengal,Murshidabad,ABU TAHER KHAN,All India Trinamool Congress,604346,41.57,Won
West Bengal,Purulia,JYOTIRMAY SINGH MAHATO,Bharatiya Janata Party,668107,49.3,Won
West Bengal,Raiganj,DEBASREE CHAUDHURI,Bharatiya Janata Party,511652,40.06,Won
West Bengal,Ranaghat,JAGANNATH SARKAR,Bharatiya Janata Party,783253,52.78,Won
West Bengal,Srerampur,KALYAN BANERJEE,All India Trinamool Congress,637707,45.5,Won
West Bengal,Tamluk,Adhikari Dibyendu,All India Trinamool Congress,724433,50.08,Won
West Bengal,Uluberia,SAJDA AHMED,All India Trinamool Congress,694945,53.0,Won
Andaman & Nicobar Islands,Andaman & Nicobar Islands,AYAN MANDAL,All India Trinamool Congress,1721,0.83,Lost
Andaman & Nicobar Islands,Andaman & Nicobar Islands,KULDEEP RAI SHARMA,Indian National Congress,95308,45.98,Lost
Andaman & Nicobar Islands,Andaman & Nicobar Islands,PRAKASH MINJ,Bahujan Samaj Party,2486,1.2,Lost
Andaman & Nicobar Islands,Andaman & Nicobar Islands,VISHAL JOLLY,Bharatiya Janata Party,93901,45.3,Lost
Andaman & Nicobar Islands,Andaman & Nicobar Islands,SANJAY MESHACK,Aam Aadmi Party,2839,1.37,Lost
Andaman & Nicobar Islands,Andaman & Nicobar Islands,C G SAJI KUMAR,All India Hindustan Congress Party,212,0.1,Lost
Andaman & Nicobar Islands,Andaman & Nicobar Islands,K KALIMUTHU,Independent,275,0.13,Lost
Andaman & Nicobar Islands,Andaman & Nicobar Islands,V V KHALID,Independent,306,0.15,Lost
Andaman & Nicobar Islands,Andaman & Nicobar Islands,GOUR CHANDRA MAJUMDER,Independent,221,0.11,Lost
Andaman & Nicobar Islands,Andaman & Nicobar Islands,PARITOSH KUMAR HALDAR,Independent,5341,2.58,Lost
Andaman & Nicobar Islands,Andaman & Nicobar Islands,MINATI BISWAS,Independent,618,0.3,Lost
Andaman & Nicobar Islands,Andaman & Nicobar Islands,C U RASHEED,Independent,273,0.13,Lost
Andaman & Nicobar Islands,Andaman & Nicobar Islands,K VENKAT RAM BABU,Independent,914,0.44,Lost
Andaman & Nicobar Islands,Andaman & Nicobar Islands,S SUDERSHAN RAO,Independent,475,0.23,Lost
Andaman & Nicobar Islands,Andaman & Nicobar Islands,HENRY,Independent,994,0.48,Lost
Andaman & Nicobar Islands,Andaman & Nicobar Islands,NOTA,None of the Above,1412,0.68,Lost
Andhra Pradesh,Amalapuram,AYYAJI VEMA MANEPALLI,Bharatiya Janata Party,11516,0.94,Lost
Andhra Pradesh,Amalapuram,GANTI HARISH MADHUR (BALAYOGI),Telugu Desam,445347,36.18,Lost
Andhra Pradesh,Amalapuram,CHINTA ANURADHA,Yuvajana Sramika Rythu Congress Party,485313,39.43,Lost
Andhra Pradesh,Amalapuram,JANGA GOUTHAM,Indian National Congress,7878,0.64,Lost
Andhra Pradesh,Amalapuram,CHELLE RAJANI,Jana Jagruti Party,1228,0.1,Lost
Andhra Pradesh,Amalapuram,PANTHAGADA VIJAYA CHAKRAVARTHY,Republican Party of India (Khobragade),1801,0.15,Lost
Andhra Pradesh,Amalapuram,MURALIKRISHNA KANDERI,India Praja Bandhu Party,1802,0.15,Lost
Andhra Pradesh,Amalapuram,MORTHA SIVA RAMA KRISHNA,Pyramid Party of India,1950,0.16,Lost
Andhra Pradesh,Amalapuram,D M R SEKHAR,Janasena Party,254848,20.7,Lost
Andhra Pradesh,Amalapuram,REVU SUDHAKAR,Independent,2771,0.23,Lost
Andhra Pradesh,Amalapuram,NOTA,None of the Above,16449,1.34,Lost
Andhra Pradesh,Anakapalli,ADARI ANAND KUMAR,Telugu Desam,497034,40.13,Lost
Andhra Pradesh,Anakapalli,Dr. Gandi Venkata Satyanarayana Rao (Dr Vikram),Bharatiya Janata Party,13276,1.07,Lost
Andhra Pradesh,Anakapalli,Dr.Beesetti Venkata Satyavathi,Yuvajana Sramika Rythu Congress Party,586226,47.33,Lost
Andhra Pradesh,Anakapalli,Ruthala Srirama Murthy,Indian National Congress,10121,0.82,Lost
Andhra Pradesh,Anakapalli,P.S.AJAY KUMAR,Communist Party of India (Marxist-Leninist) (Liberation),2716,0.22,Lost
Andhra Pradesh,Anakapalli,K B SWAROOP,Jana Jagruti Party,1621,0.13,Lost
Andhra Pradesh,Anakapalli,Chintala Partha Sarathi,Janasena Party,82588,6.67,Lost
Andhra Pradesh,Anakapalli,Taadi Veera Jagadeeshwari,Pyramid Party of India,1803,0.15,Lost
Andhra Pradesh,Anakapalli,Vadlamuri Krishna Swaroop,Dalita Bahujana Party,4444,0.36,Lost
Andhra Pradesh,Anakapalli,Appala Naidu Tummagunta,Independent,3765,0.3,Lost
Andhra Pradesh,Anakapalli,NOTA,None of the Above,34897,2.82,Lost
Andhra Pradesh,Anantapur,D.JAGADEESH,Communist Party of India,20294,1.51,Lost
Andhra Pradesh,Anantapur,TALARI RANGAIAH,Yuvajana Sramika Rythu Congress Party,695208,51.79,Lost
Andhra Pradesh,Anantapur,J.C. PAVAN REDDY,Telugu Desam,553780,41.26,Lost
Andhra Pradesh,Anantapur,K.RAJIV REDDY,Indian National Congress,30079,2.24,Lost
Andhra Pradesh,Anantapur,HAMSA DEVINENI,Bharatiya Janata Party,7604,0.57,Lost
Andhra Pradesh,Anantapur,GADIDAMA RANGANAYAKULU,Vishwa Jana Party,728,0.05,Lost
Andhra Pradesh,Anantapur,P.RADHA KRISHNA,Radical Democrats,1220,0.09,Lost
Andhra Pradesh,Anantapur,G. LALITHA,SOCIALIST UNITY CENTRE OF INDIA (COMMUNIST),899,0.07,Lost
Andhra Pradesh,Anantapur,M.VENKATESULU,Pyramid Party of India,1048,0.08,Lost
Andhra Pradesh,Anantapur,S.V.P. YADAV,Independent,4398,0.33,Lost
Andhra Pradesh,Anantapur,P. RANGAIAH,Independent,3588,0.27,Lost
Andhra Pradesh,Anantapur,L. RANGAIAH,Independent,1691,0.13,Lost
Andhra Pradesh,Anantapur,VADDE KASINATH,Independent,2066,0.15,Lost
Andhra Pradesh,Anantapur,SOMANATH DESHMUKH,Independent,3237,0.24,Lost
Andhra Pradesh,Anantapur,NOTA,None of the Above,16466,1.23,Lost
Andhra Pradesh,Aruku,KISHORE CHANDRA DEO,Telugu Desam,338101,31.46,Lost
Andhra Pradesh,Aruku,Dr. KOSURI KASI VISWANADHA VEERA VENKATA SATYANARAYANA REDDY,Bharatiya Janata Party,17867,1.66,Lost
Andhra Pradesh,Aruku,GODDETI. MADHAVI,Yuvajana Sramika Rythu Congress Party,562190,52.32,Lost
Andhra Pradesh,Aruku,SHRUTI DEVI VYRICHERLA,Indian National Congress,17730,1.65,Lost
Andhra Pradesh,Aruku,GANGULAIAH VAMPURU.,Janasena Party,42794,3.98,Lost
Andhra Pradesh,Aruku,SWAMULA. SUBRAHMANYAM,Jana Jagruti Party,4710,0.44,Lost
Andhra Pradesh,Aruku,ANUMULA VAMSIKRISHNA,Independent,10240,0.95,Lost
Andhra Pradesh,Aruku,KANGALA BALUDORA,Independent,13826,1.29,Lost
Andhra Pradesh,Aruku,NARAVA SATYAVATHI,Independent,11236,1.05,Lost
Andhra Pradesh,Aruku,BIDDIKA RAMAYYA.,Independent,7867,0.73,Lost
Andhra Pradesh,Aruku,NOTA,None of the Above,47977,4.46,Lost
Andhra Pradesh,Bapatla,CHALLAGALI KISHORE KUMAR,Bharatiya Janata Party,10351,0.82,Lost
Andhra Pradesh,Bapatla,K. DEVANAND,Bahujan Samaj Party,42580,3.36,Lost
Andhra Pradesh,Bapatla,NANDIGAM SURESH,Yuvajana Sramika Rythu Congress Party,598257,47.24,Lost
Andhra Pradesh,Bapatla,MALYADRI SRIRAM,Telugu Desam,582192,45.97,Lost
Andhra Pradesh,Bapatla,J.D. SEELAM,Indian National Congress,13155,1.04,Lost
Andhra Pradesh,Bapatla,KUMAR KATTEPOGU,Pyramid Party of India,885,0.07,Lost
Andhra Pradesh,Bapatla,GADDE HARI BABU,Navodayam Party,530,0.04,Lost
Andhra Pradesh,Bapatla,CHINA NAGESWARA RAO SADHU,Mundadugu Praja Party,466,0.04,Lost
Andhra Pradesh,Bapatla,THUMATI RAVI,All Peoples Party,370,0.03,Lost
Andhra Pradesh,Bapatla,NUTHAKKI RAMA RAO,All India Praja Party,606,0.05,Lost
Andhra Pradesh,Bapatla,GELLA NAGAMALLI,Independent,655,0.05,Lost
Andhra Pradesh,Bapatla,GOLLA BABURAO,Independent,1276,0.1,Lost
Andhra Pradesh,Bapatla,BUSSA NAGARAJU,Independent,1951,0.15,Lost
Andhra Pradesh,Bapatla,NOTA,None of the Above,13218,1.04,Lost
Andhra Pradesh,Chittoor,CHEEMALA. RANGAPPA,Indian National Congress,24643,1.87,Lost
Andhra Pradesh,Chittoor,JAYARAM DUGGANI,Bharatiya Janata Party,10496,0.8,Lost
Andhra Pradesh,Chittoor,NARAMALLI SIVA PRASAD,Telugu Desam,549521,41.65,Lost
Andhra Pradesh,Chittoor,C. PUNYAMURTHY,Bahujan Samaj Party,20062,1.52,Lost
Andhra Pradesh,Chittoor,N. REDDEPPA,Yuvajana Sramika Rythu Congress Party,686792,52.05,Lost
Andhra Pradesh,Chittoor,PALLIPATTU. ABHINAV VISHNU,Mundadugu Praja Party,3445,0.26,Lost
Andhra Pradesh,Chittoor,P. RAMACHANDRAN,Independent,1863,0.14,Lost
Andhra Pradesh,Chittoor,A. HEMANTH,Independent,2094,0.16,Lost
Andhra Pradesh,Chittoor,NOTA,None of the Above,20556,1.56,Lost
Andhra Pradesh,Eluru,KOTAGIRI SRIDHAR,Yuvajana Sramika Rythu Congress Party,676809,50.97,Lost
Andhra Pradesh,Eluru,CHINNAM RAMA KOTAYYA,Bharatiya Janata Party,8412,0.63,Lost
Andhra Pradesh,Eluru,JETTI GURUNADHA RAO,Indian National Congress,20378,1.53,Lost
Andhra Pradesh,Eluru,MAGANTTI VENKATESWARA RAO BABU,Telugu Desam,510884,38.47,Lost
Andhra Pradesh,Eluru,CHINA VENKATA SURYANARAYANA JOSYULA,Pyramid Party of India,2935,0.22,Lost
Andhra Pradesh,Eluru,PENTAPATI PULLARAO,Janasena Party,76827,5.79,Lost
Andhra Pradesh,Eluru,MATHE. BOBBY,Republican Party of India (A),1879,0.14,Lost
Andhra Pradesh,Eluru,V. SIVA RAMA KRISHNA,Jana Jagruti Party,1261,0.09,Lost
Andhra Pradesh,Eluru,ALAGA. RAVI KUMAR,Independent,1648,0.12,Lost
Andhra Pradesh,Eluru,Dr.MENDEM. SANTHOSH KUMAR(PEDDABABU),Independent,3010,0.23,Lost
Andhra Pradesh,Eluru,NOTA,None of the Above,23880,1.8,Lost
Andhra Pradesh,Guntur,Jayadev Galla,Telugu Desam,587918,43.5,Lost
Andhra Pradesh,Guntur,Jayaprakash Narayana Valluru,Bharatiya Janata Party,11841,0.88,Lost
Andhra Pradesh,Guntur,Modugula Venugopala Reddy,Yuvajana Sramika Rythu Congress Party,583713,43.19,Lost
Andhra Pradesh,Guntur,Shaik Mastanvali,Indian National Congress,14205,1.05,Lost
Andhra Pradesh,Guntur,Araveti Hazarath Rao,Pyramid Party of India,810,0.06,Lost
Andhra Pradesh,Guntur,Ullagi David Jayakumar,Hardam Manavtawadi Rashtriya Dal,447,0.03,Lost
Andhra Pradesh,Guntur,Jeldi Raja Mohan,All India Praja Party,437,0.03,Lost
Andhra Pradesh,Guntur,Nagaraju Ekula,Republican Party of India (A),920,0.07,Lost
Andhra Pradesh,Guntur,Bonaboyina Srinivasa Rao,Janasena Party,129205,9.56,Lost
Andhra Pradesh,Guntur,Mannava Hariprasad,Communist Party of India (Marxist-Leninist) Red Star,3216,0.24,Lost
Andhra Pradesh,Guntur,Ramarao Simhadri,Praja Shanthi Party,1746,0.13,Lost
Andhra Pradesh,Guntur,Jacob Vidyasagar Nakka,Viduthalai Chiruthaigal Katchi,641,0.05,Lost
Andhra Pradesh,Guntur,Sarabandi Raju Sikhinam,Indian Labour Party (Ambedkar Phule),1017,0.08,Lost
Andhra Pradesh,Guntur,Shaik Jaleel,Navarang Congress Party,563,0.04,Lost
Andhra Pradesh,Guntur,Samudrala Chinna Kotaiah,National Dalitha Dhal Party,628,0.05,Lost
Andhra Pradesh,Guntur,Umar Basha Shaik,Independent,2676,0.2,Lost
Andhra Pradesh,Guntur,Dasari Kiran Babu,Independent,2909,0.22,Lost
Andhra Pradesh,Guntur,Doppalapudi Veera Das,Independent,629,0.05,Lost
Andhra Pradesh,Guntur,Yanamadala Venkata Suresh,Independent,1947,0.14,Lost
Andhra Pradesh,Guntur,NOTA,None of the Above,6006,0.44,Lost
Andhra Pradesh,Hindupur,KAMAGANAHALLI THIPPESWAMY SREEDHAR (K.T.SREEDHAR),Indian National Congress,27156,2.03,Lost
Andhra Pradesh,Hindupur,KURUVA GORANTLA MADHAV,Yuvajana Sramika Rythu Congress Party,706602,52.79,Lost
Andhra Pradesh,Hindupur,KRISTAPPA . NIMMALA,Telugu Desam,565854,42.27,Lost
Andhra Pradesh,Hindupur,MITTA PARTHASARATHI,Bharatiya Janata Party,13805,1.03,Lost
Andhra Pradesh,Hindupur,Ram Mohan Singamneni,Pyramid Party of India,1313,0.1,Lost
Andhra Pradesh,Hindupur,S.R.Anjaneyulu,Independent,1227,0.09,Lost
Andhra Pradesh,Hindupur,GOGULA PULAKUNTA JAYANTH,Independent,1582,0.12,Lost
Andhra Pradesh,Hindupur,Mugi Surya Prakash,Independent,1316,0.1,Lost
Andhra Pradesh,Hindupur,Ramamohan D.G.,Independent,2231,0.17,Lost
Andhra Pradesh,Hindupur,NOTA,None of the Above,17428,1.3,Lost
Andhra Pradesh,Kadapa,Y.S.Avinash Reddy,Yuvajana Sramika Rythu Congress Party,783799,63.8,Lost
Andhra Pradesh,Kadapa,Chadipirala Adi Narayana Reddy,Telugu Desam,402823,32.79,Lost
Andhra Pradesh,Kadapa,Gundlakunta Sreeramulu,Indian National Congress,8341,0.68,Lost
Andhra Pradesh,Kadapa,Gujjula Eswaraiah,Communist Party of India,6242,0.51,Lost
Andhra Pradesh,Kadapa,Sri Rama Chandra Singareddy,Bharatiya Janata Party,4085,0.33,Lost
Andhra Pradesh,Kadapa,Ameen Peeran Shaik,Ambedkar National Congress,573,0.05,Lost
Andhra Pradesh,Kadapa,Lakshmi Reddy Putha,Rajyadhikara Party,368,0.03,Lost
Andhra Pradesh,Kadapa,Pedakala Varalakshmi,Pyramid Party of India,716,0.06,Lost
Andhra Pradesh,Kadapa,Chadipirala Siva Narayana Reddy,Navarang Congress Party,446,0.04,Lost
Andhra Pradesh,Kadapa,Siva Chandra Reddy Komma,Anna YSR Congress Party,1422,0.12,Lost
Andhra Pradesh,Kadapa,Gona Purushottam Reddy,Independent,1134,0.09,Lost
Andhra Pradesh,Kadapa,Jakku Chenna Krishna Reddy,Independent,579,0.05,Lost
Andhra Pradesh,Kadapa,Nyamatulla Shaik,Independent,759,0.06,Lost
Andhra Pradesh,Kadapa,Peddireddy Showry Subhash Reddy,Independent,865,0.07,Lost
Andhra Pradesh,Kadapa,Venu Gopal Rachineni,Independent,1748,0.14,Lost
Andhra Pradesh,Kadapa,NOTA,None of the Above,14692,1.2,Lost
Andhra Pradesh,Kakinada,CHALAMALASETTY SUNIL,Telugu Desam,511892,41.46,Lost
Andhra Pradesh,Kakinada,MALLIPUDI SRI RAMACHANDRA MURTHY (RAMBABU),Indian National Congress,8640,0.7,Lost
Andhra Pradesh,Kakinada,YALLA VENKATA RAMA MOHAN RAO (DORABABU),Bharatiya Janata Party,9596,0.78,Lost
Andhra Pradesh,Kakinada,VANGA GEETHAVISWANATH,Yuvajana Sramika Rythu Congress Party,537630,43.54,Lost
Andhra Pradesh,Kakinada,APPALAKONDA VANGALAPUDI,Mundadugu Praja Party,2997,0.24,Lost
Andhra Pradesh,Kakinada,B. GEETHA,Praja Shanthi Party,1688,0.14,Lost
Andhra Pradesh,Kakinada,GODUGU SATYANARAYANA,Communist Party of India (Marxist-Leninist) (Liberation),1724,0.14,Lost
Andhra Pradesh,Kakinada,JYOTHULA VENKATESWARA RAO,Janasena Party,132648,10.74,Lost
Andhra Pradesh,Kakinada,DONAM NEELAKANTAM,All India Praja Party,980,0.08,Lost
Andhra Pradesh,Kakinada,PEDDIMSETTI. VENKATESWARARAO,Jana Jagruti Party,815,0.07,Lost
Andhra Pradesh,Kakinada,VASAMSETTY VENKATARAMANA,All India Forward Bloc,1014,0.08,Lost
Andhra Pradesh,Kakinada,SATHI VEERALAKSHMI,Pyramid Party of India,1119,0.09,Lost
Andhra Pradesh,Kakinada,ANKADI SATHIBABU,Independent,1381,0.11,Lost
Andhra Pradesh,Kakinada,KAKILETI RAVINDRA,Independent,3327,0.27,Lost
Andhra Pradesh,Kakinada,MEDISETTI VIJAYA KUMAR,Independent,2051,0.17,Lost
Andhra Pradesh,Kakinada,NOTA,None of the Above,17153,1.39,Lost
Andhra Pradesh,Kurnool,AHMED ALI KHAN,Indian National Congress,36258,3.07,Lost
Andhra Pradesh,Kurnool,KOTLA JAYA SURYA PRAKASH REDDY,Telugu Desam,453665,38.38,Lost
Andhra Pradesh,Kurnool,Dr. PARTHASARATHI VALMIKI,Bharatiya Janata Party,24330,2.06,Lost
Andhra Pradesh,Kurnool,K. PRABHAKARA REDDY,Communist Party of India (Marxist),18919,1.6,Lost
Andhra Pradesh,Kurnool,AYUSHMAN DOCTOR SANJEEV KUMAR,Yuvajana Sramika Rythu Congress Party,602554,50.98,Lost
Andhra Pradesh,Kurnool,ABDUL WARIS,SOCIAL DEMOCRATIC PARTY OF INDIA,7265,0.61,Lost
Andhra Pradesh,Kurnool,KASULA RAJASEKHAR,Pyramid Party of India,1226,0.1,Lost
Andhra Pradesh,Kurnool,DANDU SESHU YADAV,Samajwadi Party,3266,0.28,Lost
Andhra Pradesh,Kurnool,M. NAGANNA,SOCIALIST UNITY CENTRE OF INDIA (COMMUNIST),1285,0.11,Lost
Andhra Pradesh,Kurnool,S.MD. SHAFATH,Rayalaseema Rashtra Samithi,1221,0.1,Lost
Andhra Pradesh,Kurnool,G Sanjeeva Kumar,Samajwadi Forward Bloc,2097,0.18,Lost
Andhra Pradesh,Kurnool,HATCHOLI THOMAS,Independent,1496,0.13,Lost
Andhra Pradesh,Kurnool,DEVARAPOGU MADDILETY,Independent,1697,0.14,Lost
Andhra Pradesh,Kurnool,BALIJA. SHIVA KUMAR,Independent,2741,0.23,Lost
Andhra Pradesh,Kurnool,T. BEECHUPALLY,Independent,9771,0.83,Lost
Andhra Pradesh,Kurnool,P.V. SRIHARI,Independent,6551,0.55,Lost
Andhra Pradesh,Kurnool,NOTA,None of the Above,7669,0.65,Lost
Andhra Pradesh,Machilipatnam,KONAKALLA NARAYANA RAO,Telugu Desam,511295,41.18,Lost
Andhra Pradesh,Machilipatnam,GUDIVAKA RAMANJANEYULU,Bharatiya Janata Party,6462,0.52,Lost
Andhra Pradesh,Machilipatnam,GOLLU KRISHNA,Indian National Congress,12284,0.99,Lost
Andhra Pradesh,Machilipatnam,BALASHOWRY VALLABHANENI,Yuvajana Sramika Rythu Congress Party,571436,46.02,Lost
Andhra Pradesh,Machilipatnam,PERAM SIVA NAGESWARA RAO,Republican Party of India (A),3622,0.29,Lost
Andhra Pradesh,Machilipatnam,BANDREDDI RAMAKRISHNA,Janasena Party,113292,9.12,Lost
Andhra Pradesh,Machilipatnam,YARLAGADDA RAMA MOHANA RAO,Bahujan Maha Party,1017,0.08,Lost
Andhra Pradesh,Machilipatnam,VALLURU VENKATESWARA RAO,Pyramid Party of India,826,0.07,Lost
Andhra Pradesh,Machilipatnam,GANDHI DHANEKULA,Independent,846,0.07,Lost
Andhra Pradesh,Machilipatnam,NADAKUDITI NAGA GAYATHRI,Independent,773,0.06,Lost
Andhra Pradesh,Machilipatnam,GUDIVAKA VENKATA NAGA BASAVA RAO,Independent,896,0.07,Lost
Andhra Pradesh,Machilipatnam,VIJAYA LAKSHMI CHALAPAKA,Independent,4779,0.38,Lost
Andhra Pradesh,Machilipatnam,NOTA,None of the Above,14077,1.13,Lost
Andhra Pradesh,Nandyal,ADINARAYANA INTY,Bharatiya Janata Party,9066,0.7,Lost
Andhra Pradesh,Nandyal,JANGITE LAKSHMI NARASIMHA YADAV,Indian National Congress,14420,1.11,Lost
Andhra Pradesh,Nandyal,POCHA . BRAHMANANDA REDDY,Yuvajana Sramika Rythu Congress Party,720888,55.49,Lost
Andhra Pradesh,Nandyal,MANDRA SIVANANDA REDDY,Telugu Desam,470769,36.24,Lost
Andhra Pradesh,Nandyal,D. P. JAMAL BASHA.,Anna YSR Congress Party,4089,0.31,Lost
Andhra Pradesh,Nandyal,PULA. NAGAMADDILETY,Ambedkar National Congress,937,0.07,Lost
Andhra Pradesh,Nandyal,D. MAHAMMAD RAFI .,B. C. United Front,649,0.05,Lost
Andhra Pradesh,Nandyal,RUDDIREDDY RADHAKRISHNA,All India Forward Bloc,673,0.05,Lost
Andhra Pradesh,Nandyal,S.P.Y. REDDY,Janasena Party,38871,2.99,Lost
Andhra Pradesh,Nandyal,S. A. INDUMATHI,Independent,847,0.07,Lost
Andhra Pradesh,Nandyal,ELLURI. BHUPAL.,Independent,668,0.05,Lost
Andhra Pradesh,Nandyal,K.P. KAMBAGIRISWAMY.,Independent,767,0.06,Lost
Andhra Pradesh,Nandyal,JESTADI SUDHAKAR,Independent,4542,0.35,Lost
Andhra Pradesh,Nandyal,I.V. PAKKIR REDDY,Independent,3103,0.24,Lost
Andhra Pradesh,Nandyal,POLURU GURUVAIAH.,Independent,6099,0.47,Lost
Andhra Pradesh,Nandyal,BHUMA KISHOR REDDY,Independent,4852,0.37,Lost
Andhra Pradesh,Nandyal,B.C. RAMANATHA REDDY,Independent,2543,0.2,Lost
Andhra Pradesh,Nandyal,Dr. LAKSHMI KANTHA REDDY CHITLA,Independent,1429,0.11,Lost
Andhra Pradesh,Nandyal,VANGALA PARAMESWARA REDDY.,Independent,2382,0.18,Lost
Andhra Pradesh,Nandyal,C. SURENDRA NATH REDDY,Independent,1708,0.13,Lost
Andhra Pradesh,Nandyal,NOTA,None of the Above,9791,0.75,Lost
Andhra Pradesh,Narasaraopet,KANNA LAKSHMI NARAYANA,Bharatiya Janata Party,15468,1.08,Lost
Andhra Pradesh,Narasaraopet,PAKKALA SURIBABU,Indian National Congress,11032,0.77,Lost
Andhra Pradesh,Narasaraopet,RAYAPATI SAMBASIVARAO,Telugu Desam,591111,41.12,Lost
Andhra Pradesh,Narasaraopet,LAVU SRI KRISHNA DEVARAYALU,Yuvajana Sramika Rythu Congress Party,745089,51.83,Lost
Andhra Pradesh,Narasaraopet,ALLU VENKATAREDDY,Pyramid Party of India,2896,0.2,Lost
Andhra Pradesh,Narasaraopet,KANAKAM SRINIVASARAO,National Nava Kranthi Party,1069,0.07,Lost
Andhra Pradesh,Narasaraopet,NAYUB KAMAL SHAIK,Janasena Party,50813,3.53,Lost
Andhra Pradesh,Narasaraopet,SURABHI DEVASAHAYAM,Indian Union Muslim League,423,0.03,Lost
Andhra Pradesh,Narasaraopet,KANTE SAYANNA,Independent,366,0.03,Lost
Andhra Pradesh,Narasaraopet,GADDALA VENU,Independent,626,0.04,Lost
Andhra Pradesh,Narasaraopet,DURGAMPUDI RAMIREDDY,Independent,2684,0.19,Lost
Andhra Pradesh,Narasaraopet,PARIMI NARASIMHA RAO,Independent,1001,0.07,Lost
Andhra Pradesh,Narasaraopet,REDDYBOINA PRASANNA KUMAR,Independent,1395,0.1,Lost
Andhra Pradesh,Narasaraopet,NOTA,None of the Above,13702,0.95,Lost
Andhra Pradesh,Narsapuram,KANUMURU BAPIRAJU,Indian National Congress,13810,1.18,Lost
Andhra Pradesh,Narsapuram,KANUMURU RAGHU RAMA KRISHNA RAJU,Yuvajana Sramika Rythu Congress Party,447594,38.11,Lost
Andhra Pradesh,Narsapuram,PYDIKONDALA MANIKYALA RAO,Bharatiya Janata Party,12378,1.05,Lost
Andhra Pradesh,Narsapuram,V.V. SIVA RAMA RAJU (KALAVAPUDI SIVA),Telugu Desam,415685,35.39,Lost
Andhra Pradesh,Narsapuram,YELLA VENU GOPAL RAO,Nava Samaj Party,4270,0.36,Lost
Andhra Pradesh,Narsapuram,GANJI PURNIMA,Republican Party of India (A),867,0.07,Lost
Andhra Pradesh,Narsapuram,GURUGUBILLI RAMBABU,Marxist Communist Party of India (United),582,0.05,Lost
Andhra Pradesh,Narsapuram,G S RAJU,Samajwadi Party,3462,0.29,Lost
Andhra Pradesh,Narsapuram,DASARI KRISHNA MURTHY,India Praja Bandhu Party,1600,0.14,Lost
Andhra Pradesh,Narsapuram,NALLAM SURYA CHANDRA RAO,Pyramid Party of India,2203,0.19,Lost
Andhra Pradesh,Narsapuram,NAGABABU KONIDELA,Janasena Party,250289,21.31,Lost
Andhra Pradesh,Narsapuram,K.A.PAUL,Praja Shanthi Party,3037,0.26,Lost
Andhra Pradesh,Narsapuram,GOTTUMUKKALA SHIVAJI,Independent,1273,0.11,Lost
Andhra Pradesh,Narsapuram,NALLI RAJESH,Independent,2648,0.23,Lost
Andhra Pradesh,Narsapuram,MEDAPATI VARAHALA REDDY,Independent,2677,0.23,Lost
Andhra Pradesh,Narsapuram,NOTA,None of the Above,12066,1.03,Lost
Andhra Pradesh,Nellore,Adala Prabhakara Reddy,Yuvajana Sramika Rythu Congress Party,683830,53.13,Lost
Andhra Pradesh,Nellore,Chandra Rajagopal,Communist Party of India (Marxist),18830,1.46,Lost
Andhra Pradesh,Nellore,Chevuru Devakumar Reddy,Indian National Congress,10021,0.78,Lost
Andhra Pradesh,Nellore,Beeda Masthan Rao,Telugu Desam,535259,41.59,Lost
Andhra Pradesh,Nellore,Sannapureddy Suresh Reddy,Bharatiya Janata Party,12513,0.97,Lost
Andhra Pradesh,Nellore,Chinni Venkateswarlu,Pyramid Party of India,841,0.07,Lost
Andhra Pradesh,Nellore,Shaik Mahaboob Basha (Mabu),Republican Party of India (A),1319,0.1,Lost
Andhra Pradesh,Nellore,Kankanala Penchala Naidu,Independent,668,0.05,Lost
Andhra Pradesh,Nellore,Narasapuram Prasad,Independent,2399,0.19,Lost
Andhra Pradesh,Nellore,Butti Nagaraju,Independent,1101,0.09,Lost
Andhra Pradesh,Nellore,Meda Malla Reddy,Independent,598,0.05,Lost
Andhra Pradesh,Nellore,Sukapalli Naveen,Independent,1014,0.08,Lost
Andhra Pradesh,Nellore,Dr. S. Suresh Babu,Independent,1482,0.12,Lost
Andhra Pradesh,Nellore,NOTA,None of the Above,17161,1.33,Lost
Andhra Pradesh,Ongole,THOGANTI SREENIVASULU,Bharatiya Janata Party,8229,0.61,Lost
Andhra Pradesh,Ongole,MAGUNTA SREENIVASULU REDDY,Yuvajana Sramika Rythu Congress Party,739202,55.07,Lost
Andhra Pradesh,Ongole,SIDDA RAGHAVA RAO,Telugu Desam,524351,39.06,Lost
Andhra Pradesh,Ongole,DR SIRIVELLA PRASAD,Indian National Congress,8139,0.61,Lost
Andhra Pradesh,Ongole,KONDA PRAVEEN KUMAR,Navodayam Party,811,0.06,Lost
Andhra Pradesh,Ongole,BELLAMKONDA SAIBABU,Janasena Party,29379,2.19,Lost
Andhra Pradesh,Ongole,MARAM SRINIVASA REDDY,Praja Shanthi Party,3258,0.24,Lost
Andhra Pradesh,Ongole,VENKATESAN BABURAO,India Praja Bandhu Party,1073,0.08,Lost
Andhra Pradesh,Ongole,KAVURI VENU BABU NAIDU,Independent,565,0.04,Lost
Andhra Pradesh,Ongole,BILLA CHENNAIAH,Independent,673,0.05,Lost
Andhra Pradesh,Ongole,MADHU YATTAPU,Independent,1160,0.09,Lost
Andhra Pradesh,Ongole,MOHAN AYYAPPA,Independent,1451,0.11,Lost
Andhra Pradesh,Ongole,VENKATESH VEPURI,Independent,3212,0.24,Lost
Andhra Pradesh,Ongole,NOTA,None of the Above,20865,1.55,Lost
Andhra Pradesh,Rajahmundry,NALLURI VIJAYA SRINIVASA RAO,Indian National Congress,12725,1.02,Lost
Andhra Pradesh,Rajahmundry,PARAVASTU SATYA GOPINATH DAS,Bharatiya Janata Party,12334,0.99,Lost
Andhra Pradesh,Rajahmundry,MAGANTI ROOPA,Telugu Desam,460390,36.82,Lost
Andhra Pradesh,Rajahmundry,MARGANI BHARAT,Yuvajana Sramika Rythu Congress Party,582024,46.55,Lost
Andhra Pradesh,Rajahmundry,AKULA SATYANARAYANA,Janasena Party,155807,12.46,Lost
Andhra Pradesh,Rajahmundry,GEDDAM DAVID NELSON BABU,Ambedkarite Party of India,1757,0.14,Lost
Andhra Pradesh,Rajahmundry,BANDARU RAJESWARA RAO,Jana Jagruti Party,1035,0.08,Lost
Andhra Pradesh,Rajahmundry,MEDA SRINIVAS,Rashtriya Praja Congress (Secular),996,0.08,Lost
Andhra Pradesh,Rajahmundry,SANGISETTI SRINIVASA RAO,Pyramid Party of India,1161,0.09,Lost
Andhra Pradesh,Rajahmundry,KURUVELLA BHANUCHANDAR,Independent,1242,0.1,Lost
Andhra Pradesh,Rajahmundry,KOLLAPU VENU,Independent,2869,0.23,Lost
Andhra Pradesh,Rajahmundry,NOTA,None of the Above,18087,1.45,Lost
Andhra Pradesh,Rajampet,P.V.MIDHUN REDDY,Yuvajana Sramika Rythu Congress Party,702211,57.35,Lost
Andhra Pradesh,Rajampet,M.SHAJAHAN BASHA (JAHA),Indian National Congress,21150,1.73,Lost
Andhra Pradesh,Rajampet,D A SATHYA PRABHA,Telugu Desam,433927,35.44,Lost
Andhra Pradesh,Rajampet,ASADI. VENKATADRI,Rashtriya Krantikari Samajwadi Party,3460,0.28,Lost
Andhra Pradesh,Rajampet,KARIMULLA KHAN PATTAN,Navataram Party,1135,0.09,Lost
Andhra Pradesh,Rajampet,KHADER VALI SHAIK,Indian Union Muslim League,1557,0.13,Lost
Andhra Pradesh,Rajampet,SYED MUKARRAM,Janasena Party,33986,2.78,Lost
Andhra Pradesh,Rajampet,NARESH KUMAR POOJALA,Independent,1768,0.14,Lost
Andhra Pradesh,Rajampet,PASUPULETI VENKATARAMANA ROYAL,Independent,3821,0.31,Lost
Andhra Pradesh,Rajampet,NOTA,None of the Above,21339,1.74,Lost
Andhra Pradesh,Srikakulam,KINJARAPU RAM MOHAN NAIDU,Telugu Desam,534544,46.19,Lost
Andhra Pradesh,Srikakulam,DOLA JAGAN,Indian National Congress,13745,1.19,Lost
Andhra Pradesh,Srikakulam,DUVVADA SRINIVAS,Yuvajana Sramika Rythu Congress Party,527891,45.61,Lost
Andhra Pradesh,Srikakulam,PERLA SAMBA MURTHY,Bharatiya Janata Party,8390,0.72,Lost
Andhra Pradesh,Srikakulam,MATTA SATISH CHAKRAVARTHY,Pyramid Party of India,1448,0.13,Lost
Andhra Pradesh,Srikakulam,METTA RAMARAO,Janasena Party,31956,2.76,Lost
Andhra Pradesh,Srikakulam,NAMBALLA KRISHNA MOHAN,Independent,4836,0.42,Lost
Andhra Pradesh,Srikakulam,NAIDUGARI RAJASEKHAR,Independent,5156,0.45,Lost
Andhra Pradesh,Srikakulam,BETHA VIVEKANANDA MAHARAJ,Independent,3818,0.33,Lost
Andhra Pradesh,Srikakulam,NOTA,None of the Above,25545,2.21,Lost
Andhra Pradesh,Tirupati,Chintamohan,Indian National Congress,24039,1.83,Lost
Andhra Pradesh,Tirupati,Doctor Daggumati Sreehari Rao,Bahujan Samaj Party,20971,1.6,Lost
Andhra Pradesh,Tirupati,Panabaka Lakshmi,Telugu Desam,494501,37.65,Lost
Andhra Pradesh,Tirupati,Balli Durga Prasad Rao,Yuvajana Sramika Rythu Congress Party,722877,55.03,Lost
Andhra Pradesh,Tirupati,Bommi Srihari Rao,Bharatiya Janata Party,16125,1.23,Lost
Andhra Pradesh,Tirupati,Karra Siva (Pyramid Siva),Pyramid Party of India,1003,0.08,Lost
Andhra Pradesh,Tirupati,"Neeruguttu Nagesh, M.A., Philosophy",Janapaalana Party (Democratic),913,0.07,Lost
Andhra Pradesh,Tirupati,Bokkam. Ramesh,Viduthalai Chiruthaigal Katchi,1195,0.09,Lost
Andhra Pradesh,Tirupati,Viruvuru Sudhakar,Vishwa Jana Party,998,0.08,Lost
Andhra Pradesh,Tirupati,M. Solomon,Andhra Rastra Praja Samithi,1563,0.12,Lost
Andhra Pradesh,Tirupati,Kattamanchi Prabhakar,Independent,1430,0.11,Lost
Andhra Pradesh,Tirupati,K.S. Munirathnam,Independent,2119,0.16,Lost
Andhra Pradesh,Tirupati,NOTA,None of the Above,25781,1.96,Lost
Andhra Pradesh,Vijayawada,KILARU DILEEP,Bharatiya Janata Party,18504,1.45,Lost
Andhra Pradesh,Vijayawada,KESINENI SRINIVAS (NANI),Telugu Desam,575498,45.04,Lost
Andhra Pradesh,Vijayawada,NARAHARISETTY. NARASIMHARAO.,Indian National Congress,16261,1.27,Lost
Andhra Pradesh,Vijayawada,POTLURI.V.PRASAD ( P V P ),Yuvajana Sramika Rythu Congress Party,566772,44.36,Lost
Andhra Pradesh,Vijayawada,ANDUKURI VIJAYA BHASKAR,India Praja Bandhu Party,2457,0.19,Lost
Andhra Pradesh,Vijayawada,DATLA LURDU MARY,Mundadugu Praja Party,434,0.03,Lost
Andhra Pradesh,Vijayawada,PADALA SIVA PRASAD,Navarang Congress Party,480,0.04,Lost
Andhra Pradesh,Vijayawada,Muttamsetty Prasad babu,Janasena Party,81650,6.39,Lost
Andhra Pradesh,Vijayawada,SEKHAR,Pyramid Party of India,685,0.05,Lost
Andhra Pradesh,Vijayawada,Sk. Riyaz,Indian Union Muslim League,412,0.03,Lost
Andhra Pradesh,Vijayawada,ANIL KUMAR MADDINENI,Independent,1049,0.08,Lost
Andhra Pradesh,Vijayawada,DHANEKULA GANDHI,Independent,688,0.05,Lost
Andhra Pradesh,Vijayawada,NANDINI NALLAGHATLA,Independent,953,0.07,Lost
Andhra Pradesh,Vijayawada,BOLISETTY HARI BABU,Independent,1739,0.14,Lost
Andhra Pradesh,Vijayawada,MOHAMMAD ISHAQ,Independent,1218,0.1,Lost
Andhra Pradesh,Vijayawada,NOTA,None of the Above,8911,0.7,Lost
Andhra Pradesh,Visakhapatnam,DAGGUBATI PURANDESWARI,Bharatiya Janata Party,33892,2.73,Lost
Andhra Pradesh,Visakhapatnam,PEDADA. RAMANIKUMARI,Indian National Congress,14633,1.18,Lost
Andhra Pradesh,Visakhapatnam,BHARAT MATHUKUMILLI,Telugu Desam,432492,34.89,Lost
Andhra Pradesh,Visakhapatnam,M V V SATYANARAYANA,Yuvajana Sramika Rythu Congress Party,436906,35.24,Lost
Andhra Pradesh,Visakhapatnam,GEORGE BANGARI,Viduthalai Chiruthaigal Katchi,3028,0.24,Lost
Andhra Pradesh,Visakhapatnam,B. JAYA VENU GOPAL,Pyramid Party of India,1627,0.13,Lost
Andhra Pradesh,Visakhapatnam,V.V. LAKSHMI NARAYANA,Janasena Party,288874,23.3,Lost
Andhra Pradesh,Visakhapatnam,ANMISH VARMA,Independent,1915,0.15,Lost
Andhra Pradesh,Visakhapatnam,R. UDAYA GOWRI,Independent,1384,0.11,Lost
Andhra Pradesh,Visakhapatnam,KOTHAPALLI GEETHA,Independent,1158,0.09,Lost
Andhra Pradesh,Visakhapatnam,GAMPALA SOMASUNDARAM,Independent,1128,0.09,Lost
Andhra Pradesh,Visakhapatnam,GANNU MALLAYYA,Independent,1313,0.11,Lost
Andhra Pradesh,Visakhapatnam,DURGAPRASAD. GUNTU,Independent,2464,0.2,Lost
Andhra Pradesh,Visakhapatnam,PULAPAKA RAJA SEKHAR,Independent,2294,0.19,Lost
Andhra Pradesh,Visakhapatnam,NOTA,None of the Above,16646,1.34,Lost
Andhra Pradesh,Vizianagaram,Ashok Gajapathi Raju Pusapati,Telugu Desam,530382,43.55,Lost
Andhra Pradesh,Vizianagaram,Adiraju Yedla,Indian National Congress,15725,1.29,Lost
Andhra Pradesh,Vizianagaram,Bellana Chandra Sekhar,Yuvajana Sramika Rythu Congress Party,578418,47.49,Lost
Andhra Pradesh,Vizianagaram,Sanyasi Raju Pakalapati,Bharatiya Janata Party,7266,0.6,Lost
Andhra Pradesh,Vizianagaram,P.V.A. Ananda Sagar,Samaanya Praja Party,4983,0.41,Lost
Andhra Pradesh,Vizianagaram,Chiranjeevi Lingala,Andhra Chaitanya Party,1263,0.1,Lost
Andhra Pradesh,Vizianagaram,Mukka Srinivas Rao,Janasena Party,34192,2.81,Lost
Andhra Pradesh,Vizianagaram,Lagudu. Govinda Rao,Jana Jagruti Party,791,0.06,Lost
Andhra Pradesh,Vizianagaram,Surya Bhavani. K,Pyramid Party of India,830,0.07,Lost
Andhra Pradesh,Vizianagaram,Yella Rao Siyyadula,Independent,1010,0.08,Lost
Andhra Pradesh,Vizianagaram,Dhanalakoti Ramana,Independent,1176,0.1,Lost
Andhra Pradesh,Vizianagaram,Pentapati Rajesh,Independent,1462,0.12,Lost
Andhra Pradesh,Vizianagaram,Ijjurouthu Ramunaidu,Independent,4553,0.37,Lost
Andhra Pradesh,Vizianagaram,Venkata Trindha Rao Veluri,Independent,6338,0.52,Lost
Andhra Pradesh,Vizianagaram,NOTA,None of the Above,29501,2.42,Lost
Arunachal Pradesh,ARUNACHAL EAST,Lowangcha Wanglat,Indian National Congress,83935,28.57,Lost
Arunachal Pradesh,ARUNACHAL EAST,Mongol Yomso,People's Party of Arunachal,22937,7.81,Lost
Arunachal Pradesh,ARUNACHAL EAST,Tapir Gao,Bharatiya Janata Party,153883,52.38,Lost
Arunachal Pradesh,ARUNACHAL EAST,Bandey Mili,Janata Dal (Secular),15958,5.43,Lost
Arunachal Pradesh,ARUNACHAL EAST,C. C. Singpho,Independent,11493,3.91,Lost
Arunachal Pradesh,ARUNACHAL EAST,NOTA,None of the Above,5575,1.9,Lost
Arunachal Pradesh,ARUNACHAL WEST,KIREN RIJIJU,Bharatiya Janata Party,225796,63.02,Lost
Arunachal Pradesh,ARUNACHAL WEST,NABAM TUKI,Indian National Congress,50953,14.22,Lost
Arunachal Pradesh,ARUNACHAL WEST,SUBU KECHI,People's Party of Arunachal,4766,1.33,Lost
Arunachal Pradesh,ARUNACHAL WEST,JARJUM ETE,Janata Dal (Secular),43919,12.26,Lost
Arunachal Pradesh,ARUNACHAL WEST,JOMIN NYOKIR KARA,All India Forward Bloc,1921,0.54,Lost
Arunachal Pradesh,ARUNACHAL WEST,KHYODA APIK,National People's Party,27119,7.57,Lost
Arunachal Pradesh,ARUNACHAL WEST,RUMAK JOMOH,Independent,1946,0.54,Lost
Arunachal Pradesh,ARUNACHAL WEST,NOTA,None of the Above,1889,0.53,Lost
Assam,Autonomous District,BIREN SINGH ENGTI,Indian National Congress,141690,22.94,Lost
Assam,Autonomous District,HOREN SING BEY,Bharatiya Janata Party,381316,61.73,Lost
Assam,Autonomous District,LIENKHOCHON,National People's Party,10037,1.62,Lost
Assam,Autonomous District,HOLIRAM TERANG,Autonomous State Demand Committee,36915,5.98,Lost
Assam,Autonomous District,JONES INGTI KATHAR,Independent,39583,6.41,Lost
Assam,Autonomous District,NOTA,None of the Above,8194,1.33,Lost
Assam,Barpeta,Abdul Khaleque,Indian National Congress,645173,44.23,Lost
Assam,Barpeta,Ashahak Ali Dewan,All India Trinamool Congress,20466,1.4,Lost
Assam,Barpeta,Kumar Deepak Das,Asom Gana Parishad,504866,34.61,Lost
Assam,Barpeta,Rafiqul Islam,All India United Democratic Front,248667,17.05,Lost
Assam,Barpeta,Aroon Barooa,Purvanchal Janta Party (Secular),3618,0.25,Lost
Assam,Barpeta,Chitralekha Das,SOCIALIST UNITY CENTRE OF INDIA (COMMUNIST),2382,0.16,Lost
Assam,Barpeta,Saniara Parbin,Voters Party International,3437,0.24,Lost
Assam,Barpeta,Pranabjyoti Das Rajbonshi,National People's Party,2462,0.17,Lost
Assam,Barpeta,Bhadreswar Barman,National Republican Congress,2214,0.15,Lost
Assam,Barpeta,Matiar Rahman,The National Road Map Party of India,3973,0.27,Lost
Assam,Barpeta,Rejaul Karim,Republican Party of India (A),3350,0.23,Lost
Assam,Barpeta,Santanu Mukherjee,Bharatiya Gana Parishad,5408,0.37,Lost
Assam,Barpeta,Arfan Ali,Independent,2799,0.19,Lost
Assam,Barpeta,NOTA,None of the Above,9734,0.67,Lost
Assam,Dhubri,ABU TAHER BEPARI,Indian National Congress,492506,29.23,Lost
Assam,Dhubri,ZABED ISLAM,Asom Gana Parishad,399733,23.72,Lost
Assam,Dhubri,NURUL ISLAM CHOUDHURY,All India Trinamool Congress,12895,0.77,Lost
Assam,Dhubri,BADRUDDIN AJMAL,All India United Democratic Front,718764,42.66,Lost
Assam,Dhubri,ALAKESH ROY,Hindusthan Nirman Dal,7780,0.46,Lost
Assam,Dhubri,SURAT JAMAN MONDAL,SOCIALIST UNITY CENTRE OF INDIA (COMMUNIST),4325,0.26,Lost
Assam,Dhubri,JOHIRUL ISLAM KHAN,Purvanchal Janta Party (Secular),2859,0.17,Lost
Assam,Dhubri,NRIPEN DAS,Bharatiya National Janta Dal,2072,0.12,Lost
Assam,Dhubri,MEHBUBAR RAHMAN,Republican Party of India (A),4250,0.25,Lost
Assam,Dhubri,SHAJAHAN SHEIKH,Voters Party International,5628,0.33,Lost
Assam,Dhubri,ANAMIKA SARKAR,Independent,5589,0.33,Lost
Assam,Dhubri,UTTAM KUMAR RAY,Independent,3321,0.2,Lost
Assam,Dhubri,MIR HUSSAIN SARKAR,Independent,4138,0.25,Lost
Assam,Dhubri,RUKUNUR ZAMAN,Independent,4393,0.26,Lost
Assam,Dhubri,SHUKUR ALI,Independent,7774,0.46,Lost
Assam,Dhubri,NOTA,None of the Above,8978,0.53,Lost
Assam,Dibrugarh,PABAN SINGH GHATOWAR,Indian National Congress,295017,29.04,Lost
Assam,Dibrugarh,RAMESWAR TELI,Bharatiya Janata Party,659583,64.94,Lost
Assam,Dibrugarh,DR. TITUS BHENGRA,Bahujan Mukti Party,6933,0.68,Lost
Assam,Dibrugarh,BHABEN BARUAH,National People's Party,9718,0.96,Lost
Assam,Dibrugarh,APURBA SAIKIA,Independent,3811,0.38,Lost
Assam,Dibrugarh,ISRAIL NANDA,Independent,5687,0.56,Lost
Assam,Dibrugarh,NURUL HUDA IMDADUL ISLAM SAIKIA,Independent,5599,0.55,Lost
Assam,Dibrugarh,RUBUL BURAGOHAIN,Independent,8112,0.8,Lost
Assam,Dibrugarh,NOTA,None of the Above,21288,2.1,Lost
Assam,Gauhati,QUEEN OJA,Bharatiya Janata Party,1008936,57.2,Lost
Assam,Gauhati,BOBBEETA SHARMA,Indian National Congress,663330,37.61,Lost
Assam,Gauhati,MANOJ SHARMA,All India Trinamool Congress,10141,0.57,Lost
Assam,Gauhati,AVIJIT CHAKRABORTY,Bharatiya Gana Parishad,2351,0.13,Lost
Assam,Gauhati,SADEK ALI,Republican Party of India (A),3650,0.21,Lost
Assam,Gauhati,PANKAJ DAS,Swarna Bharat Party,4110,0.23,Lost
Assam,Gauhati,PARTHA PRATIM BARUAH,Voters Party International,2590,0.15,Lost
Assam,Gauhati,MAMONI SARMA,Purvanchal Janta Party (Secular),2456,0.14,Lost
Assam,Gauhati,RAJIB KAKATI,Hindusthan Nirman Dal,2122,0.12,Lost
Assam,Gauhati,RATUL KUMAR CHOUDHURY,Samajwadi Party,2383,0.14,Lost
Assam,Gauhati,RUBI NEOG,National Republican Congress,2064,0.12,Lost
Assam,Gauhati,ALIMUDDIN AHMED,Independent,2836,0.16,Lost
Assam,Gauhati,UPAMANYU HAZARIKA,Independent,21193,1.2,Lost
Assam,Gauhati,UTPAL BORGOHAIN,Independent,2753,0.16,Lost
Assam,Gauhati,JUNMONI DEVI KHAUND,Independent,5483,0.31,Lost
Assam,Gauhati,FARUK AHMED BHUYAN,Independent,9044,0.51,Lost
Assam,Gauhati,SHANKHA SINHA,Independent,7849,0.45,Lost
Assam,Gauhati,NOTA,None of the Above,10466,0.59,Lost
Assam,Jorhat,KANAK GOGOI,Communist Party of India,17849,1.69,Lost
Assam,Jorhat,TOPON KUMAR GOGOI,Bharatiya Janata Party,543288,51.35,Lost
Assam,Jorhat,RIBULAYA GOGOI,All India Trinamool Congress,6121,0.58,Lost
Assam,Jorhat,SUSHANTA BORGOHAIN,Indian National Congress,460635,43.54,Lost
Assam,Jorhat,KAMALA RAJ KONWAR,National People's Party,4996,0.47,Lost
Assam,Jorhat,RAJ KUMAR DUWARA,All India Forward Bloc,3438,0.32,Lost
Assam,Jorhat,ARBIN KUMAR BORUAH,Independent,3588,0.34,Lost
Assam,Jorhat,NANDITA NAG,Independent,5481,0.52,Lost
Assam,Jorhat,NOTA,None of the Above,12569,1.19,Lost
Assam,Kaliabor,Gaurav Gogoi,Indian National Congress,786092,55.18,Lost
Assam,Kaliabor,Moni Madhab Mahanta,Asom Gana Parishad,576098,40.44,Lost
Assam,Kaliabor,Abdul Aziz,National People's Party,9903,0.7,Lost
Assam,Kaliabor,Shree Diganta Kumar Saikia,Hindusthan Nirman Dal,5712,0.4,Lost
Assam,Kaliabor,Md. Hariqul Islam Bhuyan,Asom Jana Morcha,5270,0.37,Lost
Assam,Kaliabor,Sri Jiten Gogoi,Independent,18344,1.29,Lost
Assam,Kaliabor,Sri Bhaskar Sarmah,Independent,7355,0.52,Lost
Assam,Kaliabor,NOTA,None of the Above,15913,1.12,Lost
Assam,Karimganj,KRIPANATH MALLAH,Bharatiya Janata Party,473046,44.62,Lost
Assam,Karimganj,CHANDAN DAS,All India Trinamool Congress,4870,0.46,Lost
Assam,Karimganj,RADHESHYAM BISWAS,All India United Democratic Front,434657,41.0,Lost
Assam,Karimganj,SWARUP DAS,Indian National Congress,120452,11.36,Lost
Assam,Karimganj,AJOY KUMAR SARKAR,All India Forward Bloc,1538,0.15,Lost
Assam,Karimganj,NIKHIL RANJAN DAS,Hindusthan Nirman Dal,2519,0.24,Lost
Assam,Karimganj,PROBASH CHANDRA SARKAR,SOCIALIST UNITY CENTRE OF INDIA (COMMUNIST),1166,0.11,Lost
Assam,Karimganj,ANUPAM SINGHA,Independent,1069,0.1,Lost
Assam,Karimganj,PARIKSHIT ROY,Independent,2765,0.26,Lost
Assam,Karimganj,RABINDRA CHANDRA DAS,Independent,1719,0.16,Lost
Assam,Karimganj,RAJU DAS,Independent,2111,0.2,Lost
Assam,Karimganj,RAMNARAYAN SUKLABAIDYA,Independent,1795,0.17,Lost
Assam,Karimganj,SATYAJIT DAS,Independent,2988,0.28,Lost
Assam,Karimganj,HARILAL RABIDAS,Independent,2822,0.27,Lost
Assam,Karimganj,NOTA,None of the Above,6555,0.62,Lost
Assam,Kokrajhar,Pramila Rani Brahma,Bodoland Peoples Front,446774,30.2,Lost
Assam,Kokrajhar,Biraj Deka,Communist Party of India (Marxist),28128,1.9,Lost
Assam,Kokrajhar,Sabda Ram Rabha,Indian National Congress,147118,9.94,Lost
Assam,Kokrajhar,Urkhao Gwra Brahma,"United Peoples Party, Liberal",312435,21.12,Lost
Assam,Kokrajhar,Charan Iswary,Purvanchal Janta Party (Secular),9827,0.66,Lost
Assam,Kokrajhar,Rajesh Narzary,Voters Party International,13908,0.94,Lost
Assam,Kokrajhar,Naba Kumar Sarania,Independent,484560,32.75,Lost
Assam,Kokrajhar,Prasanjit Kumar Das,Independent,9959,0.67,Lost
Assam,Kokrajhar,Ranjoy Kr. Brahma,Independent,10788,0.73,Lost
Assam,Kokrajhar,NOTA,None of the Above,15988,1.08,Lost
Assam,Lakhimpur,ANIL BORGOHAIN,Indian National Congress,425855,33.18,Lost
Assam,Lakhimpur,ANUP PRATIM BORBARUAH,Nationalist Congress Party,4527,0.35,Lost
Assam,Lakhimpur,AMIYA KUMAR HANDIQUE,Communist Party of India (Marxist),12809,1.0,Lost
Assam,Lakhimpur,ARUP KALITA,Communist Party of India,13378,1.04,Lost
Assam,Lakhimpur,PRADAN BARUAH,Bharatiya Janata Party,776406,60.49,Lost
Assam,Lakhimpur,UBAIDUR RAHMAN,Asom Jana Morcha,8738,0.68,Lost
Assam,Lakhimpur,DILIP MORAN,Assam Dristi Party,8285,0.65,Lost
Assam,Lakhimpur,BHUPEN NARAH,Voters Party International,5581,0.43,Lost
Assam,Lakhimpur,HEM KANTA MIRI,SOCIALIST UNITY CENTRE OF INDIA (COMMUNIST),4034,0.31,Lost
Assam,Lakhimpur,AMBAZ UDDIN,Independent,3890,0.3,Lost
Assam,Lakhimpur,PROBHU LAL VAISNAVA,Independent,4866,0.38,Lost
Assam,Lakhimpur,NOTA,None of the Above,15220,1.19,Lost
Assam,Mangaldoi,DILIP SAIKIA,Bharatiya Janata Party,735469,48.83,Lost
Assam,Mangaldoi,BHUBANESWAR KALITA,Indian National Congress,596924,39.63,Lost
Assam,Mangaldoi,SUDHENDU MOHAN TALUKDAR,All India Trinamool Congress,10640,0.71,Lost
Assam,Mangaldoi,AINUL HAQUE,Asom Jana Morcha,4249,0.28,Lost
Assam,Mangaldoi,GANDHESHWAR MOCHAHARI,Voters Party International,11245,0.75,Lost
Assam,Mangaldoi,BIREN BASAK,Bharatiya Gana Parishad,2524,0.17,Lost
Assam,Mangaldoi,MANI RAM BASUMATARY,Hindusthan Nirman Dal,3898,0.26,Lost
Assam,Mangaldoi,SWARNALATA CHALIHA,SOCIALIST UNITY CENTRE OF INDIA (COMMUNIST),3829,0.25,Lost
Assam,Mangaldoi,KAZI NEKIB AHMED,Independent,7135,0.47,Lost
Assam,Mangaldoi,JAYANTA KUMAR KALITA,Independent,7806,0.52,Lost
Assam,Mangaldoi,PRODEEP KUMAR DAIMARY,"United Peoples Party, Liberal",103870,6.9,Lost
Assam,Mangaldoi,NOTA,None of the Above,18518,1.23,Lost
Assam,Nowgong,Pradyut Bordoloi,Indian National Congress,739724,49.53,Lost
Assam,Nowgong,Sri Rupak Sharma,Bharatiya Janata Party,722972,48.41,Lost
Assam,Nowgong,Sahadeb Das,All India Trinamool Congress,5875,0.39,Lost
Assam,Nowgong,Azgor Ali,Purvanchal Janta Party (Secular),3655,0.24,Lost
Assam,Nowgong,Saiful Islam Choudhury,Asom Jana Morcha,3421,0.23,Lost
Assam,Nowgong,Sukanta Mazumdar,Bharatiya Gana Parishad,2756,0.18,Lost
Assam,Nowgong,Zakir Hussain,Independent,4315,0.29,Lost
Assam,Nowgong,NOTA,None of the Above,10757,0.72,Lost
Assam,Silchar,RAJDEEP ROY,Bharatiya Janata Party,499414,52.59,Lost
Assam,Silchar,SUSHMITA DEV,Indian National Congress,417818,43.99,Lost
Assam,Silchar,HITABRATA ROY,All India Trinamool Congress,3514,0.37,Lost
Assam,Silchar,NAZIA YASMIN MAZUMDAR,National People's Party,5693,0.6,Lost
Assam,Silchar,Badrul Islam Barbhuiya,All India Forward Bloc,840,0.09,Lost
Assam,Silchar,Shyam Deo Kurmi,SOCIALIST UNITY CENTRE OF INDIA (COMMUNIST),1095,0.12,Lost
Assam,Silchar,Ashitava Dutta,Independent,813,0.09,Lost
Assam,Silchar,Ashutosh Bhattacharjee,Independent,1507,0.16,Lost
Assam,Silchar,Nazmul Haque Laskar,Independent,1820,0.19,Lost
Assam,Silchar,Puran Lal Goala,Independent,1460,0.15,Lost
Assam,Silchar,Mohendra Chandra Das,Independent,1655,0.17,Lost
Assam,Silchar,Shuvadip Datta,Independent,1535,0.16,Lost
Assam,Silchar,Sabindra Das,Independent,3985,0.42,Lost
Assam,Silchar,NOTA,None of the Above,8547,0.9,Lost
Assam,Tezpur,PALLAB LOCHAN DAS,Bharatiya Janata Party,684166,57.48,Lost
Assam,Tezpur,M.G.V.K. BHANU,Indian National Congress,441325,37.08,Lost
Assam,Tezpur,MAHENDRA BHUYAN,Nationalist Congress Party,6483,0.54,Lost
Assam,Tezpur,MAHENDRA ORANG,Voters Party International,7966,0.67,Lost
Assam,Tezpur,RAM BAHADUR SUNAR,National People's Party,5880,0.49,Lost
Assam,Tezpur,ZIABUR RAHMAN KHAN,Independent,5104,0.43,Lost
Assam,Tezpur,BIJOY KUMAR TIRU,Independent,23646,1.99,Lost
Assam,Tezpur,NOTA,None of the Above,15626,1.31,Lost
Bihar,Araria,PRADEEP KUMAR SINGH,Bharatiya Janata Party,618434,52.87,Lost
Bihar,Araria,RAM NRAYAN BHARTI,Bahujan Samaj Party,10294,0.88,Lost
Bihar,Araria,SARFARAZ ALAM,Rashtriya Janata Dal,481193,41.14,Lost
Bihar,Araria,TARACHAND PASWAN,Bahujan Mukti Party,7266,0.62,Lost
Bihar,Araria,SUDAMA SINGH,Bihar Lok Nirman Dal,2059,0.18,Lost
Bihar,Araria,MD. MATIN,Independent,1369,0.12,Lost
Bihar,Araria,MD. MINHAZ ALAM,Independent,1949,0.17,Lost
Bihar,Araria,MUKESH SINGH,Independent,2145,0.18,Lost
Bihar,Araria,MD. MOBINUL HAQUE,Independent,3037,0.26,Lost
Bihar,Araria,RAMA NAND RISHIDEO,Independent,5959,0.51,Lost
Bihar,Araria,ABDUL WAHID KHAN,Independent,8168,0.7,Lost
Bihar,Araria,SHAHIN PRAVIN,Independent,7139,0.61,Lost
Bihar,Araria,NOTA,None of the Above,20618,1.76,Lost
Bihar,Arrah,Manoj Yadav,Bahujan Samaj Party,10778,1.0,Lost
Bihar,Arrah,R. K. Singh,Bharatiya Janata Party,566480,52.42,Lost
Bihar,Arrah,Anil Kumar Singh,Pragatishil Samajwadi Party (Lohia),7041,0.65,Lost
Bihar,Arrah,Krishna Paswan,Bhartiya Kranti Vir Party,3778,0.35,Lost
Bihar,Arrah,Bharat Bhushan Pandey,Akhil Bharatiya Jan Sangh,3597,0.33,Lost
Bihar,Arrah,Raj Giri Bhagat,Shoshit Samaj Dal,12598,1.17,Lost
Bihar,Arrah,Raju Yadav,Communist Party of India (Marxist-Leninist) (Liberation),419195,38.79,Lost
Bihar,Arrah,Dr. Kumar Sheelbhadra,Independent,9162,0.85,Lost
Bihar,Arrah,Ram Raj Singh,Independent,4555,0.42,Lost
Bihar,Arrah,Lakshaman Kumar Ojha,Independent,7902,0.73,Lost
Bihar,Arrah,Shiv das Singh,Independent,13773,1.27,Lost
Bihar,Arrah,NOTA,None of the Above,21825,2.0,Lost
Bihar,Aurangabad,NARESH YADAV,Bahujan Samaj Party,34033,3.61,Lost
Bihar,Aurangabad,SUSHIL KUMAR SINGH,Bharatiya Janata Party,431541,45.83,Lost
Bihar,Aurangabad,AVINASH KUMAR,Peoples Party of India (Democratic),13765,1.46,Lost
Bihar,Aurangabad,UPENDRA PRASAD,Hindustani Awam Morcha (Secular),358934,38.12,Lost
Bihar,Aurangabad,DR DHARMENDRA KUMAR,Akhil Hind Forward Bloc (Krantikari),16683,1.77,Lost
Bihar,Aurangabad,SOM PRAKASH,Swaraj Party (Loktantrik),11779,1.25,Lost
Bihar,Aurangabad,DHIRENDRA KUMAR SINGH,Independent,25030,2.66,Lost
Bihar,Aurangabad,YOGENDRA RAM,Independent,12060,1.28,Lost
Bihar,Aurangabad,SANTOSH KUMAR SINHA,Independent,15138,1.61,Lost
Bihar,Aurangabad,NOTA,None of the Above,22632,2.4,Lost
Bihar,Banka,GIRIDHARI YADAV,Janata Dal (United),477788,47.98,Lost
Bihar,Banka,JAI PRAKASH NARAYAN YADAV,Rashtriya Janata Dal,277256,27.84,Lost
Bihar,Banka,MD RAFIQUE ALAM,Bahujan Samaj Party,11960,1.2,Lost
Bihar,Banka,KAILASH PRASAD SINGH,Pragatishil Samajwadi Party (Lohia),2582,0.26,Lost
Bihar,Banka,NEELU DEVI,Bhartiya Dalit Party,2331,0.23,Lost
Bihar,Banka,PHESAL ANSARI,Bharatiya Momin Front,2131,0.21,Lost
Bihar,Banka,RAJKISHORE PRASAD ALIAS PAPPU YADAV,Jharkhand Mukti Morcha,3938,0.4,Lost
Bihar,Banka,AMARJEET KUMAR,Independent,3673,0.37,Lost
Bihar,Banka,UMAKANT YADAV,Independent,1889,0.19,Lost
Bihar,Banka,MP YADAV,Independent,1878,0.19,Lost
Bihar,Banka,NARESH YADAV,Independent,2761,0.28,Lost
Bihar,Banka,PAWAN THAKUR,Independent,4084,0.41,Lost
Bihar,Banka,PUTUL KUMARI,Independent,103729,10.42,Lost
Bihar,Banka,PRAMOD SINGH WELDONE,Independent,7362,0.74,Lost
Bihar,Banka,PRAVIN KUMAR JHA,Independent,17025,1.71,Lost
Bihar,Banka,MANOJ KUMAR SAH,Independent,44398,4.46,Lost
Bihar,Banka,MRITUNJAY ROY,Independent,14229,1.43,Lost
Bihar,Banka,MOHAMMAD MUKHTAR ALAM,Independent,5786,0.58,Lost
Bihar,Banka,SANJIV KUMAR KUNAL,Independent,2382,0.24,Lost
Bihar,Banka,SYED ALAMDAR HUSSAIN,Independent,1999,0.2,Lost
Bihar,Banka,NOTA,None of the Above,6625,0.67,Lost
Bihar,Begusarai,Kanhaiya Kumar,Communist Party of India,269976,22.03,Lost
Bihar,Begusarai,Giriraj Singh,Bharatiya Janata Party,692193,56.48,Lost
Bihar,Begusarai,Mo. Tanweer Hassan,Rashtriya Janata Dal,198233,16.17,Lost
Bihar,Begusarai,Umesh Patel,Shoshit Samaj Dal,4172,0.34,Lost
Bihar,Begusarai,Gaurav Kumar,Bhartiya Lokmat Rashtrwadi Party,1886,0.15,Lost
Bihar,Begusarai,Maksudan Paswan,Bahujan Mukti Party,3194,0.26,Lost
Bihar,Begusarai,Amar Kumar,Independent,2560,0.21,Lost
Bihar,Begusarai,Dhiraj Narain,Independent,4278,0.35,Lost
Bihar,Begusarai,Shambhu Kumar Singh,Independent,10019,0.82,Lost
Bihar,Begusarai,Saurabh,Independent,18638,1.52,Lost
Bihar,Begusarai,NOTA,None of the Above,20445,1.67,Lost
Bihar,Bhagalpur,AJAY KUMAR MANDAL,Janata Dal (United),618254,59.3,Lost
Bihar,Bhagalpur,MOHAMMAD ASHIQ IBRAHIMI,Bahujan Samaj Party,9572,0.92,Lost
Bihar,Bhagalpur,SHAILESH KUMAR ALIAS VULO MANDAL,Rashtriya Janata Dal,340624,32.67,Lost
Bihar,Bhagalpur,DEEPAK KUMAR,SOCIALIST UNITY CENTRE OF INDIA (COMMUNIST),7396,0.71,Lost
Bihar,Bhagalpur,SATYENDRA KUMAR,Aam Aadmi Party,7316,0.7,Lost
Bihar,Bhagalpur,SUSHIL KUMAR DAS,Bhartiya Dalit Party,4764,0.46,Lost
Bihar,Bhagalpur,ABHISHEK PRIYADARSHI,Independent,5555,0.53,Lost
Bihar,Bhagalpur,NURULLAH,Independent,9620,0.92,Lost
Bihar,Bhagalpur,SUNIL KUMAR,Independent,7850,0.75,Lost
Bihar,Bhagalpur,NOTA,None of the Above,31567,3.03,Lost
Bihar,Buxar,Ashwini Kumar Choubey,Bharatiya Janata Party,473053,47.94,Lost
Bihar,Buxar,Jagadanand Singh,Rashtriya Janata Dal,355444,36.02,Lost
Bihar,Buxar,Sushil Kumar Singh,Bahujan Samaj Party,80261,8.13,Lost
Bihar,Buxar,Anil Kumar,Jantantrik Vikas Party,9756,0.99,Lost
Bihar,Buxar,Anil Kumar Rai,Rashtriya Dal United,1907,0.19,Lost
Bihar,Buxar,Uday Narayan Rai @ Luddu Rajbhar,Suheldev Bharatiya Samaj Party,14170,1.44,Lost
Bihar,Buxar,Dhanjit Singh @ Dhanjit Kumar,Voters Party International,4171,0.42,Lost
Bihar,Buxar,Ravi Raj,Pragatishil Samajwadi Party (Lohia),1778,0.18,Lost
Bihar,Buxar,Binod Kumar Bikrant,Peoples Party of India (Democratic),1617,0.16,Lost
Bihar,Buxar,Santosh Kumar Yadav,Bahujan Mukti Party,2236,0.23,Lost
Bihar,Buxar,Arvind Kumar Pandey @ Chote Baba,Independent,2351,0.24,Lost
Bihar,Buxar,Jay Prakash Ram,Independent,2233,0.23,Lost
Bihar,Buxar,Ranjit Singh @ Ranage,Independent,3905,0.4,Lost
Bihar,Buxar,Rakesh Kumar Ray @ Guddu Ray,Independent,6802,0.69,Lost
Bihar,Buxar,Ramchandra Singh Yadav,Independent,10730,1.09,Lost
Bihar,Buxar,NOTA,None of the Above,16447,1.67,Lost
Bihar,Darbhanga,Abdul Bari Siddiqui,Rashtriya Janata Dal,318689,33.02,Lost
Bihar,Darbhanga,Gopal Jee Thakur,Bharatiya Janata Party,586668,60.79,Lost
Bihar,Darbhanga,MD. MUKHTAR,Bahujan Samaj Party,11255,1.17,Lost
Bihar,Darbhanga,Saroj Kumar Chaudhary,Mithilanchal Mukti Morcha,4413,0.46,Lost
Bihar,Darbhanga,Abdul Aziz,Independent,2564,0.27,Lost
Bihar,Darbhanga,PANKAJ KUMAR SINGH,Independent,2769,0.29,Lost
Bihar,Darbhanga,SANJAY PASWAN,Independent,4396,0.46,Lost
Bihar,Darbhanga,SAGUNI RAY,Independent,13774,1.43,Lost
Bihar,Darbhanga,NOTA,None of the Above,20468,2.12,Lost
Bihar,Gaya (SC),Din Dayal Bharti alias Kapil Chaudhri,Nationalist Congress Party,8516,0.89,Lost
Bihar,Gaya (SC),Dilip Kumar,Bahujan Samaj Party,13031,1.36,Lost
Bihar,Gaya (SC),Vijay Kumar,Janata Dal (United),467007,48.79,Lost
Bihar,Gaya (SC),Umesh Rajak,Peoples Party of India (Democratic),10398,1.09,Lost
Bihar,Gaya (SC),Giridhar Sapera,Bharatiya Rashtriya Morcha,7944,0.83,Lost
Bihar,Gaya (SC),Jitan Ram Manjhi,Hindustani Awam Morcha (Secular),314581,32.86,Lost
Bihar,Gaya (SC),Dayanand Rajwanshi,Moolniwasi Samaj Party,14553,1.52,Lost
Bihar,Gaya (SC),Prakash Chandra,Public Mission Party,11165,1.17,Lost
Bihar,Gaya (SC),Rakesh Chaudhari,Moulik Adhikar Party,14532,1.52,Lost
Bihar,Gaya (SC),Rajesh Kumar Paswan,Aam Janta Party Rashtriya,11671,1.22,Lost
Bihar,Gaya (SC),Vijay Kumar Chaudhary,Janta Dal Rashtravadi,23462,2.45,Lost
Bihar,Gaya (SC),Sheo Shankar,Ambedkarite Party of India,20464,2.14,Lost
Bihar,Gaya (SC),Sunil Paswan,Bharat Bhrashtachar Mitao Party,9894,1.03,Lost
Bihar,Gaya (SC),NOTA,None of the Above,30030,3.14,Lost
Bihar,Gopalganj (SC),DR. ALOK KUMAR SUMAN,Janata Dal (United),568150,55.44,Lost
Bihar,Gopalganj (SC),KUNAL KISHOR VIVEK,Bahujan Samaj Party,36016,3.51,Lost
Bihar,Gopalganj (SC),SURENDRA RAM,Rashtriya Janata Dal,281716,27.49,Lost
Bihar,Gopalganj (SC),AJAY PASWAN,Shivsena,7573,0.74,Lost
Bihar,Gopalganj (SC),OM PRAKASH MANJHI,Jai Prakash Janata Dal,3744,0.37,Lost
Bihar,Gopalganj (SC),ANIL KUMAR MANJHI,Independent,4886,0.48,Lost
Bihar,Gopalganj (SC),UMA SHANKAR KHARAWAR,Independent,4971,0.49,Lost
Bihar,Gopalganj (SC),GAYA RAM,Independent,4215,0.41,Lost
Bihar,Gopalganj (SC),DILIP KUMAR MANJHI,Independent,12773,1.25,Lost
Bihar,Gopalganj (SC),DINANATH MANJHI,Independent,15600,1.52,Lost
Bihar,Gopalganj (SC),RAM KUMAR MANJHI,Independent,9676,0.94,Lost
Bihar,Gopalganj (SC),SURENDRA RAM,Independent,13807,1.35,Lost
Bihar,Gopalganj (SC),SURAJ KUMAR,Independent,10089,0.98,Lost
Bihar,Gopalganj (SC),NOTA,None of the Above,51660,5.04,Lost
Bihar,Hajipur (SC),UMESH DAS,Bahujan Samaj Party,14579,1.45,Lost
Bihar,Hajipur (SC),DASAI CHAUDHARY,Nationalist Congress Party,4875,0.48,Lost
Bihar,Hajipur (SC),PASHU PATI KUMAR PARAS,Lok Jan Shakti Party,541310,53.76,Lost
Bihar,Hajipur (SC),SHIV CHANDRA RAM,Rashtriya Janata Dal,335861,33.36,Lost
Bihar,Hajipur (SC),KUMARI AASHIKI,Sathi Aur Aapka Faisala Party,6801,0.68,Lost
Bihar,Hajipur (SC),JIBAS PASWAN,SOCIALIST UNITY CENTRE OF INDIA (COMMUNIST),3453,0.34,Lost
Bihar,Hajipur (SC),BALENDRA DAS,Jai Prakash Janata Dal,5589,0.56,Lost
Bihar,Hajipur (SC),RAJGIR PASWAN,Bajjikanchal Vikas Party,11199,1.11,Lost
Bihar,Hajipur (SC),ARVIND PASWAN,Independent,18346,1.82,Lost
Bihar,Hajipur (SC),RAJ KR. PASWAN,Independent,30797,3.06,Lost
Bihar,Hajipur (SC),SHIWANI KANT,Independent,8751,0.87,Lost
Bihar,Hajipur (SC),NOTA,None of the Above,25256,2.51,Lost
Bihar,Jahanabad,CHANDESHWAR PRASAD,Janata Dal (United),335584,40.82,Lost
Bihar,Jahanabad,NITYA NAND SINGH,Bahujan Samaj Party,19211,2.34,Lost
Bihar,Jahanabad,SURENDRA PRASAD YADAV,Rashtriya Janata Dal,333833,40.61,Lost
Bihar,Jahanabad,ARBIND KUMAR,Rajnaitik Vikalp Party,9109,1.11,Lost
Bihar,Jahanabad,ARUN KUMAR,Rashtriya Samta Party (Secular),34558,4.2,Lost
Bihar,Jahanabad,AVINASH KUMAR,Bharatiya Bahujan Congress,2598,0.32,Lost
Bihar,Jahanabad,UMA SHANKAR VERMA,SOCIALIST UNITY CENTRE OF INDIA (COMMUNIST),3323,0.4,Lost
Bihar,Jahanabad,KUNTI DEVI,Communist Party of India (Marxist-Leninist) (Liberation),26325,3.2,Lost
Bihar,Jahanabad,MEERA KUMARI YADAV,Shoshit Samaj Dal,4337,0.53,Lost
Bihar,Jahanabad,RAJENDRA PASWAN,Lok Jan Vikas Morcha,3300,0.4,Lost
Bihar,Jahanabad,RAMJEE KEWAT,Rashtriya mahan Gantantra Party,5005,0.61,Lost
Bihar,Jahanabad,SUNIL KUMAR,Peoples Party of India (Democratic),9444,1.15,Lost
Bihar,Jahanabad,CHANDRA PRAKASH,Independent,7755,0.94,Lost
Bihar,Jahanabad,NOTA,None of the Above,27683,3.37,Lost
Bihar,Jamui (SC),UPENDRA RAVIDAS,Bahujan Samaj Party,31611,3.33,Lost
Bihar,Jamui (SC),CHIRAG KUMAR PASWAN,Lok Jan Shakti Party,529134,55.75,Lost
Bihar,Jamui (SC),BHUDEO CHOUDHARY,Rashtriya Lok Samta Party,288085,30.35,Lost
Bihar,Jamui (SC),AJAY KUMAR,Bhartiya Dalit Party,8281,0.87,Lost
Bihar,Jamui (SC),PANKAJ KUMAR DAS,SOCIALIST UNITY CENTRE OF INDIA (COMMUNIST),4004,0.42,Lost
Bihar,Jamui (SC),VALAMIKI PASAVAN,Hindusthan Nirman Dal,6554,0.69,Lost
Bihar,Jamui (SC),VISHNU PRIYA,Bahujan Mukti Party,10625,1.12,Lost
Bihar,Jamui (SC),VIRENDRA KUMAR,Independent,14628,1.54,Lost
Bihar,Jamui (SC),SUBHASH PASWAN,Independent,16719,1.76,Lost
Bihar,Jamui (SC),NOTA,None of the Above,39496,4.16,Lost
Bihar,Jhanjharpur,GULAB YADAV,Rashtriya Janata Dal,279440,26.35,Lost
Bihar,Jhanjharpur,Raj Kumar Singh,Bahujan Samaj Party,9066,0.85,Lost
Bihar,Jhanjharpur,Ramprit Mandal,Janata Dal (United),602391,56.8,Lost
Bihar,Jhanjharpur,Ganga Prasad Yadav,Peoples Party of India (Democratic),8900,0.84,Lost
Bihar,Jhanjharpur,Chhedi Ram,Bhartiya Mitra Party,3940,0.37,Lost
Bihar,Jhanjharpur,Devendra Prasad Yadav,Samajwadi Janata Dal Democratic,25630,2.42,Lost
Bihar,Jhanjharpur,Prabhat Prasad,Suheldev Bharatiya Samaj Party,8429,0.79,Lost
Bihar,Jhanjharpur,Ratneshwar Jha,Aadarsh Mithila Party,3548,0.33,Lost
Bihar,Jhanjharpur,Ramanand Thakur,Shivsena,4446,0.42,Lost
Bihar,Jhanjharpur,Ramesh kumar Kamat,Aam Adhikar Morcha,4792,0.45,Lost
Bihar,Jhanjharpur,Lakshman Prasad Yadav,Republican Party of India (A),5717,0.54,Lost
Bihar,Jhanjharpur,Surendra Prasad Suman,All India Forward Bloc,4964,0.47,Lost
Bihar,Jhanjharpur,Om Prakash Poddar,Independent,21988,2.07,Lost
Bihar,Jhanjharpur,Ganpati Jha,Independent,21632,2.04,Lost
Bihar,Jhanjharpur,Bablu Gupta,Independent,6908,0.65,Lost
Bihar,Jhanjharpur,Bipeen Kumar Singhwait,Independent,29506,2.78,Lost
Bihar,Jhanjharpur,Sanjay Bhartia,Independent,10062,0.95,Lost
Bihar,Jhanjharpur,NOTA,None of the Above,9203,0.87,Lost
Bihar,Karakat,UPENDRA KUSHWAHA,Rashtriya Lok Samta Party,313866,36.13,Lost
Bihar,Karakat,MAHABALI SINGH,Janata Dal (United),398408,45.86,Lost
Bihar,Karakat,RAJ NARAYAN TIWARI,Bahujan Samaj Party,21715,2.5,Lost
Bihar,Karakat,ARIF ISAIN HUSAIN,Janta Dal Rashtravadi,2498,0.29,Lost
Bihar,Karakat,USHA SHARAN,Shoshit Samaj Dal,3003,0.35,Lost
Bihar,Karakat,KAMLESH RAM (PRASAD),Suheldev Bharatiya Samaj Party,1713,0.2,Lost
Bihar,Karakat,GORAKH RAM,Voters Party International,2079,0.24,Lost
Bihar,Karakat,GHANSHYAM TIWARI,Samajwadi Party,2881,0.33,Lost
Bihar,Karakat,JYOTI RASHMI,Rashtra Sewa Dal,8381,0.96,Lost
Bihar,Karakat,NAND KISHOR YADAV,Swaraj Party (Loktantrik),3419,0.39,Lost
Bihar,Karakat,PRITHVI NATH PRASAD,Asli Deshi Party,1695,0.2,Lost
Bihar,Karakat,PRAKASH CHANDRA GOYAL,Peoples Party of India (Democratic),2219,0.26,Lost
Bihar,Karakat,PRADEEP CHOUHAN,Bihar Lok Nirman Dal,2844,0.33,Lost
Bihar,Karakat,MANOJ SINGH KUSHVAHA,Jai Prakash Janata Dal,3984,0.46,Lost
Bihar,Karakat,MAMTA PANDEY,Rashtriya Samta Party (Secular),8851,1.02,Lost
Bihar,Karakat,MOHAMMAD ATAHAR HUSAIN,Ambedkar National Congress,12431,1.43,Lost
Bihar,Karakat,RAJA RAM SINGH,Communist Party of India (Marxist-Leninist) (Liberation),24932,2.87,Lost
Bihar,Karakat,RAMJEE SINGH KANTA,Akhil Hind Forward Bloc (Krantikari),6663,0.77,Lost
Bihar,Karakat,SHASHIKANT SINGH,Bharatiya Momin Front,1972,0.23,Lost
Bihar,Karakat,ABHIRAM PRIYADARSHI,Independent,1074,0.12,Lost
Bihar,Karakat,KUMAR SAURABH,Independent,2450,0.28,Lost
Bihar,Karakat,DHARMENDRA SINGH,Independent,1286,0.15,Lost
Bihar,Karakat,NEELAM KUMARI,Independent,4605,0.53,Lost
Bihar,Karakat,PUNAM DEVI,Independent,1359,0.16,Lost
Bihar,Karakat,RAM AYODHYA SINGH,Independent,1472,0.17,Lost
Bihar,Karakat,RAMESHWAR SINGH,Independent,4103,0.47,Lost
Bihar,Karakat,BASUDEO HAZARIKA,Independent,6791,0.78,Lost
Bihar,Karakat,NOTA,None of the Above,22104,2.54,Lost
Bihar,Katihar,TARIQ ANWAR,Indian National Congress,502220,44.93,Lost
Bihar,Katihar,DULAL CHANDRA GOSWAMI,Janata Dal (United),559423,50.05,Lost
Bihar,Katihar,MUHAMMAD SHAKUR,Nationalist Congress Party,9248,0.83,Lost
Bihar,Katihar,SHIVNANDAN MANDAL,Bahujan Samaj Party,4014,0.36,Lost
Bihar,Katihar,ABDUR RAHMAN,Peoples Party of India (Democratic),2309,0.21,Lost
Bihar,Katihar,GANGA KEBAT,Rashtriya Jansambhavna Party,2937,0.26,Lost
Bihar,Katihar,BASUKINATH SAH,Bharatiya Bahujan Congress,2633,0.24,Lost
Bihar,Katihar,MARANG HANSDA,Independent,6247,0.56,Lost
Bihar,Katihar,SAMIR KUMAR JHA,Independent,8119,0.73,Lost
Bihar,Katihar,NOTA,None of the Above,20584,1.84,Lost
Bihar,Khagaria,Choudhary Mehboob Ali Kaiser,Lok Jan Shakti Party,510193,52.77,Lost
Bihar,Khagaria,Ramakant Chaudhari,Bahujan Samaj Party,8090,0.84,Lost
Bihar,Khagaria,Upendra Sahani,Rashtriya Jansambhavna Party,6000,0.62,Lost
Bihar,Khagaria,Umesh Chandra Bharti,Aadarsh Mithila Party,7763,0.8,Lost
Bihar,Khagaria,Tej Bahadur Singh,Proutist Sarva Samaj,2830,0.29,Lost
Bihar,Khagaria,Dhirendra Chaudhary,Aam Adhikar Morcha,10747,1.11,Lost
Bihar,Khagaria,Madhuvala Devi,Aam Janta Party Rashtriya,8253,0.85,Lost
Bihar,Khagaria,Mukesh Sahani,Vikassheel Insaan Party,261623,27.06,Lost
Bihar,Khagaria,Moni Kumar,Bahujan Mukti Party,16692,1.73,Lost
Bihar,Khagaria,Vinay Kumar Varun,Janhit Kisan Party,5089,0.53,Lost
Bihar,Khagaria,Sandeep Kumar Saket,Shivsena,3907,0.4,Lost
Bihar,Khagaria,Sunil Yadav,Garib Janshakti Party,5927,0.61,Lost
Bihar,Khagaria,Kundan Kumar,Independent,4493,0.46,Lost
Bihar,Khagaria,Nagendra Singh Tyagi,Independent,16097,1.66,Lost
Bihar,Khagaria,Parmanand Singh,Independent,6628,0.69,Lost
Bihar,Khagaria,Priadarshi Dinkar,Independent,51847,5.36,Lost
Bihar,Khagaria,Bandan Kumar Singh,Independent,20449,2.12,Lost
Bihar,Khagaria,Shiv Narayan Singh,Independent,1954,0.2,Lost
Bihar,Khagaria,Shobha Devi,Independent,4108,0.42,Lost
Bihar,Khagaria,Sangram Kumar Sada,Independent,6527,0.68,Lost
Bihar,Khagaria,NOTA,None of the Above,7596,0.79,Lost
Bihar,Kishanganj,Indra Deo Paswan,Bahujan Samaj Party,6793,0.62,Lost
Bihar,Kishanganj,Javed Akhter,All India Trinamool Congress,5483,0.5,Lost
Bihar,Kishanganj,Dr. Mohammad Jawed,Indian National Congress,367017,33.32,Lost
Bihar,Kishanganj,Syed Mahmood Ashraf,Janata Dal (United),332551,30.19,Lost
Bihar,Kishanganj,Akhtarul Iman,All India Majlis-E-Ittehadul Muslimeen,295029,26.78,Lost
Bihar,Kishanganj,Alimuddin Ansari,Aam Aadmi Party,9822,0.89,Lost
Bihar,Kishanganj,Pradip Kumar Singh,Shivsena,3266,0.3,Lost
Bihar,Kishanganj,Rajendra Paswan,Bahujan Mukti Party,4013,0.36,Lost
Bihar,Kishanganj,Shukal Murmu,Jharkhand Mukti Morcha,10275,0.93,Lost
Bihar,Kishanganj,Azimuddin,Independent,4755,0.43,Lost
Bihar,Kishanganj,Asad Alam,Independent,8133,0.74,Lost
Bihar,Kishanganj,Chhote Lal Mahto,Independent,8700,0.79,Lost
Bihar,Kishanganj,Rajesh Kumar Dubey,Independent,15184,1.38,Lost
Bihar,Kishanganj,Haserul,Independent,10860,0.99,Lost
Bihar,Kishanganj,NOTA,None of the Above,19722,1.79,Lost
Bihar,Madhepura,Dinesh Chandra Yadav,Janata Dal (United),624334,54.42,Lost
Bihar,Madhepura,Sharad Yadav,Rashtriya Janata Dal,322807,28.14,Lost
Bihar,Madhepura,Anil Bharti,Rashtravadi Janata Party,7169,0.62,Lost
Bihar,Madhepura,Umashankar,Bahujan Mukti Party,3104,0.27,Lost
Bihar,Madhepura,Manoj Kumar Mandal,Aam Adhikar Morcha,2565,0.22,Lost
Bihar,Madhepura,Rajiv Kumar Yadav,Baliraja Party,4735,0.41,Lost
Bihar,Madhepura,Rajesh Ranjan @ Pappu Yadav,Jan Adhikar Party (Loktantrik),97631,8.51,Lost
Bihar,Madhepura,Suresh Kumar Bharti,Asli Deshi Party,4731,0.41,Lost
Bihar,Madhepura,Md. Arshad Husain,Independent,3807,0.33,Lost
Bihar,Madhepura,Jaykant Yadav,Independent,8755,0.76,Lost
Bihar,Madhepura,Rajo Sah,Independent,5631,0.49,Lost
Bihar,Madhepura,Vinay Kumar Mishra,Independent,5971,0.52,Lost
Bihar,Madhepura,Suman Kumar Jha,Independent,17584,1.53,Lost
Bihar,Madhepura,NOTA,None of the Above,38450,3.35,Lost
Bihar,Madhubani,ASHOK KUMAR YADAV,Bharatiya Janata Party,595843,61.83,Lost
Bihar,Madhubani,ANAND KUMAR JHA,Akhil Bhartiya Mithila Party,10127,1.05,Lost
Bihar,Madhubani,MD. KHALIQUE ANSARI,Pragatishil Samajwadi Party (Lohia),2726,0.28,Lost
Bihar,Madhubani,DHANESHWAR MAHTO,Bhartiya Mitra Party,6322,0.66,Lost
Bihar,Madhubani,BADRI KUMAR PURBEY,Vikassheel Insaan Party,140903,14.62,Lost
Bihar,Madhubani,RANJIT KUMAR,Bahujan Mukti Party,4524,0.47,Lost
Bihar,Madhubani,RAM SWARUP BHARTI,Voters Party International,2819,0.29,Lost
Bihar,Madhubani,REKHA RANJAN YADAV,Republican Party of India (A),4566,0.47,Lost
Bihar,Madhubani,SATISH CHANDRA JHA,Purvanchal Janta Party (Secular),5074,0.53,Lost
Bihar,Madhubani,SUBHASH CHANDRA JHA,Rashtriya Jansambhavna Party,5677,0.59,Lost
Bihar,Madhubani,ANIL KUMAR SAH,Independent,4528,0.47,Lost
Bihar,Madhubani,ABUBAKAR RAHMANI,Independent,12492,1.3,Lost
Bihar,Madhubani,ABHIJIT KUMAR SINGH,Independent,4069,0.42,Lost
Bihar,Madhubani,RAJU KUMAR RAJ,Independent,5695,0.59,Lost
Bihar,Madhubani,VIDYA SAGAR MANDAL,Independent,6936,0.72,Lost
Bihar,Madhubani,DR. SHAKEEL AHMAD,Independent,131530,13.65,Lost
Bihar,Madhubani,HEMA JHA,Independent,14254,1.48,Lost
Bihar,Madhubani,NOTA,None of the Above,5623,0.58,Lost
Bihar,Maharajganj,Anirudh Prasad alias Sadhu Yadav,Bahujan Samaj Party,25039,2.57,Lost
Bihar,Maharajganj,"Janardan Singh 'Sigriwal""",Bharatiya Janata Party,546352,56.17,Lost
Bihar,Maharajganj,Randhir Kumar Singh,Rashtriya Janata Dal,315580,32.44,Lost
Bihar,Maharajganj,Aravind Kumar Sharma,Bharatiya Jan Kranti Dal (Democratic),8006,0.82,Lost
Bihar,Maharajganj,Ali Azhar Ansari,Maanavvaadi Janta Party,3301,0.34,Lost
Bihar,Maharajganj,Dr. Gopal Prasad,Bhartiya New Sanskar Krantikari Party,2640,0.27,Lost
Bihar,Maharajganj,Subash Singh,Jago Hindustan Party,2900,0.3,Lost
Bihar,Maharajganj,Menka Raman,Independent,6026,0.62,Lost
Bihar,Maharajganj,Rajendra kumar,Independent,7057,0.73,Lost
Bihar,Maharajganj,Dr. Shree Bhagwan Singh,Independent,13137,1.35,Lost
Bihar,Maharajganj,M.K. Singh Rathour,Independent,20497,2.11,Lost
Bihar,Maharajganj,NOTA,None of the Above,22168,2.28,Lost
Bihar,Munger,KUMAR NAVNEET HIMANSHU,Bahujan Samaj Party,10612,1.02,Lost
Bihar,Munger,NILAM DEVI,Indian National Congress,360825,34.82,Lost
Bihar,Munger,RAJIV RANJAN SINGH ALIAS LALAN SINGH,Janata Dal (United),528762,51.03,Lost
Bihar,Munger,AJIT KUMAR,Jharkhand Mukti Morcha,8677,0.84,Lost
Bihar,Munger,ARVIND KUMAR SHARMA,Rashtriya Hind Sena,9291,0.9,Lost
Bihar,Munger,KRISHNA MURARI KUMAR,Jan Adhikar Party,3556,0.34,Lost
Bihar,Munger,PANCHANAND SINGH,Jago Hindustan Party,3271,0.32,Lost
Bihar,Munger,RAUSHAN KUMAR,Pragatishil Samajwadi Party (Lohia),2419,0.23,Lost
Bihar,Munger,VIKASH KUMAR ARYA,SOCIALIST UNITY CENTRE OF INDIA (COMMUNIST),4307,0.42,Lost
Bihar,Munger,SANJAY KESARI,Shivsena,8631,0.83,Lost
Bihar,Munger,SANTOSH KUMAR,Bahujan Mukti Party,4407,0.43,Lost
Bihar,Munger,SURYODAY PASWAN,Sankhyanupati Bhagidari Party,4450,0.43,Lost
Bihar,Munger,SONELAL KORA,Bharatiya Bahujan Congress,7162,0.69,Lost
Bihar,Munger,AMARJIT PATEL,Independent,18646,1.8,Lost
Bihar,Munger,UCHIT KUMAR,Independent,12370,1.19,Lost
Bihar,Munger,DINA SAW,Independent,15893,1.53,Lost
Bihar,Munger,PRANAY KUMAR,Independent,4743,0.46,Lost
Bihar,Munger,MAHESH RAM,Independent,7450,0.72,Lost
Bihar,Munger,DR. RAJESH KUMAR RATNAKAR,Independent,11054,1.07,Lost
Bihar,Munger,NOTA,None of the Above,9742,0.94,Lost
Bihar,Muzaffarpur,Ajay Nishad,Bharatiya Janata Party,666878,63.03,Lost
Bihar,Muzaffarpur,Swarnlata Devi,Bahujan Samaj Party,9095,0.86,Lost
Bihar,Muzaffarpur,Anirudh Singh,All India Forward Bloc,2543,0.24,Lost
Bihar,Muzaffarpur,Jauhar Azad,Bahujan Mukti Party,4636,0.44,Lost
Bihar,Muzaffarpur,Devendra Rakesh,Bajjikanchal Vikas Party,7709,0.73,Lost
Bihar,Muzaffarpur,Dharmendra Paswan,Bharatiya Momin Front,3323,0.31,Lost
Bihar,Muzaffarpur,Nandan Kumar,Janata Party,2572,0.24,Lost
Bihar,Muzaffarpur,Nageshwar Prasad Singh,Rashtriya Rashtrawadi Party,3195,0.3,Lost
Bihar,Muzaffarpur,Pankaj Kumar,Aap Aur Hum Party,3434,0.32,Lost
Bihar,Muzaffarpur,Pradeep Kumar Singh,Shivsena,4321,0.41,Lost
Bihar,Muzaffarpur,Mohamad Idris,SOCIALIST UNITY CENTRE OF INDIA (COMMUNIST),6116,0.58,Lost
Bihar,Muzaffarpur,Raj Bhushan Choudhary,Vikassheel Insaan Party,256890,24.28,Lost
Bihar,Muzaffarpur,Renu Khari,Jan Adhikar Party,7995,0.76,Lost
Bihar,Muzaffarpur,Shiv shakti Monu,Bihar Lok Nirman Dal,8236,0.78,Lost
Bihar,Muzaffarpur,Shiva Bihari Singhania,Bharat Nirman Party,5674,0.54,Lost
Bihar,Muzaffarpur,Sukhdeo Prasad,Voters Party International,24526,2.32,Lost
Bihar,Muzaffarpur,Sudhir Kumar Jha,Yuva Krantikari Party,15843,1.5,Lost
Bihar,Muzaffarpur,Surendra Ray,Rashtriya Hind Sena,7258,0.69,Lost
Bihar,Muzaffarpur,Ajitansh Gaur,Independent,2621,0.25,Lost
Bihar,Muzaffarpur,Mukesh Kumar,Independent,1589,0.15,Lost
Bihar,Muzaffarpur,Ritesh Prasad,Independent,2147,0.2,Lost
Bihar,Muzaffarpur,Suresh Kumar,Independent,2314,0.22,Lost
Bihar,Muzaffarpur,NOTA,None of the Above,9171,0.87,Lost
Bihar,Nalanda,Kaushlendra Kumar,Janata Dal (United),540888,52.45,Lost
Bihar,Nalanda,Shashi Kumar,Bahujan Samaj Party,12675,1.23,Lost
Bihar,Nalanda,Shashi Kumar,Nationalist Congress Party,3083,0.3,Lost
Bihar,Nalanda,Anil Kumar,Bharatiya Jan Kranti Dal (Democratic),8086,0.78,Lost
Bihar,Nalanda,Ashok Kumar Azad,Hindustani Awam Morcha (Secular),284751,27.61,Lost
Bihar,Nalanda,KUMAR HARI CHARAN SINGH YADAV,Bharatiya Momin Front,6187,0.6,Lost
Bihar,Nalanda,Chiranjib Kumar,Shivsena,5520,0.54,Lost
Bihar,Nalanda,Dilip Rawat,Maanavvaadi Janta Party,2966,0.29,Lost
Bihar,Nalanda,Dinanath Pandey,Independent,2231,0.22,Lost
Bihar,Nalanda,Pawan Kumar Pandey,Bhartiya Lokmat Rashtrwadi Party,2322,0.23,Lost
Bihar,Nalanda,Purushotam Sharma,National Jagaran Party,4444,0.43,Lost
Bihar,Nalanda,Brahamdev Prasad,Shoshit Samaj Dal,16346,1.59,Lost
Bihar,Nalanda,Rajeev Ranjan Kumar,Jan Adhikar Party,5962,0.58,Lost
Bihar,Nalanda,Ram Charitra Prasad Singh,Hindusthan Nirman Dal,4412,0.43,Lost
Bihar,Nalanda,Ramchandra Prasad,Samagra Utthan Party,6514,0.63,Lost
Bihar,Nalanda,Ramvilaf Paswan,Rashtriya Hind Sena,21276,2.06,Lost
Bihar,Nalanda,Rekha Kumari,Purvanchal Mahapanchayat,9150,0.89,Lost
Bihar,Nalanda,Shankar Pandey,Bahujan Nyay Dal,4768,0.46,Lost
Bihar,Nalanda,Sanjeet Kumar,Jantantrik Vikas Party,3668,0.36,Lost
Bihar,Nalanda,Sampati Kumar,Suheldev Bharatiya Samaj Party,4434,0.43,Lost
Bihar,Nalanda,Sunil Ravidas,Republican Party of India,6428,0.62,Lost
Bihar,Nalanda,Surendra Singh,Bharat Prabhat Party,2973,0.29,Lost
Bihar,Nalanda,Sohavan Paswan,Public Mission Party,2073,0.2,Lost
Bihar,Nalanda,Ashok Kumar,Independent,10137,0.98,Lost
Bihar,Nalanda,Usha Devi,Independent,3381,0.33,Lost
Bihar,Nalanda,Nita Devi,Independent,2399,0.23,Lost
Bihar,Nalanda,Punit Kumar,Independent,5058,0.49,Lost
Bihar,Nalanda,Mintu Kumar,Independent,6325,0.61,Lost
Bihar,Nalanda,Mohan Bind,Independent,3474,0.34,Lost
Bihar,Nalanda,Mohammad Surkhab Alam,Independent,2216,0.21,Lost
Bihar,Nalanda,Rajnish Kumar Paswan,Independent,2602,0.25,Lost
Bihar,Nalanda,Rakesh Paswan,Independent,11964,1.16,Lost
Bihar,Nalanda,Ramchandra Singh,Independent,9075,0.88,Lost
Bihar,Nalanda,Shailendra Chaudhari,Independent,2171,0.21,Lost
Bihar,Nalanda,Sudhir Kumar,Independent,2901,0.28,Lost
Bihar,Nalanda,NOTA,None of the Above,8426,0.82,Lost
Bihar,Nawada,Chandan Singh,Lok Jan Shakti Party,495684,52.59,Lost
Bihar,Nawada,Vibha Devi,Rashtriya Janata Dal,347612,36.88,Lost
Bihar,Nawada,Vishnu Dev Yadav,Bahujan Samaj Party,11403,1.21,Lost
Bihar,Nawada,Aditya Pradhan,Peoples Party of India (Democratic),4781,0.51,Lost
Bihar,Nawada,Mokim Uddin,Rashtriya Ulama Council,3776,0.4,Lost
Bihar,Nawada,Ranganatha chary,Shivsena,3676,0.39,Lost
Bihar,Nawada,Vijay Ram,Moolniwasi Samaj Party,3427,0.36,Lost
Bihar,Nawada,Tulsi Dayal,Independent,2230,0.24,Lost
Bihar,Nawada,Naresh Prasad,Independent,2651,0.28,Lost
Bihar,Nawada,Nivedita Singh,Independent,6787,0.72,Lost
Bihar,Nawada,Prof. K.B. Prasad,Independent,4072,0.43,Lost
Bihar,Nawada,Rakesh Raushan,Independent,6282,0.67,Lost
Bihar,Nawada,Rajesh Kumar,Independent,14934,1.58,Lost
Bihar,Nawada,NOTA,None of the Above,35147,3.73,Lost
Bihar,Paschim Champaran,BRIJESH KUMAR KUSHWAHA,Rashtriya Lok Samta Party,309800,30.58,Lost
Bihar,Paschim Champaran,RAKESH KUMAR,Bahujan Samaj Party,11427,1.13,Lost
Bihar,Paschim Champaran,DR. SANJAY JAISWAL,Bharatiya Janata Party,603706,59.6,Lost
Bihar,Paschim Champaran,BIPIN NATH TIWARI ALIAS BIPIN TIWARI,Loktantrik Jan Swaraj Party,9868,0.97,Lost
Bihar,Paschim Champaran,AJAY KUMAR SINHA,Independent,3224,0.32,Lost
Bihar,Paschim Champaran,NAFISH AHMAD,Independent,5497,0.54,Lost
Bihar,Paschim Champaran,RATAN KUMAR SARKAR,Independent,4230,0.42,Lost
Bihar,Paschim Champaran,VIKAS KUMAR PRASAD,Independent,8684,0.86,Lost
Bihar,Paschim Champaran,SANJAY KUMAR PATEL,Independent,10801,1.07,Lost
Bihar,Paschim Champaran,NOTA,None of the Above,45699,4.51,Lost
Bihar,Pataliputra,MD. KALIMULLAH,Bahujan Samaj Party,14045,1.3,Lost
Bihar,Pataliputra,MISHA BHARTI,Rashtriya Janata Dal,470236,43.63,Lost
Bihar,Pataliputra,RAM KRIPAL YADAV,Bharatiya Janata Party,509557,47.28,Lost
Bihar,Pataliputra,INDU DEVI MISHRA,Bharatiya Jan Kranti Dal (Democratic),6295,0.58,Lost
Bihar,Pataliputra,MD. TAUFIQUE AHMAD,Voters Party International,3857,0.36,Lost
Bihar,Pataliputra,DURGESH NANDAN SINGH alias DURGESH YADAV,Rashtriya Janvikas Party (Democratic),1414,0.13,Lost
Bihar,Pataliputra,Nagmani,Shivsena,1790,0.17,Lost
Bihar,Pataliputra,VINOD DAS,Bharatiya Bahujan Congress,1785,0.17,Lost
Bihar,Pataliputra,BINDU DEVI,Rashtriya Jansambhavna Party,2795,0.26,Lost
Bihar,Pataliputra,RAM NARAYAN MANJHI,Sankhyanupati Bhagidari Party,1945,0.18,Lost
Bihar,Pataliputra,RAM NIRANJAN ROY,Rashtrawadi Chetna Party,1975,0.18,Lost
Bihar,Pataliputra,RAM PRAVESH RAJAK,Peoples Party of India (Democratic),2129,0.2,Lost
Bihar,Pataliputra,LALITA RAY,Bahujan Nyay Dal,3556,0.33,Lost
Bihar,Pataliputra,WAKIL AHMAD,Janata Party,7646,0.71,Lost
Bihar,Pataliputra,SHIV KUMAR SINGH,Apna Kisan Party,8354,0.78,Lost
Bihar,Pataliputra,SHAILESH KUMAR,Bharatiya Aam Awam Party,9628,0.89,Lost
Bihar,Pataliputra,SATISH KUMAR,Bharatiya Momin Front,3145,0.29,Lost
Bihar,Pataliputra,SOHAN RAY,Yuva Krantikari Party,5810,0.54,Lost
Bihar,Pataliputra,JITENDRA BIND,Independent,4870,0.45,Lost
Bihar,Pataliputra,PUPUL KUMAR SHARMA,Independent,1283,0.12,Lost
Bihar,Pataliputra,BRAJESHWAR PRASAD SINGH,Independent,951,0.09,Lost
Bihar,Pataliputra,MANTU KUMAR,Independent,770,0.07,Lost
Bihar,Pataliputra,RAMESH KUMAR SHARMA,Independent,1558,0.14,Lost
Bihar,Pataliputra,RAJESH KUMAR,Independent,2986,0.28,Lost
Bihar,Pataliputra,SURESH PASWAN,Independent,2793,0.26,Lost
Bihar,Pataliputra,NOTA,None of the Above,6576,0.61,Lost
Bihar,Patna Sahib,RAVI SHANKAR PRASAD,Bharatiya Janata Party,607506,61.85,Lost
Bihar,Patna Sahib,SHATRUGHAN SINHA,Indian National Congress,322849,32.87,Lost
Bihar,Patna Sahib,AKHILESH KUMAR,Asli Deshi Party,3766,0.38,Lost
Bihar,Patna Sahib,ANAMIKA KUMARI,SOCIALIST UNITY CENTRE OF INDIA (COMMUNIST),1220,0.12,Lost
Bihar,Patna Sahib,PRABHASH CHANDRA SHARMA,Vanchit Samaj Party,1272,0.13,Lost
Bihar,Patna Sahib,BASANT SINGH,Bharatiya Jan Kranti Dal (Democratic),1027,0.1,Lost
Bihar,Patna Sahib,MAHBOOB ALAM ANSARI,Bharatiya Momin Front,1483,0.15,Lost
Bihar,Patna Sahib,RAJESH KUMAR,Janata Party,1437,0.15,Lost
Bihar,Patna Sahib,RITA DEVI,Vikassheel Insaan Party,1290,0.13,Lost
Bihar,Patna Sahib,SUMIT RANJAN SINHA,Shivsena,1424,0.14,Lost
Bihar,Patna Sahib,AMIT KUMAR GUPTA,Independent,1572,0.16,Lost
Bihar,Patna Sahib,ARVIND KUMAR,Independent,2806,0.29,Lost
Bihar,Patna Sahib,ASHOK KUMAR GUPTA,Independent,3447,0.35,Lost
Bihar,Patna Sahib,KUMAR RAUNAK,Independent,2575,0.26,Lost
Bihar,Patna Sahib,JAVED,Independent,5446,0.55,Lost
Bihar,Patna Sahib,NIMESH SHUKLA,Independent,9319,0.95,Lost
Bihar,Patna Sahib,RANI DEVI,Independent,5255,0.53,Lost
Bihar,Patna Sahib,VISHNU DEV,Independent,3515,0.36,Lost
Bihar,Patna Sahib,NOTA,None of the Above,5076,0.52,Lost
Bihar,Purnia,UDAY SINGH ALIAS PAPPU SINGH,Indian National Congress,369463,32.02,Lost
Bihar,Purnia,JITENDRA URAB,Bahujan Samaj Party,16537,1.43,Lost
Bihar,Purnia,SANTOSH KUMAR,Janata Dal (United),632924,54.85,Lost
Bihar,Purnia,MANJU MURMU,Jharkhand Mukti Morcha,7963,0.69,Lost
Bihar,Purnia,SANOJ KUMAR CHAUHAN,Bihar Lok Nirman Dal,2625,0.23,Lost
Bihar,Purnia,MD. AKHTAR ALI,Independent,1404,0.12,Lost
Bihar,Purnia,ANIRUDH MEHTA,Independent,9359,0.81,Lost
Bihar,Purnia,ARJUN SINGH,Independent,4444,0.39,Lost
Bihar,Purnia,ASHOK KUMAR SAH,Independent,7314,0.63,Lost
Bihar,Purnia,ASHOK KUMAR SINGH,Independent,7565,0.66,Lost
Bihar,Purnia,DR. MRITUNJAY KUMAR JHA,Independent,3175,0.28,Lost
Bihar,Purnia,RAJIV KUMAR SINGH,Independent,3403,0.29,Lost
Bihar,Purnia,RAJESH KUMAR,Independent,9079,0.79,Lost
Bihar,Purnia,SHUBHASH KUMAR THAKUR,Independent,31795,2.76,Lost
Bihar,Purnia,SHOBHA SOREN,Independent,6947,0.6,Lost
Bihar,Purnia,SAGEER AHMAD,Independent,21374,1.85,Lost
Bihar,Purnia,NOTA,None of the Above,18569,1.61,Lost
Bihar,Purvi Champaran,AAKASH KUMAR SINGH,Rashtriya Lok Samta Party,284139,28.43,Lost
Bihar,Purvi Champaran,Prabhakar Jaiswal,Communist Party of India,10274,1.03,Lost
Bihar,Purvi Champaran,RADHA MOHAN SINGH,Bharatiya Janata Party,577787,57.81,Lost
Bihar,Purvi Champaran,Dinesh Sahani,Rashtriya mahan Gantantra Party,9311,0.93,Lost
Bihar,Purvi Champaran,Devendra Singh,Rashtriya Sarvjan Vikas Party,1914,0.19,Lost
Bihar,Purvi Champaran,Parasnath Pandey,Janvadi Party(Socialist),1793,0.18,Lost
Bihar,Purvi Champaran,Parasnath Ram,Janata Party,1812,0.18,Lost
Bihar,Purvi Champaran,Randhir Kumar Tiwari,Asli Deshi Party,1406,0.14,Lost
Bihar,Purvi Champaran,Rajiv Ranjan,Janta Dal Rashtravadi,1624,0.16,Lost
Bihar,Purvi Champaran,Ramchandra Sah,Rashtriya Jansambhavna Party,6402,0.64,Lost
Bihar,Purvi Champaran,Vinay Kumar Sriwastava,Rashtriya Samta Party (Secular),2343,0.23,Lost
Bihar,Purvi Champaran,Shatrughna Tiwari,Bajjikanchal Vikas Party,4704,0.47,Lost
Bihar,Purvi Champaran,Shekh Seraj,Akhil Bhartiya Apna Dal,4378,0.44,Lost
Bihar,Purvi Champaran,Shobha Devi,Shoshit Samaj Dal,14027,1.4,Lost
Bihar,Purvi Champaran,Sachin Paswan,Rashtriya Hind Sena,12080,1.21,Lost
Bihar,Purvi Champaran,Satyam Yadav,Bahujan Nyay Dal,17741,1.78,Lost
Bihar,Purvi Champaran,Md. Ajmer Alam,Independent,6051,0.61,Lost
Bihar,Purvi Champaran,Aniket Ranjan,Independent,2058,0.21,Lost
Bihar,Purvi Champaran,Pradeep Singh,Independent,6884,0.69,Lost
Bihar,Purvi Champaran,Manoj Tiwari,Independent,1840,0.18,Lost
Bihar,Purvi Champaran,Muneshwar Tiwari,Independent,2767,0.28,Lost
Bihar,Purvi Champaran,Shakti Kumar,Independent,5359,0.54,Lost
Bihar,Purvi Champaran,NOTA,None of the Above,22706,2.27,Lost
Bihar,Samastipur (SC),Dr. Ashok Kumar,Indian National Congress,310800,30.5,Lost
Bihar,Samastipur (SC),Mantesh Kumar,Bahujan Samaj Party,11718,1.15,Lost
Bihar,Samastipur (SC),Ramchandra Paswan,Lok Jan Shakti Party,562443,55.19,Lost
Bihar,Samastipur (SC),Asha Devi,Aam Adhikar Morcha,14114,1.39,Lost
Bihar,Samastipur (SC),Pinku Paswan,Yuva Krantikari Party,6309,0.62,Lost
Bihar,Samastipur (SC),Ratan Bihari,Jan Adhikar Party,5142,0.5,Lost
Bihar,Samastipur (SC),Raj Kumar Ram,Bharatiya Momin Front,5524,0.54,Lost
Bihar,Samastipur (SC),Lalo Paswan,Voters Party International,5467,0.54,Lost
Bihar,Samastipur (SC),Vijay Kumar Ram,Vanchit Samaj Party,10512,1.03,Lost
Bihar,Samastipur (SC),Vidya Nand Ram,Wazib Adhikar Party,29392,2.88,Lost
Bihar,Samastipur (SC),Suraj Kumar Das,Independent,22187,2.18,Lost
Bihar,Samastipur (SC),NOTA,None of the Above,35417,3.48,Lost
Bihar,Saran,Chandrika Roy,Rashtriya Janata Dal,360913,38.33,Lost
Bihar,Saran,Rajiv Pratap Rudy,Bharatiya Janata Party,499342,53.03,Lost
Bihar,Saran,Sheojee Ram,Bahujan Samaj Party,15249,1.62,Lost
Bihar,Saran,Ishteyaque Ahmad,Yuva Krantikari Party,2526,0.27,Lost
Bihar,Saran,Juned Khan,Bhartiya Insan Party,1613,0.17,Lost
Bihar,Saran,Dharamveer Kumar,Bihar Lok Nirman Dal,1513,0.16,Lost
Bihar,Saran,Bhisham Kumar Ray,Purvanchal Mahapanchayat,1931,0.21,Lost
Bihar,Saran,Raj Kishore Prasad,Vanchit Samaj Party,2029,0.22,Lost
Bihar,Saran,Prabhat Kumar Giri,Independent,2611,0.28,Lost
Bihar,Saran,Raj Kumar Rai (Yadav),Independent,4840,0.51,Lost
Bihar,Saran,Lalu Prasad Yadav,Independent,6205,0.66,Lost
Bihar,Saran,Shiv Brat Singh,Independent,14617,1.55,Lost
Bihar,Saran,NOTA,None of the Above,28267,3.0,Lost
Bihar,Sasaram (SC),CHHEDI PASWAN,Bharatiya Janata Party,494800,50.76,Lost
Bihar,Sasaram (SC),MANOJ KUMAR,Bahujan Samaj Party,86406,8.86,Lost
Bihar,Sasaram (SC),MEIRA KUMAR,Indian National Congress,329055,33.76,Lost
Bihar,Sasaram (SC),DHARMRAJ PASWAN,Lok Jan Vikas Morcha,5978,0.61,Lost
Bihar,Sasaram (SC),NIRMALA DEVI,Pragatishil Samajwadi Party (Lohia),1702,0.17,Lost
Bihar,Sasaram (SC),VIDYA JYOTI,Bahujan Mukti Party,2746,0.28,Lost
Bihar,Sasaram (SC),SATYA NARAYAN RAM,Ambedkarite Party of India,4770,0.49,Lost
Bihar,Sasaram (SC),ASHOK KUMAR PASWAN,Independent,2665,0.27,Lost
Bihar,Sasaram (SC),ASHOK BAITHA,Independent,10029,1.03,Lost
Bihar,Sasaram (SC),RAGHUNI RAM SHASTRI,Independent,2421,0.25,Lost
Bihar,Sasaram (SC),RAJANIKANT CHOUDHARY,Independent,3557,0.36,Lost
Bihar,Sasaram (SC),RAMEKBAL RAM,Independent,6410,0.66,Lost
Bihar,Sasaram (SC),SATYA NARAYAN PASWAN,Independent,5222,0.54,Lost
Bihar,Sasaram (SC),NOTA,None of the Above,18988,1.95,Lost
Bihar,Sheohar,Mukesh Kumar Jha,Bahujan Samaj Party,12470,1.24,Lost
Bihar,Sheohar,RAMA DEVI,Bharatiya Janata Party,608678,60.59,Lost
Bihar,Sheohar,Shamim Alam,Nationalist Congress Party,13269,1.32,Lost
Bihar,Sheohar,SYED FAISAL ALI,Rashtriya Janata Dal,268318,26.71,Lost
Bihar,Sheohar,Anil Kumar,Jan Adhikar Party,5779,0.58,Lost
Bihar,Sheohar,Anand Kumar Maurya,Bahujan Azad Party,1814,0.18,Lost
Bihar,Sheohar,UPENDRA SAHANI,Rashtriya Jansambhavna Party,7281,0.72,Lost
Bihar,Sheohar,Jagdish Prasad,Bajjikanchal Vikas Party,4563,0.45,Lost
Bihar,Sheohar,Devendra Prasad Singh,All India Forward Bloc,2640,0.26,Lost
Bihar,Sheohar,Nabi Hussain,Bharat Prabhat Party,1992,0.2,Lost
Bihar,Sheohar,PRABHU NARAYAN,Shivsena,2499,0.25,Lost
Bihar,Sheohar,SHYAM KUMAR,Rashtriya Hind Sena,5066,0.5,Lost
Bihar,Sheohar,Anil Kumar Tiwari,Independent,10679,1.06,Lost
Bihar,Sheohar,Abul Kalam Khan,Independent,6084,0.61,Lost
Bihar,Sheohar,Kedar Nath Prasad,Independent,18426,1.83,Lost
Bihar,Sheohar,Raj Kumar Parsad,Independent,13704,1.36,Lost
Bihar,Sheohar,Ram Dayal Prasad,Independent,3142,0.31,Lost
Bihar,Sheohar,Vijay Nandan Paswan,Independent,11138,1.11,Lost
Bihar,Sheohar,NOTA,None of the Above,7017,0.7,Lost
Bihar,Sitamarhi,Arjun Ray,Rashtriya Janata Dal,317206,30.53,Lost
Bihar,Sitamarhi,Jasem Ahamad,Bahujan Samaj Party,7112,0.68,Lost
Bihar,Sitamarhi,Sunil Kumar Pintu,Janata Dal (United),567745,54.65,Lost
Bihar,Sitamarhi,Braj Kishor,All India Forward Bloc,6307,0.61,Lost
Bihar,Sitamarhi,Mohan Sah,Kisan Party of India,3064,0.29,Lost
Bihar,Sitamarhi,Raghunath Kumar,Aam Aadmi Party,9009,0.87,Lost
Bihar,Sitamarhi,Ravindra Kumar Chandra urf Dr. Raja Babu,Bhartiya Mitra Party,2475,0.24,Lost
Bihar,Sitamarhi,Raj Kishore Prasad,"Proutist Bloc, India",5965,0.57,Lost
Bihar,Sitamarhi,Surendra Kumar,Bajjikanchal Vikas Party,4240,0.41,Lost
Bihar,Sitamarhi,Amit Chaudhary urf Madhav Chaudhary,Independent,9837,0.95,Lost
Bihar,Sitamarhi,Chandrika Prasad,Independent,2663,0.26,Lost
Bihar,Sitamarhi,Dr. Junaid Khan,Independent,3298,0.32,Lost
Bihar,Sitamarhi,Thakur Chandan Kumar Singh,Independent,7287,0.7,Lost
Bihar,Sitamarhi,Dharmendra Kumar,Independent,20487,1.97,Lost
Bihar,Sitamarhi,Nand Kishore Gupta,Independent,6588,0.63,Lost
Bihar,Sitamarhi,Mahesh Nandan Singh,Independent,17270,1.66,Lost
Bihar,Sitamarhi,Ramesh Kumar Mishra,Independent,11056,1.06,Lost
Bihar,Sitamarhi,Lalbabu Paswan,Independent,5192,0.5,Lost
Bihar,Sitamarhi,Vinod Sah,Independent,17724,1.71,Lost
Bihar,Sitamarhi,Shashi Kumar Singh,Independent,4006,0.39,Lost
Bihar,Sitamarhi,NOTA,None of the Above,10318,0.99,Lost
Bihar,Siwan,Kavita Singh,Janata Dal (United),448473,45.54,Lost
Bihar,Siwan,Balmiki Prasad Gupta,Bahujan Samaj Party,8467,0.86,Lost
Bihar,Siwan,Hena Shahab,Rashtriya Janata Dal,331515,33.66,Lost
Bihar,Siwan,Amar Nath Yadav,Communist Party of India (Marxist-Leninist) (Liberation),74644,7.58,Lost
Bihar,Siwan,Narad Pandit,Bharatiya Samta Samaj Party,3615,0.37,Lost
Bihar,Siwan,Parmanand Gond,Swatantra Samaj Party,2069,0.21,Lost
Bihar,Siwan,Bijay bahadur Singh,Rashtriya Sahyog Party,2756,0.28,Lost
Bihar,Siwan,Rohit Kumar Yadav,Sanyukt Vikas Party,2364,0.24,Lost
Bihar,Siwan,Shabana,Jai Prakash Janata Dal,2107,0.21,Lost
Bihar,Siwan,Sudhir Kuamr Singh,Shivsena,2701,0.27,Lost
Bihar,Siwan,Anil Kumar Verma,Independent,5260,0.53,Lost
Bihar,Siwan,Abhishek Kumar Alias Rinku Ji,Independent,3573,0.36,Lost
Bihar,Siwan,Amarjit Prasad,Independent,7671,0.78,Lost
Bihar,Siwan,Upendra Kumar Giri,Independent,17353,1.76,Lost
Bihar,Siwan,Jai Prakash Prasad Alias J.P.Bhai,Independent,5964,0.61,Lost
Bihar,Siwan,Deva Kant Mishra Alias Munna Bhaiya,Independent,36459,3.7,Lost
Bihar,Siwan,Madhuri Pandey,Independent,12928,1.31,Lost
Bihar,Siwan,Sanjay Prajapatee,Independent,2354,0.24,Lost
Bihar,Siwan,Satyendra Kushwaha,Independent,6051,0.61,Lost
Bihar,Siwan,NOTA,None of the Above,8486,0.86,Lost
Bihar,Supaul,Kiran Devi,Bahujan Samaj Party,11108,1.0,Lost
Bihar,Supaul,Dileshwar Kamait,Janata Dal (United),597377,53.78,Lost
Bihar,Supaul,Ranjeet Ranjan,Indian National Congress,330524,29.76,Lost
Bihar,Supaul,Md. Abul Kalam Azad,Jai Hind Party,13693,1.23,Lost
Bihar,Supaul,Krishan dev Mandal,Rashtravadi Janata Party,3552,0.32,Lost
Bihar,Supaul,Dip Narayan Mandal,Shivsena,2775,0.25,Lost
Bihar,Supaul,Naveen Kumar Singh,Bihar Lok Nirman Dal,3010,0.27,Lost
Bihar,Supaul,Pramod Kumar Nirala,Vanchit Samaj Party,4043,0.36,Lost
Bihar,Supaul,Bhim Kumar Gupta,Jammu & Kashmir National Panthers Party,3545,0.32,Lost
Bihar,Supaul,Sanjay Sardar,Lok Sewa Dal,6313,0.57,Lost
Bihar,Supaul,Sanjeet Kumar Choudhary,Aam Janta Party Rashtriya,11093,1.0,Lost
Bihar,Supaul,Satya Narayan Mehta,Jan Adhikar Party,6336,0.57,Lost
Bihar,Supaul,Md. Afroj Alam,Independent,6997,0.63,Lost
Bihar,Supaul,Anand Pathak,Independent,15392,1.39,Lost
Bihar,Supaul,Dinesh Prasad Yadav,Independent,23045,2.07,Lost
Bihar,Supaul,Binod Kumar Sahu,Independent,19277,1.74,Lost
Bihar,Supaul,Rajesh Kumar S/O- Jawahar Lal Das,Independent,6729,0.61,Lost
Bihar,Supaul,Rajesh Kumar S/O- Yugeshwar Sah,Independent,20320,1.83,Lost
Bihar,Supaul,Sandip Kumar Singh,Independent,11534,1.04,Lost
Bihar,Supaul,Sudhakar Jha,Independent,4799,0.43,Lost
Bihar,Supaul,NOTA,None of the Above,9343,0.84,Lost
Bihar,Ujiarpur,Ajay Kumar,Communist Party of India (Marxist),27577,2.85,Lost
Bihar,Ujiarpur,Upendra Kushwaha,Rashtriya Lok Samta Party,266628,27.51,Lost
Bihar,Ujiarpur,Navin Kumar,Bahujan Samaj Party,9699,1.0,Lost
Bihar,Ujiarpur,Nityanand Rai,Bharatiya Janata Party,543906,56.11,Lost
Bihar,Ujiarpur,Dr. Ajay Singh Almust,Rashtriya Samta Party (Secular),10051,1.04,Lost
Bihar,Ujiarpur,Amrendra Kumar Yadav,Pragatishil Samajwadi Party (Lohia),2186,0.23,Lost
Bihar,Ujiarpur,A M Izharul Haque,Sathi Aur Aapka Faisala Party,1842,0.19,Lost
Bihar,Ujiarpur,Kumar Gaurav,Jai Prakash Janata Dal,2367,0.24,Lost
Bihar,Ujiarpur,Jay Narayan Sah,Bajjikanchal Vikas Party,4724,0.49,Lost
Bihar,Ujiarpur,Manoj Kumar,Janta Raj Vikas Party,2364,0.24,Lost
Bihar,Ujiarpur,Raj Kumar Chauhan,Bihar Lok Nirman Dal,4241,0.44,Lost
Bihar,Ujiarpur,Lalan Kumar Roy,Baliraja Party,7535,0.78,Lost
Bihar,Ujiarpur,Allamaa Shiblee Nomanee Halami,Independent,16359,1.69,Lost
Bihar,Ujiarpur,Pranav Kumar,Independent,6074,0.63,Lost
Bihar,Ujiarpur,Mamta Kumari,Independent,23590,2.43,Lost
Bihar,Ujiarpur,MD. Anwar,Independent,13934,1.44,Lost
Bihar,Ujiarpur,Ramashray Thakur,Independent,4942,0.51,Lost
Bihar,Ujiarpur,Sudhir Kumar Ray,Independent,6831,0.7,Lost
Bihar,Ujiarpur,NOTA,None of the Above,14434,1.49,Lost
Bihar,Vaishali,Raghuvansh Prasad Singh,Rashtriya Janata Dal,333631,31.04,Lost
Bihar,Vaishali,Veena Devi (W/o Dinesh Prasad Singh),Lok Jan Shakti Party,568215,52.87,Lost
Bihar,Vaishali,Shankar Mahto,Bahujan Samaj Party,14351,1.34,Lost
Bihar,Vaishali,Amit Vikram,Jantantrik Vikas Party,4531,0.42,Lost
Bihar,Vaishali,Dhanvanti Devi,Lok Chetna Dal,2384,0.22,Lost
Bihar,Vaishali,Naresh Ram,SOCIALIST UNITY CENTRE OF INDIA (COMMUNIST),3327,0.31,Lost
Bihar,Vaishali,Balak Nath Sahani,Rashtriya mahan Gantantra Party,2055,0.19,Lost
Bihar,Vaishali,Rameshwar Sah,Rashtriya Pragati Party,2718,0.25,Lost
Bihar,Vaishali,Reshami Devi,Bajjikanchal Vikas Party,3767,0.35,Lost
Bihar,Vaishali,Vidya Bhushan,Sapaks Party,3978,0.37,Lost
Bihar,Vaishali,Satish Kumar Mishra,Rashtriya Jansambhavna Party,6518,0.61,Lost
Bihar,Vaishali,Sushma Kumari,Garib Janshakti Party,5751,0.54,Lost
Bihar,Vaishali,Abhay Kumar Sharma,Independent,8853,0.82,Lost
Bihar,Vaishali,Arvind Kumar Singh,Independent,9218,0.86,Lost
Bihar,Vaishali,Abha Rai,Independent,27497,2.56,Lost
Bihar,Vaishali,Ismohamad alias Md. Munna,Independent,21857,2.03,Lost
Bihar,Vaishali,Pankaj Kumar,Independent,11981,1.11,Lost
Bihar,Vaishali,Rinkoo Devi,Independent,16738,1.56,Lost
Bihar,Vaishali,Laljee Kumar Rakesh,Independent,5535,0.52,Lost
Bihar,Vaishali,Beena Devi (W/o Ajit Kumar Ray),Independent,3254,0.3,Lost
Bihar,Vaishali,Sudha Rani,Independent,2691,0.25,Lost
Bihar,Vaishali,Suresh Kumar Gupta,Independent,6663,0.62,Lost
Bihar,Vaishali,NOTA,None of the Above,9217,0.86,Lost
Bihar,Valmiki Nagar,DEEPAK YADAV,Bahujan Samaj Party,62963,6.1,Lost
Bihar,Valmiki Nagar,BAIDYANATH PRASAD MAHTO,Janata Dal (United),602660,58.39,Lost
Bihar,Valmiki Nagar,SHASHWAT KEDAR,Indian National Congress,248044,24.03,Lost
Bihar,Valmiki Nagar,DURGESH SINGH CHAUHAN,Bihar Lok Nirman Dal,7917,0.77,Lost
Bihar,Valmiki Nagar,BHOLA RAY,Suheldev Bharatiya Samaj Party,7871,0.76,Lost
Bihar,Valmiki Nagar,MANOJ KUMAR,Janhit Kisan Party,4175,0.4,Lost
Bihar,Valmiki Nagar,RAKESH KEWAT,Rashtriya Hind Sena,12811,1.24,Lost
Bihar,Valmiki Nagar,RAJESH KUSHWAHA,Rashtriya Sarvjan Vikas Party,4583,0.44,Lost
Bihar,Valmiki Nagar,SHIV KUMAR CHAUDHARY,Bharatiya Bahujan Congress,4825,0.47,Lost
Bihar,Valmiki Nagar,SUSHMA DEVI,Shivsena,11933,1.16,Lost
Bihar,Valmiki Nagar,MUNNA SINGH,Independent,6136,0.59,Lost
Bihar,Valmiki Nagar,RAMESH PRASAD,Independent,8964,0.87,Lost
Bihar,Valmiki Nagar,SURESH SAH,Independent,14870,1.44,Lost
Bihar,Valmiki Nagar,NOTA,None of the Above,34338,3.33,Lost
Chandigarh,CHANDIGARH,KIRRON KHER,Bharatiya Janata Party,231188,50.64,Lost
Chandigarh,CHANDIGARH,PAWAN KUMAR BANSAL,Indian National Congress,184218,40.35,Lost
Chandigarh,CHANDIGARH,PARVEEN KUMAR,Bahujan Samaj Party,7396,1.62,Lost
Chandigarh,CHANDIGARH,AVINASH SINGH SHARMA,Chandigarh Ki Aawaz Party,3186,0.7,Lost
Chandigarh,CHANDIGARH,GURMAIL SINGH,All India Forward Bloc,164,0.04,Lost
Chandigarh,CHANDIGARH,JAGDISH KUMAR NIDAN,Hindustan Shakti Sena,365,0.08,Lost
Chandigarh,CHANDIGARH,JYOTI,Akhil Bhartiya Apna Dal,209,0.05,Lost
Chandigarh,CHANDIGARH,NAWAB ALI,Rashtriya Lokswaraj Party,158,0.03,Lost
Chandigarh,CHANDIGARH,BHUPINDER KAUR,Sarvjan Sewa Party,143,0.03,Lost
Chandigarh,CHANDIGARH,MUKESH PACHARA,Ambedkar National Congress,245,0.05,Lost
Chandigarh,CHANDIGARH,YOGRAJ SAHOTA,Rashtriya Jankranti Party,194,0.04,Lost
Chandigarh,CHANDIGARH,RAMNEET,Bhartiya Kisan Party,285,0.06,Lost
Chandigarh,CHANDIGARH,LASHKAR SINGH,Communist Party of India (Marxist-Leninist) Red Star,377,0.08,Lost
Chandigarh,CHANDIGARH,SHAMBHU,Samaj Adhikar Kalyan Party,658,0.14,Lost
Chandigarh,CHANDIGARH,SHARMILA JOHARI,Bharat Prabhat Party,531,0.12,Lost
Chandigarh,CHANDIGARH,SATYBIR SINGH,Bhartiya Manavadhikaar Federal Party,1578,0.35,Lost
Chandigarh,CHANDIGARH,SANDEEP BIDLA,Bahujan Mukti Party,920,0.2,Lost
Chandigarh,CHANDIGARH,SATISH KUMAR,Janral Samaj Party,486,0.11,Lost
Chandigarh,CHANDIGARH,SARABJEET SINGH SOHAL,Bhartiya Rashtrawadi Party,461,0.1,Lost
Chandigarh,CHANDIGARH,SANJAY BALAAN,Bhartiya Jan Samman Party,452,0.1,Lost
Chandigarh,CHANDIGARH,SUBHASH CHANDER GOYAL,Republican Party of India (A),212,0.05,Lost
Chandigarh,CHANDIGARH,SUBHASH TAMOLI,Bahujan Samaj Party (Ambedkar),312,0.07,Lost
Chandigarh,CHANDIGARH,HARMOHAN DHAWAN,Aam Aadmi Party,13781,3.02,Lost
Chandigarh,CHANDIGARH,AKHLESH KUMAR,Independent,206,0.05,Lost
Chandigarh,CHANDIGARH,UDAY RAJ,Independent,156,0.03,Lost
Chandigarh,CHANDIGARH,KARAN VASUDEVA,Independent,136,0.03,Lost
Chandigarh,CHANDIGARH,TEJINDER SINGH WALIA,Independent,320,0.07,Lost
Chandigarh,CHANDIGARH,DEVI SIROHI,Independent,428,0.09,Lost
Chandigarh,CHANDIGARH,NIDHI KANSAL,Independent,569,0.12,Lost
Chandigarh,CHANDIGARH,PREM LATA,Independent,212,0.05,Lost
Chandigarh,CHANDIGARH,BOOTA SINGH,Independent,392,0.09,Lost
Chandigarh,CHANDIGARH,MANJEET SINGH BOHAT,Independent,1062,0.23,Lost
Chandigarh,CHANDIGARH,YOGESH DHINGRA,Independent,731,0.16,Lost
Chandigarh,CHANDIGARH,RAJ KAMAL SINGH,Independent,289,0.06,Lost
Chandigarh,CHANDIGARH,RAM KUMAR,Independent,101,0.02,Lost
Chandigarh,CHANDIGARH,SUNITA,Independent,112,0.02,Lost
Chandigarh,CHANDIGARH,NOTA,None of the Above,4335,0.95,Lost
Chhattisgarh,BASTAR,AAYTU RAM MANDAVI,Bahujan Samaj Party,30449,3.34,Lost
Chhattisgarh,BASTAR,DEEPAK BAIJ,Indian National Congress,402527,44.1,Lost
Chhattisgarh,BASTAR,BAIDU RAM KASHYAP,Bharatiya Janata Party,363545,39.83,Lost
Chhattisgarh,BASTAR,RAMU RAM MOURYA,Communist Party of India,38395,4.21,Lost
Chhattisgarh,BASTAR,PANEESH PRASAD NAG,Ambedkarite Party of India,12421,1.36,Lost
Chhattisgarh,BASTAR,MANGALARAM KARMA,Akhil Bharat Samagra Kranti Party,9912,1.09,Lost
Chhattisgarh,BASTAR,SURESH KAWASI,Shivsena,13930,1.53,Lost
Chhattisgarh,BASTAR,NOTA,None of the Above,41667,4.56,Lost
Chhattisgarh,BILASPUR,ATAL SHRIVASTAV,Indian National Congress,492796,40.75,Lost
Chhattisgarh,BILASPUR,ARUN SAO,Bharatiya Janata Party,634559,52.47,Lost
Chhattisgarh,BILASPUR,UTTAM DAS GUROO GOSAI,Bahujan Samaj Party,21180,1.75,Lost
Chhattisgarh,BILASPUR,NAND KISHORE RAJ,Gondvana Gantantra Party,5259,0.43,Lost
Chhattisgarh,BILASPUR,POORAN LAL CHHABARIYA,Swabhiman Party,966,0.08,Lost
Chhattisgarh,BILASPUR,YAMAN BANJARE,Bhartiya Kisan Party,896,0.07,Lost
Chhattisgarh,BILASPUR,RAMKUMAR GHATLAHARE,Bhartiya Lokmat Rashtrwadi Party,826,0.07,Lost
Chhattisgarh,BILASPUR,EG. RAMFAL MANDREY,Ambedkarite Party of India,2482,0.21,Lost
Chhattisgarh,BILASPUR,SHAMBHU PRASAD SHARMA,Bharat Bhoomi Party,1960,0.16,Lost
Chhattisgarh,BILASPUR,SIDDHRAM LAHARE,Rashtriya Jansabha Party,1311,0.11,Lost
Chhattisgarh,BILASPUR,SANTOSH KAUSHAL,Shivsena,1865,0.15,Lost
Chhattisgarh,BILASPUR,"SANDEEP TIWARI ""RAJ""",Bhartiya Sarvjan Hitey Samaj Party,1852,0.15,Lost
Chhattisgarh,BILASPUR,SANDEEP SINGH PORTE,Adhikar Vikas Party,2201,0.18,Lost
Chhattisgarh,BILASPUR,ARUNKUMAR SAHU,Independent,3281,0.27,Lost
Chhattisgarh,BILASPUR,AVISHEK EKKA,Independent,6782,0.56,Lost
Chhattisgarh,BILASPUR,ENGINEER INDRASEN MOGRE,Independent,11982,0.99,Lost
Chhattisgarh,BILASPUR,URMILA TIWARI,Independent,4979,0.41,Lost
Chhattisgarh,BILASPUR,DUJ RAM SAHU,Independent,3505,0.29,Lost
Chhattisgarh,BILASPUR,BALDAU PRASAD SAHU,Independent,801,0.07,Lost
Chhattisgarh,BILASPUR,RAJU KHATIK URPH LALU,Independent,543,0.04,Lost
Chhattisgarh,BILASPUR,VIDYA SAHU,Independent,748,0.06,Lost
Chhattisgarh,BILASPUR,SALIK RAM JOGI,Independent,645,0.05,Lost
Chhattisgarh,BILASPUR,HARISH CHANDRA SAHU,Independent,1258,0.1,Lost
Chhattisgarh,BILASPUR,HARISH KUMAR MANDWA,Independent,946,0.08,Lost
Chhattisgarh,BILASPUR,HORILAL ANANT,Independent,1446,0.12,Lost
Chhattisgarh,BILASPUR,NOTA,None of the Above,4365,0.36,Lost
Chhattisgarh,DURG,GEETANJALI SINGH,Bahujan Samaj Party,20124,1.45,Lost
Chhattisgarh,DURG,PRATIMA CHANDRAKAR,Indian National Congress,457396,32.86,Lost
Chhattisgarh,DURG,VIJAY BAGHEL,Bharatiya Janata Party,849374,61.02,Lost
Chhattisgarh,DURG,ANURAG SINGH,Bhartiya Kisan Party,5435,0.39,Lost
Chhattisgarh,DURG,AATMA RAM SAHU,SOCIALIST UNITY CENTRE OF INDIA (COMMUNIST),2221,0.16,Lost
Chhattisgarh,DURG,KAMLESH KUMAR NAGARCHI,Shivsena,1097,0.08,Lost
Chhattisgarh,DURG,TRESSA DAVID,India Praja Bandhu Party,797,0.06,Lost
Chhattisgarh,DURG,PITAMBAR LAL NISHAD,Bharat Prabhat Party,775,0.06,Lost
Chhattisgarh,DURG,FARID MOHAMMAD QURAISHI,Gondvana Gantantra Party,919,0.07,Lost
Chhattisgarh,DURG,MALIK RAM THAKUR,Ambedkarite Party of India,1982,0.14,Lost
Chhattisgarh,DURG,RAJ KUMAR GUPTA ADVOCATE,Chhattisgarh Swabhiman Manch,1522,0.11,Lost
Chhattisgarh,DURG,RAJESH KUMAR DUBEY,Bhartiya Shakti Chetna Party,2114,0.15,Lost
Chhattisgarh,DURG,SEVAKRAM BANJARE,Rashtriya Jansabha Party,4072,0.29,Lost
Chhattisgarh,DURG,HIDAR BHATI,Sarvadharam Party (Madhya Pradesh),12107,0.87,Lost
Chhattisgarh,DURG,ANOOP KUMAR PANDEY,Independent,7959,0.57,Lost
Chhattisgarh,DURG,ARUN KUMAR JOSHI,Independent,6753,0.49,Lost
Chhattisgarh,DURG,POKHRAJ MESHRAM,Independent,3177,0.23,Lost
Chhattisgarh,DURG,PRAVEEN TIWARI,Independent,3466,0.25,Lost
Chhattisgarh,DURG,MANOJ GAYKWAD CHHATTISGARHIYA,Independent,4012,0.29,Lost
Chhattisgarh,DURG,GURU DADA LOKESH,Independent,1420,0.1,Lost
Chhattisgarh,DURG,SUNIL KUMAR MARKANDEY,Independent,1003,0.07,Lost
Chhattisgarh,DURG,NOTA,None of the Above,4271,0.31,Lost
Chhattisgarh,JANJGIR-CHAMPA,GUHARAM AJGALLEY,Bharatiya Janata Party,572790,45.91,Lost
Chhattisgarh,JANJGIR-CHAMPA,DAURAM RATNAKAR,Bahujan Samaj Party,131387,10.53,Lost
Chhattisgarh,JANJGIR-CHAMPA,RAVI PARASRAM BHARDWAJ,Indian National Congress,489535,39.24,Lost
Chhattisgarh,JANJGIR-CHAMPA,ASHISH RATRE,Peoples Party of India (Democratic),6240,0.5,Lost
Chhattisgarh,JANJGIR-CHAMPA,NARESH KUMAR DAHARIYA,Rashtriya Gondvana Party,1850,0.15,Lost
Chhattisgarh,JANJGIR-CHAMPA,NARESH BAI JANGDE,Shivsena,1826,0.15,Lost
Chhattisgarh,JANJGIR-CHAMPA,NITESH KUMAR RATRE,Sunder Samaj Party,2568,0.21,Lost
Chhattisgarh,JANJGIR-CHAMPA,BHOJRAM BANJARE,Rashtriya Jansabha Party,1759,0.14,Lost
Chhattisgarh,JANJGIR-CHAMPA,LAKHAN LAL CHAUHAN ALIAS LAKHALA DANAV,Bahujan Mukti Party,1791,0.14,Lost
Chhattisgarh,JANJGIR-CHAMPA,VRINDA CHAUHAN,Chhattisgarh Vikas Ganga Rashtriya Party,2187,0.18,Lost
Chhattisgarh,JANJGIR-CHAMPA,SHANTI KUMAR RATRE,Gondvana Gantantra Party,2784,0.22,Lost
Chhattisgarh,JANJGIR-CHAMPA,SITA CHAUHAN,Bhartiya Shakti Chetna Party,3876,0.31,Lost
Chhattisgarh,JANJGIR-CHAMPA,SEEMA AJAY,Ambedkarite Party of India,7831,0.63,Lost
Chhattisgarh,JANJGIR-CHAMPA,ASHARAM RATNAKAR,Independent,6467,0.52,Lost
Chhattisgarh,JANJGIR-CHAMPA,DR. UDAY RATRE,Independent,4778,0.38,Lost
Chhattisgarh,JANJGIR-CHAMPA,NOTA,None of the Above,9981,0.8,Lost
Chhattisgarh,KANKER,BIRESH THAKUR,Indian National Congress,539319,46.53,Lost
Chhattisgarh,KANKER,MOHAN MANDAVI,Bharatiya Janata Party,546233,47.12,Lost
Chhattisgarh,KANKER,SUBE SINGH DHURVA,Bahujan Samaj Party,10124,0.87,Lost
Chhattisgarh,KANKER,UMASHANKAR BHANDARI,Shivsena,3437,0.3,Lost
Chhattisgarh,KANKER,GHANSHYAM JURRI,Gondvana Gantantra Party,4471,0.39,Lost
Chhattisgarh,KANKER,DURGAPRASAD THAKUR,Ambedkarite Party of India,6103,0.53,Lost
Chhattisgarh,KANKER,MATHAN SINGH MARKAM,Bhartiya Shakti Chetna Party,5586,0.48,Lost
Chhattisgarh,KANKER,NAREND NAG,Independent,5758,0.5,Lost
Chhattisgarh,KANKER,HARISINGH SIDAR,Independent,11449,0.99,Lost
Chhattisgarh,KANKER,NOTA,None of the Above,26713,2.3,Lost
Chhattisgarh,KORBA,JYOTI NAND DUBEY,Bharatiya Janata Party,497061,43.72,Lost
Chhattisgarh,KORBA,JYOTSNA CHARANDAS MAHANT,Indian National Congress,523410,46.03,Lost
Chhattisgarh,KORBA,PARMIT SINGH,Bahujan Samaj Party,15880,1.4,Lost
Chhattisgarh,KORBA,CHANDRA BHUSHAN KANWAR ADHIVAKTA L L M,Ambedkarite Party of India,3965,0.35,Lost
Chhattisgarh,KORBA,TULESHWAR HIRASINGH MARKAM,Gondvana Gantantra Party,37417,3.29,Lost
Chhattisgarh,KORBA,RAJ KUMAR YADAV,Bhartiya Panchyat Party,1986,0.17,Lost
Chhattisgarh,KORBA,RAJESH PANDEY,Bharat Bhoomi Party,3085,0.27,Lost
Chhattisgarh,KORBA,LILAMBAR SINGH,Bhartiya Tribal Party,2910,0.26,Lost
Chhattisgarh,KORBA,SUMAN LAL KHANDE,Rashtriya Jansabha Party,2987,0.26,Lost
Chhattisgarh,KORBA,DEEPAK SAHU,Independent,3703,0.33,Lost
Chhattisgarh,KORBA,PRAMOD KUMAR SHARMA,Independent,4798,0.42,Lost
Chhattisgarh,KORBA,RAMDAYAL URAON,Independent,6801,0.6,Lost
Chhattisgarh,KORBA,LAKHAN LAL DEWANGAN,Independent,13695,1.2,Lost
Chhattisgarh,KORBA,NOTA,None of the Above,19305,1.7,Lost
Chhattisgarh,MAHASAMUND,CHUNNI LAL SAHU,Bharatiya Janata Party,616580,50.44,Lost
Chhattisgarh,MAHASAMUND,DHANSING KOSARIYA,Bahujan Samaj Party,11245,0.92,Lost
Chhattisgarh,MAHASAMUND,DHANENDRA SAHU,Indian National Congress,526069,43.04,Lost
Chhattisgarh,MAHASAMUND,ASHOK SONI,Ambedkarite Party of India,7733,0.63,Lost
Chhattisgarh,MAHASAMUND,COMRADE BHOJLAL NETAM,Communist Party of India (Marxist-Leninist) Red Star,2263,0.19,Lost
Chhattisgarh,MAHASAMUND,ROHIT KUMAR KOSRE,Rashtriya Jansabha Party,1317,0.11,Lost
Chhattisgarh,MAHASAMUND,DR. VIRENDRA CHOUDHARY,Bhartiya Shakti Chetna Party,2538,0.21,Lost
Chhattisgarh,MAHASAMUND,KHILAWAN SINGH DHRUW,Independent,2250,0.18,Lost
Chhattisgarh,MAHASAMUND,CHAMPALAL PATEL GURUJI,Independent,1941,0.16,Lost
Chhattisgarh,MAHASAMUND,JAGMOHAN BHAGWAT KOSARIYA,Independent,2244,0.18,Lost
Chhattisgarh,MAHASAMUND,TARUN KUMAR DADSENA,Independent,4181,0.34,Lost
Chhattisgarh,MAHASAMUND,DEVENDAR SINGH THAKUR (RAJPUT),Independent,15491,1.27,Lost
Chhattisgarh,MAHASAMUND,SANTOSH BANJARE,Independent,7242,0.59,Lost
Chhattisgarh,MAHASAMUND,NOTA,None of the Above,21241,1.74,Lost
Chhattisgarh,RAIGARH,INNOCENT KUJUR,Bahujan Samaj Party,26596,1.97,Lost
Chhattisgarh,RAIGARH,GOMATI SAI,Bharatiya Janata Party,658335,48.76,Lost
Chhattisgarh,RAIGARH,LALJEET SINGH RATHIA,Indian National Congress,592308,43.87,Lost
Chhattisgarh,RAIGARH,AMRIT TIRKEY,Pragatishil Samajwadi Party (Lohia),8887,0.66,Lost
Chhattisgarh,RAIGARH,KRIPASHANKAR BHAGAT,Bhartiya Tribal Party,2591,0.19,Lost
Chhattisgarh,RAIGARH,JAI SINGH SIDAR,Gondvana Gantantra Party,2545,0.19,Lost
Chhattisgarh,RAIGARH,JYOTI BHAGAT,Kisan Mazdoor Sangharsh Party,1854,0.14,Lost
Chhattisgarh,RAIGARH,RAVISHANKAR SIDAR,Ambedkarite Party of India,4006,0.3,Lost
Chhattisgarh,RAIGARH,VIJAY LAKARA,Shivsena,3347,0.25,Lost
Chhattisgarh,RAIGARH,VIR KUMAR TIGGA,Bahujan Mukti Party,2835,0.21,Lost
Chhattisgarh,RAIGARH,TARIKA TARANGINI URAON,Independent,5713,0.42,Lost
Chhattisgarh,RAIGARH,TEJRAM SIDAR,Independent,5656,0.42,Lost
Chhattisgarh,RAIGARH,NAVAL KISHOR RATHIA,Independent,9560,0.71,Lost
Chhattisgarh,RAIGARH,PRAKASH KUMAR URANW,Independent,10162,0.75,Lost
Chhattisgarh,RAIGARH,NOTA,None of the Above,15729,1.17,Lost
Chhattisgarh,RAIPUR,Khilesh Kumar Sahu Alias Khileshwar,Bahujan Samaj Party,10597,0.76,Lost
Chhattisgarh,RAIPUR,Pramod Dubey,Indian National Congress,489664,35.07,Lost
Chhattisgarh,RAIPUR,Sunil Kumar Soni,Bharatiya Janata Party,837902,60.01,Lost
Chhattisgarh,RAIPUR,Ajay Chakole,Gondvana Gantantra Party,4422,0.32,Lost
Chhattisgarh,RAIPUR,Ikram Saifi,Ambedkarite Party of India,1495,0.11,Lost
Chhattisgarh,RAIPUR,Chhabi Lal Kanwar,Bhartiya Shakti Chetna Party,817,0.06,Lost
Chhattisgarh,RAIPUR,Tameshwar Sahu,Bhartiya Kisan Party,762,0.05,Lost
Chhattisgarh,RAIPUR,Devki Dubey (Sandhya),Republican Party of India (A),788,0.06,Lost
Chhattisgarh,RAIPUR,Devendra Kumar Patil,SOCIALIST UNITY CENTRE OF INDIA (COMMUNIST),1469,0.11,Lost
Chhattisgarh,RAIPUR,Banmali Chhura,Bharatiya Bahujan Party,1069,0.08,Lost
Chhattisgarh,RAIPUR,Dr. Yogita Bajpai,Sarvodaya Bharat Party,1210,0.09,Lost
Chhattisgarh,RAIPUR,Vijay Kumar Kurre,Rashtriya Jansabha Party,1744,0.12,Lost
Chhattisgarh,RAIPUR,Advocate Shailendra Kumar Banjare,Shakti Sena (Bharat Desh),2802,0.2,Lost
Chhattisgarh,RAIPUR,Santosh Yadu,Shivsena,9690,0.69,Lost
Chhattisgarh,RAIPUR,Tarjan Jangde,Independent,6301,0.45,Lost
Chhattisgarh,RAIPUR,Navin Gupta,Independent,5676,0.41,Lost
Chhattisgarh,RAIPUR,Pravin Jain,Independent,1936,0.14,Lost
Chhattisgarh,RAIPUR,Pritesh Pandey,Independent,3829,0.27,Lost
Chhattisgarh,RAIPUR,Manish Shrivastav,Independent,4035,0.29,Lost
Chhattisgarh,RAIPUR,Ramkrishna Verma,Independent,672,0.05,Lost
Chhattisgarh,RAIPUR,Ramdyal Dahariya,Independent,467,0.03,Lost
Chhattisgarh,RAIPUR,Rupesh Sahu,Independent,473,0.03,Lost
Chhattisgarh,RAIPUR,Shankar Lal Vardani,Independent,887,0.06,Lost
Chhattisgarh,RAIPUR,Sanju Kumar Yadav,Independent,1661,0.12,Lost
Chhattisgarh,RAIPUR,Santosh Sahu,Independent,1590,0.11,Lost
Chhattisgarh,RAIPUR,NOTA,None of the Above,4292,0.31,Lost
Chhattisgarh,RAJNANDGAON,BHOLA RAM SAHU,Indian National Congress,550421,42.11,Lost
Chhattisgarh,RAJNANDGAON,RAVITA LAKRA (DHRUV),Bahujan Samaj Party,17145,1.31,Lost
Chhattisgarh,RAJNANDGAON,SANTOSH PANDEY,Bharatiya Janata Party,662387,50.68,Lost
Chhattisgarh,RAJNANDGAON,AJAY PALI (BABA),Shivsena,8366,0.64,Lost
Chhattisgarh,RAJNANDGAON,DR. GOJUPAL,Republican Party of India (A),1773,0.14,Lost
Chhattisgarh,RAJNANDGAON,PRATIMA SANTOSH WASHNIK,Republican Paksha (Khoripa),1506,0.12,Lost
Chhattisgarh,RAJNANDGAON,MAHENDRA KUMAR SAHU,Forward Democratic Labour Party,1519,0.12,Lost
Chhattisgarh,RAJNANDGAON,VISHWANATH SINGH PORTE,Gondvana Gantantra Party,3817,0.29,Lost
Chhattisgarh,RAJNANDGAON,BAIDYA SHEKHU RAM VERMA (GURUJI),Ambedkarite Party of India,4297,0.33,Lost
Chhattisgarh,RAJNANDGAON,KAMINI SAHU,Independent,2445,0.19,Lost
Chhattisgarh,RAJNANDGAON,KRANTI GUPTA,Independent,3713,0.28,Lost
Chhattisgarh,RAJNANDGAON,RAMKHILAWAN DAHARIYA,Independent,5068,0.39,Lost
Chhattisgarh,RAJNANDGAON,SACHCHIDANAND KAUSHIK,Independent,12472,0.95,Lost
Chhattisgarh,RAJNANDGAON,SUDESH TIKAM,Independent,12668,0.97,Lost
Chhattisgarh,RAJNANDGAON,NOTA,None of the Above,19436,1.49,Lost
Chhattisgarh,SARGUJA,Khel Sai Singh,Indian National Congress,505838,39.5,Lost
Chhattisgarh,SARGUJA,Maya Bhagat,Bahujan Samaj Party,18534,1.45,Lost
Chhattisgarh,SARGUJA,Renuka Singh Saruta,Bharatiya Janata Party,663711,51.82,Lost
Chhattisgarh,SARGUJA,Asha Devi Poya,Gondvana Gantantra Party,24463,1.91,Lost
Chhattisgarh,SARGUJA,Guman Singh Poya,Ambedkarite Party of India,5388,0.42,Lost
Chhattisgarh,SARGUJA,Chandradeep Singh Korcho,Rashtriya Jansabha Party,3712,0.29,Lost
Chhattisgarh,SARGUJA,Pawan Kumar Nag,Bahujan Mukti Party,4143,0.32,Lost
Chhattisgarh,SARGUJA,Mohan Singh Tekam,Shivsena,7161,0.56,Lost
Chhattisgarh,SARGUJA,Ramnath Cherwa,Shoshit Samaj Dal,9060,0.71,Lost
Chhattisgarh,SARGUJA,Palsay Uranv,Independent,9414,0.74,Lost
Chhattisgarh,SARGUJA,NOTA,None of the Above,29265,2.29,Lost
Dadra & Nagar Haveli,Dadra And Nagar Haveli,TOKIYA PRABHUBHAI,Indian National Congress,8608,4.33,Lost
Dadra & Nagar Haveli,Dadra And Nagar Haveli,DONGARKAR ISHWARBHAI GOPJIBHAI,Bahujan Samaj Party,948,0.48,Lost
Dadra & Nagar Haveli,Dadra And Nagar Haveli,PATEL NATUBHAI GOMANBHAI,Bharatiya Janata Party,81420,40.92,Lost
Dadra & Nagar Haveli,Dadra And Nagar Haveli,JANATHIYA PRAVINBHAI LADAKBHAI,Bahujan Mukti Party,1596,0.8,Lost
Dadra & Nagar Haveli,Dadra And Nagar Haveli,PATEL ANKITA AMRUTBHAI,Shivsena,4000,2.01,Lost
Dadra & Nagar Haveli,Dadra And Nagar Haveli,BHIKHLABHAI VANSABHAI KHULAT,Bhartiya Tribal Party,843,0.42,Lost
Dadra & Nagar Haveli,Dadra And Nagar Haveli,HALPATI RAJESHBHAI BHANABHAI,Navsarjan Bharat Party,1160,0.58,Lost
Dadra & Nagar Haveli,Dadra And Nagar Haveli,KURADA DEEPAKBHAI,Independent,3630,1.82,Lost
Dadra & Nagar Haveli,Dadra And Nagar Haveli,DELKAR MOHANBHAI SANJIBHAI,Independent,90421,45.44,Lost
Dadra & Nagar Haveli,Dadra And Nagar Haveli,DAYAT MANOJ RANCHOD,Independent,2287,1.15,Lost
Dadra & Nagar Haveli,Dadra And Nagar Haveli,PATEL DHIRUBHAI CHHOTUBHAI,Independent,1120,0.56,Lost
Dadra & Nagar Haveli,Dadra And Nagar Haveli,NOTA,None of the Above,2950,1.48,Lost
Daman & Diu,Daman & diu,KETAN DAHYABHAI PATEL,Indian National Congress,27655,31.62,Lost
Daman & Diu,Daman & diu,LALUBHAI BABUBHAI PATEL,Bharatiya Janata Party,37597,42.98,Lost
Daman & Diu,Daman & diu,SAKIL LATIF KHAN,Bahujan Samaj Party,792,0.91,Lost
Daman & Diu,Daman & diu,PATEL UMESHBHAI BABUBHAI,Independent,19938,22.79,Lost
Daman & Diu,Daman & diu,NOTA,None of the Above,1487,1.7,Lost
Goa,North Goa,GIRISH RAYA CHODANKAR,Indian National Congress,164597,38.4,Lost
Goa,North Goa,SHRIPAD YESSO NAIK,Bharatiya Janata Party,244844,57.12,Lost
Goa,North Goa,AMIT ATMARAM KORGAONKAR,Republican Party of India (Kamble),2809,0.66,Lost
Goa,North Goa,DATTATRAYA PADGAONKAR,Aam Aadmi Party,4756,1.11,Lost
Goa,North Goa,AISHWARYA ARJUN SALGAONKAR,Independent,2127,0.5,Lost
Goa,North Goa,BHAGAWANT SADANAND KAMAT,Independent,2432,0.57,Lost
Goa,North Goa,NOTA,None of the Above,7063,1.65,Lost
Goa,South Goa,COSME FRANCISCO CAITANO SARDINHA,Indian National Congress,201561,47.47,Lost
Goa,South Goa,ADV. NARENDRA SAWAIKAR,Bharatiya Janata Party,191806,45.18,Lost
Goa,South Goa,ELVIS GOMES,Aam Aadmi Party,20891,4.92,Lost
Goa,South Goa,RAKHI AMIT NAIK,Shivsena,1763,0.42,Lost
Goa,South Goa,DR. KALIDAS PRAKASH VAINGANKAR,Independent,1413,0.33,Lost
Goa,South Goa,MAYUR KHANCONKAR,Independent,1705,0.4,Lost
Goa,South Goa,NOTA,None of the Above,5436,1.28,Lost
Gujarat,Ahmedabad East,Gitaben Patel,Indian National Congress,315504,28.26,Lost
Gujarat,Ahmedabad East,Patel Hasmukhbhai Somabhai,Bharatiya Janata Party,749834,67.17,Lost
Gujarat,Ahmedabad East,Vaghela Ganeshbhai Narsinhbhai,Bahujan Samaj Party,9121,0.82,Lost
Gujarat,Ahmedabad East,Kadri Mohammad Sabir,Ambedkar National Congress,628,0.06,Lost
Gujarat,Ahmedabad East,Chauhan Narendrasinh Makhatulsinh,Yuva Jan Jagriti Party,589,0.05,Lost
Gujarat,Ahmedabad East,Thakur Jitendrasinh Surendrasinh,Loktantrik Rashrtavadi Party,705,0.06,Lost
Gujarat,Ahmedabad East,Bhatt Sunilkumar Narendrabhai,Right to Recall Party,704,0.06,Lost
Gujarat,Ahmedabad East,Manoj Premchand Gupta,Sarvodaya Bharat Party,604,0.05,Lost
Gujarat,Ahmedabad East,Mishra Arjun Ramshankar,Jan Sangharsh Virat Party,821,0.07,Lost
Gujarat,Ahmedabad East,Mundra Anilkumar,Lok Gathbandhan Party,635,0.06,Lost
Gujarat,Ahmedabad East,Rajesh Maurya,Prajatantra Aadhar Party,1346,0.12,Lost
Gujarat,Ahmedabad East,Virat Pradip Shah,Jan Satya Path Party,899,0.08,Lost
Gujarat,Ahmedabad East,Vekariya Rushi Bharatbhai (Patel),Hindusthan Nirman Dal,1649,0.15,Lost
Gujarat,Ahmedabad East,Samirbhai Rajeshkumar Upadhyay,Manvadhikar National Party,1272,0.11,Lost
Gujarat,Ahmedabad East,Dr. Hitesh Mahendrabhai,Nirbhay Bharteey Party,2449,0.22,Lost
Gujarat,Ahmedabad East,Atulbhai Nanubhai Kathiriya,Independent,6082,0.54,Lost
Gujarat,Ahmedabad East,Chauhan Kiritbhai,Independent,3548,0.32,Lost
Gujarat,Ahmedabad East,Jayswal Nareshkumar Babulal (Raju Mataji),Independent,2517,0.23,Lost
Gujarat,Ahmedabad East,Devda Dasharath Misarilal,Independent,1395,0.12,Lost
Gujarat,Ahmedabad East,Pareshkumar Nanubhai Mulani,Independent,458,0.04,Lost
Gujarat,Ahmedabad East,Bharvad Saileshkumar Kalidas,Independent,573,0.05,Lost
Gujarat,Ahmedabad East,Mahesh Prabhudas Ahuja,Independent,1791,0.16,Lost
Gujarat,Ahmedabad East,Mishra Rajkumar Malekchand,Independent,534,0.05,Lost
Gujarat,Ahmedabad East,Minaxiben Rakeshkumar Solanki,Independent,898,0.08,Lost
Gujarat,Ahmedabad East,Sharma Brijesh Kumar Ujagarlal,Independent,1337,0.12,Lost
Gujarat,Ahmedabad East,Sheikh Salmabanu Mohammad Salim,Independent,1466,0.13,Lost
Gujarat,Ahmedabad East,NOTA,None of the Above,9008,0.81,Lost
Gujarat,Ahmedabad West,DR. KIRIT P. SOLANKI,Bharatiya Janata Party,641622,64.35,Lost
Gujarat,Ahmedabad West,TRIBHOVANDAS KARSANDAS VAGHELA,Bahujan Samaj Party,10028,1.01,Lost
Gujarat,Ahmedabad West,RAJU PARMAR,Indian National Congress,320076,32.1,Lost
Gujarat,Ahmedabad West,CHAUHAN HARISHBHAI JETHABHAI,Rashtriya Power Party,2063,0.21,Lost
Gujarat,Ahmedabad West,JADAV ULPESH JAYANTILAL,Peoples Party of India (Democratic),725,0.07,Lost
Gujarat,Ahmedabad West,DIPIKA JITENDRAKUMAR SUTARIA,Manvadhikar National Party,615,0.06,Lost
Gujarat,Ahmedabad West,VAGHELA ASHWINBHAI AMRUTBHAI,Bhartiya Tribal Party,1395,0.14,Lost
Gujarat,Ahmedabad West,VEDUBHAI KAUTIKBHAI SIRASAT,Ambedkarite Party of India,1055,0.11,Lost
Gujarat,Ahmedabad West,SOLANKI CHIRAGBHAI SOMABHAI,Jan Satya Path Party,524,0.05,Lost
Gujarat,Ahmedabad West,HARSHADKUMAR LAXMANBHAI SOLANKI,Right to Recall Party,621,0.06,Lost
Gujarat,Ahmedabad West,BHITORA BHAVESH CHIMANBHAI,Independent,810,0.08,Lost
Gujarat,Ahmedabad West,MALHOTRA PANKAJKUMAR DAYABHAI (DOCTOR SAHEB),Independent,1420,0.14,Lost
Gujarat,Ahmedabad West,MAHEDIA MAHENDRABHAI PARSOTTAMDAS,Independent,1351,0.14,Lost
Gujarat,Ahmedabad West,NOTA,None of the Above,14719,1.48,Lost
Gujarat,Amreli,Kachhadiya Naranbhai Bhikhabhai,Bharatiya Janata Party,529035,58.19,Lost
Gujarat,Amreli,Chauhan Ravjibhai Mulabhai,Bahujan Samaj Party,9691,1.07,Lost
Gujarat,Amreli,Paresh Dhanani,Indian National Congress,327604,36.03,Lost
Gujarat,Amreli,Dhapa Dharamshibhai Ramjibhai,Vyavastha Parivartan Party,4747,0.52,Lost
Gujarat,Amreli,R.S. Gosai,Independent,1763,0.19,Lost
Gujarat,Amreli,Chauhan Dayabhai Bhagvanbhai,Independent,1553,0.17,Lost
Gujarat,Amreli,Jerambhai R. Parmar,Independent,986,0.11,Lost
Gujarat,Amreli,Dayala Shubhashbhai Parabatbhai,Independent,1413,0.16,Lost
Gujarat,Amreli,Nathalal Sukhadiya,Independent,2207,0.24,Lost
Gujarat,Amreli,Mehta Nanalal Kalidas,Independent,2336,0.26,Lost
Gujarat,Amreli,Valodara Vrajlal Jivabhai,Independent,5332,0.59,Lost
Gujarat,Amreli,Himmat Bagda,Independent,4933,0.54,Lost
Gujarat,Amreli,NOTA,None of the Above,17567,1.93,Lost
Gujarat,Anand,PATEL MITESH RAMESHBHAI (BAKABHAI),Bharatiya Janata Party,633097,57.1,Lost
Gujarat,Anand,BHARATBHAI MADHAVSINH SOLANKI,Indian National Congress,435379,39.27,Lost
Gujarat,Anand,VANKAR RAMESHBHAI VALJIBHAI,Bahujan Samaj Party,5959,0.54,Lost
Gujarat,Anand,BHATT ASHISHKUMAR MANOJKUMAR,Akhil Bharatiya Jan Sangh,1034,0.09,Lost
Gujarat,Anand,BHATT SUNILKUMAR NARENDRABHAI,Right to Recall Party,1155,0.1,Lost
Gujarat,Anand,KEYUR PRAVINBHAI PATEL (BAKABHAI),Independent,966,0.09,Lost
Gujarat,Anand,CHAVDA KAUSHIKKUMAR,Independent,1064,0.1,Lost
Gujarat,Anand,BHARATBHAI SOLANKI,Independent,2460,0.22,Lost
Gujarat,Anand,SANTOLKUMAR MAHIJIBHAI PATEL (BAKABHAI),Independent,2301,0.21,Lost
Gujarat,Anand,HITENDRASINH MOHANSINH PARMAR,Independent,6854,0.62,Lost
Gujarat,Anand,NOTA,None of the Above,18392,1.66,Lost
Gujarat,Banaskantha,TEJABHAI NETHIBHAI RABARI,Bahujan Samaj Party,11088,1.01,Lost
Gujarat,Banaskantha,PARTHIBHAI GALBABHAI BHATOL,Indian National Congress,310812,28.2,Lost
Gujarat,Banaskantha,PARBATBHAI SAVABHAI PATEL,Bharatiya Janata Party,679108,61.62,Lost
Gujarat,Banaskantha,THAKOR MELAJI MADARSINH,Garvi Gujarat Party,6809,0.62,Lost
Gujarat,Banaskantha,CHARAMTA BHARATKUMAR KHEMABHAI,Independent,1824,0.17,Lost
Gujarat,Banaskantha,DR. CHANDRA BEN,Independent,2261,0.21,Lost
Gujarat,Banaskantha,JAGDISHJI PARTHIJI DHARANI,Independent,1492,0.14,Lost
Gujarat,Banaskantha,THAKOR SWARUPJI SARDARJI,Independent,48634,4.41,Lost
Gujarat,Banaskantha,DESAI ISHVARBHAI MAHADEVBHAI,Independent,1709,0.16,Lost
Gujarat,Banaskantha,PADHIYAR BHARATKUMAR ISHVARLAL,Independent,1507,0.14,Lost
Gujarat,Banaskantha,PARMAR CHHAGANCHANDRARAJ DHANABHAI,Independent,2516,0.23,Lost
Gujarat,Banaskantha,PARSANI IBRAHIMBHAI PIRABHAI,Independent,3679,0.33,Lost
Gujarat,Banaskantha,PUROHIT SHYAMABEN NARANBHAI,Independent,11069,1.0,Lost
Gujarat,Banaskantha,MADHU NIRUPABEN,Independent,6845,0.62,Lost
Gujarat,Banaskantha,NOTA,None of the Above,12728,1.15,Lost
Gujarat,Bardoli,CHAUDHARI DR. TUSHARBHAI AMARSINHBHAI,Indian National Congress,526826,39.08,Lost
Gujarat,Bardoli,DINESHBHAI GULABBHAI CHAUDHARI,Bahujan Samaj Party,9520,0.71,Lost
Gujarat,Bardoli,PARBHUBHAI NAGARBHAI VASAVA,Bharatiya Janata Party,742273,55.06,Lost
Gujarat,Bardoli,GAMIT KAUSHIKBHAI VIRENDRABHAI,Sardar Vallabhbhai Patel Party,5343,0.4,Lost
Gujarat,Bardoli,GAMIT MOHANBHAI BABUBHAI,Bahujan Republican Socialist Party,1692,0.13,Lost
Gujarat,Bardoli,GAMIT SURESHBHAI BABUBHAI,Svatantra Bharat Satyagrah Party,1572,0.12,Lost
Gujarat,Bardoli,VASAVA UTTAMBHAI SOMABHAI,Bhartiya Tribal Party,11781,0.87,Lost
Gujarat,Bardoli,ARVINDBHAI BHANABHAI RATHOD,Independent,1730,0.13,Lost
Gujarat,Bardoli,UMEDBHAI BHIMSINGBHAI GAMIT,Independent,5469,0.41,Lost
Gujarat,Bardoli,PRAGNESHBHAI RATILAL CHAUDHARI,Independent,3828,0.28,Lost
Gujarat,Bardoli,VASAVA FATESINGBHAI VAHRIYABHAI,Independent,8979,0.67,Lost
Gujarat,Bardoli,SURESHBHAI MOTIYABHAI CHAUDHARI,Independent,6111,0.45,Lost
Gujarat,Bardoli,NOTA,None of the Above,22914,1.7,Lost
Gujarat,Bharuch,Mansukhbhai Dhanjibhai Vasava,Bharatiya Janata Party,637795,55.47,Lost
Gujarat,Bharuch,Vasava Rajeshbhai Chimanbhai,Bahujan Samaj Party,6235,0.54,Lost
Gujarat,Bharuch,Sherkhan Abdulsakur Pathan,Indian National Congress,303581,26.4,Lost
Gujarat,Bharuch,Chhotubhai Amarsinh Vasava,Bhartiya Tribal Party,144083,12.53,Lost
Gujarat,Bharuch,Pathan Salimkhan Sadikkhan,Sanyukt Vikas Party,2135,0.19,Lost
Gujarat,Bharuch,Vashi Narendrasinh Randhirsinh,Yuva Jan Jagriti Party,808,0.07,Lost
Gujarat,Bharuch,Sabbirbhai Musabhai Patel,Apna Desh Party,826,0.07,Lost
Gujarat,Bharuch,Sukhdev Bhikhabhai Vasava,Bahujan Mukti Party,1221,0.11,Lost
Gujarat,Bharuch,Ashokchandra Bhikhubhai Parmar,Independent,2851,0.25,Lost
Gujarat,Bharuch,Jitendra Parmar (Jitu Chowkidar),Independent,1327,0.12,Lost
Gujarat,Bharuch,Patel Imran Umarjibhai,Independent,1510,0.13,Lost
Gujarat,Bharuch,Mukhtiyar Abdulrahim Shaikh (BansiMama),Independent,2067,0.18,Lost
Gujarat,Bharuch,Vasava Navinbhai Himmatbhai,Independent,8155,0.71,Lost
Gujarat,Bharuch,Vikramsinh Dalsukhbhai Gohil,Independent,3833,0.33,Lost
Gujarat,Bharuch,Sapa Rafikbhai Sulemanbhai,Independent,3829,0.33,Lost
Gujarat,Bharuch,Sindha Kiritsinh Alias Jalamsinh Nathubava,Independent,15110,1.31,Lost
Gujarat,Bharuch,Solanki Rajeshbhai Lallubhai,Independent,8038,0.7,Lost
Gujarat,Bharuch,NOTA,None of the Above,6321,0.55,Lost
Gujarat,Bhavnagar,PATEL MANHARBHAI NAGJIBHAI (VASANI),Indian National Congress,331754,31.86,Lost
Gujarat,Bhavnagar,DR.BHARATIBEN DHIRUBHAI SHIYAL,Bharatiya Janata Party,661273,63.51,Lost
Gujarat,Bhavnagar,VIJAYKUMAR RAMABHAI MAKADIYA,Bahujan Samaj Party,6941,0.67,Lost
Gujarat,Bhavnagar,DHAPA DHARAMSHIBHAI RAMJIBHAI,Vyavastha Parivartan Party,7836,0.75,Lost
Gujarat,Bhavnagar,RAMDEVSINH BHARATSINH ZALA,Jan Sangharsh Virat Party,2509,0.24,Lost
Gujarat,Bhavnagar,SONDHARVA BHARATBHAI KANJIBHAI,Sardar Vallabhbhai Patel Party,1363,0.13,Lost
Gujarat,Bhavnagar,CHAUHAN AJAYKUMAR RAMRATANSINH (AMIT CHAUHAN),Independent,1561,0.15,Lost
Gujarat,Bhavnagar,CHAMPABEN ZAVERBHAI CHAUHAN,Independent,1828,0.18,Lost
Gujarat,Bhavnagar,SITAPARA SAGARBHAI BHURABHAI,Independent,3775,0.36,Lost
Gujarat,Bhavnagar,HARESHBHAI BABUBHAI VEGAD (HARABHAI),Independent,6056,0.58,Lost
Gujarat,Bhavnagar,NOTA,None of the Above,16383,1.57,Lost
Gujarat,Chhota Udaipur,RATHVA GITABEN VAJESINGBHAI,Bharatiya Janata Party,764445,62.03,Lost
Gujarat,Chhota Udaipur,RATHVA FURKANBHAI BALAJIBHAI,Bahujan Samaj Party,14964,1.21,Lost
Gujarat,Chhota Udaipur,RATHAVA RANJITSINH MOHANSINH,Indian National Congress,386502,31.36,Lost
Gujarat,Chhota Udaipur,VASAVA RAJESH SOMABHAI,Bhartiya Tribal Party,10632,0.86,Lost
Gujarat,Chhota Udaipur,UMESH JANGUBHAI RATHAWA,Independent,3710,0.3,Lost
Gujarat,Chhota Udaipur,PRAVINBHAI DHURSINGBHAI RATHVA,Independent,3669,0.3,Lost
Gujarat,Chhota Udaipur,RATHVA BHAVSINGBHAI NAMARSINGBHAI,Independent,6887,0.56,Lost
Gujarat,Chhota Udaipur,RATHVA MAGANBHAI CHATHIYABHAI,Independent,8782,0.71,Lost
Gujarat,Chhota Udaipur,NOTA,None of the Above,32868,2.67,Lost
Gujarat,Dahod,KATARA BABUBHAI KHIMABHAI,Indian National Congress,434164,40.84,Lost
Gujarat,Dahod,JASHVANTSINH SUMANBHAI BHABHOR,Bharatiya Janata Party,561760,52.84,Lost
Gujarat,Dahod,BHABHOR DHULABHAI DITABHAI,Bahujan Samaj Party,11339,1.07,Lost
Gujarat,Dahod,KALARA RAMSINGBHAI NANJIBHAI,Hindusthan Nirman Dal,3836,0.36,Lost
Gujarat,Dahod,JAGDISHBHAI MANILAL MEDA,Bharatiya National Janta Dal,3824,0.36,Lost
Gujarat,Dahod,DAMOR MANABHAI BHAVSINGBHAI,Independent,5211,0.49,Lost
Gujarat,Dahod,DEVDHA SAMSUBHAI KHATARABHAI,Independent,11142,1.05,Lost
Gujarat,Dahod,NOTA,None of the Above,31936,3.0,Lost
Gujarat,Gandhinagar,AMIT SHAH,Bharatiya Janata Party,894624,69.67,Lost
Gujarat,Gandhinagar,Dr. C. J. CHAVDA,Indian National Congress,337610,26.29,Lost
Gujarat,Gandhinagar,JAYENDRA KARSHANBHAI RATHOD,Bahujan Samaj Party,6400,0.5,Lost
Gujarat,Gandhinagar,CHANDRAPAL HASMUKH BAVJIBHAI,Peoples Party of India (Democratic),1438,0.11,Lost
Gujarat,Gandhinagar,NARENDRABHAI REVASHANKAR TRIVEDI,Jan Satya Path Party,888,0.07,Lost
Gujarat,Gandhinagar,PATEL AMARISH JASVANTLAL (C. A.),Hindusthan Nirman Dal,1741,0.14,Lost
Gujarat,Gandhinagar,BHOGILAL J. RATHOD (ADVOCATE),Bahujan Mukti Party,1490,0.12,Lost
Gujarat,Gandhinagar,MAKVANA PRAKASHBHAI BAHECHARJI (HITUBHA),Garvi Gujarat Party,1471,0.11,Lost
Gujarat,Gandhinagar,RAHUL CHIMANBHAI MEHTA,Right to Recall Party,1097,0.09,Lost
Gujarat,Gandhinagar,Dr. N. T. SENGAL,Bahujan Suraksha Dal,743,0.06,Lost
Gujarat,Gandhinagar,KHODABHAI LALAJIBHAI DESAI,Independent,695,0.05,Lost
Gujarat,Gandhinagar,PATHAN FIROZKHAN SAEEDKHAN,Independent,862,0.07,Lost
Gujarat,Gandhinagar,MAKWANA ANILKUMAR SOMABHAI,Independent,1691,0.13,Lost
Gujarat,Gandhinagar,MAHENDRABHAI SOMABHAI PATNI,Independent,1559,0.12,Lost
Gujarat,Gandhinagar,RATHOD VALJIBHAI BECHARBHAI,Independent,2664,0.21,Lost
Gujarat,Gandhinagar,VORA ALIMAHMAD RAJABHAI,Independent,9008,0.7,Lost
Gujarat,Gandhinagar,SHEKH SHAHINBANU MOLANA MUSTAK,Independent,5895,0.46,Lost
Gujarat,Gandhinagar,NOTA,None of the Above,14214,1.11,Lost
Gujarat,Jamnagar,KANDORIYA MULUBHAI RANMALBHAI,Indian National Congress,354784,35.09,Lost
Gujarat,Jamnagar,POONAMBEN HEMATBHAI MAADAM,Bharatiya Janata Party,591588,58.52,Lost
Gujarat,Jamnagar,SUNIL JETHALAL VAGHELA,Bahujan Samaj Party,8795,0.87,Lost
Gujarat,Jamnagar,ALIMAMAD ISHAKBHAI PALANI,Independent,857,0.08,Lost
Gujarat,Jamnagar,ASHOK CHAVDA,Independent,577,0.06,Lost
Gujarat,Jamnagar,AAMIN MAMADBHAI SAFIYA,Independent,477,0.05,Lost
Gujarat,Jamnagar,AMANDBHAI PATEL,Independent,413,0.04,Lost
Gujarat,Jamnagar,KACHCHHI DAUD NATHA SUMARA,Independent,919,0.09,Lost
Gujarat,Jamnagar,RABARI KARSHANBHAI JESHABHAI,Independent,1436,0.14,Lost
Gujarat,Jamnagar,CHAVDA SHAMJI BABUBHAI,Independent,768,0.08,Lost
Gujarat,Jamnagar,CHAUHAN DHIRAJ KANTILAL,Independent,774,0.08,Lost
Gujarat,Jamnagar,JAHID AAVAD JAMI,Independent,1246,0.12,Lost
Gujarat,Jamnagar,DONGA JAYANTILAL ARJANBHAI,Independent,2489,0.25,Lost
Gujarat,Jamnagar,NAKUM NARMADABEN KHODALAL,Independent,2113,0.21,Lost
Gujarat,Jamnagar,DALVADI NAKUM RASIK LALJI,Independent,10060,1.0,Lost
Gujarat,Jamnagar,POPATPUTRA RAFIK ABUBAKAR,Independent,8216,0.81,Lost
Gujarat,Jamnagar,BATHVAR NANJI AMARSHI,Independent,5249,0.52,Lost
Gujarat,Jamnagar,BAXI MRUDUL ASHWINKUMAR,Independent,3106,0.31,Lost
Gujarat,Jamnagar,BHARAT RAMJIBHAI DAGARA,Independent,921,0.09,Lost
Gujarat,Jamnagar,BHARKHANI KARABHAI JIVABHAI,Independent,1448,0.14,Lost
Gujarat,Jamnagar,BHAVNABA JADEJA,Independent,864,0.09,Lost
Gujarat,Jamnagar,BHANDERI AMARSHIBHAI CHHAGANBHAI,Independent,396,0.04,Lost
Gujarat,Jamnagar,MAKRANI AJAZAHMED,Independent,479,0.05,Lost
Gujarat,Jamnagar,VALABHBHAI CHANABHAI SOJITRA (V. C. PATEL),Independent,529,0.05,Lost
Gujarat,Jamnagar,SAMA YUSUF,Independent,649,0.06,Lost
Gujarat,Jamnagar,SAHDEVSINH DILIPSINH CHUDASAMA,Independent,1295,0.13,Lost
Gujarat,Jamnagar,SAPARIYA VIJAYKUMAR MANSUKHBHAI,Independent,772,0.08,Lost
Gujarat,Jamnagar,SUMBHANIA AAMIN ABASBHAI,Independent,1946,0.19,Lost
Gujarat,Jamnagar,NOTA,None of the Above,7799,0.77,Lost
Gujarat,Junagadh,CHUDASAMA RAJESHBHAI NARANBHAI,Bharatiya Janata Party,547952,54.51,Lost
Gujarat,Junagadh,DEVEN GOVINDBHAI VANVI,Bahujan Samaj Party,25710,2.56,Lost
Gujarat,Junagadh,VANSH PUNJABHAI BHIMABHAI,Indian National Congress,397767,39.57,Lost
Gujarat,Junagadh,BHUT ASHOKBHAI BHIMJIBHAI,Rashtriya Samajwadi Party (Secular),3260,0.32,Lost
Gujarat,Junagadh,RATHOD NATHABHAI VASHARAMBHAI,Vyavastha Parivartan Party,916,0.09,Lost
Gujarat,Junagadh,KARIA DHIRENBHAI AMRUTLAL,Independent,885,0.09,Lost
Gujarat,Junagadh,ZALA MUKESHBHAI BHARAMALBHAI,Independent,1310,0.13,Lost
Gujarat,Junagadh,PANCHABHAI BHAYABHAI DAMANIYA,Independent,1210,0.12,Lost
Gujarat,Junagadh,PRADIPBHAI MAVJIBHAI TANK,Independent,1140,0.11,Lost
Gujarat,Junagadh,MAKWANA DHARMENDRA VAJUBHAI,Independent,1806,0.18,Lost
Gujarat,Junagadh,VALA JAYPALSINH HAJABHAI,Independent,4168,0.41,Lost
Gujarat,Junagadh,HARESH MANUBHAI SARDHARA,Independent,3492,0.35,Lost
Gujarat,Junagadh,NOTA,None of the Above,15608,1.55,Lost
Gujarat,Kachchh,CHAVDA VINOD LAKHAMSHI,Bharatiya Janata Party,637034,62.26,Lost
Gujarat,Kachchh,NARESH NARANBHAI MAHESHWARI,Indian National Congress,331521,32.4,Lost
Gujarat,Kachchh,LAKHUBHAI VAGHELA,Bahujan Samaj Party,7448,0.73,Lost
Gujarat,Kachchh,CHAVDA PRAVINBHAI CHANABHAI,Hindusthan Nirman Dal,2155,0.21,Lost
Gujarat,Kachchh,DHIRUBHAI BABULAL SHRIMALI,New All India Congress Party,1596,0.16,Lost
Gujarat,Kachchh,MAHESHWARI DEVJIBHAI VACHHIYABHAI,Bahujan Mukti Party,10098,0.99,Lost
Gujarat,Kachchh,SONDARVA BALUBEN MAHESHBHAI,Rashtriya Power Party,1699,0.17,Lost
Gujarat,Kachchh,BABULAL AMARSHI VAGHELA,Independent,2141,0.21,Lost
Gujarat,Kachchh,MARU MANISHA BHARAT,Independent,4984,0.49,Lost
Gujarat,Kachchh,MEGHVAL BHIMJIBHAI BHIKHABHAI,Independent,5761,0.56,Lost
Gujarat,Kachchh,NOTA,None of the Above,18761,1.83,Lost
Gujarat,Kheda,Chauhan Devusinh,Bharatiya Janata Party,714572,65.04,Lost
Gujarat,Kheda,Bimal Shah,Indian National Congress,347427,31.62,Lost
Gujarat,Kheda,Bhailalbhai Kalubhai Pandav,Bahujan Samaj Party,7461,0.68,Lost
Gujarat,Kheda,Chauhan Parsottambhai Babarbhai,Yuva Jan Jagriti Party,2100,0.19,Lost
Gujarat,Kheda,Patel Kamleshkumar Ratilal,Hindusthan Nirman Dal,1764,0.16,Lost
Gujarat,Kheda,Pathan Ayashabanu,Ambedkar National Congress,2176,0.2,Lost
Gujarat,Kheda,Pathan Imtiyazkhan Saeedkhan,Apna Desh Party,4856,0.44,Lost
Gujarat,Kheda,NOTA,None of the Above,18277,1.66,Lost
Gujarat,Mahesana,CHAUHAN PRAHLADBHAI NATTHUBHAI,Bahujan Samaj Party,9512,0.88,Lost
Gujarat,Mahesana,A. J. Patel,Indian National Congress,378006,34.94,Lost
Gujarat,Mahesana,SHARDABEN ANILBHAI PATEL,Bharatiya Janata Party,659525,60.96,Lost
Gujarat,Mahesana,CHAUDHARI SENDHABHAI ABHERAJBHAI,Bahujan Mukti Party,4585,0.42,Lost
Gujarat,Mahesana,PRAJAPATI KANUBHAI AMATHARAM,Bharatiya Rashtravadi Paksha,992,0.09,Lost
Gujarat,Mahesana,BAROT KULDIPKUMAR BHARATKUMAR,Yuva Jan Jagriti Party,919,0.08,Lost
Gujarat,Mahesana,THAKOR JAYANTIJI CHUNTHAJI,Independent,1483,0.14,Lost
Gujarat,Mahesana,THAKOR BIPINKUMAR SHANKARJI,Independent,2111,0.2,Lost
Gujarat,Mahesana,THAKOR MAYURKUMAR RUPSINGJI,Independent,1397,0.13,Lost
Gujarat,Mahesana,PATEL ANITABEN RAMABHAI,Independent,2119,0.2,Lost
Gujarat,Mahesana,PATEL AMBALAL TALASHIBHAI,Independent,4001,0.37,Lost
Gujarat,Mahesana,RATHOD GULABSINH DURSINH,Independent,5221,0.48,Lost
Gujarat,Mahesana,NOTA,None of the Above,12067,1.12,Lost
Gujarat,Navsari,PATEL DHARMESHBHAI BHIMBHAI,Indian National Congress,283071,21.64,Lost
Gujarat,Navsari,C. R. Patil,Bharatiya Janata Party,972739,74.37,Lost
Gujarat,Navsari,VINEETA ANIRUDDH SINH,Bahujan Samaj Party,9366,0.72,Lost
Gujarat,Navsari,AMRUTHAM NARSAIAH PAPAIAH,Pyramid Party of India,829,0.06,Lost
Gujarat,Navsari,Dr. KANUBHAI KHADADIYA,SOCIALIST UNITY CENTRE OF INDIA (COMMUNIST),725,0.06,Lost
Gujarat,Navsari,JAVADKHAN PATHAN,Yuva Sarkar,574,0.04,Lost
Gujarat,Navsari,JITENDRABHAI PREMNATH MISHRA,Sanyukt Vikas Party,540,0.04,Lost
Gujarat,Navsari,PASVAN VIRENDRA,Bharatiya Bahujan Congress,497,0.04,Lost
Gujarat,Navsari,SHARMA RAJMAL MOHANLAL (GABBAR),Svatantra Bharat Satyagrah Party,570,0.04,Lost
Gujarat,Navsari,SHRIPRAKASH SHUKLA,Bhartiya Shakti Chetna Party,613,0.05,Lost
Gujarat,Navsari,SACHIN G. KINDA,Rashtriya Nav Nirman Bharat Party,811,0.06,Lost
Gujarat,Navsari,HIRAMANIBEN,Rashtriya Samaj Paksha,3016,0.23,Lost
Gujarat,Navsari,ANISHBHAI GAFFARBHAI BHIMANI (Ganibhai),Independent,1049,0.08,Lost
Gujarat,Navsari,KHAN HEENABEGUM KAMRUDDIN,Independent,1745,0.13,Lost
Gujarat,Navsari,GOVINDBHAI LAXMANBHAI RATHOD,Independent,4195,0.32,Lost
Gujarat,Navsari,CHANDANSINH SHIVVADANSINH THAKUR,Independent,5984,0.46,Lost
Gujarat,Navsari,CHAUHAN NILESHKUMAR,Independent,2917,0.22,Lost
Gujarat,Navsari,JAVID AHMAD SHEKH,Independent,2480,0.19,Lost
Gujarat,Navsari,JAIN RAJENDRAKUMAR ANILKUMAR,Independent,2104,0.16,Lost
Gujarat,Navsari,PATEL NAVINKUMAR SHANKARBHAI,Independent,597,0.05,Lost
Gujarat,Navsari,RAMJAN MANSURI - PATRAKAR,Independent,577,0.04,Lost
Gujarat,Navsari,SHAIKH SAEED INAYAT PATRAKAR,Independent,1029,0.08,Lost
Gujarat,Navsari,SHEKH HAMID RAMJAN,Independent,663,0.05,Lost
Gujarat,Navsari,SAIYAD MEHMUD AHMAD,Independent,797,0.06,Lost
Gujarat,Navsari,SOHILKHAN HASHIMKHAN (Sohil Panchar),Independent,1497,0.11,Lost
Gujarat,Navsari,NOTA,None of the Above,9033,0.69,Lost
Gujarat,Panchmahal,Khant Vechatbhai Kuberbhai,Indian National Congress,303595,28.02,Lost
Gujarat,Panchmahal,Ratansinh Magansinh Rathod,Bharatiya Janata Party,732136,67.56,Lost
Gujarat,Panchmahal,Virendra Parsottamdas Patel,Nationalist Congress Party,9826,0.91,Lost
Gujarat,Panchmahal,Shaikh Kalim Abdul Latif,Bahujan Samaj Party,3905,0.36,Lost
Gujarat,Panchmahal,Rathod Vijaysinh Mohansinh,Hindusthan Nirman Dal,4869,0.45,Lost
Gujarat,Panchmahal,Lalabhai Gadhvi,Independent,9212,0.85,Lost
Gujarat,Panchmahal,NOTA,None of the Above,20133,1.86,Lost
Gujarat,Patan,CHAUDHARI KIRTIBHAI JESHANGBHAI,Nationalist Congress Party,9215,0.82,Lost
Gujarat,Patan,JAGDISH THAKOR,Indian National Congress,439489,39.02,Lost
Gujarat,Patan,DABHI BHARATSINHJI SHANKARJI,Bharatiya Janata Party,633368,56.24,Lost
Gujarat,Patan,SURAJKUMAR MAHENDRABHAI PARMAR,Bahujan Samaj Party,6651,0.59,Lost
Gujarat,Patan,PRAJAPATI JAYANTIBHAI DEVABHAI,Hindusthan Nirman Dal,2788,0.25,Lost
Gujarat,Patan,UMEDBHAI HARIBHAI NAI,Independent,1041,0.09,Lost
Gujarat,Patan,CHAUDHARI SHAILESHKUMAR KANJIBHAI,Independent,1222,0.11,Lost
Gujarat,Patan,PRAVINKUMAR TULSIDAS PANDYA,Independent,1376,0.12,Lost
Gujarat,Patan,BHORANIYA SHOYABBHAI HASAMBHAI,Independent,1784,0.16,Lost
Gujarat,Patan,MAKWANA VAGHABHAI MAGANBHAI,Independent,2044,0.18,Lost
Gujarat,Patan,MOLAPIYA ABDULKUDUS ABDULMAJID,Independent,5647,0.5,Lost
Gujarat,Patan,RATHOD GOVINDBHAI BHIKHABHAI,Independent,7304,0.65,Lost
Gujarat,Patan,NOTA,None of the Above,14327,1.27,Lost
Gujarat,Porbandar,RAMESHBHAI LAVJIBHAI DHADUK,Bharatiya Janata Party,563881,59.36,Lost
Gujarat,Porbandar,LALIT VASOYA,Indian National Congress,334058,35.17,Lost
Gujarat,Porbandar,SAMATBHAI GOVABHAI KADAVALA,Bahujan Samaj Party,10092,1.06,Lost
Gujarat,Porbandar,BHARGAV SURESHCHANDRA JOSHI,Gujarat Janta Panchayat Party,1524,0.16,Lost
Gujarat,Porbandar,VAKIL VINZUDA RANJITBHAI NARANBHAI,Bahujan Maha Party,713,0.08,Lost
Gujarat,Porbandar,ALPESHKUMAR V.VADOLIYA(1008),Independent,648,0.07,Lost
Gujarat,Porbandar,ATROLIYA KARABHAI GAGANBHAI,Independent,780,0.08,Lost
Gujarat,Porbandar,UNADKAT PRAKASHBHAI VALLABHDAS,Independent,605,0.06,Lost
Gujarat,Porbandar,KIRTIKUMAR BAVANJIBHAI MARVANIA,Independent,685,0.07,Lost
Gujarat,Porbandar,BHANUBHAI NAGABHAI ODEDRA,Independent,815,0.09,Lost
Gujarat,Porbandar,RABARI DASABHAI KARABHAI,Independent,3929,0.41,Lost
Gujarat,Porbandar,RATHOD DAYABHAI HIRABHAI,Independent,1350,0.14,Lost
Gujarat,Porbandar,RANK JIGNESHBHAI GOVINDBHAI,Independent,1218,0.13,Lost
Gujarat,Porbandar,RIYAZ OSMAN SURIYA ALIAS LALO MURGHIVALA,Independent,1983,0.21,Lost
Gujarat,Porbandar,RESHMA PATEL,Independent,3716,0.39,Lost
Gujarat,Porbandar,VIMALBHAI RATILAL RAMANI,Independent,8653,0.91,Lost
Gujarat,Porbandar,ASHOK NANJI SONDARVA,Independent,7457,0.78,Lost
Gujarat,Porbandar,NOTA,None of the Above,7840,0.83,Lost
Gujarat,Rajkot,KAGATHARA LALITBHAI,Indian National Congress,390238,32.65,Lost
Gujarat,Rajkot,KUNDARIA MOHANBHAI KALYANJIBHAI,Bharatiya Janata Party,758645,63.47,Lost
Gujarat,Rajkot,VIJAY PARMAR,Bahujan Samaj Party,15388,1.29,Lost
Gujarat,Rajkot,AMARDAS B. DESANI,Independent,1392,0.12,Lost
Gujarat,Rajkot,CHITRODA NATHALAL (CHITRODA SIR),Independent,1169,0.1,Lost
Gujarat,Rajkot,J. B. CHAUHAN,Independent,970,0.08,Lost
Gujarat,Rajkot,CHAUHAN MANOJBHAI PRAVINBHAI,Independent,1146,0.1,Lost
Gujarat,Rajkot,JASPALSINH MAHAVEERSINH TOMAR,Independent,1596,0.13,Lost
Gujarat,Rajkot,DENGADA PRAVINBHAI MEGHJIBHAI,Independent,2166,0.18,Lost
Gujarat,Rajkot,RAKESH PATEL,Independent,4243,0.35,Lost
Gujarat,Rajkot,NOTA,None of the Above,18318,1.53,Lost
Gujarat,Sabarkantha,THAKOR RAJENDRASINH SHIVSINH,Indian National Congress,432997,35.54,Lost
Gujarat,Sabarkantha,RATHOD DIPSINH SHANKARSINH,Bharatiya Janata Party,701984,57.62,Lost
Gujarat,Sabarkantha,VINODBHAI JETHABHAI MESARIYA,Bahujan Samaj Party,7912,0.65,Lost
Gujarat,Sabarkantha,KHARADI DHARMENDRASINGH SAMSUBHAI,Bhartiya Tribal Party,2833,0.23,Lost
Gujarat,Sabarkantha,JADEJA INDRAVIJAYSINH KALYANSINH,Yuva Jan Jagriti Party,1920,0.16,Lost
Gujarat,Sabarkantha,NARESHKUMAR RAMESHBHAI PATEL,Bharatiya National Janta Dal,1447,0.12,Lost
Gujarat,Sabarkantha,PATEL JAYANTIBHAI SHAMJIBHAI,Hindusthan Nirman Dal,2247,0.18,Lost
Gujarat,Sabarkantha,MAYURSINH VANRAJSINH ZALA,Rashtra Vikas Zumbes Party,1290,0.11,Lost
Gujarat,Sabarkantha,LAXMISHANKAR MADHUSUDAN JOSHI,Jan Satya Path Party,1335,0.11,Lost
Gujarat,Sabarkantha,VIKRAMBHAI BAHECHARBHAI MAKWANA,Garvi Gujarat Party,2189,0.18,Lost
Gujarat,Sabarkantha,KALABHAI BABABHAI PARMAR,Independent,1510,0.12,Lost
Gujarat,Sabarkantha,ZALA DALPATSINH MOTISINH,Independent,1884,0.15,Lost
Gujarat,Sabarkantha,PATEL KIRITKUMAR BABARBHAI,Independent,2727,0.22,Lost
Gujarat,Sabarkantha,PATEL KESHAVLAL GANGARAMBHAI,Independent,4929,0.4,Lost
Gujarat,Sabarkantha,PATHAN AAIYUBKHAN AJABKHAN,Independent,9177,0.75,Lost
Gujarat,Sabarkantha,RAVAL RAJUBHAI PUNJABHAI,Independent,17175,1.41,Lost
Gujarat,Sabarkantha,LATA BABUBHAI NATHAJI,Independent,7777,0.64,Lost
Gujarat,Sabarkantha,LUHAR HAFIJHUSEN HAJINURMAHMAD,Independent,5835,0.48,Lost
Gujarat,Sabarkantha,SANGHANI MUSTAKBHAI JAMALBHAI,Independent,2661,0.22,Lost
Gujarat,Sabarkantha,SOLANKI MAGANBHAI LAKHABHAI,Independent,2422,0.2,Lost
Gujarat,Sabarkantha,NOTA,None of the Above,6103,0.5,Lost
Gujarat,Surat,Ashok Patel (Adhevada),Indian National Congress,247421,23.16,Lost
Gujarat,Surat,Darshana Vikram Jardosh,Bharatiya Janata Party,795651,74.47,Lost
Gujarat,Surat,Adv. Vijay Shenmare,Communist Party of India,5735,0.54,Lost
Gujarat,Surat,Captain Rita Maa,Pyramid Party of India,643,0.06,Lost
Gujarat,Surat,Shri. Gautamraj Hindustani,Yuva Sarkar,722,0.07,Lost
Gujarat,Surat,Jogiya Amisha Vikrambhai,Sanyukt Vikas Party,607,0.06,Lost
Gujarat,Surat,Dhameliya Piyush Vallabhbhai (R.D.P),Real Democracy Party,532,0.05,Lost
Gujarat,Surat,Tulsibhai Laxmanbhai Dakhara,Independent,414,0.04,Lost
Gujarat,Surat,Dinesh Jikadra Prajapati,Independent,1013,0.09,Lost
Gujarat,Surat,Dipak Gangani,Independent,717,0.07,Lost
Gujarat,Surat,Mahyavanshi Natvarbhai Dahyabhai,Independent,1020,0.1,Lost
Gujarat,Surat,Rameshbhai P. Baraiya (Pati),Independent,1057,0.1,Lost
Gujarat,Surat,Surwade Santosh Avdhut (Gabbar),Independent,2348,0.22,Lost
Gujarat,Surat,NOTA,None of the Above,10532,0.99,Lost
Gujarat,Surendranagar,KOLI PATEL SOMABHAI GANDALAL,Indian National Congress,354407,32.88,Lost
Gujarat,Surendranagar,PARMAR GHOGHAJIBHAI KANJIBHAI,Nationalist Congress Party,8264,0.77,Lost
Gujarat,Surendranagar,Dr. MUNJAPARA MAHENDRABHAI,Bharatiya Janata Party,631844,58.63,Lost
Gujarat,Surendranagar,ADVOCATE SHAILESH N. SOLANKI,Bahujan Samaj Party,12860,1.19,Lost
Gujarat,Surendranagar,THAKOR JAGUJI KUNVARJI URFE J.K. THAKOR,Vyavastha Parivartan Party,1475,0.14,Lost
Gujarat,Surendranagar,DEKAVADIYA DARJIBHAI MAGANBHAI (PATIDAR),Hindusthan Nirman Dal,1433,0.13,Lost
Gujarat,Surendranagar,OGHADBHAI SAGARAMBHAI MER,Independent,817,0.08,Lost
Gujarat,Surendranagar,KAMABHAI PETHABHAI MAKWANA,Independent,891,0.08,Lost
Gujarat,Surendranagar,KARIMBHAI ADAMBHAI URFE BABABHAI,Independent,1134,0.11,Lost
Gujarat,Surendranagar,KALUBHAI MALUBHAI VADALIYA,Independent,1133,0.11,Lost
Gujarat,Surendranagar,KOLI PATEL LALJIBHAI CHATURBHAI,Independent,4666,0.43,Lost
Gujarat,Surendranagar,KOLI RAMESHBHAI VIRSANGBHAI VAGHELA,Independent,1430,0.13,Lost
Gujarat,Surendranagar,GOLTAR BHAGVANBHAI MAIYABHAI,Independent,2471,0.23,Lost
Gujarat,Surendranagar,JARGELA HASANBHAI ABDULBHAI,Independent,3110,0.29,Lost
Gujarat,Surendranagar,DANIYA ANIRUDDHBHAI GANDABHAI,Independent,3047,0.28,Lost
Gujarat,Surendranagar,DOST MER,Independent,11103,1.03,Lost
Gujarat,Surendranagar,NARESH MAKWANA,Independent,6637,0.62,Lost
Gujarat,Surendranagar,PATEL BALDEVBHAI JIVABHAI,Independent,2377,0.22,Lost
Gujarat,Surendranagar,BHATHANIYA FARIDBHAI AMIJIBHAI,Independent,2887,0.27,Lost
Gujarat,Surendranagar,BHAVANBHAI DEVJIBHAI VORA,Independent,3816,0.35,Lost
Gujarat,Surendranagar,BHANJIBHAI SHEKHAVA,Independent,982,0.09,Lost
Gujarat,Surendranagar,BHUPATBHAI LALJIBHAI SOLANKI,Independent,1350,0.13,Lost
Gujarat,Surendranagar,MAKWANA DALPATBHAI LAGHARBHAI,Independent,746,0.07,Lost
Gujarat,Surendranagar,RATHOD ASHOKBHAI VITTHALBHAI,Independent,1061,0.1,Lost
Gujarat,Surendranagar,RATHOD ANANDBHAI PACHANBHAI,Independent,901,0.08,Lost
Gujarat,Surendranagar,VAGHELA DAHYABHAI KHENGARBHAI,Independent,635,0.06,Lost
Gujarat,Surendranagar,VAGHELA PRAKASHBHAI BACHUBHAI,Independent,697,0.06,Lost
Gujarat,Surendranagar,SARDARKHAN MALEK,Independent,993,0.09,Lost
Gujarat,Surendranagar,SALIMBHAI SHAHBUDINBHAI PATHAN,Independent,1153,0.11,Lost
Gujarat,Surendranagar,SAPRA VIPUL R.,Independent,2615,0.24,Lost
Gujarat,Surendranagar,HANIFBHAI KAYABHAI KATIYA,Independent,2004,0.19,Lost
Gujarat,Surendranagar,NOTA,None of the Above,8787,0.82,Lost
Gujarat,Vadodara,PRASHANT PATEL (TIKO),Indian National Congress,294542,24.1,Lost
Gujarat,Vadodara,ROHIT MADHUSUDAN MOHANBHAI,Bahujan Samaj Party,7458,0.61,Lost
Gujarat,Vadodara,RANJANBEN BHATT,Bharatiya Janata Party,883719,72.3,Lost
Gujarat,Vadodara,GOHIL RINKU,Yuva Jan Jagriti Party,3811,0.31,Lost
Gujarat,Vadodara,JAT SUBHAS SINGH BRIJLAL,All India Hindustan Congress Party,1097,0.09,Lost
Gujarat,Vadodara,TAPAN DASGUPTA,SOCIALIST UNITY CENTRE OF INDIA (COMMUNIST),889,0.07,Lost
Gujarat,Vadodara,MOHSIMMIYA (SAIYAD MOHSIN BAPU),Bahujan Mukti Party,872,0.07,Lost
Gujarat,Vadodara,LION DR. YASINALI POLRA,New All India Congress Party,1795,0.15,Lost
Gujarat,Vadodara,SANTOSH S. SOLANKI,Bhartiya Manavadhikaar Federal Party,858,0.07,Lost
Gujarat,Vadodara,NIMESH PATEL (KAMROL),Independent,963,0.08,Lost
Gujarat,Vadodara,PATEL KALIDAS (KALIDAS M. PATEL ALIAS NAPOLEON),Independent,1431,0.12,Lost
Gujarat,Vadodara,DR. RAHUL VASUDEVBHAI VYAS,Independent,3457,0.28,Lost
Gujarat,Vadodara,SINDHI MAHEBUBKHAN YUSUFKHAN (VAKIL),Independent,4457,0.36,Lost
Gujarat,Vadodara,NOTA,None of the Above,16999,1.39,Lost
Gujarat,Valsad,KISHORBHAI RAMANBHAI PATEL (Rajubhai),Bahujan Samaj Party,15359,1.22,Lost
Gujarat,Valsad,CHAUDHARI JITUBHAI HARJIBHAI,Indian National Congress,418183,33.18,Lost
Gujarat,Valsad,Dr.K.C.PATEL,Bharatiya Janata Party,771980,61.25,Lost
Gujarat,Valsad,PATEL NARESHBHAI BABUBHAI,Sardar Vallabhbhai Patel Party,7178,0.57,Lost
Gujarat,Valsad,PATEL PANKAJBHAI LALLUBHAI,Bhartiya Tribal Party,9536,0.76,Lost
Gujarat,Valsad,BABUBHAI CHHAGANBHAI TALAVIYA,Bahujan Mukti Party,2557,0.2,Lost
Gujarat,Valsad,GAURANGBHAI RAMESHBHAI PATEL,Independent,2997,0.24,Lost
Gujarat,Valsad,GANVIT JAYENDRABHAI LAXMANBHAI,Independent,5819,0.46,Lost
Gujarat,Valsad,PATEL UMESHBHAI MAGANBHAI,Independent,7461,0.59,Lost
Gujarat,Valsad,NOTA,None of the Above,19307,1.53,Lost
Haryana,Ambala,ARUN KUMAR,Communist Party of India,7563,0.57,Lost
Haryana,Ambala,NARESH KUMAR,Bahujan Samaj Party,96296,7.32,Lost
Haryana,Ambala,RATTAN LAL KATARIA,Bharatiya Janata Party,746508,56.72,Lost
Haryana,Ambala,RAM PAL,Indian National Lok Dal,19575,1.49,Lost
Haryana,Ambala,SELJA,Indian National Congress,404163,30.71,Lost
Haryana,Ambala,Anil Kumar,Republican Party of India (A),2128,0.16,Lost
Haryana,Ambala,PURAN CHAND,Rashtriya Lokswaraj Party,719,0.05,Lost
Haryana,Ambala,PRITHVI RAJ,Aam Aadmi Party,12302,0.93,Lost
Haryana,Ambala,RAJENDER KUMAR BHATLI,Bhartiya Shakti Chetna Party,1162,0.09,Lost
Haryana,Ambala,VARUN KUMAR JAGLAN,Peoples Party of India (Democratic),949,0.07,Lost
Haryana,Ambala,SANDEEP SINGH,Aapki Apni Party (Peoples),894,0.07,Lost
Haryana,Ambala,SURAJ KUMAR,Bahujan Mukti Party,1842,0.14,Lost
Haryana,Ambala,SURAJ BHAN NARWAL,Pragatishil Samajwadi Party (Lohia),1072,0.08,Lost
Haryana,Ambala,JATINDER SINGH,Independent,2637,0.2,Lost
Haryana,Ambala,BETA MAM CHAND RATTUWALA,Independent,3270,0.25,Lost
Haryana,Ambala,RANJEET SINGH,Independent,3742,0.28,Lost
Haryana,Ambala,RATTAN LAL,Independent,1894,0.14,Lost
Haryana,Ambala,SURAJ BHAN,Independent,1576,0.12,Lost
Haryana,Ambala,NOTA,None of the Above,7943,0.6,Lost
Haryana,Bhiwani-Mahendragarh,Dharambir Singh S/o Bhale Ram,Bharatiya Janata Party,736699,63.45,Lost
Haryana,Bhiwani-Mahendragarh,Balwan Singh,Indian National Lok Dal,8065,0.69,Lost
Haryana,Bhiwani-Mahendragarh,Shruti Choudhry,Indian National Congress,292236,25.17,Lost
Haryana,Bhiwani-Mahendragarh,Mohd Irfan,Bharat Prabhat Party,1601,0.14,Lost
Haryana,Bhiwani-Mahendragarh,Comrade Om Parkash,SOCIALIST UNITY CENTRE OF INDIA (COMMUNIST),1093,0.09,Lost
Haryana,Bhiwani-Mahendragarh,Kundan Kumar,Republican Party of India,443,0.04,Lost
Haryana,Bhiwani-Mahendragarh,Ramesh Rao Pilot,Loktanter Suraksha Party,20234,1.74,Lost
Haryana,Bhiwani-Mahendragarh,Satbir,Aapki Apni Party (Peoples),433,0.04,Lost
Haryana,Bhiwani-Mahendragarh,Salesh Kumar,Pragatishil Samajwadi Party (Lohia),480,0.04,Lost
Haryana,Bhiwani-Mahendragarh,Bhai Surender Dhanak,Bhartiya Janraj Party,940,0.08,Lost
Haryana,Bhiwani-Mahendragarh,Swati Yadav,Jannayak Janta Party,84956,7.32,Lost
Haryana,Bhiwani-Mahendragarh,Jagat Singh,Independent,732,0.06,Lost
Haryana,Bhiwani-Mahendragarh,Dharambir Singh S/0 Fateh Singh,Independent,1260,0.11,Lost
Haryana,Bhiwani-Mahendragarh,Rajnish Kumar,Independent,1397,0.12,Lost
Haryana,Bhiwani-Mahendragarh,Ram Kishan,Independent,625,0.05,Lost
Haryana,Bhiwani-Mahendragarh,Lalit,Independent,2938,0.25,Lost
Haryana,Bhiwani-Mahendragarh,Vinod Kumar,Independent,2653,0.23,Lost
Haryana,Bhiwani-Mahendragarh,Satya Pal,Independent,505,0.04,Lost
Haryana,Bhiwani-Mahendragarh,Sudhir Kumar,Independent,883,0.08,Lost
Haryana,Bhiwani-Mahendragarh,Suresh Chand,Independent,587,0.05,Lost
Haryana,Bhiwani-Mahendragarh,Happy Singh,Independent,314,0.03,Lost
Haryana,Bhiwani-Mahendragarh,NOTA,None of the Above,2041,0.18,Lost
Haryana,Faridabad,AVTAR SINGH BHADANA,Indian National Congress,274983,20.72,Lost
Haryana,Faridabad,KRISHAN PAL,Bharatiya Janata Party,913222,68.8,Lost
Haryana,Faridabad,MANDHIR MAAN,Bahujan Samaj Party,86752,6.54,Lost
Haryana,Faridabad,MAHENDER SINGH CHAUHAN,Indian National Lok Dal,12070,0.91,Lost
Haryana,Faridabad,BAUDHACHARYA KHAJAN SINGH GAUTAM,Republican Party of India,463,0.03,Lost
Haryana,Faridabad,CHAUDHARY DAYACHAND,Bhartiya Shakti Chetna Party,339,0.03,Lost
Haryana,Faridabad,DEEPAK GAUR,AARAKSHAN VIRODHI PARTY,471,0.04,Lost
Haryana,Faridabad,PANDIT NAVEEN JAIHIND,Aam Aadmi Party,11112,0.84,Lost
Haryana,Faridabad,PRADEEP KUMAR,Tola Party,330,0.02,Lost
Haryana,Faridabad,MAHESH PRATAP SHARMA,Rashtriya Vikas Party,477,0.04,Lost
Haryana,Faridabad,MUKESH KUMAR SINGH,Lokpriya Samaj Party,478,0.04,Lost
Haryana,Faridabad,RAKESH KUMAR,Aapki Apni Party (Peoples),451,0.03,Lost
Haryana,Faridabad,RAMKISHAN GOLA,All India Forward Bloc,1131,0.09,Lost
Haryana,Faridabad,RUBY,Hind Congress Party,1192,0.09,Lost
Haryana,Faridabad,LEKHRAM DABANG,Bahujan Mukti Party,4773,0.36,Lost
Haryana,Faridabad,VIJENDERA KASANA,Bhartiya Kisan Party,2688,0.2,Lost
Haryana,Faridabad,SHYAMVIR,Rashtriya Lokswaraj Party,3961,0.3,Lost
Haryana,Faridabad,SAHIRAM RAWAT,Voters Party,2024,0.15,Lost
Haryana,Faridabad,Adv. HARI SHANKAR RAJVANS,Adim Bhartiya Dal,716,0.05,Lost
Haryana,Faridabad,HARI CHAND,Peoples Party of India (Democratic),1370,0.1,Lost
Haryana,Faridabad,AMIT SINGH PATEL,Independent,371,0.03,Lost
Haryana,Faridabad,TIKARAM HOODA,Independent,249,0.02,Lost
Haryana,Faridabad,BOBBY KATARIA,Independent,393,0.03,Lost
Haryana,Faridabad,MANOJ CHOUDHARY,Independent,439,0.03,Lost
Haryana,Faridabad,C A SHUKLA,Independent,389,0.03,Lost
Haryana,Faridabad,SANJAY MAURYA,Independent,802,0.06,Lost
Haryana,Faridabad,Dr K P SINGH,Independent,663,0.05,Lost
Haryana,Faridabad,NOTA,None of the Above,4986,0.38,Lost
Haryana,Gurgaon,CAPT. AJAY SINGH,Indian National Congress,495290,34.24,Lost
Haryana,Gurgaon,RAO INDERJIT SINGH,Bharatiya Janata Party,881546,60.94,Lost
Haryana,Gurgaon,CHAUDHARY RAIS AHMAD,Bahujan Samaj Party,26756,1.85,Lost
Haryana,Gurgaon,VIRENDAR RANA,Indian National Lok Dal,9911,0.69,Lost
Haryana,Gurgaon,DR. ABDUL LATIF (MIYA JI),Voters Party,454,0.03,Lost
Haryana,Gurgaon,FOJI JAI KAWAR TYAGI (DIKSHIT),Daksha Party,346,0.02,Lost
Haryana,Gurgaon,JAWAHAR SINGH PAHAL,Bhartiya Shakti Chetna Party,309,0.02,Lost
Haryana,Gurgaon,COLONEL DHARAM PAL SINGH RAGHAVA,Rashtra Nirman Party,658,0.05,Lost
Haryana,Gurgaon,ADVOCATE PARVEEN YADAV WAZIRABAD,Akhil Bharatiya Jan Sangh,1027,0.07,Lost
Haryana,Gurgaon,PAWAN KUMAR,Shivsena,1281,0.09,Lost
Haryana,Gurgaon,DR. MEHMOOD KHAN,Jannayak Janta Party,8993,0.62,Lost
Haryana,Gurgaon,MAHABIR MEHRA CHHILARKI,Peoples Party of India (Democratic),1061,0.07,Lost
Haryana,Gurgaon,RAMESH KUMAR,Rashtriya Sahara Party,527,0.04,Lost
Haryana,Gurgaon,RAMESH CHAND,Bahujan Mukti Party,940,0.06,Lost
Haryana,Gurgaon,VINOD KUMAR,Aapki Apni Party (Peoples),1203,0.08,Lost
Haryana,Gurgaon,COMRADE SARWAN KUMAR,SOCIALIST UNITY CENTRE OF INDIA (COMMUNIST),2766,0.19,Lost
Haryana,Gurgaon,HANS KUMAR,Rashtriya Rashtrawadi Party,1868,0.13,Lost
Haryana,Gurgaon,CHOWKIDAR ANJAN DEVESHWAR,Independent,1783,0.12,Lost
Haryana,Gurgaon,AZAD SINGH NANGALIA,Independent,423,0.03,Lost
Haryana,Gurgaon,RAO INDERJEET,Independent,1342,0.09,Lost
Haryana,Gurgaon,KUSHESHWAR BHAGAT,Independent,434,0.03,Lost
Haryana,Gurgaon,PAWAN NEHRA,Independent,298,0.02,Lost
Haryana,Gurgaon,VIRENDER,Independent,259,0.02,Lost
Haryana,Gurgaon,SUDESH KUMAR,Independent,1645,0.11,Lost
Haryana,Gurgaon,NOTA,None of the Above,5389,0.37,Lost
Haryana,Hisar,BRIJENDRA SINGH,Bharatiya Janata Party,603289,51.13,Lost
Haryana,Hisar,BHAVYA BISHNOI,Indian National Congress,184369,15.63,Lost
Haryana,Hisar,SUKHBIR SINGH,Communist Party of India (Marxist),9150,0.78,Lost
Haryana,Hisar,SURINDER SHARMA,Bahujan Samaj Party,45190,3.83,Lost
Haryana,Hisar,SURESH KOTH,Indian National Lok Dal,9761,0.83,Lost
Haryana,Hisar,JAI BHAGWAN,Bahujan Mukti Party,2093,0.18,Lost
Haryana,Hisar,DARA SINGH,Bhartiya Janraj Party,1269,0.11,Lost
Haryana,Hisar,DUSHYANT CHAUTALA,Jannayak Janta Party,289221,24.51,Lost
Haryana,Hisar,PAWAN FOUJI,Rashtriya Bhagidari Samaj Party,1777,0.15,Lost
Haryana,Hisar,VIKAS GODARA,Rashtriya Lokswaraj Party,893,0.08,Lost
Haryana,Hisar,SHASHI BHARAT BHUSHAN,Pragatishil Samajwadi Party (Lohia),417,0.04,Lost
Haryana,Hisar,SANDEEP,Bharat Prabhat Party,521,0.04,Lost
Haryana,Hisar,KAKA SAHIL THAKRAL,Sapaks Party,770,0.07,Lost
Haryana,Hisar,ANOOP MEHTA,Independent,998,0.08,Lost
Haryana,Hisar,ATAM PARKASH,Independent,1207,0.1,Lost
Haryana,Hisar,KULDEEP BHUKKAL,Independent,5334,0.45,Lost
Haryana,Hisar,DEEPAK,Independent,5867,0.5,Lost
Haryana,Hisar,PYARELAL CHOHAN ADVOCATE,Independent,930,0.08,Lost
Haryana,Hisar,PARDEEP KUMAR,Independent,522,0.04,Lost
Haryana,Hisar,BAJRANG VATS,Independent,808,0.07,Lost
Haryana,Hisar,BIJENDER,Independent,459,0.04,Lost
Haryana,Hisar,MANGE RAM VERMA,Independent,993,0.08,Lost
Haryana,Hisar,SHAMSHER SINGH,Independent,485,0.04,Lost
Haryana,Hisar,SALEEM DIN,Independent,6339,0.54,Lost
Haryana,Hisar,SUDHIR GODARA,Independent,3757,0.32,Lost
Haryana,Hisar,SUMIT KUMAR,Independent,493,0.04,Lost
Haryana,Hisar,NOTA,None of the Above,2957,0.25,Lost
Haryana,Karnal,Kuldip Sharma,Indian National Congress,255452,19.64,Lost
Haryana,Karnal,Dharmvir Padha,Indian National Lok Dal,15797,1.21,Lost
Haryana,Karnal,Pankaj,Bahujan Samaj Party,67183,5.17,Lost
Haryana,Karnal,Sanjay Bhatia,Bharatiya Janata Party,911594,70.08,Lost
Haryana,Karnal,Ankur,Aapki Apni Party (Peoples),2789,0.21,Lost
Haryana,Karnal,Anil Kumar,Jai Jawan Jai Kisan Party,1243,0.1,Lost
Haryana,Karnal,Ishwar Chand Salwan,Aadarsh Janata Sewa Party,551,0.04,Lost
Haryana,Karnal,Ishwar Sharma,Rashtriya Lokswaraj Party,808,0.06,Lost
Haryana,Karnal,Kitab Singh,Peoples Party of India (Democratic),2118,0.16,Lost
Haryana,Karnal,Krishan Kumar Aggarwal,Aam Aadmi Party,22084,1.7,Lost
Haryana,Karnal,Tilak Raj,Rashtriya Garib Dal,774,0.06,Lost
Haryana,Karnal,Dinesh Sharma,Shivsena,1731,0.13,Lost
Haryana,Karnal,Naresh Kumar,Pragatishil Samajwadi Party (Lohia),2340,0.18,Lost
Haryana,Karnal,Vicky Chinalya,Samajik Nyaya Party,3318,0.26,Lost
Haryana,Karnal,Jagdish,Independent,1186,0.09,Lost
Haryana,Karnal,Parmod Sharma,Independent,6291,0.48,Lost
Haryana,Karnal,NOTA,None of the Above,5463,0.42,Lost
Haryana,Kurukshetra,ARJUN SINGH CHAUTALA,Indian National Lok Dal,60679,4.93,Lost
Haryana,Kurukshetra,NAYAB SINGH,Bharatiya Janata Party,688629,55.98,Lost
Haryana,Kurukshetra,NIRMAL SINGH,Indian National Congress,304038,24.71,Lost
Haryana,Kurukshetra,SHASHI,Bahujan Samaj Party,75625,6.15,Lost
Haryana,Kurukshetra,JAI BHAGWAN SHARMA (DD),Jannayak Janta Party,68513,5.57,Lost
Haryana,Kurukshetra,JYOTI HIBANA,Navnirman Party,985,0.08,Lost
Haryana,Kurukshetra,NITIN,Aapki Apni Party (Peoples),467,0.04,Lost
Haryana,Kurukshetra,RAJ KUMARI,Bharat Prabhat Party,507,0.04,Lost
Haryana,Kurukshetra,RAM NARAYAN,Bhartiya Jan Samman Party,766,0.06,Lost
Haryana,Kurukshetra,VIKRAM SINGH,Bhartiya Shakti Chetna Party,1186,0.1,Lost
Haryana,Kurukshetra,SANDEEP KUMAR KAUSHIK,Rashtriya Lokswaraj Party,686,0.06,Lost
Haryana,Kurukshetra,SUBHASH CHAND BEDI,Pragatishil Samajwadi Party (Lohia),1091,0.09,Lost
Haryana,Kurukshetra,SUMER CHAND,Peoples Party of India (Democratic),2313,0.19,Lost
Haryana,Kurukshetra,ANIL YOGI UPADHYAY,Independent,1940,0.16,Lost
Haryana,Kurukshetra,ASHWINI SHARMA HRITTWAL,Independent,4611,0.37,Lost
Haryana,Kurukshetra,CS KANWALJIT SINGH,Independent,2811,0.23,Lost
Haryana,Kurukshetra,JAI PARKASH SHARMA,Independent,1344,0.11,Lost
Haryana,Kurukshetra,BALVEER SINGH,Independent,2449,0.2,Lost
Haryana,Kurukshetra,RAMESH CHANDER KHATKAR,Independent,1467,0.12,Lost
Haryana,Kurukshetra,RAMESHWAR (FOJI),Independent,1129,0.09,Lost
Haryana,Kurukshetra,ROSHAN LAL MUWAL,Independent,888,0.07,Lost
Haryana,Kurukshetra,Sandeep Singh,Independent,3114,0.25,Lost
Haryana,Kurukshetra,SACHIN GABA,Independent,921,0.07,Lost
Haryana,Kurukshetra,SATISH KUMAR SINGAL,Independent,845,0.07,Lost
Haryana,Kurukshetra,NOTA,None of the Above,3198,0.26,Lost
Haryana,Rohtak,ARVIND KUMAR SHARMA,Bharatiya Janata Party,573845,47.01,Lost
Haryana,Rohtak,KISHAN LAL PANCHAL,Bahujan Samaj Party,38364,3.14,Lost
Haryana,Rohtak,DEEPENDER SINGH HOODA,Indian National Congress,566342,46.4,Lost
Haryana,Rohtak,DHARAMVIR,Indian National Lok Dal,7158,0.59,Lost
Haryana,Rohtak,IMRAN,Bharat Prabhat Party,369,0.03,Lost
Haryana,Rohtak,JAIKARAN MANDAUTHI,SOCIALIST UNITY CENTRE OF INDIA (COMMUNIST),1030,0.08,Lost
Haryana,Rohtak,PRADEEP KUMAR DESWAL,Jannayak Janta Party,21211,1.74,Lost
Haryana,Rohtak,MANJU DEVI,Pragatishil Samajwadi Party (Lohia),313,0.03,Lost
Haryana,Rohtak,RAJBIR,Aapki Apni Party (Peoples),183,0.01,Lost
Haryana,Rohtak,SUKHBIR,Dalit Soshit Pichhara Varg Adhikar Dal,422,0.03,Lost
Haryana,Rohtak,Ashok Kumar,Independent,225,0.02,Lost
Haryana,Rohtak,INDERJEET,Independent,277,0.02,Lost
Haryana,Rohtak,Krishan,Independent,338,0.03,Lost
Haryana,Rohtak,PARVEEN KUMAR,Independent,1101,0.09,Lost
Haryana,Rohtak,RAM KISHAN SAIN,Independent,767,0.06,Lost
Haryana,Rohtak,RAMBIR,Independent,2447,0.2,Lost
Haryana,Rohtak,VINAY,Independent,2739,0.22,Lost
Haryana,Rohtak,SATYAVIR SINGH,Independent,439,0.04,Lost
Haryana,Rohtak,NOTA,None of the Above,3001,0.25,Lost
Haryana,Sirsa,Ashok Tanwar,Indian National Congress,404433,29.53,Lost
Haryana,Sirsa,Charanjeet Singh Rori,Indian National Lok Dal,88093,6.43,Lost
Haryana,Sirsa,Janak Raj Atwal,Bahujan Samaj Party,25107,1.83,Lost
Haryana,Sirsa,Sunita Duggal,Bharatiya Janata Party,714351,52.16,Lost
Haryana,Sirsa,Ankur Gill,Shivsena,3749,0.27,Lost
Haryana,Sirsa,Angrej Singh Alahi,Rashtriya Lokswaraj Party,1938,0.14,Lost
Haryana,Sirsa,Jaswant,Bhartiya Shakti Chetna Party,1536,0.11,Lost
Haryana,Sirsa,Nirmal Singh Malri,Jannayak Janta Party,95914,7.0,Lost
Haryana,Sirsa,Brij Pal Balmiki,Bahujan Mukti Party,1514,0.11,Lost
Haryana,Sirsa,Rajesh Chaubara,Revolutionary Marxist Party of India,1851,0.14,Lost
Haryana,Sirsa,Dr. Rajesh Mehandia,Peoples Party of India (Democratic),3038,0.22,Lost
Haryana,Sirsa,Hira Singh Hanspur,Pragatishil Samajwadi Party (Lohia),1951,0.14,Lost
Haryana,Sirsa,Kashmir Chand Oad,Independent,4056,0.3,Lost
Haryana,Sirsa,Dalip Luna,Independent,1319,0.1,Lost
Haryana,Sirsa,Deepak,Independent,1543,0.11,Lost
Haryana,Sirsa,Rajender Sirsa,Independent,6448,0.47,Lost
Haryana,Sirsa,Vinod Kumar Sirkiband (Gihara),Independent,3839,0.28,Lost
Haryana,Sirsa,Virender Singh,Independent,878,0.06,Lost
Haryana,Sirsa,Surender Kumar,Independent,1186,0.09,Lost
Haryana,Sirsa,Surajmal Athwal,Independent,2403,0.18,Lost
Haryana,Sirsa,NOTA,None of the Above,4339,0.32,Lost
Haryana,Sonipat,BHUPINDER SINGH HOODA,Indian National Congress,422800,37.43,Lost
Haryana,Sonipat,RAMESH CHANDER KAUSHIK,Bharatiya Janata Party,587664,52.03,Lost
Haryana,Sonipat,SURENDER KUMAR CHHIKARA,Indian National Lok Dal,9149,0.81,Lost
Haryana,Sonipat,KUSUM PARASHAR,Mahila & Yuva Shakti Party,605,0.05,Lost
Haryana,Sonipat,DIGVIJAY SINGH CHAUTALA,Jannayak Janta Party,51162,4.53,Lost
Haryana,Sonipat,SANT DHARAMVEER CHOTIWALA,Bahujan Maha Party,357,0.03,Lost
Haryana,Sonipat,COMRADE BALBEER SINGH,SOCIALIST UNITY CENTRE OF INDIA (COMMUNIST),871,0.08,Lost
Haryana,Sonipat,MANISH,Aapki Apni Party (Peoples),309,0.03,Lost
Haryana,Sonipat,MAHAVEER,Rashtriya Mazdoor Ekta Party,509,0.05,Lost
Haryana,Sonipat,MOHAN,All India Forward Bloc,392,0.03,Lost
Haryana,Sonipat,RAJ BALA SAINI,Loktanter Suraksha Party,35046,3.1,Lost
Haryana,Sonipat,RAJESH SHARMA,Pragatishil Samajwadi Party (Lohia),430,0.04,Lost
Haryana,Sonipat,RAMDIYA,Samajik Nyaya Party,1709,0.15,Lost
Haryana,Sonipat,SUKHMANDAR SINGH KHARB,Rashtriya Jatigat Aarakshan Virodhi Party,535,0.05,Lost
Haryana,Sonipat,SUDHIR KUMAR,Bharat Prabhat Party,1589,0.14,Lost
Haryana,Sonipat,ANIL KUMAR,Independent,1975,0.17,Lost
Haryana,Sonipat,ASHWANI,Independent,1544,0.14,Lost
Haryana,Sonipat,KARAN SINGH,Independent,1162,0.1,Lost
Haryana,Sonipat,DR. JAGBIR SINGH,Independent,383,0.03,Lost
Haryana,Sonipat,JAI PRAKASH,Independent,196,0.02,Lost
Haryana,Sonipat,DHARAMBIR,Independent,500,0.04,Lost
Haryana,Sonipat,PARDEEP CHAHAL,Independent,128,0.01,Lost
Haryana,Sonipat,BIJENDER,Independent,236,0.02,Lost
Haryana,Sonipat,BIJENDER KUMAR,Independent,256,0.02,Lost
Haryana,Sonipat,MASTER RAMESH KHATRI LAMBARDAR,Independent,1701,0.15,Lost
Haryana,Sonipat,RAVINDER KUMAR,Independent,290,0.03,Lost
Haryana,Sonipat,SHIYANAND TYAGI,Independent,259,0.02,Lost
Haryana,Sonipat,SATINDER RATHI,Independent,385,0.03,Lost
Haryana,Sonipat,SATISH RAJ DESWAL,Independent,4926,0.44,Lost
Haryana,Sonipat,NOTA,None of the Above,2464,0.22,Lost
Himachal Pradesh,Hamirpur,ANURAG SINGH THAKUR,Bharatiya Janata Party,682692,69.04,Lost
Himachal Pradesh,Hamirpur,DESH RAJ,Bahujan Samaj Party,7095,0.72,Lost
Himachal Pradesh,Hamirpur,RAM LAL THAKUR,Indian National Congress,283120,28.63,Lost
Himachal Pradesh,Hamirpur,KRISHAN GOPAL,Satya Bahumat Party,2319,0.23,Lost
Himachal Pradesh,Hamirpur,TULSI RAM SHARMA,All India Forward Bloc,775,0.08,Lost
Himachal Pradesh,Hamirpur,RAM SINGH SHUKLA,Bahujan Mukti Party,473,0.05,Lost
Himachal Pradesh,Hamirpur,ASHISH KUMAR,Independent,330,0.03,Lost
Himachal Pradesh,Hamirpur,ASHOK SHARMA,Independent,412,0.04,Lost
Himachal Pradesh,Hamirpur,PARVEEN THAKUR,Independent,699,0.07,Lost
Himachal Pradesh,Hamirpur,RADHA KRISHAN NAROTRA,Independent,1420,0.14,Lost
Himachal Pradesh,Hamirpur,VIKASH KUMAR,Independent,1404,0.14,Lost
Himachal Pradesh,Hamirpur,NOTA,None of the Above,8026,0.81,Lost
Himachal Pradesh,Kangra,Kishan Kapoor,Bharatiya Janata Party,725218,72.02,Lost
Himachal Pradesh,Kangra,Dr. Kehar Singh,Bahujan Samaj Party,8866,0.88,Lost
Himachal Pradesh,Kangra,Pawan Kajal,Indian National Congress,247595,24.59,Lost
Himachal Pradesh,Kangra,Prem Chand Vishvakarma,Navbharat Ekta Dal,2371,0.24,Lost
Himachal Pradesh,Kangra,Dr. Swaroop Singh Rana,Swabhiman Party,959,0.1,Lost
Himachal Pradesh,Kangra,Subhash Chand,Himachal Jan Kranti Party,970,0.1,Lost
Himachal Pradesh,Kangra,Chander Bhan (Baabla),Independent,564,0.06,Lost
Himachal Pradesh,Kangra,Col. Narinder Pathania,Independent,908,0.09,Lost
Himachal Pradesh,Kangra,Nisha Katoch,Independent,1398,0.14,Lost
Himachal Pradesh,Kangra,Bachan Singh Rana,Independent,2240,0.22,Lost
Himachal Pradesh,Kangra,Dr. Sanjiv Guleria,Independent,4573,0.45,Lost
Himachal Pradesh,Kangra,NOTA,None of the Above,11327,1.12,Lost
Himachal Pradesh,Mandi,AASHRAY SHARMA,Indian National Congress,241730,25.68,Lost
Himachal Pradesh,Mandi,DALEEP SINGH KAITH,Communist Party of India (Marxist),14838,1.58,Lost
Himachal Pradesh,Mandi,RAM SWAROOP SHARMA,Bharatiya Janata Party,647189,68.75,Lost
Himachal Pradesh,Mandi,SES RAM,Bahujan Samaj Party,9060,0.96,Lost
Himachal Pradesh,Mandi,KARTAR CHAND,Swabhiman Party,880,0.09,Lost
Himachal Pradesh,Mandi,KHEM CHAND,Peoples Party of India (Democratic),511,0.05,Lost
Himachal Pradesh,Mandi,CHANDERMANI,All India Forward Bloc,505,0.05,Lost
Himachal Pradesh,Mandi,MEHAR SINGH,Rashtriya Azad Manch,582,0.06,Lost
Himachal Pradesh,Mandi,RAJENDER SURYAVANSHI,Ambedkarite Party of India,1873,0.2,Lost
Himachal Pradesh,Mandi,SHIV LAL THAKUR,Bhartiya Shakti Chetna Party,751,0.08,Lost
Himachal Pradesh,Mandi,GUMAN SINGH,Independent,2344,0.25,Lost
Himachal Pradesh,Mandi,GHANSHYAM CHAND THAKUR,Independent,775,0.08,Lost
Himachal Pradesh,Mandi,COL. THAKUR SINGH,Independent,1596,0.17,Lost
Himachal Pradesh,Mandi,DEV RAJ BHARDWAJ,Independent,3653,0.39,Lost
Himachal Pradesh,Mandi,DHARMENDER SINGH THAKUR,Independent,1860,0.2,Lost
Himachal Pradesh,Mandi,BRIJ GOPAL,Independent,4087,0.43,Lost
Himachal Pradesh,Mandi,SUBHASH MOHAN SNEHI,Independent,3839,0.41,Lost
Himachal Pradesh,Mandi,NOTA,None of the Above,5298,0.56,Lost
Himachal Pradesh,Shimla,DHANI RAM SHANDIL,Indian National Congress,278668,30.5,Lost
Himachal Pradesh,Shimla,VIKRAM SINGH,Bahujan Samaj Party,7759,0.85,Lost
Himachal Pradesh,Shimla,SURESH KUMAR KASHYAP,Bharatiya Janata Party,606183,66.35,Lost
Himachal Pradesh,Shimla,MANOJ RAGHUVANSHI,All India Forward Bloc,5817,0.64,Lost
Himachal Pradesh,Shimla,SHAMSHER SINGH,Rashtriya Azad Manch,3216,0.35,Lost
Himachal Pradesh,Shimla,RAVI KUMAR DALIT,Independent,3608,0.39,Lost
Himachal Pradesh,Shimla,NOTA,None of the Above,8357,0.91,Lost
Jammu & Kashmir,Anantnag,HASNAIN MASOODI,Jammu & Kashmir National Conference,40180,32.17,Lost
Jammu & Kashmir,Anantnag,GHULAM AHMAD MIR,Indian National Congress,33504,26.83,Lost
Jammu & Kashmir,Anantnag,MEHBOOBA MUFTI,Jammu & Kashmir Peoples Democratic Party,30524,24.44,Lost
Jammu & Kashmir,Anantnag,NISAR AHMAD WANI,Jammu & Kashmir National Panthers Party,589,0.47,Lost
Jammu & Kashmir,Anantnag,SOFI YOUSUF,Bharatiya Janata Party,10225,8.19,Lost
Jammu & Kashmir,Anantnag,SURINDER SINGH,Pragatishil Samajwadi Party (Lohia),217,0.17,Lost
Jammu & Kashmir,Anantnag,SANJAY KUMAR DHAR,Manvadhikar National Party,677,0.54,Lost
Jammu & Kashmir,Anantnag,CH. ZAFFAR ALI,Jammu & Kashmir People Conference,1646,1.32,Lost
Jammu & Kashmir,Anantnag,IMTIYAZ AHMAD RATHER,Independent,382,0.31,Lost
Jammu & Kashmir,Anantnag,RIDWANA SANAM,Independent,455,0.36,Lost
Jammu & Kashmir,Anantnag,RIYAZ AHMAD BHAT,Independent,194,0.16,Lost
Jammu & Kashmir,Anantnag,ZUBAIR MASOODI,Independent,547,0.44,Lost
Jammu & Kashmir,Anantnag,MIRZA SAJAD HUSSAIN BEIGH,Independent,425,0.34,Lost
Jammu & Kashmir,Anantnag,SHAMS KHWAJA,Independent,760,0.61,Lost
Jammu & Kashmir,Anantnag,ALI MOHAMMAD WANI,Independent,814,0.65,Lost
Jammu & Kashmir,Anantnag,GH. MOHD. WANI,Independent,1369,1.1,Lost
Jammu & Kashmir,Anantnag,KYASIR AHMAD SHEIKH,Independent,847,0.68,Lost
Jammu & Kashmir,Anantnag,MANZOOR AHMAD KHAN,Independent,604,0.48,Lost
Jammu & Kashmir,Anantnag,NOTA,None of the Above,937,0.75,Lost
Jammu & Kashmir,Baramulla,JAHANGIR KHAN,Jammu & Kashmir National Panthers Party,4329,0.95,Lost
Jammu & Kashmir,Baramulla,ABDUL QAYOOM WANI,Jammu & Kashmir Peoples Democratic Party,53530,11.75,Lost
Jammu & Kashmir,Baramulla,HAJI FAROOQ AHMAD MIR,Indian National Congress,34532,7.58,Lost
Jammu & Kashmir,Baramulla,MOHAMMAD AKBAR LONE,Jammu & Kashmir National Conference,133426,29.29,Lost
Jammu & Kashmir,Baramulla,MOHD MAQBOOL WAR,Bharatiya Janata Party,7894,1.73,Lost
Jammu & Kashmir,Baramulla,RAJA AIJAZ ALI,Jammu & Kashmir People Conference,103193,22.65,Lost
Jammu & Kashmir,Baramulla,JAVID AHMAD QURESHI,Independent,3383,0.74,Lost
Jammu & Kashmir,Baramulla,SYED NAJEEB SHAH NAQVI,Independent,4967,1.09,Lost
Jammu & Kashmir,Baramulla,ENGINEER RASHID,Independent,102168,22.43,Lost
Jammu & Kashmir,Baramulla,NOTA,None of the Above,8128,1.78,Lost
Jammu & Kashmir,Jammu,Badri Nath,Bahujan Samaj Party,14276,0.97,Lost
Jammu & Kashmir,Jammu,Prof. Bhim Singh,Jammu & Kashmir National Panthers Party,4016,0.27,Lost
Jammu & Kashmir,Jammu,Jugal Kishore,Bharatiya Janata Party,858066,58.02,Lost
Jammu & Kashmir,Jammu,Raman Bhalla,Indian National Congress,555191,37.54,Lost
Jammu & Kashmir,Jammu,Javaid Ahmed,All India Forward Bloc,3866,0.26,Lost
Jammu & Kashmir,Jammu,Sushil Kumar,Hindusthan Nirman Dal,1281,0.09,Lost
Jammu & Kashmir,Jammu,Syed Aqib Hussain,Independent Peoples Party,1723,0.12,Lost
Jammu & Kashmir,Jammu,Gursagar Singh,Navarang Congress Party,1103,0.07,Lost
Jammu & Kashmir,Jammu,Lal Singh,"Dogra Swabhiman Sangathan Party,",7539,0.51,Lost
Jammu & Kashmir,Jammu,Mohd Younis,Jammu & Kashmir Pir Panjal Awami Party,1612,0.11,Lost
Jammu & Kashmir,Jammu,Manish Sahni,Shivsena,1192,0.08,Lost
Jammu & Kashmir,Jammu,Ajay Kumar,Independent,941,0.06,Lost
Jammu & Kashmir,Jammu,Anil Singh,Independent,2131,0.14,Lost
Jammu & Kashmir,Jammu,Balwan Singh,Independent,2194,0.15,Lost
Jammu & Kashmir,Jammu,Bahadur,Independent,1201,0.08,Lost
Jammu & Kashmir,Jammu,Perseen Singh,Independent,2612,0.18,Lost
Jammu & Kashmir,Jammu,Tarseem Lal Khullar,Independent,2384,0.16,Lost
Jammu & Kashmir,Jammu,Rajiv Chuni,Independent,1269,0.09,Lost
Jammu & Kashmir,Jammu,Subash Chander,Independent,3739,0.25,Lost
Jammu & Kashmir,Jammu,Satish Poonchi,Independent,3077,0.21,Lost
Jammu & Kashmir,Jammu,Sakander Ahmad Nourani,Independent,1428,0.1,Lost
Jammu & Kashmir,Jammu,Syed Zeshan Haider,Independent,1582,0.11,Lost
Jammu & Kashmir,Jammu,Shazad Shabnam,Independent,1009,0.07,Lost
Jammu & Kashmir,Jammu,Er. Ghulam Mustafa Chowdhary,Independent,2745,0.19,Lost
Jammu & Kashmir,Jammu,NOTA,None of the Above,2618,0.18,Lost
Jammu & Kashmir,Ladakh,Jamyang Tsering Namgyal,Bharatiya Janata Party,42914,33.94,Lost
Jammu & Kashmir,Ladakh,Rigzin Spalbar,Indian National Congress,21241,16.8,Lost
Jammu & Kashmir,Ladakh,Asgar Ali Karbalai,Independent,29365,23.23,Lost
Jammu & Kashmir,Ladakh,Sajjad Hussain,Independent,31984,25.3,Lost
Jammu & Kashmir,Ladakh,NOTA,None of the Above,922,0.73,Lost
Jammu & Kashmir,Srinagar,Sheikh Khalid Jehangir,Bharatiya Janata Party,4631,2.48,Lost
Jammu & Kashmir,Srinagar,Aga Syed Mohsin,Peoples Democratic Party,36700,19.64,Lost
Jammu & Kashmir,Srinagar,Abdual Rashid Ganie,Jammu & Kashmir National Panthers Party,791,0.42,Lost
Jammu & Kashmir,Srinagar,Farooq Abdullah,Jammu & Kashmir National Conference,106750,57.14,Lost
Jammu & Kashmir,Srinagar,Showkat Hussain Khan,Janata Dal (United),1250,0.67,Lost
Jammu & Kashmir,Srinagar,Abdul Khaliq Bhat,Shivsena,578,0.31,Lost
Jammu & Kashmir,Srinagar,Irfan Raza Ansari,Jammu & Kashmir People Conference,28773,15.4,Lost
Jammu & Kashmir,Srinagar,Nazir Ahmad Lone,Rashtriya Jankranti Party,506,0.27,Lost
Jammu & Kashmir,Srinagar,Nazir Ahmad Sofi,Manvadhikar National Party,1507,0.81,Lost
Jammu & Kashmir,Srinagar,Bilal Sultan,Independent,1630,0.87,Lost
Jammu & Kashmir,Srinagar,Sajjad Ahmad Dar,Independent,613,0.33,Lost
Jammu & Kashmir,Srinagar,Abdul Rashid Banday,Independent,1537,0.82,Lost
Jammu & Kashmir,Srinagar,NOTA,None of the Above,1566,0.84,Lost
Jammu & Kashmir,Udhampur,TILAK RAJ BHAGAT,Bahujan Samaj Party,16601,1.41,Lost
Jammu & Kashmir,Udhampur,DR. JITENDRA SINGH,Bharatiya Janata Party,724311,61.38,Lost
Jammu & Kashmir,Udhampur,VIKRAMADITYA SINGH,Indian National Congress,367059,31.1,Lost
Jammu & Kashmir,Udhampur,HARSH DEV SINGH,Jammu & Kashmir National Panthers Party,24319,2.06,Lost
Jammu & Kashmir,Udhampur,LAL SINGH,"Dogra Swabhiman Sangathan Party,",19049,1.61,Lost
Jammu & Kashmir,Udhampur,MOHD AYUB,Navarang Congress Party,1673,0.14,Lost
Jammu & Kashmir,Udhampur,MEENAKSHI,Shivsena,1660,0.14,Lost
Jammu & Kashmir,Udhampur,BANSI LAL,Independent,1307,0.11,Lost
Jammu & Kashmir,Udhampur,RAKESH MUDGAL,Independent,1607,0.14,Lost
Jammu & Kashmir,Udhampur,SHABER AHMED,Independent,4442,0.38,Lost
Jammu & Kashmir,Udhampur,GARIB SINGH,Independent,4984,0.42,Lost
Jammu & Kashmir,Udhampur,FIRDOUS AHMED BAWANI,Independent,5543,0.47,Lost
Jammu & Kashmir,Udhampur,NOTA,None of the Above,7568,0.64,Lost
Jharkhand,Chatra,ARJUN KUMAR,Communist Party of India,22577,2.44,Lost
Jharkhand,Chatra,NAGESHWAR GANJHU,Bahujan Samaj Party,18888,2.04,Lost
Jharkhand,Chatra,MANOJ KUMAR YADAV,Indian National Congress,150206,16.22,Lost
Jharkhand,Chatra,SUNIL KUMAR SINGH,Bharatiya Janata Party,528077,57.03,Lost
Jharkhand,Chatra,SUBHASH PRASAD YADAV,Rashtriya Janata Dal,83425,9.01,Lost
Jharkhand,Chatra,ASHUTOSH KUMAR,Purvanchal Janta Party (Secular),4483,0.48,Lost
Jharkhand,Chatra,PANKAJ RANJAN,Jharkhand People's Party,2761,0.3,Lost
Jharkhand,Chatra,RAMANAND DAS,Bhartiya Sarvodaya Party,2701,0.29,Lost
Jharkhand,Chatra,SAGAR RAM,Akhil Bharat Hindu Mahasabha,3845,0.42,Lost
Jharkhand,Chatra,ABDUL RAJAK ANSARI,Independent,3218,0.35,Lost
Jharkhand,Chatra,AYUB KHAN,Independent,3828,0.41,Lost
Jharkhand,Chatra,ARUN KUMAR YADAV,Independent,7227,0.78,Lost
Jharkhand,Chatra,JAIDULA ANSARI,Independent,13090,1.41,Lost
Jharkhand,Chatra,DULESHWAR SAW,Independent,6362,0.69,Lost
Jharkhand,Chatra,DHANANJAY KUMAR,Independent,3856,0.42,Lost
Jharkhand,Chatra,NANDLAL PRASAD,Independent,15859,1.71,Lost
Jharkhand,Chatra,NANDLAL PRASAD KESHARI,Independent,4111,0.44,Lost
Jharkhand,Chatra,PAWAN KUMAR,Independent,1595,0.17,Lost
Jharkhand,Chatra,PRAMOD TOPPO,Independent,3288,0.36,Lost
Jharkhand,Chatra,BAGENDRA RAM,Independent,8256,0.89,Lost
Jharkhand,Chatra,BHAGALPURI YADAV,Independent,3732,0.4,Lost
Jharkhand,Chatra,MANOJ KUMAR PANDEY,Independent,2052,0.22,Lost
Jharkhand,Chatra,YOGENDRA YADAV,Independent,3887,0.42,Lost
Jharkhand,Chatra,RAMESHI RAM,Independent,6089,0.66,Lost
Jharkhand,Chatra,RAJENDRA SAHU,Independent,11224,1.21,Lost
Jharkhand,Chatra,SHAUKAT ALI,Independent,2988,0.32,Lost
Jharkhand,Chatra,NOTA,None of the Above,8312,0.9,Lost
Jharkhand,Dhanbad,KIRTI AZAD,Indian National Congress,341040,27.22,Lost
Jharkhand,Dhanbad,PASHUPATI NATH SINGH,Bharatiya Janata Party,827234,66.03,Lost
Jharkhand,Dhanbad,MADHVI SINGH,All India Trinamool Congress,8235,0.66,Lost
Jharkhand,Dhanbad,MEGHNATH RAWANI,Bahujan Samaj Party,4241,0.34,Lost
Jharkhand,Dhanbad,DEEPAK KUMAR DAS,Peoples Party of India (Democratic),2194,0.18,Lost
Jharkhand,Dhanbad,MANTOSH KUMAR MANDAL,Amra Bangalee,1635,0.13,Lost
Jharkhand,Dhanbad,MIHIR CHANDRA MAHATO,Ambedkarite Party of India,3004,0.24,Lost
Jharkhand,Dhanbad,MERAJ KHAN,Samajwadi Party,1453,0.12,Lost
Jharkhand,Dhanbad,RAM LAL MAHTO,SOCIALIST UNITY CENTRE OF INDIA (COMMUNIST),1741,0.14,Lost
Jharkhand,Dhanbad,SUDHIR KUMAR MAHATO,Bahujan Mukti Party,7495,0.6,Lost
Jharkhand,Dhanbad,HEERA LAL SHANKHAVAR,All India Forward Bloc,1684,0.13,Lost
Jharkhand,Dhanbad,UMESH PASWAN,Independent,1967,0.16,Lost
Jharkhand,Dhanbad,PREM PRAKASH PASWAN,Independent,2117,0.17,Lost
Jharkhand,Dhanbad,BAMAPADA BAURI,Independent,4135,0.33,Lost
Jharkhand,Dhanbad,RAJESH KUMAR SINGH,Independent,11110,0.89,Lost
Jharkhand,Dhanbad,LAKSHMI DEVI,Independent,10876,0.87,Lost
Jharkhand,Dhanbad,VARUN KUMAR,Independent,4026,0.32,Lost
Jharkhand,Dhanbad,SANJAY PASWAN,Independent,3762,0.3,Lost
Jharkhand,Dhanbad,K.C.SINGH RAJ,Independent,1030,0.08,Lost
Jharkhand,Dhanbad,SIDDHARTH GAUTAM,Independent,9492,0.76,Lost
Jharkhand,Dhanbad,NOTA,None of the Above,4346,0.35,Lost
Jharkhand,Dumka,ARJUN PUJHAR,All India Trinamool Congress,13104,1.28,Lost
Jharkhand,Dumka,SHIBU SOREN,Jharkhand Mukti Morcha,437333,42.63,Lost
Jharkhand,Dumka,SUNIL SOREN,Bharatiya Janata Party,484923,47.26,Lost
Jharkhand,Dumka,SENAPATI MURMU,Communist Party of India,16157,1.57,Lost
Jharkhand,Dumka,STEPHAN BESRA,Bahujan Samaj Party,3273,0.32,Lost
Jharkhand,Dumka,SATISH SOREN,Jharkhand People's Party,1926,0.19,Lost
Jharkhand,Dumka,THAKUROON SOREN,Independent,5571,0.54,Lost
Jharkhand,Dumka,PROBINA MURMU,Independent,2230,0.22,Lost
Jharkhand,Dumka,BAGHRAI SOREN,Independent,2075,0.2,Lost
Jharkhand,Dumka,MOHRIL MURMU,Independent,2213,0.22,Lost
Jharkhand,Dumka,RAMESH TUDU,Independent,2579,0.25,Lost
Jharkhand,Dumka,RASKA SOREN,Independent,5135,0.5,Lost
Jharkhand,Dumka,RAJESH BESRA,Independent,5882,0.57,Lost
Jharkhand,Dumka,DR. SHRILAL KISKU,Independent,16562,1.61,Lost
Jharkhand,Dumka,SAMUEL TUDU,Independent,12609,1.23,Lost
Jharkhand,Dumka,NOTA,None of the Above,14396,1.4,Lost
Jharkhand,Giridih,Chandra Prakash Choudhary,AJSU Party,648277,58.57,Lost
Jharkhand,Giridih,Jagarnath Mahto,Jharkhand Mukti Morcha,399930,36.13,Lost
Jharkhand,Giridih,Rasul Baksh,Bahujan Samaj Party,10061,0.91,Lost
Jharkhand,Giridih,Amit Jani,Uttar Pradesh Navnirman Sena,2051,0.19,Lost
Jharkhand,Giridih,Ahmad Ansari,Bhartiya Lokmat Rashtrwadi Party,1088,0.1,Lost
Jharkhand,Giridih,Chandra Deo Prasad,Aihra National Party,1650,0.15,Lost
Jharkhand,Giridih,Jogeshwar Thakur,Vishva SHakti Party,1225,0.11,Lost
Jharkhand,Giridih,Dwaraka Prasad Lala,Republican Party of India (A),1896,0.17,Lost
Jharkhand,Giridih,Madhu Sudan,"Jharkhand Party (Secular),",1244,0.11,Lost
Jharkhand,Giridih,Shibu Singh,Bhartiya Manavadhikaar Federal Party,1206,0.11,Lost
Jharkhand,Giridih,Sohrab Shah,Bahujan Mukti Party,1448,0.13,Lost
Jharkhand,Giridih,Rajendra Dasaundhi,Independent,1667,0.15,Lost
Jharkhand,Giridih,Sanjeev Kumar Mahato,Independent,2217,0.2,Lost
Jharkhand,Giridih,Simmi Suman,Independent,4173,0.38,Lost
Jharkhand,Giridih,Sunita Tudu,Independent,9077,0.82,Lost
Jharkhand,Giridih,NOTA,None of the Above,19708,1.78,Lost
Jharkhand,Godda,Zaffar Obaid,Bahujan Samaj Party,17583,1.47,Lost
Jharkhand,Godda,Nishikant Dubey,Bharatiya Janata Party,637610,53.4,Lost
Jharkhand,Godda,Pradeep Yadav,Jharkhand Vikas Morcha (Prajatantrik),453383,37.97,Lost
Jharkhand,Godda,Asha Makade,Pichhara Samaj Party United,6580,0.55,Lost
Jharkhand,Godda,Noor Hassan,Rashtriya Samta Party (Secular),2307,0.19,Lost
Jharkhand,Godda,Bajrangi Mahtha,Bahujan Mukti Party,3023,0.25,Lost
Jharkhand,Godda,Murari Kapri,Aam Adhikar Morcha,2627,0.22,Lost
Jharkhand,Godda,Anup Kumar Sinha,Independent,2534,0.21,Lost
Jharkhand,Godda,Jitendra Kumar Barnwal,Independent,2982,0.25,Lost
Jharkhand,Godda,Madhusudan Ray,Independent,6301,0.53,Lost
Jharkhand,Godda,Mahesh Kumar Suman,Independent,10354,0.87,Lost
Jharkhand,Godda,K. Rangaiah,Independent,16456,1.38,Lost
Jharkhand,Godda,Birendra Kumar,Independent,13613,1.14,Lost
Jharkhand,Godda,NOTA,None of the Above,18683,1.56,Lost
Jharkhand,Hazaribagh,GOPAL PRASAD SAHU,Indian National Congress,249250,23.06,Lost
Jharkhand,Hazaribagh,JAYANT SINHA,Bharatiya Janata Party,728798,67.42,Lost
Jharkhand,Hazaribagh,BHUBNESHWAR PRASAD MEHTA,Communist Party of India,32109,2.97,Lost
Jharkhand,Hazaribagh,VINOD KUMAR,Bahujan Samaj Party,8793,0.81,Lost
Jharkhand,Hazaribagh,KRISHAN KUMAR SINGH,Bharat Prabhat Party,1690,0.16,Lost
Jharkhand,Hazaribagh,JAGAT KUMAR SONI,Bhartiya Azad Sena,1527,0.14,Lost
Jharkhand,Hazaribagh,BHAWESH KUMAR MISHRA,Bharatiya Jan Kranti Dal (Democratic),1842,0.17,Lost
Jharkhand,Hazaribagh,MISBAHUL ISLAM,Peoples Party of India (Democratic),1716,0.16,Lost
Jharkhand,Hazaribagh,MD. MUBARAK,Janata Congress,1802,0.17,Lost
Jharkhand,Hazaribagh,RAJNI DEVI,Jai Prakash Janata Dal,2137,0.2,Lost
Jharkhand,Hazaribagh,RAJESH RANJAN,SOCIALIST UNITY CENTRE OF INDIA (COMMUNIST),2181,0.2,Lost
Jharkhand,Hazaribagh,RAMESHWAR RAM KUSHWAHA,All India Forward Bloc,2396,0.22,Lost
Jharkhand,Hazaribagh,GAUTAM KUMAR,Independent,3048,0.28,Lost
Jharkhand,Hazaribagh,TEKOCHAND MAHTO,Independent,5612,0.52,Lost
Jharkhand,Hazaribagh,MD. MOIN UDDIN AHMAD,Independent,15660,1.45,Lost
Jharkhand,Hazaribagh,RAMAVTAR MAHTO,Independent,14829,1.37,Lost
Jharkhand,Hazaribagh,NOTA,None of the Above,7539,0.7,Lost
Jharkhand,Jamshedpur,Anjana Mahata,All India Trinamool Congress,9542,0.83,Lost
Jharkhand,Jamshedpur,Ashraf Hussain,Bahujan Samaj Party,3359,0.29,Lost
Jharkhand,Jamshedpur,Champai Soren,Jharkhand Mukti Morcha,377542,33.0,Lost
Jharkhand,Jamshedpur,Bidyut Baran Mahato,Bharatiya Janata Party,679632,59.4,Lost
Jharkhand,Jamshedpur,Angad Mahato,Amra Bangalee,6665,0.58,Lost
Jharkhand,Jamshedpur,Asjadullah Imran,Bharat Prabhat Party,1789,0.16,Lost
Jharkhand,Jamshedpur,Qamar Raza Khan,Bhartiya Panchyat Party,1463,0.13,Lost
Jharkhand,Jamshedpur,Chandra Shekhar Mahato,Peoples Party of India (Democratic),1587,0.14,Lost
Jharkhand,Jamshedpur,Panmani Singh,SOCIALIST UNITY CENTRE OF INDIA (COMMUNIST),2471,0.22,Lost
Jharkhand,Jamshedpur,Malay Kumar Mahato,Communist Party of India (Marxist-Leninist) Red Star,1874,0.16,Lost
Jharkhand,Jamshedpur,Mahesh Kumar,Right to Recall Party,2481,0.22,Lost
Jharkhand,Jamshedpur,Ranjit Kumar Singh,Jharkhand Party,4630,0.4,Lost
Jharkhand,Jamshedpur,Shekh Akhir Uddin,Jharkhand Party (Naren),7665,0.67,Lost
Jharkhand,Jamshedpur,Sabita Kaivarto,Aihra National Party,6272,0.55,Lost
Jharkhand,Jamshedpur,Subrat Kumar Pradhan,Ambedkarite Party of India,4850,0.42,Lost
Jharkhand,Jamshedpur,Surya Singh Besra,Jharkhand People's Party,9288,0.81,Lost
Jharkhand,Jamshedpur,Asit Kumar Singh,Independent,2366,0.21,Lost
Jharkhand,Jamshedpur,Dinesh Mahato,Independent,1524,0.13,Lost
Jharkhand,Jamshedpur,Deepak Kumar Giri,Independent,3518,0.31,Lost
Jharkhand,Jamshedpur,Mubin Khan,Independent,3969,0.35,Lost
Jharkhand,Jamshedpur,Rakesh Kumar,Independent,3239,0.28,Lost
Jharkhand,Jamshedpur,Shailesh Kumar Singh,Independent,1496,0.13,Lost
Jharkhand,Jamshedpur,Sarita Anand,Independent,1191,0.1,Lost
Jharkhand,Jamshedpur,NOTA,None of the Above,5813,0.51,Lost
Jharkhand,Khunti,ARJUN MUNDA,Bharatiya Janata Party,382638,45.97,Lost
Jharkhand,Khunti,INDUMATI MUNDU,Bahujan Samaj Party,7663,0.92,Lost
Jharkhand,Khunti,KALI CHARAN MUNDA,Indian National Congress,381193,45.8,Lost
Jharkhand,Khunti,AJAY TOPNO,Jharkhand Party,8838,1.06,Lost
Jharkhand,Khunti,ABINASHI MUNDU,Hum Bhartiya Party,2373,0.29,Lost
Jharkhand,Khunti,NEEL JUSTINE BECK,Bharatiya Minorities Suraksha Mahasangh,1864,0.22,Lost
Jharkhand,Khunti,MUNNA BARAIK,Aihra National Party,1864,0.22,Lost
Jharkhand,Khunti,SIBIL KANDULNA,Rashtriya Sangail Party,3895,0.47,Lost
Jharkhand,Khunti,NIYARAN HERENJ,Independent,4560,0.55,Lost
Jharkhand,Khunti,MEENAKSHI MUNDA,Independent,10989,1.32,Lost
Jharkhand,Khunti,SUKHRAM HERENJ,Independent,5255,0.63,Lost
Jharkhand,Khunti,NOTA,None of the Above,21245,2.55,Lost
Jharkhand,Kodarma,ANNPURNA DEVI,Bharatiya Janata Party,753016,62.26,Lost
Jharkhand,Kodarma,KANCHAN KUMARI,All India Trinamool Congress,14119,1.17,Lost
Jharkhand,Kodarma,BABU LAL MARANDI,Jharkhand Vikas Morcha (Prajatantrik),297416,24.59,Lost
Jharkhand,Kodarma,SARFARAJ AHMAD,Bahujan Samaj Party,6359,0.53,Lost
Jharkhand,Kodarma,AJAY KRISHNA,Rashtriya Jansangharsh Swaraj Party,2496,0.21,Lost
Jharkhand,Kodarma,AVADHESH KUMAR SINGH,Vishva SHakti Party,3265,0.27,Lost
Jharkhand,Kodarma,TUKLAL NAYAK,Hindusthan Nirman Dal,2220,0.18,Lost
Jharkhand,Kodarma,DAYANAND KUMAR,Janata Congress,2181,0.18,Lost
Jharkhand,Kodarma,BAYAS KUMAR,Moolniwasi Samaj Party,3254,0.27,Lost
Jharkhand,Kodarma,RAJ KUMAR YADAV,Communist Party of India (Marxist-Leninist) (Liberation),68207,5.64,Lost
Jharkhand,Kodarma,SHIVNATH SAW,All India Forward Bloc,4060,0.34,Lost
Jharkhand,Kodarma,PRADIP TURI,Independent,6207,0.51,Lost
Jharkhand,Kodarma,MD. MAHBOOB ALAM,Independent,9421,0.78,Lost
Jharkhand,Kodarma,RAMESHWAR PRASAD YADAV,Independent,6156,0.51,Lost
Jharkhand,Kodarma,NOTA,None of the Above,31164,2.58,Lost
Jharkhand,Lohardaga,DINESH ORAON,All India Trinamool Congress,9643,1.18,Lost
Jharkhand,Lohardaga,SHARVAN KUMAR PANNA,Bahujan Samaj Party,4048,0.5,Lost
Jharkhand,Lohardaga,SUKHDEO BHAGAT,Indian National Congress,361232,44.18,Lost
Jharkhand,Lohardaga,SUDARSHAN BHAGAT,Bharatiya Janata Party,371595,45.45,Lost
Jharkhand,Lohardaga,DEOKUMAR DHAN,Jharkhand Party,19546,2.39,Lost
Jharkhand,Lohardaga,AJIT KUMAR BHAGAT,Independent,2880,0.35,Lost
Jharkhand,Lohardaga,AMBER SAURAV KUNAL,Independent,1889,0.23,Lost
Jharkhand,Lohardaga,ANAND PAUL TIRKEY,Independent,2339,0.29,Lost
Jharkhand,Lohardaga,ALON BAXLA,Independent,2317,0.28,Lost
Jharkhand,Lohardaga,EKUS DHAN,Independent,2341,0.29,Lost
Jharkhand,Lohardaga,KALINDRA ORAON,Independent,4061,0.5,Lost
Jharkhand,Lohardaga,RAGHUNATH MAHLI,Independent,8950,1.09,Lost
Jharkhand,Lohardaga,SANJAY ORAON,Independent,10663,1.3,Lost
Jharkhand,Lohardaga,SANIYA ORAON,Independent,5263,0.64,Lost
Jharkhand,Lohardaga,NOTA,None of the Above,10783,1.32,Lost
Jharkhand,Palamau,ANJANA BHUIYAN,Bahujan Samaj Party,53597,4.43,Lost
Jharkhand,Palamau,GHURAN RAM,Rashtriya Janata Dal,278053,22.98,Lost
Jharkhand,Palamau,VISHNU DAYAL RAM,Bharatiya Janata Party,755659,62.46,Lost
Jharkhand,Palamau,AMINDRA PASWAN,Bhartiya Lok Seva Dal,13047,1.08,Lost
Jharkhand,Palamau,UDAY KUMAR PASWAN,Jan Sangharsh Virat Party,4164,0.34,Lost
Jharkhand,Palamau,UMESH KUMAR PASWAN,Voters Party International,5099,0.42,Lost
Jharkhand,Palamau,PRAYAG RAM,Proutist Sarva Samaj,2783,0.23,Lost
Jharkhand,Palamau,BABAN BHUIYA,Jai Prakash Janata Dal,2861,0.24,Lost
Jharkhand,Palamau,BALKESH PRASAD PASWAN,Ambedkar National Congress,4121,0.34,Lost
Jharkhand,Palamau,MADAN RAM,Communist Party of India (Marxist-Leninist) Red Star,2420,0.2,Lost
Jharkhand,Palamau,SHAYAM NARAYN BHUIAN,Bahujan Mukti Party,3093,0.26,Lost
Jharkhand,Palamau,SUSHMA MEHTA,Communist Party of India (Marxist-Leninist) (Liberation),5004,0.41,Lost
Jharkhand,Palamau,JORAWAR RAM,Independent,7267,0.6,Lost
Jharkhand,Palamau,DINESH RAM,Independent,19491,1.61,Lost
Jharkhand,Palamau,RAM JI PASWAN,Independent,13097,1.08,Lost
Jharkhand,Palamau,VIJAY KUMAR,Independent,13961,1.15,Lost
Jharkhand,Palamau,VIJAY RAM,Independent,4929,0.41,Lost
Jharkhand,Palamau,SHRAWAN KUMAR RAVI,Independent,5851,0.48,Lost
Jharkhand,Palamau,SATYENDRA KUMAR PASWAN,Independent,9442,0.78,Lost
Jharkhand,Palamau,NOTA,None of the Above,5808,0.48,Lost
Jharkhand,Rajmahal,GOPIN SOREN,Communist Party of India (Marxist),35586,3.4,Lost
Jharkhand,Rajmahal,BAIDHNATH PAHADIYA,Bahujan Samaj Party,10374,0.99,Lost
Jharkhand,Rajmahal,MONIKA KISKU,All India Trinamool Congress,17427,1.66,Lost
Jharkhand,Rajmahal,VIJAY KUMAR HANSDAK,Jharkhand Mukti Morcha,507830,48.47,Lost
Jharkhand,Rajmahal,HEMLAL MURMU,Bharatiya Janata Party,408635,39.0,Lost
Jharkhand,Rajmahal,NEERAJ HEMBROM,All India Forward Bloc,7543,0.72,Lost
Jharkhand,Rajmahal,MAHASHAY TUDU,Hindusthan Nirman Dal,2767,0.26,Lost
Jharkhand,Rajmahal,MARY NISHA HANSDAK,Bahujan Mukti Party,2948,0.28,Lost
Jharkhand,Rajmahal,CHRISTOPHER MURMU,Independent,3005,0.29,Lost
Jharkhand,Rajmahal,BARNAD HEMBROM,Independent,4254,0.41,Lost
Jharkhand,Rajmahal,MANGAL MARANDI,Independent,8234,0.79,Lost
Jharkhand,Rajmahal,MANDAL HANSDA,Independent,12130,1.16,Lost
Jharkhand,Rajmahal,MAHENDRA HANSDA,Independent,9077,0.87,Lost
Jharkhand,Rajmahal,MAHESH PAHADIYA,Independent,4928,0.47,Lost
Jharkhand,Rajmahal,NOTA,None of the Above,12919,1.23,Lost
Jharkhand,Ranchi,BIDYADHAR PRASAD,Bahujan Samaj Party,8798,0.71,Lost
Jharkhand,Ranchi,SANJAY SETH,Bharatiya Janata Party,706828,57.21,Lost
Jharkhand,Ranchi,SUBODH KANT SAHAY,Indian National Congress,423802,34.3,Lost
Jharkhand,Ranchi,AMAR KUMAR MAHTO,Republican Party of India (A),5837,0.47,Lost
Jharkhand,Ranchi,ALOK KUMAR,Rashtriya Jansangharsh Swaraj Party,2404,0.19,Lost
Jharkhand,Ranchi,PARMESHWAR MAHTO,Jharkhand Party,2050,0.17,Lost
Jharkhand,Ranchi,RANJIT MAHTO,Peoples Party of India (Democratic),1392,0.11,Lost
Jharkhand,Ranchi,RAMJIT MAHTO,Proutist Sarva Samaj,1505,0.12,Lost
Jharkhand,Ranchi,VIKAS CHANDRA SHARMA,Communist Party of India (Marxist-Leninist) Red Star,1407,0.11,Lost
Jharkhand,Ranchi,SIDHESHWAR SINGH,SOCIALIST UNITY CENTRE OF INDIA (COMMUNIST),2227,0.18,Lost
Jharkhand,Ranchi,SUNITA MUNDA,Ambedkarite Party of India,6669,0.54,Lost
Jharkhand,Ranchi,ANJANI PANDEY,Independent,3588,0.29,Lost
Jharkhand,Ranchi,JAY PRAKASH PRASAD,Independent,2832,0.23,Lost
Jharkhand,Ranchi,JITENDRA THAKUR,Independent,6383,0.52,Lost
Jharkhand,Ranchi,NAND KISHORE YADAV,Independent,7801,0.63,Lost
Jharkhand,Ranchi,RAJU MAHTO,Independent,9372,0.76,Lost
Jharkhand,Ranchi,RAJESH KUMAR,Independent,2654,0.21,Lost
Jharkhand,Ranchi,RAJESH THAPA,Independent,4440,0.36,Lost
Jharkhand,Ranchi,RAM TAHAL CHOUDHARY,Independent,29597,2.4,Lost
Jharkhand,Ranchi,SATISH SINGH,Independent,1474,0.12,Lost
Jharkhand,Ranchi,NOTA,None of the Above,4381,0.35,Lost
Jharkhand,Singhbhum,GEETA KORA,Indian National Congress,431815,49.11,Lost
Jharkhand,Singhbhum,PARDESHI LAL MUNDA,Bahujan Samaj Party,9491,1.08,Lost
Jharkhand,Singhbhum,LAXMAN GILUWA,Bharatiya Janata Party,359660,40.9,Lost
Jharkhand,Singhbhum,KRISHNA MARDI,Jharkhand Mukti Morcha (Ulgulan),8672,0.99,Lost
Jharkhand,Singhbhum,CHANDRA MOHAN HEMBROM,SOCIALIST UNITY CENTRE OF INDIA (COMMUNIST),4098,0.47,Lost
Jharkhand,Singhbhum,PRATAP SINGH BANARA,Ambedkarite Party of India,11298,1.28,Lost
Jharkhand,Singhbhum,HARI ORAWN,Kalinga Sena,5647,0.64,Lost
Jharkhand,Singhbhum,ANIL SOREN,Independent,9154,1.04,Lost
Jharkhand,Singhbhum,PUSHPA SINKU,Independent,15224,1.73,Lost
Jharkhand,Singhbhum,NOTA,None of the Above,24270,2.76,Lost
Karnataka,Bagalkot,Gaddigoudar Parvatagouda Chandanagouda,Bharatiya Janata Party,664638,55.17,Lost
Karnataka,Bagalkot,Mahmad Husen Mujawar,Bahujan Samaj Party,6743,0.56,Lost
Karnataka,Bagalkot,Veena Kashappanavar,Indian National Congress,496451,41.21,Lost
Karnataka,Bagalkot,Parashuram Laxman Neelnaik,Republican Party of India (Karnataka),7486,0.62,Lost
Karnataka,Bagalkot,Basanagouda Ramanagouda Meti,Secular Democratic Congress,1016,0.08,Lost
Karnataka,Bagalkot,Jamindar Maruti,Karnataka Jantha Paksha,725,0.06,Lost
Karnataka,Bagalkot,Muttappa Mudakappa Hirekumbi,Raita Bharat Party,811,0.07,Lost
Karnataka,Bagalkot,Adagal Rajendra,Bahujan Mukti Party,645,0.05,Lost
Karnataka,Bagalkot,Ramanagoud S Balawad,Hindustan Janta Party,806,0.07,Lost
Karnataka,Bagalkot,M Shashikumar Hlepadi,Uttama Prajaakeeya Party,1912,0.16,Lost
Karnataka,Bagalkot,Pendari Buddesab Makabulsab,Independent,1171,0.1,Lost
Karnataka,Bagalkot,Muttu S Surakod (Madar),Independent,2237,0.19,Lost
Karnataka,Bagalkot,Ravi Shivappa Padasalagi,Independent,5489,0.46,Lost
Karnataka,Bagalkot,Shivarajkumar Ajjappa Talawar,Independent,3155,0.26,Lost
Karnataka,Bagalkot,NOTA,None of the Above,11328,0.94,Lost
Karnataka,Bangalore central,M. K. Pasha,Bahujan Samaj Party,3889,0.32,Lost
Karnataka,Bangalore central,P. C. Mohan,Bharatiya Janata Party,602853,50.35,Lost
Karnataka,Bangalore central,Rizwan Arshad,Indian National Congress,531885,44.43,Lost
Karnataka,Bangalore central,C.J. Aditya,Independent,2201,0.18,Lost
Karnataka,Bangalore central,B. Krishna Prasad,"Proutist Bloc, India",595,0.05,Lost
Karnataka,Bangalore central,Nawaz Dilber,Karnataka Karmikara Paksha,364,0.03,Lost
Karnataka,Bangalore central,Mellegatti Shridevi,Uttama Prajaakeeya Party,4271,0.36,Lost
Karnataka,Bangalore central,Srinivasan R,Indian Christian Front,660,0.06,Lost
Karnataka,Bangalore central,Hunsur K. ChandraShekar,Democratic Prajakranthi Party Secularist,429,0.04,Lost
Karnataka,Bangalore central,Arun Prasad A,Viduthalai Chiruthaigal Katchi,382,0.03,Lost
Karnataka,Bangalore central,A. Christhuraj,Independent,475,0.04,Lost
Karnataka,Bangalore central,Kempurajan,Republican Sena,573,0.05,Lost
Karnataka,Bangalore central,Jenifar J. Russell,Independent,571,0.05,Lost
Karnataka,Bangalore central,Prakash Raj,Independent,28906,2.41,Lost
Karnataka,Bangalore central,Pradeep Mendonca,Independent,1454,0.12,Lost
Karnataka,Bangalore central,S. Pandurangan,Independent,1407,0.12,Lost
Karnataka,Bangalore central,Francis Binny Jose,Independent,1194,0.1,Lost
Karnataka,Bangalore central,Dr. Philip Mariyan,Independent,1417,0.12,Lost
Karnataka,Bangalore central,S. Mohan Kumar,Independent,1998,0.17,Lost
Karnataka,Bangalore central,Raparti Anil Kumar,Independent,300,0.03,Lost
Karnataka,Bangalore central,C. B. K. Rama,Independent,282,0.02,Lost
Karnataka,Bangalore central,Syed Asif Bukhari,Independent,368,0.03,Lost
Karnataka,Bangalore central,NOTA,None of the Above,10760,0.9,Lost
Karnataka,Bangalore North,Krishna Byregowda,Indian National Congress,676982,43.41,Lost
Karnataka,Bangalore North,D.V. Sadananda Gowda,Bharatiya Janata Party,824500,52.87,Lost
Karnataka,Bangalore North,Syed Kawjawali Hydri,Bahujan Samaj Party,5297,0.34,Lost
Karnataka,Bangalore North,Abdul Azeez,Karnataka Pragnyavantha Janatha Party,1207,0.08,Lost
Karnataka,Bangalore North,Amirtha Jai Kumar Essac Yesaiah,Karnataka Karmikara Paksha,574,0.04,Lost
Karnataka,Bangalore North,Ahmed Khan,Bahujan Maha Party,1028,0.07,Lost
Karnataka,Bangalore North,Kumar L.,Bharatiya Prajagala Kalyana Paksha,473,0.03,Lost
Karnataka,Bangalore North,Krishnamurthy V .,Right to Recall Party,1033,0.07,Lost
Karnataka,Bangalore North,D.Jairam,Gareeb Aadmi Party,385,0.02,Lost
Karnataka,Bangalore North,N. Narayana Swamy,Jai Vijaya Bharathi Party,696,0.04,Lost
Karnataka,Bangalore North,Venu M.,Independent,580,0.04,Lost
Karnataka,Bangalore North,Santhosh M.,Uttama Prajaakeeya Party,6598,0.42,Lost
Karnataka,Bangalore North,Abdul Karim Desai,Independent,686,0.04,Lost
Karnataka,Bangalore North,Abdul Basheer,Independent,1192,0.08,Lost
Karnataka,Bangalore North,Umesh Babu Pillegowda,Independent,1410,0.09,Lost
Karnataka,Bangalore North,Krishnaiah,Independent,2560,0.16,Lost
Karnataka,Bangalore North,K.N. Jagadesh Kumar,Independent,8463,0.54,Lost
Karnataka,Bangalore North,Thimmaraj Gowda,Independent,4462,0.29,Lost
Karnataka,Bangalore North,Tulasappa Dasar,Independent,1144,0.07,Lost
Karnataka,Bangalore North,L. Nagaraj,Independent,667,0.04,Lost
Karnataka,Bangalore North,Parameshwar Gowda,Independent,482,0.03,Lost
Karnataka,Bangalore North,Prasanna Kumar S.,Independent,353,0.02,Lost
Karnataka,Bangalore North,Dr.I.M.S. Manivan,Independent,571,0.04,Lost
Karnataka,Bangalore North,Dr. Meer Layaq Hussain,Independent,394,0.03,Lost
Karnataka,Bangalore North,C. RAVI KUMAR,Independent,359,0.02,Lost
Karnataka,Bangalore North,Vinay Kumar V.Nayak,Independent,1057,0.07,Lost
Karnataka,Bangalore North,Venkataraju V.,Independent,362,0.02,Lost
Karnataka,Bangalore North,Venkatesasetty,Independent,539,0.03,Lost
Karnataka,Bangalore North,Shiva Manjesh K.S.,Independent,545,0.03,Lost
Karnataka,Bangalore North,Sumatha K.S.,Independent,1416,0.09,Lost
Karnataka,Bangalore North,N. Hanume Gowda,Independent,1812,0.12,Lost
Karnataka,Bangalore North,NOTA,None of the Above,11632,0.75,Lost
Karnataka,Bangalore Rural,ASHWATHNARAYANGOWDA,Bharatiya Janata Party,671388,41.4,Lost
Karnataka,Bangalore Rural,DR CHINNAPPA Y CHIKKAHAGADE,Bahujan Samaj Party,19972,1.23,Lost
Karnataka,Bangalore Rural,D.K. SURESH,Indian National Congress,878258,54.15,Lost
Karnataka,Bangalore Rural,N. KRISHNAPPA,Pyramid Party of India,8123,0.5,Lost
Karnataka,Bangalore Rural,D M MADEGOWDA,Republican Sena,2801,0.17,Lost
Karnataka,Bangalore Rural,MANJUNATHA. M,Uttama Prajaakeeya Party,9889,0.61,Lost
Karnataka,Bangalore Rural,RAMA. T.C,SOCIALIST UNITY CENTRE OF INDIA (COMMUNIST),2094,0.13,Lost
Karnataka,Bangalore Rural,Dr. M VENKATASWAMY,Republican Party of India (A),1462,0.09,Lost
Karnataka,Bangalore Rural,VENKATESHAPPA,Sarva Janata Party,2025,0.12,Lost
Karnataka,Bangalore Rural,ESWARA,Independent,924,0.06,Lost
Karnataka,Bangalore Rural,B. GOPAL,Independent,1859,0.11,Lost
Karnataka,Bangalore Rural,H.T. CHIKKARAJU,Independent,1362,0.08,Lost
Karnataka,Bangalore Rural,M.C. DEVARAJU,Independent,2020,0.12,Lost
Karnataka,Bangalore Rural,J.T. PRAKASH,Independent,4785,0.3,Lost
Karnataka,Bangalore Rural,RAGHU JANAGERE,Independent,2490,0.15,Lost
Karnataka,Bangalore Rural,NOTA,None of the Above,12454,0.77,Lost
Karnataka,Bangalore South,TEJASVI SURYA,Bharatiya Janata Party,739229,62.2,Lost
Karnataka,Bangalore South,A.RAJU,Bahujan Samaj Party,3864,0.33,Lost
Karnataka,Bangalore South,B.K.HARIPRASAD,Indian National Congress,408037,34.33,Lost
Karnataka,Bangalore South,DR.JOHN BASCO PHILIPS,Indian Christian Front,2357,0.2,Lost
Karnataka,Bangalore South,THYAGARAJ,Republican Sena,789,0.07,Lost
Karnataka,Bangalore South,AHORATRA NATESHA POLEPALLI,Uttama Prajaakeeya Party,6136,0.52,Lost
Karnataka,Bangalore South,DR. BANUPRAKASH A.S SATHYA YUGA,Pyramid Party of India,699,0.06,Lost
Karnataka,Bangalore South,RAVIKUMARA.T,Pragatishil Samajwadi Party (Lohia),419,0.04,Lost
Karnataka,Bangalore South,VATAL NAGARAJ,Kannada Chalavali Vatal Paksha,2510,0.21,Lost
Karnataka,Bangalore South,R.SHEKAR,Viduthalai Chiruthaigal Katchi,540,0.05,Lost
Karnataka,Bangalore South,SYED SADIQ PASHA,Karnataka Karmikara Paksha,403,0.03,Lost
Karnataka,Bangalore South,AMBROSE D' MELLO,Independent,389,0.03,Lost
Karnataka,Bangalore South,B.CHIKKA NAGESHA,Independent,450,0.04,Lost
Karnataka,Bangalore South,CHETAN CHAMAN,Independent,1107,0.09,Lost
Karnataka,Bangalore South,K.C.NAGABHUSHANA REDDY,Independent,641,0.05,Lost
Karnataka,Bangalore South,PRASHANTHA.C,Independent,2232,0.19,Lost
Karnataka,Bangalore South,BRAHMANAND.N,Independent,2701,0.23,Lost
Karnataka,Bangalore South,BHAGYA.S,Independent,1090,0.09,Lost
Karnataka,Bangalore South,MANOHAR IYER,Independent,2152,0.18,Lost
Karnataka,Bangalore South,MADESH.V,Independent,495,0.04,Lost
Karnataka,Bangalore South,KOLLUR MANJUNATHA NAIK,Independent,463,0.04,Lost
Karnataka,Bangalore South,YOGEESH NAGARAJ,Independent,281,0.02,Lost
Karnataka,Bangalore South,G VENKATESH BHOVI,Independent,241,0.02,Lost
Karnataka,Bangalore South,B.SREENIVASULU,Independent,368,0.03,Lost
Karnataka,Bangalore South,SANTHOSH MIN.B,Independent,960,0.08,Lost
Karnataka,Bangalore South,NOTA,None of the Above,9938,0.84,Lost
Karnataka,Belgaum,ANGADI SURESH CHANNABASAPPA,Bharatiya Janata Party,761991,63.22,Lost
Karnataka,Belgaum,BADRODDIN KAMDOD,Bahujan Samaj Party,5750,0.48,Lost
Karnataka,Belgaum,Dr.SADHUNAVAR,Indian National Congress,370687,30.76,Lost
Karnataka,Belgaum,DILSHAD SIKANDAR TAHASHILDAR,Republican Party of India (A),4068,0.34,Lost
Karnataka,Belgaum,MANJUNATH H RAJAPPANAVAR,Uttama Prajaakeeya Party,2128,0.18,Lost
Karnataka,Belgaum,ANIL BABAN HEGADE,Independent,854,0.07,Lost
Karnataka,Belgaum,ASHUTOSH S KAMBALE,Independent,1923,0.16,Lost
Karnataka,Belgaum,ANAND RAMESH PATIL,Independent,905,0.08,Lost
Karnataka,Belgaum,UDAY KUNDARGI,Independent,705,0.06,Lost
Karnataka,Belgaum,UDAY TUKARAM NAIK,Independent,829,0.07,Lost
Karnataka,Belgaum,ONKARSINGH BHATIA,Independent,1049,0.09,Lost
Karnataka,Belgaum,KALLAPPA KRUSHNA KOWADKAR,Independent,1028,0.09,Lost
Karnataka,Belgaum,KAVITA DEEPAK KOLE,Independent,1490,0.12,Lost
Karnataka,Belgaum,KRISHNAKANT KAMANNA BIRJE,Independent,2397,0.2,Lost
Karnataka,Belgaum,GAJANAN AMRUT TOKANEKAR,Independent,2299,0.19,Lost
Karnataka,Belgaum,GANESH M DADDIKAR,Independent,8151,0.68,Lost
Karnataka,Belgaum,GOPAL BALAWANTRAO DESAI,Independent,2368,0.2,Lost
Karnataka,Belgaum,CHETAKKUMAR YALLAPPA KAMBLE,Independent,474,0.04,Lost
Karnataka,Belgaum,DHANANJAY RAJARAM PATIL,Independent,912,0.08,Lost
Karnataka,Belgaum,NAGESH SUBHASH BOBATE,Independent,708,0.06,Lost
Karnataka,Belgaum,NITEEN DHONDIBA ANANDACHE,Independent,458,0.04,Lost
Karnataka,Belgaum,NILKANTH MAHADEV PATIL,Independent,424,0.04,Lost
Karnataka,Belgaum,NANDA MARUTI KODACHWADKAR,Independent,592,0.05,Lost
Karnataka,Belgaum,PRAKASH BALAPPA NESARKAR,Independent,638,0.05,Lost
Karnataka,Belgaum,PRANAM PRAKASH PATIL,Independent,416,0.03,Lost
Karnataka,Belgaum,PRABHAKAR BHUJANG PATIL,Independent,560,0.05,Lost
Karnataka,Belgaum,PANDURANG MALLAPPA PATTAN,Independent,630,0.05,Lost
Karnataka,Belgaum,BULAND DEEPAK DALVI,Independent,576,0.05,Lost
Karnataka,Belgaum,MAHADEV MARUTI MANGANAKAR,Independent,643,0.05,Lost
Karnataka,Belgaum,MARUTI SIDDAPPA CHOUGULE,Independent,613,0.05,Lost
Karnataka,Belgaum,MEGHARAJ SHIVAGOUDAPPA KHANAGOUDAR,Independent,667,0.06,Lost
Karnataka,Belgaum,RANJIT KALLAPPA PATIL,Independent,1456,0.12,Lost
Karnataka,Belgaum,RAJU CHANGAPPA DIVATAGI,Independent,2029,0.17,Lost
Karnataka,Belgaum,RAJENDRA YALLAPPA PATIL,Independent,474,0.04,Lost
Karnataka,Belgaum,RAMCHANDRA KRISHNA GAONKAR,Independent,820,0.07,Lost
Karnataka,Belgaum,RAMCHANDRA DATTOBA PATIL,Independent,390,0.03,Lost
Karnataka,Belgaum,LAXMAN BHIMARAO DALAVI,Independent,598,0.05,Lost
Karnataka,Belgaum,LAXMANRAO SOMANNA MELGE,Independent,500,0.04,Lost
Karnataka,Belgaum,LAXMI SUNIL MUTAGEKAR,Independent,543,0.05,Lost
Karnataka,Belgaum,VIJAY KRISHNA MADAR,Independent,249,0.02,Lost
Karnataka,Belgaum,VIJAY LAXMAN PATIL,Independent,446,0.04,Lost
Karnataka,Belgaum,VINAYAK GOPAL GUNJATKAR,Independent,822,0.07,Lost
Karnataka,Belgaum,VINAYAK BALKRISHNA MORE,Independent,4066,0.34,Lost
Karnataka,Belgaum,VISHWANATH RAGHUNATH BUWAJI,Independent,543,0.05,Lost
Karnataka,Belgaum,SHIVARAJ NARAYAN PATIL,Independent,469,0.04,Lost
Karnataka,Belgaum,SHRIKANT BALKRISHNA KADAM,Independent,580,0.05,Lost
Karnataka,Belgaum,SHUBHAM VIKRANT SHELKE,Independent,670,0.06,Lost
Karnataka,Belgaum,SHANKAR PUNNAPPA CHAUGALE,Independent,1876,0.16,Lost
Karnataka,Belgaum,RATHOD SHANKAR PANDAPPA,Independent,3298,0.27,Lost
Karnataka,Belgaum,SACHIN MANOHAR NIKAM,Independent,818,0.07,Lost
Karnataka,Belgaum,SACHIN SHANTARAM KELAVEKAR,Independent,1564,0.13,Lost
Karnataka,Belgaum,SUNIL GUDDAKAYU,Independent,440,0.04,Lost
Karnataka,Belgaum,SUNIL VITTAL DASAR,Independent,951,0.08,Lost
Karnataka,Belgaum,SURESH KHEMANA RAJUKAR,Independent,284,0.02,Lost
Karnataka,Belgaum,SURESH BASAPPA MARALINGANNAVAR,Independent,308,0.03,Lost
Karnataka,Belgaum,SANJAY SHIVAPPA KAMBLE,Independent,463,0.04,Lost
Karnataka,Belgaum,SANDIP VASANTH LAD,Independent,406,0.03,Lost
Karnataka,Belgaum,NOTA,None of the Above,3233,0.27,Lost
Karnataka,Bellary,V. S. UGRAPPA,Indian National Congress,560681,45.89,Lost
Karnataka,Bellary,K. GULAPPA,Bahujan Samaj Party,9961,0.82,Lost
Karnataka,Bellary,Y. DEVENDRAPPA,Bharatiya Janata Party,616388,50.44,Lost
Karnataka,Bellary,B. ESHWARAPPA,Shivsena,6919,0.57,Lost
Karnataka,Bellary,A. DEVADAS,SOCIALIST UNITY CENTRE OF INDIA (COMMUNIST),3833,0.31,Lost
Karnataka,Bellary,NAVEEN KUMAR. S,Bharat Prabhat Party,1402,0.11,Lost
Karnataka,Bellary,NAYAKARA RAMAPPA,Indian Labour Party (Ambedkar Phule),1840,0.15,Lost
Karnataka,Bellary,B. RAGHU,Pyramid Party of India,2658,0.22,Lost
Karnataka,Bellary,P. D. RAMANAYAKA,Republican Party of India (Karnataka),2722,0.22,Lost
Karnataka,Bellary,T. VEERESH,Samajwadi Forward Bloc,3397,0.28,Lost
Karnataka,Bellary,CONDUCTOR PAMPAPATHI,Independent,3101,0.25,Lost
Karnataka,Bellary,NOTA,None of the Above,9024,0.74,Lost
Karnataka,Bidar,ESHWAR B. KHANDRE,Indian National Congress,468637,41.95,Lost
Karnataka,Bidar,BABA BUKHARI,Bahujan Samaj Party,15188,1.36,Lost
Karnataka,Bidar,BHAGWANTH KHUBA,Bharatiya Janata Party,585471,52.41,Lost
Karnataka,Bidar,ABDUS SATTAR MUJAHED,Akhil Bharatiya Muslim League (Secular),4624,0.41,Lost
Karnataka,Bidar,AMBRESH KENCHA,Uttama Prajaakeeya Party,1853,0.17,Lost
Karnataka,Bidar,DAYANAND GODBOLE,Ambedkarite Party of India,3635,0.33,Lost
Karnataka,Bidar,MOHAMMED ABDUL WAKEEL,Bharat Prabhat Party,970,0.09,Lost
Karnataka,Bidar,MOHAMMED YOUSUF,Praja Satta Party,742,0.07,Lost
Karnataka,Bidar,MD MERAJUDDIN,Bahujan Maha Party,1000,0.09,Lost
Karnataka,Bidar,ADVOCATE MOULVI ZAMERUDDIN,National Development Party,1138,0.1,Lost
Karnataka,Bidar,RAJKUMAR,Purvanchal Janta Party (Secular),1241,0.11,Lost
Karnataka,Bidar,RAJAMABI DASTAGIR,BhartiyaBahujanKranti Dal,1208,0.11,Lost
Karnataka,Bidar,SUGRIV BHARAT KACHAVE,Kranti Kari Jai Hind Sena,1707,0.15,Lost
Karnataka,Bidar,SANTOSH RATHOD,Bharatiya Jan Kranti Dal (Democratic),3344,0.3,Lost
Karnataka,Bidar,MOULAPPA. A. MALGE,Independent,2027,0.18,Lost
Karnataka,Bidar,MAULASAB TADAKAL,Independent,4634,0.41,Lost
Karnataka,Bidar,RAVIKANT. K. HUGAR VAKIL,Independent,5748,0.51,Lost
Karnataka,Bidar,SHARAD GANDGE,Independent,3440,0.31,Lost
Karnataka,Bidar,SHIVARAJ TIMMANNA BOKKE,Independent,4980,0.45,Lost
Karnataka,Bidar,SHRIMANTH ARJUN YEVATE PATIL,Independent,1322,0.12,Lost
Karnataka,Bidar,MUFTI SHIAK ABDUL GAFFAR,Independent,1259,0.11,Lost
Karnataka,Bidar,SAIBANNA JAMADAR,Independent,1051,0.09,Lost
Karnataka,Bidar,NOTA,None of the Above,1948,0.17,Lost
Karnataka,Bijapur,JIGAJINAGI RAMESH CHANDAPPA,Bharatiya Janata Party,635867,57.22,Lost
Karnataka,Bijapur,PUJARI SHRINATH SANGAPPA,Bahujan Samaj Party,23442,2.11,Lost
Karnataka,Bijapur,DR. SUNITA DEVANAND CHAVAN,Janata Dal (Secular),377829,34.0,Lost
Karnataka,Bijapur,GURUBASAVA. P . RABAKAVI,Uttama Prajaakeeya Party,8479,0.76,Lost
Karnataka,Bijapur,SHRIVENKATESHWAR MAHA SWAMIJI (KATAKADHOND D.G),Hindustan Janta Party,2646,0.24,Lost
Karnataka,Bijapur,YAMANAPPA VITTAL GUNADAL,Republican Party of India (Karnataka),2957,0.27,Lost
Karnataka,Bijapur,RUDRAPPA DEYAPPA CHALAWADI,Bharipa Bahujan Mahasangh,3216,0.29,Lost
Karnataka,Bijapur,DADASAB SIDDAPPA BAGAYAT,Independent,4188,0.38,Lost
Karnataka,Bijapur,DONDIBA RAMU RATHOD,Independent,4102,0.37,Lost
Karnataka,Bijapur,DHAREPPA MAHADEV ARDHAVAR,Independent,23706,2.13,Lost
Karnataka,Bijapur,BALAJI DYAMANNA WADDAR (YATNAL),Independent,7644,0.69,Lost
Karnataka,Bijapur,RAMAPPA HARIJAN (HOLER),Independent,4992,0.45,Lost
Karnataka,Bijapur,NOTA,None of the Above,12286,1.11,Lost
Karnataka,Chamarajanagar,R. DHRUVANARAYANA,Indian National Congress,566720,44.6,Lost
Karnataka,Chamarajanagar,Dr. SHIVAKUMARA,Bahujan Samaj Party,87631,6.9,Lost
Karnataka,Chamarajanagar,V. SRINIVAS PRASAD,Bharatiya Janata Party,568537,44.74,Lost
Karnataka,Chamarajanagar,HANUR NAGARAJU,Uttama Prajaakeeya Party,9510,0.75,Lost
Karnataka,Chamarajanagar,PRASANNA KUMAR. B,Karnataka Praja Party (RaithaParva),2684,0.21,Lost
Karnataka,Chamarajanagar,SUBBAIAH,Indian New Congress Party,4606,0.36,Lost
Karnataka,Chamarajanagar,ANAND JIVAN RAM,Independent,3000,0.24,Lost
Karnataka,Chamarajanagar,N. AMBARISH,Independent,4067,0.32,Lost
Karnataka,Chamarajanagar,M. PRADEEP KUMAR,Independent,6554,0.52,Lost
Karnataka,Chamarajanagar,G.D. RAJAGOPAL,Independent,4633,0.36,Lost
Karnataka,Chamarajanagar,NOTA,None of the Above,12716,1.0,Lost
Karnataka,Chikkballapur,Dr. C.S.Dwarakanath,Bahujan Samaj Party,23446,1.69,Lost
Karnataka,Chikkballapur,B.N.Bache Gowda,Bharatiya Janata Party,745912,53.78,Lost
Karnataka,Chikkballapur,S.Varalakshmi,Communist Party of India (Marxist),18648,1.34,Lost
Karnataka,Chikkballapur,M.Veerappa Moily,Indian National Congress,563802,40.65,Lost
Karnataka,Chikkballapur,D.Palya Khadar Subhan Khan,Samajwadi Janata Party(Karnataka),4991,0.36,Lost
Karnataka,Chikkballapur,Nazir Ahmed,Karnataka Karmikara Paksha,1743,0.13,Lost
Karnataka,Chikkballapur,Nagendra Rao Shinde,Karnataka Jantha Paksha,1288,0.09,Lost
Karnataka,Chikkballapur,S.R.Nageshareddy,Ambedkar Samaj Party,3550,0.26,Lost
Karnataka,Chikkballapur,Muniraju.G,Uttama Prajaakeeya Party,5093,0.37,Lost
Karnataka,Chikkballapur,AbdulKarim Desai,Independent,832,0.06,Lost
Karnataka,Chikkballapur,Alanguru Kanakalakshmi,Independent,1020,0.07,Lost
Karnataka,Chikkballapur,Nasrulla,Independent,1362,0.1,Lost
Karnataka,Chikkballapur,Nalina.K.S,Independent,3518,0.25,Lost
Karnataka,Chikkballapur,L. Nagaraj,Independent,1655,0.12,Lost
Karnataka,Chikkballapur,Phaniraj.S.V,Independent,2078,0.15,Lost
Karnataka,Chikkballapur,NOTA,None of the Above,8025,0.58,Lost
Karnataka,Chikkodi,ANNASAHEB SHANKAR JOLLE,Bharatiya Janata Party,645017,52.98,Lost
Karnataka,Chikkodi,PRAKASH BABANNA HUKKERI,Indian National Congress,526140,43.21,Lost
Karnataka,Chikkodi,MACHENDRA DAVALU KADAPURE,Bahujan Samaj Party,15575,1.28,Lost
Karnataka,Chikkodi,APPASAHEB SHRIPATI KURANE,Bharipa Bahujan Mahasangh,2755,0.23,Lost
Karnataka,Chikkodi,PRAVEENKUMAR BALIGATTI,Uttama Prajaakeeya Party,1546,0.13,Lost
Karnataka,Chikkodi,MAGDUM ISMAILMAGDUM,Republican Party of India,1059,0.09,Lost
Karnataka,Chikkodi,KALLAPPA GUDASI,Independent,4948,0.41,Lost
Karnataka,Chikkodi,JITENDRA SUBHASH NERLE,Independent,1726,0.14,Lost
Karnataka,Chikkodi,MOHAN GURAPPA MOTANNAVAR,Independent,1487,0.12,Lost
Karnataka,Chikkodi,WAJANTRI VISHWNATH KALLOLI,Independent,2028,0.17,Lost
Karnataka,Chikkodi,SHRINIK ANNASAHEB JANGATE,Independent,4906,0.4,Lost
Karnataka,Chikkodi,NOTA,None of the Above,10362,0.85,Lost
Karnataka,Chitradurga,B N CHANDRAPPA,Indian National Congress,546017,43.82,Lost
Karnataka,Chitradurga,A NARAYANASWAMY,Bharatiya Janata Party,626195,50.26,Lost
Karnataka,Chitradurga,MAHANTHESH C U,Bahujan Samaj Party,8907,0.71,Lost
Karnataka,Chitradurga,ARUNACHALAM Y,Pyramid Party of India,2220,0.18,Lost
Karnataka,Chitradurga,DEVENDRAPPA,Uttama Prajaakeeya Party,4280,0.34,Lost
Karnataka,Chitradurga,NIRANJANA A D CHEELANGI,Ambedkar Samaj Party,7773,0.62,Lost
Karnataka,Chitradurga,S MEETYANAIK,Pragatishil Samajwadi Party (Lohia),1636,0.13,Lost
Karnataka,Chitradurga,KUMAR Y,Independent,1616,0.13,Lost
Karnataka,Chitradurga,GANESH,Independent,1760,0.14,Lost
Karnataka,Chitradurga,THIPPESWAMY T,Independent,1571,0.13,Lost
Karnataka,Chitradurga,C H NARAYANASWAMY,Independent,3802,0.31,Lost
Karnataka,Chitradurga,D PENNAPPA TURUVANUR,Independent,2359,0.19,Lost
Karnataka,Chitradurga,V S BHUTHARAJA,Independent,2464,0.2,Lost
Karnataka,Chitradurga,RAMESHA V,Independent,2721,0.22,Lost
Karnataka,Chitradurga,L RANGAPPA (RTD.DDPI),Independent,4312,0.35,Lost
Karnataka,Chitradurga,LOKESHA M K,Independent,7026,0.56,Lost
Karnataka,Chitradurga,N T VIJAYAKUMAR,Independent,8707,0.7,Lost
Karnataka,Chitradurga,L VENUGOPAL,Independent,6379,0.51,Lost
Karnataka,Chitradurga,R HANUMANTHAPPA,Independent,1837,0.15,Lost
Karnataka,Chitradurga,NOTA,None of the Above,4368,0.35,Lost
Karnataka,Dakshina Kannada,NALIN KUMAR KATEEL,Bharatiya Janata Party,774285,57.57,Lost
Karnataka,Dakshina Kannada,MITHUN M RAI,Indian National Congress,499664,37.15,Lost
Karnataka,Dakshina Kannada,S. SATHISH SALIAN,Bahujan Samaj Party,4713,0.35,Lost
Karnataka,Dakshina Kannada,MOHAMMED ELIYAS,SOCIAL DEMOCRATIC PARTY OF INDIA,46839,3.48,Lost
Karnataka,Dakshina Kannada,VIJAY SHREENIVAS .C,Uttama Prajaakeeya Party,1629,0.12,Lost
Karnataka,Dakshina Kannada,SUPREETH KUMAR POOJARY,Hindustan Janta Party,948,0.07,Lost
Karnataka,Dakshina Kannada,ABDUL HAMEED,Independent,554,0.04,Lost
Karnataka,Dakshina Kannada,ALEXANDER,Independent,2752,0.2,Lost
Karnataka,Dakshina Kannada,DEEPAK RAJESH COELHO,Independent,748,0.06,Lost
Karnataka,Dakshina Kannada,MOHAMMAD KHALID,Independent,602,0.04,Lost
Karnataka,Dakshina Kannada,MAXIM PINTO,Independent,908,0.07,Lost
Karnataka,Dakshina Kannada,VENKATESH BENDE,Independent,1702,0.13,Lost
Karnataka,Dakshina Kannada,H. SURESH POOJARY,Independent,2315,0.17,Lost
Karnataka,Dakshina Kannada,NOTA,None of the Above,7380,0.55,Lost
Karnataka,Davanagere,H B MANJAPPA,Indian National Congress,483294,40.46,Lost
Karnataka,Davanagere,SIDDAPPA B H,Bahujan Samaj Party,7736,0.65,Lost
Karnataka,Davanagere,G M SIDDESHWAR,Bharatiya Janata Party,652996,54.66,Lost
Karnataka,Davanagere,H ESHWARAPPA,India Praja Bandhu Party,4625,0.39,Lost
Karnataka,Davanagere,GANESHA B A,Uttama Prajaakeeya Party,3220,0.27,Lost
Karnataka,Davanagere,MADHU THOGALERI,SOCIALIST UNITY CENTRE OF INDIA (COMMUNIST),1258,0.11,Lost
Karnataka,Davanagere,RAVINDRA NAVALE,Indian Labour Party (Ambedkar Phule),822,0.07,Lost
Karnataka,Davanagere,S K AFZALKHAN,Independent,803,0.07,Lost
Karnataka,Davanagere,ABDUL NAZEER SAB,Independent,987,0.08,Lost
Karnataka,Davanagere,MOHAMMED ALEEMULLA,Independent,1173,0.1,Lost
Karnataka,Davanagere,ALUR M G SWAMY,Independent,898,0.08,Lost
Karnataka,Davanagere,V IQBAL AHEMAD,Independent,1038,0.09,Lost
Karnataka,Davanagere,B V TIPPESWAMY GOSHALE,Independent,1612,0.13,Lost
Karnataka,Davanagere,A T DADAKHALANDAR,Independent,2723,0.23,Lost
Karnataka,Davanagere,BARKATH ALI,Independent,1505,0.13,Lost
Karnataka,Davanagere,MOHAMED HAYATH,Independent,4954,0.41,Lost
Karnataka,Davanagere,MANJUNATHA MARIKOPPA,Independent,5947,0.5,Lost
Karnataka,Davanagere,C M MANJUNATHA SWAMI,Independent,4490,0.38,Lost
Karnataka,Davanagere,V MANJUNATHACHAR,Independent,4571,0.38,Lost
Karnataka,Davanagere,M B VEERABHADRAPPA,Independent,1733,0.15,Lost
Karnataka,Davanagere,SHASHIKUMAR R N,Independent,1100,0.09,Lost
Karnataka,Davanagere,Dr|| SRIDHARA UDUPA,Independent,613,0.05,Lost
Karnataka,Davanagere,S S SUBHAN KHAN,Independent,851,0.07,Lost
Karnataka,Davanagere,SYED. ZABIULLA K,Independent,978,0.08,Lost
Karnataka,Davanagere,HARISH HALLI,Independent,1561,0.13,Lost
Karnataka,Davanagere,NOTA,None of the Above,3098,0.26,Lost
Karnataka,Dharwad,Irappa Madar,Bahujan Samaj Party,6344,0.52,Lost
Karnataka,Dharwad,Pralhad Joshi,Bharatiya Janata Party,684837,56.43,Lost
Karnataka,Dharwad,Vinay Kulkarni,Indian National Congress,479765,39.54,Lost
Karnataka,Dharwad,Gangadhar Badiger,SOCIALIST UNITY CENTRE OF INDIA (COMMUNIST),4755,0.39,Lost
Karnataka,Dharwad,Vadiraj Mannari Madhusudhan (Pandurangi),All India Hindustan Congress Party,1189,0.1,Lost
Karnataka,Dharwad,Raju Harishchandra Kamble,Azad Mazdoor Kissan Party,829,0.07,Lost
Karnataka,Dharwad,Revanshiddappa Basavaraj Talawar,Bharatiya Prajagala Kalyana Paksha,711,0.06,Lost
Karnataka,Dharwad,Vinod D Ghodke,"Proutist Bloc, India",725,0.06,Lost
Karnataka,Dharwad,Santosh Nandur,Uttama Prajaakeeya Party,1566,0.13,Lost
Karnataka,Dharwad,Dundasi Abdulrahiman Mahammad Hanif,Independent,905,0.07,Lost
Karnataka,Dharwad,Udayakumar Ayyappa Ambiger,Independent,899,0.07,Lost
Karnataka,Dharwad,B. G. Sangannavar,Independent,1093,0.09,Lost
Karnataka,Dharwad,Makhtum khan. Hasanalikhan Sirdesai,Independent,1740,0.14,Lost
Karnataka,Dharwad,Mallikarjunagouda Giriyappagouda Balanagoudra,Independent,4458,0.37,Lost
Karnataka,Dharwad,Raju. Anantsa. Naikwadi,Independent,4426,0.36,Lost
Karnataka,Dharwad,Maradagi Veerappa Gurushantappa,Independent,4081,0.34,Lost
Karnataka,Dharwad,Shakeel Ahmad Abdulsattar Dodwad,Independent,1895,0.16,Lost
Karnataka,Dharwad,Somashekhar. Peeraji. Yadav.,Independent,5400,0.44,Lost
Karnataka,Dharwad,Hashinabanu Tapalvale,Independent,4375,0.36,Lost
Karnataka,Dharwad,NOTA,None of the Above,3512,0.29,Lost
Karnataka,Gulbarga,DR. UMESH G JADHAV,Bharatiya Janata Party,620192,52.14,Lost
Karnataka,Gulbarga,MALLIKARJUN KHARGE,Indian National Congress,524740,44.12,Lost
Karnataka,Gulbarga,K. B. VASU,Bahujan Samaj Party,10865,0.91,Lost
Karnataka,Gulbarga,D. K. KONKATE KEROOR,Rashtriya Samaj Paksha,1485,0.12,Lost
Karnataka,Gulbarga,RAJKUMAR,BhartiyaBahujanKranti Dal,951,0.08,Lost
Karnataka,Gulbarga,MAHESH LAMBANI,Uttama Prajaakeeya Party,1783,0.15,Lost
Karnataka,Gulbarga,VIJAY JADHAV,Sarva Janata Party,6507,0.55,Lost
Karnataka,Gulbarga,S. M. SHARMA,SOCIALIST UNITY CENTRE OF INDIA (COMMUNIST),2249,0.19,Lost
Karnataka,Gulbarga,SHANKAR JADHAV,Bharatiya Peoples Party,1649,0.14,Lost
Karnataka,Gulbarga,G. TIMMARAJU,Independent,1361,0.11,Lost
Karnataka,Gulbarga,DR. M. P. DARAKESHWARAIAH,Independent,2036,0.17,Lost
Karnataka,Gulbarga,RAMESH BHEEMSINGH CHAVAN,Independent,5056,0.43,Lost
Karnataka,Gulbarga,NOTA,None of the Above,10487,0.88,Lost
Karnataka,Hassan,PRAJWAL REVANNA,Janata Dal (Secular),676606,52.96,Lost
Karnataka,Hassan,MANJU A,Bharatiya Janata Party,535282,41.9,Lost
Karnataka,Hassan,VINODRAJ K H,Bahujan Samaj Party,38761,3.03,Lost
Karnataka,Hassan,H M CHANDREGOWDA,Uttama Prajaakeeya Party,7023,0.55,Lost
Karnataka,Hassan,M. MAHESH (AL: LOKESH),Independent,3710,0.29,Lost
Karnataka,Hassan,R G SATHISHA,Independent,4508,0.35,Lost
Karnataka,Hassan,NOTA,None of the Above,11662,0.91,Lost
Karnataka,Haveri,AYUBAKHAN A PATHAN,Bahujan Samaj Party,7479,0.59,Lost
Karnataka,Haveri,D.R. PATIL,Indian National Congress,542778,42.85,Lost
Karnataka,Haveri,UDASI. S.C.,Bharatiya Janata Party,683660,53.97,Lost
Karnataka,Haveri,ISHWAR PATIL,Uttama Prajaakeeya Party,7024,0.55,Lost
Karnataka,Haveri,SHYLESH NAZARE ASHOK,Indian Labour Party (Ambedkar Phule),1244,0.1,Lost
Karnataka,Haveri,BASAVARAJ. S. DESAI,Independent,1305,0.1,Lost
Karnataka,Haveri,BOMMOJI. RAMAPPA. SIDDAPPA,Independent,1389,0.11,Lost
Karnataka,Haveri,VEERABHADRAPPA VEERAPPA KABBINADA URF BANDI,Independent,2283,0.18,Lost
Karnataka,Haveri,SIDDAPPA. KALLAPPA. POOJAR,Independent,5858,0.46,Lost
Karnataka,Haveri,HANUMANTHAPPA.D.KABBAR,Independent,6247,0.49,Lost
Karnataka,Haveri,NOTA,None of the Above,7412,0.59,Lost
Karnataka,Kolar,JAYAPRASAD M.G,Bahujan Samaj Party,9861,0.78,Lost
Karnataka,Kolar,K.H. MUNIYAPPA,Indian National Congress,499144,39.66,Lost
Karnataka,Kolar,S. MUNISWAMY,Bharatiya Janata Party,709165,56.35,Lost
Karnataka,Kolar,ASHOK CHAKRAVARTHI M.B,Ambedkar Samaj Party,7085,0.56,Lost
Karnataka,Kolar,G. CHIKKANARAYANA,Republican Sena,1491,0.12,Lost
Karnataka,Kolar,RAMANJI. R,Uttama Prajaakeeya Party,3412,0.27,Lost
Karnataka,Kolar,DHANAMATNALLI VENKATESHAPPA,Republican Party of India (A),1015,0.08,Lost
Karnataka,Kolar,SARVESH N.M.,Pyramid Party of India,1407,0.11,Lost
Karnataka,Kolar,MEDIHALA CHALAVADI M CHANDRASHEKAR,Independent,1454,0.12,Lost
Karnataka,Kolar,MUNIRAJAPPA. P,Independent,1184,0.09,Lost
Karnataka,Kolar,Dr. RAMESH BABU. V.M.,Independent,1494,0.12,Lost
Karnataka,Kolar,RAJ KUMARESAN. L,Independent,2881,0.23,Lost
Karnataka,Kolar,C. SHANKARAPPA,Independent,2495,0.2,Lost
Karnataka,Kolar,N.C. SUBBARAYAPPA,Independent,2574,0.2,Lost
Karnataka,Kolar,NOTA,None of the Above,13889,1.1,Lost
Karnataka,Koppal,K.RAJASHEKAR BASAVARAJ HITNAL,Indian National Congress,548386,46.07,Lost
Karnataka,Koppal,SHIVAPUTRAPPA. GUMAGERA,Bahujan Samaj Party,9481,0.8,Lost
Karnataka,Koppal,KARADI SANGANNA AMARAPPA,Bharatiya Janata Party,586783,49.3,Lost
Karnataka,Koppal,ANNOJIRAO.G,Sarva Janata Party,5681,0.48,Lost
Karnataka,Koppal,COMRADE B.BASAVALINGAPPA,Marxist Leninist Party of India (Red Flag),1609,0.14,Lost
Karnataka,Koppal,BANDIMATH SHARANAYYA,Uttama Prajaakeeya Party,2252,0.19,Lost
Karnataka,Koppal,HEMARAJ VEERAPUR,Communist Party of India (Marxist-Leninist) Red Star,1059,0.09,Lost
Karnataka,Koppal,PA.YA. GANESH,Independent,1699,0.14,Lost
Karnataka,Koppal,NAGARAJ KALAL,Independent,4855,0.41,Lost
Karnataka,Koppal,BALARAJ. YADAV,Independent,2937,0.25,Lost
Karnataka,Koppal,MALLIKARJUN HADAPAD,Independent,2408,0.2,Lost
Karnataka,Koppal,SATISHREDDY,Independent,3498,0.29,Lost
Karnataka,Koppal,SURESH GOUDA MUNDINAMANE,Independent,5158,0.43,Lost
Karnataka,Koppal,SURESH.H,Independent,3728,0.31,Lost
Karnataka,Koppal,NOTA,None of the Above,10813,0.91,Lost
Karnataka,Mandya,NIKHIL KUMARASWAMY,Janata Dal (Secular),577784,41.89,Lost
Karnataka,Mandya,NANJUNDASWAMY,Bahujan Samaj Party,12545,0.91,Lost
Karnataka,Mandya,GURULINGAIAH,Indian New Congress Party,6322,0.46,Lost
Karnataka,Mandya,D.C. JAYASHANKARA,Aihra National Party,4992,0.36,Lost
Karnataka,Mandya,DIVAKAR.C.P.GOWDA,Uttama Prajaakeeya Party,3404,0.25,Lost
Karnataka,Mandya,SANTHOSH MANDYA GOWDA,Engineers Party,1442,0.1,Lost
Karnataka,Mandya,ARVIND PREMANAND,Independent,1725,0.13,Lost
Karnataka,Mandya,KOWDLE CHANNAPPA,Independent,1046,0.08,Lost
Karnataka,Mandya,T.K. DASAR,Independent,4272,0.31,Lost
Karnataka,Mandya,H.NARAYANA,Independent,1295,0.09,Lost
Karnataka,Mandya,PUTTEGOWDA.N.C.,Independent,834,0.06,Lost
Karnataka,Mandya,PREMAKUMARA .V.V,Independent,1592,0.12,Lost
Karnataka,Mandya,MANJUNATH B,Independent,1732,0.13,Lost
Karnataka,Mandya,G. MANJUNATHA,Independent,1723,0.12,Lost
Karnataka,Mandya,LINGEGOWDA S H,Independent,3260,0.24,Lost
Karnataka,Mandya,C. LINGEGOWDA,Independent,6408,0.46,Lost
Karnataka,Mandya,M.L. SHASHIKUMAR,Independent,18323,1.33,Lost
Karnataka,Mandya,SATHEESH KUMAR .T.N,Independent,2762,0.2,Lost
Karnataka,Mandya,SUMALATHA,Independent,8902,0.65,Lost
Karnataka,Mandya,SUMALATHA AMBAREESH,Independent,703660,51.02,Lost
Karnataka,Mandya,M. SUMALATHA,Independent,8542,0.62,Lost
Karnataka,Mandya,SUMALATHA,Independent,3119,0.23,Lost
Karnataka,Mandya,NOTA,None of the Above,3526,0.26,Lost
Karnataka,Mysore,DR. B. CHANDRA (CHANDREGOWDA),Bahujan Samaj Party,24597,1.87,Lost
Karnataka,Mysore,PRATHAP SIMHA,Bharatiya Janata Party,688974,52.27,Lost
Karnataka,Mysore,C.H.VIJAYASHANKAR,Indian National Congress,550327,41.75,Lost
Karnataka,Mysore,AYUB KHAN,Indian New Congress Party,9307,0.71,Lost
Karnataka,Mysore,ASHARANI.V.,Uttama Prajaakeeya Party,4259,0.32,Lost
Karnataka,Mysore,P.K. BIDDAPPA,Karnataka Praja Party (RaithaParva),1013,0.08,Lost
Karnataka,Mysore,SANDHYA.P.S.,SOCIALIST UNITY CENTRE OF INDIA (COMMUNIST),1473,0.11,Lost
Karnataka,Mysore,ANAND KUMAR. M,Independent,831,0.06,Lost
Karnataka,Mysore,KAVERIAMMA.N.K.,Independent,1046,0.08,Lost
Karnataka,Mysore,N. NAGESH,Independent,913,0.07,Lost
Karnataka,Mysore,NINGAPPA. B. D.,Independent,1141,0.09,Lost
Karnataka,Mysore,G.M. MAHADEVA,Independent,1949,0.15,Lost
Karnataka,Mysore,R. MAHESHA,Independent,1676,0.13,Lost
Karnataka,Mysore,RAVI,Independent,2151,0.16,Lost
Karnataka,Mysore,RAJU S/o LATE CHALUVASHETTY,Independent,2515,0.19,Lost
Karnataka,Mysore,ALAGUDU LINGARAJU,Independent,3506,0.27,Lost
Karnataka,Mysore,LOKESH KUMAR.G.,Independent,2270,0.17,Lost
Karnataka,Mysore,VENKATESHA D NAYAKA,Independent,4504,0.34,Lost
Karnataka,Mysore,SREENIVASAIAH,Independent,6863,0.52,Lost
Karnataka,Mysore,M. J SURESHGOWDA,Independent,1386,0.11,Lost
Karnataka,Mysore,ALISHAN. S,Independent,1047,0.08,Lost
Karnataka,Mysore,K.S.SOMASUNDER,Independent,947,0.07,Lost
Karnataka,Mysore,NOTA,None of the Above,5346,0.41,Lost
Karnataka,Raichur,B. V NAIK,Indian National Congress,480621,42.75,Lost
Karnataka,Raichur,RAJA AMARESHWARA NAIK,Bharatiya Janata Party,598337,53.21,Lost
Karnataka,Raichur,B. VENKANAGOUDA NAYAKA,Bahujan Samaj Party,13830,1.23,Lost
Karnataka,Raichur,NIRANJAN NAYAK,Uttama Prajaakeeya Party,7833,0.7,Lost
Karnataka,Raichur,K. SOMASHEKHAR YADAGIRI,SOCIALIST UNITY CENTRE OF INDIA (COMMUNIST),8843,0.79,Lost
Karnataka,Raichur,NOTA,None of the Above,14921,1.33,Lost
Karnataka,Shimoga,GUDDAPPA,Bahujan Samaj Party,7350,0.57,Lost
Karnataka,Shimoga,S.MADHUBANGARAPPA,Janata Dal (Secular),506512,39.46,Lost
Karnataka,Shimoga,B.Y.RAGHAVENDRA.,Bharatiya Janata Party,729872,56.86,Lost
Karnataka,Shimoga,KRISHNA.K.,Pyramid Party of India,5653,0.44,Lost
Karnataka,Shimoga,VENKATESH.R,Uttama Prajaakeeya Party,4087,0.32,Lost
Karnataka,Shimoga,S.UMESHAPPA,Independent,1521,0.12,Lost
Karnataka,Shimoga,S.UMESHA VARMA,Independent,4465,0.35,Lost
Karnataka,Shimoga,MOHAMMED YUSUF KHAN,Independent,1579,0.12,Lost
Karnataka,Shimoga,N.T.VIJAYAKUMAR,Independent,1578,0.12,Lost
Karnataka,Shimoga,K.C.VINAY RAJAVATH,Independent,3317,0.26,Lost
Karnataka,Shimoga,SHASHIKUMAR.S.GOWDA,Independent,6845,0.53,Lost
Karnataka,Shimoga,SHEKARA NAIK,Independent,3930,0.31,Lost
Karnataka,Shimoga,NOTA,None of the Above,6868,0.54,Lost
Karnataka,Tumkur,H. D. DEVEGOWDA,Janata Dal (Secular),582788,46.82,Lost
Karnataka,Tumkur,G. S. BASAVARAJ,Bharatiya Janata Party,596127,47.89,Lost
Karnataka,Tumkur,N. SHIVANNA,Communist Party of India,17227,1.38,Lost
Karnataka,Tumkur,K. C. HANUMANTHARAYA,Bahujan Samaj Party,6013,0.48,Lost
Karnataka,Tumkur,CHAYA RAJASHANKAR,Uttama Prajaakeeya Party,4398,0.35,Lost
Karnataka,Tumkur,MAHALAKSHMI C. P.,Ambedkar Samaj Party,4211,0.34,Lost
Karnataka,Tumkur,KAPANIGOWDA,Independent,1136,0.09,Lost
Karnataka,Tumkur,T. N. KUMARA SWAMY,Independent,2566,0.21,Lost
Karnataka,Tumkur,G. NAGENDRA,Independent,3050,0.25,Lost
Karnataka,Tumkur,PRAKASH. R. A. JAIN,Independent,1277,0.1,Lost
Karnataka,Tumkur,B. S. MALLIKARJUNAIAH,Independent,1269,0.1,Lost
Karnataka,Tumkur,D. SHARADHISHAYANA,Independent,1452,0.12,Lost
Karnataka,Tumkur,K. V. SRINIVAS KALKERE,Independent,1959,0.16,Lost
Karnataka,Tumkur,J. K. SAMI,Independent,3453,0.28,Lost
Karnataka,Tumkur,SIDDARAMEGOWDA T. B.,Independent,7637,0.61,Lost
Karnataka,Tumkur,NOTA,None of the Above,10295,0.83,Lost
Karnataka,Udupi Chikmagalur,P. PARAMESHWARA,Bahujan Samaj Party,15947,1.39,Lost
Karnataka,Udupi Chikmagalur,PRAMOD MADHWARAJ,Janata Dal (Secular),369317,32.09,Lost
Karnataka,Udupi Chikmagalur,SHOBHA KARANDLAJE,Bharatiya Janata Party,718916,62.46,Lost
Karnataka,Udupi Chikmagalur,P. GOUTHAM PRABHU,Shivsena,7431,0.65,Lost
Karnataka,Udupi Chikmagalur,M.K DAYANANDA,Proutist Sarva Samaj,3539,0.31,Lost
Karnataka,Udupi Chikmagalur,COMRADE VIJAYKUMAR,Communist Party of India (Marxist-Leninist) Red Star,2216,0.19,Lost
Karnataka,Udupi Chikmagalur,SHEKAR HAVANJE,Republican Party of India (Karnataka),1581,0.14,Lost
Karnataka,Udupi Chikmagalur,SURESH KUNDER,Uttama Prajaakeeya Party,3488,0.3,Lost
Karnataka,Udupi Chikmagalur,ABDUL RAHMAN,Independent,6017,0.52,Lost
Karnataka,Udupi Chikmagalur,AMRITH SHENOY P,Independent,7981,0.69,Lost
Karnataka,Udupi Chikmagalur,MAGGALAMAKKI GANESHA,Independent,3526,0.31,Lost
Karnataka,Udupi Chikmagalur,K.C. PRAKASH,Independent,3543,0.31,Lost
Karnataka,Udupi Chikmagalur,NOTA,None of the Above,7510,0.65,Lost
Karnataka,Uttara Kannada,ANANTKUMAR HEGDE,Bharatiya Janata Party,786042,68.15,Lost
Karnataka,Uttara Kannada,ANAND ASNOTIKAR,Janata Dal (Secular),306393,26.56,Lost
Karnataka,Uttara Kannada,SUDHAKAR KIRA JOGALEKAR,Bahujan Samaj Party,7195,0.62,Lost
Karnataka,Uttara Kannada,NAGARAJ NAIK,Rashtriya Samaj Paksha,3378,0.29,Lost
Karnataka,Uttara Kannada,NAGRAJ SHRIDHAR SHET,Rashtriya Jansambhavna Party,3128,0.27,Lost
Karnataka,Uttara Kannada,MANJUNATH SADASHIV,Bharat Bhoomi Party,1685,0.15,Lost
Karnataka,Uttara Kannada,SUNIL PAWAR,Uttama Prajaakeeya Party,3727,0.32,Lost
Karnataka,Uttara Kannada,ANITA ASHOK SHET,Independent,2568,0.22,Lost
Karnataka,Uttara Kannada,KUNDABAI GANAPATI PARULEKAR,Independent,2261,0.2,Lost
Karnataka,Uttara Kannada,CHIDANAND HARIJAN,Independent,3138,0.27,Lost
Karnataka,Uttara Kannada,NAGARAJ ANANT SHIRALI,Independent,6254,0.54,Lost
Karnataka,Uttara Kannada,BALAKRISHNA ARJUN PATIL,Independent,4206,0.36,Lost
Karnataka,Uttara Kannada,MOHAMMED ZABROOD KHATEEB,Independent,7488,0.65,Lost
Karnataka,Uttara Kannada,NOTA,None of the Above,16017,1.39,Lost
Kerala,Alappuzha,Adv. A M ARIFF,Communist Party of India (Marxist),445970,40.96,Lost
Kerala,Alappuzha,Adv. PRASANTHBHIM,Bahujan Samaj Party,2431,0.22,Lost
Kerala,Alappuzha,Dr. K. S. RADHAKRISHNAN,Bharatiya Janata Party,187729,17.24,Lost
Kerala,Alappuzha,Adv. SHANIMOL OSMAN,Indian National Congress,435496,40.0,Lost
Kerala,Alappuzha,A. AKHILESH,Ambedkarite Party of India,1782,0.16,Lost
Kerala,Alappuzha,R. PARTHASARATHY VARMA,SOCIALIST UNITY CENTRE OF INDIA (COMMUNIST),1133,0.1,Lost
Kerala,Alappuzha,VARKALA RAJ,Peoples Democratic Party,1689,0.16,Lost
Kerala,Alappuzha,K. S. SHAN,SOCIAL DEMOCRATIC PARTY OF INDIA,3595,0.33,Lost
Kerala,Alappuzha,THAHIR,Independent,571,0.05,Lost
Kerala,Alappuzha,VAYALAR RAJEEVAN,Independent,696,0.06,Lost
Kerala,Alappuzha,SATHEESH SHENOI,Independent,783,0.07,Lost
Kerala,Alappuzha,SANTHOSH THURAVOOR,Independent,749,0.07,Lost
Kerala,Alappuzha,NOTA,None of the Above,6104,0.56,Lost
Kerala,Alathur,DR.JAYAN.C.KUTHANUR,Bahujan Samaj Party,5505,0.54,Lost
Kerala,Alathur,DR. P.K.BIJU,Communist Party of India (Marxist),374847,36.8,Lost
Kerala,Alathur,RAMYA HARIDAS,Indian National Congress,533815,52.4,Lost
Kerala,Alathur,T.V.BABU,Bharath Dharma Jana Sena,89837,8.82,Lost
Kerala,Alathur,KRISHNANKUTTY KUNISSERY,Independent,2716,0.27,Lost
Kerala,Alathur,ADV.PRETHEEP KUMAR.P.K.,Independent,4301,0.42,Lost
Kerala,Alathur,NOTA,None of the Above,7722,0.76,Lost
Kerala,Attingal,Adv. ADOOR PRAKASH,Indian National Congress,380995,37.91,Lost
Kerala,Attingal,VIPINLAL PALODE,Bahujan Samaj Party,4068,0.4,Lost
Kerala,Attingal,SOBHASURENDRAN,Bharatiya Janata Party,248081,24.69,Lost
Kerala,Attingal,Dr. A. SAMPATH,Communist Party of India (Marxist),342748,34.11,Lost
Kerala,Attingal,AJAMAL ISMAIL,SOCIAL DEMOCRATIC PARTY OF INDIA,5429,0.54,Lost
Kerala,Attingal,ATTINGAL AJITH KUMAR,Independent,781,0.08,Lost
Kerala,Attingal,ANITHA,Independent,436,0.04,Lost
Kerala,Attingal,B DEVADATHAN,Independent,268,0.03,Lost
Kerala,Attingal,PRAKASH S KARIKKATTUVILA,Independent,355,0.04,Lost
Kerala,Attingal,PRAKASH G VEENA BHAVAN,Independent,402,0.04,Lost
Kerala,Attingal,MANOJ M POOVAKKADU,Independent,1004,0.1,Lost
Kerala,Attingal,MAHEEN THEVARUPARA,Independent,1084,0.11,Lost
Kerala,Attingal,K.G. MOHANAN,Independent,1146,0.11,Lost
Kerala,Attingal,K. VIVEKANANDHAN,Independent,668,0.07,Lost
Kerala,Attingal,SHAILAJA NAVAIKULAM,Independent,2146,0.21,Lost
Kerala,Attingal,SATHEESH KUMAR,Independent,2179,0.22,Lost
Kerala,Attingal,SUNIL SOMAN,Independent,5433,0.54,Lost
Kerala,Attingal,IRINJAYAM SURESH,Independent,412,0.04,Lost
Kerala,Attingal,RAMSAGAR. P,Independent,1568,0.16,Lost
Kerala,Attingal,NOTA,None of the Above,5685,0.57,Lost
Kerala,Chalakudy,INNOCENT,Communist Party of India (Marxist),341170,34.45,Lost
Kerala,Chalakudy,JOHNSON N,Bahujan Samaj Party,2131,0.22,Lost
Kerala,Chalakudy,BENNY BEHANAN,Indian National Congress,473444,47.81,Lost
Kerala,Chalakudy,A N RADHAKRISHNAN,Bharatiya Janata Party,154159,15.57,Lost
Kerala,Chalakudy,JOSE THOMAS,Marxist Communist Party of India (United),871,0.09,Lost
Kerala,Chalakudy,MUJEEB RAHMAN T A,Peoples Democratic Party,1467,0.15,Lost
Kerala,Chalakudy,P P MOIDEEN KUNJU,SOCIAL DEMOCRATIC PARTY OF INDIA,4687,0.47,Lost
Kerala,Chalakudy,ADV SUJA ANTONY,SOCIALIST UNITY CENTRE OF INDIA (COMMUNIST),930,0.09,Lost
Kerala,Chalakudy,JOHNSON K C,Independent,355,0.04,Lost
Kerala,Chalakudy,NOBY AUGUSTINE,Independent,318,0.03,Lost
Kerala,Chalakudy,FREDY JACKSON PEREIRA,Independent,682,0.07,Lost
Kerala,Chalakudy,M R SATHYADEVAN,Independent,1432,0.14,Lost
Kerala,Chalakudy,SUBRAMANIAN,Independent,1000,0.1,Lost
Kerala,Chalakudy,NOTA,None of the Above,7578,0.77,Lost
Kerala,Ernakulam,ALPHONS KANNANTHANAM,Bharatiya Janata Party,137749,14.24,Lost
Kerala,Ernakulam,P A NIAMATHULLA,Bahujan Samaj Party,1343,0.14,Lost
Kerala,Ernakulam,P RAJEEV,Communist Party of India (Marxist),322110,33.3,Lost
Kerala,Ernakulam,HIBI EDEN,Indian National Congress,491263,50.79,Lost
Kerala,Ernakulam,ABDUL KHADER VAZHAKKALA,Samajwadi Forward Bloc,932,0.1,Lost
Kerala,Ernakulam,V M FAIZAL,SOCIAL DEMOCRATIC PARTY OF INDIA,4309,0.45,Lost
Kerala,Ernakulam,RAJEEV NAGAN,Ambedkarite Party of India,821,0.08,Lost
Kerala,Ernakulam,ADV VIVEK K VIJAYAN,Rashtriya Samaj Paksha,379,0.04,Lost
Kerala,Ernakulam,SHAJAHAN ABDULKHADAR,Communist Party of India (Marxist-Leninist) Red Star,470,0.05,Lost
Kerala,Ernakulam,ASWATHI RAJAPPAN,Independent,494,0.05,Lost
Kerala,Ernakulam,KUMAR,Independent,604,0.06,Lost
Kerala,Ernakulam,LAILA RASHEED,Independent,797,0.08,Lost
Kerala,Ernakulam,SREEDHARAN,Independent,554,0.06,Lost
Kerala,Ernakulam,NOTA,None of the Above,5378,0.56,Lost
Kerala,Idukki,Adv. DEAN KURIAKOSE,Indian National Congress,498493,54.23,Lost
Kerala,Idukki,LEETHESH P. T.,Bahujan Samaj Party,2906,0.32,Lost
Kerala,Idukki,BIJU KRISHNAN,Bharath Dharma Jana Sena,78648,8.56,Lost
Kerala,Idukki,M. SELVARAJ,Viduthalai Chiruthaigal Katchi,1628,0.18,Lost
Kerala,Idukki,GOMATHY,Independent,1985,0.22,Lost
Kerala,Idukki,"Adv, JOICE GEORGE",Independent,327440,35.62,Lost
Kerala,Idukki,BABY K. A.,Independent,1556,0.17,Lost
Kerala,Idukki,REJI NJALLANI,Independent,1324,0.14,Lost
Kerala,Idukki,NOTA,None of the Above,5317,0.58,Lost
Kerala,Kannur,C. K. PADMANABHAN,Bharatiya Janata Party,68509,6.5,Lost
Kerala,Kannur,P. K. SREEMATHI TEACHER,Communist Party of India (Marxist),435182,41.29,Lost
Kerala,Kannur,K. SUDHAKARAN,Indian National Congress,529741,50.27,Lost
Kerala,Kannur,Adv. R. APARNA,SOCIALIST UNITY CENTRE OF INDIA (COMMUNIST),2162,0.21,Lost
Kerala,Kannur,K.K. ABDUL JABBAR,SOCIAL DEMOCRATIC PARTY OF INDIA,8142,0.77,Lost
Kerala,Kannur,KURIAKOSE,Secular Democratic Congress,260,0.02,Lost
Kerala,Kannur,PRAVEEN ARIMBRATHODIYIL,Independent,318,0.03,Lost
Kerala,Kannur,RADHAMANI NARAYANAKUMAR,Independent,286,0.03,Lost
Kerala,Kannur,"K. SREEMATHI, W/o SUDEEP KUMAR C. V",Independent,581,0.06,Lost
Kerala,Kannur,"P. SREEMATHI, W/o RAVEENDRAN",Independent,796,0.08,Lost
Kerala,Kannur,"K. SUDHAKARAN, S/o KUNHIRAMAN",Independent,726,0.07,Lost
Kerala,Kannur,"K. SUDHAKARAN, S/o KRISHNAN",Independent,2249,0.21,Lost
Kerala,Kannur,"SUDHAKARAN P. K, S/o KRISHNAPILLA",Independent,1062,0.1,Lost
Kerala,Kannur,NOTA,None of the Above,3828,0.36,Lost
Kerala,Kasaragod,Adv. Basheer Alady,Bahujan Samaj Party,1910,0.17,Lost
Kerala,Kasaragod,Ravisha Thanthri Kuntar,Bharatiya Janata Party,176049,16.0,Lost
Kerala,Kasaragod,Rajmohan Unnithan,Indian National Congress,474961,43.18,Lost
Kerala,Kasaragod,K. P. Sathishchandran,Communist Party of India (Marxist),434523,39.5,Lost
Kerala,Kasaragod,Govindan B Alinthazhe,Independent,2670,0.24,Lost
Kerala,Kasaragod,Narendra Kumar. K,Independent,1054,0.1,Lost
Kerala,Kasaragod,Ranadivan. R. K,Independent,1478,0.13,Lost
Kerala,Kasaragod,Rameshan Bandadka,Independent,1711,0.16,Lost
Kerala,Kasaragod,Saji,Independent,1278,0.12,Lost
Kerala,Kasaragod,NOTA,None of the Above,4417,0.4,Lost
Kerala,Kollam,N.K.Premachandran,Revolutionary Socialist Party,499677,51.61,Lost
Kerala,Kollam,K.N.Balagopal,Communist Party of India (Marxist),350821,36.24,Lost
Kerala,Kollam,Adv.K.V.Sabu,Bharatiya Janata Party,103339,10.67,Lost
Kerala,Kollam,Twinkle Prabhakaran,SOCIALIST UNITY CENTRE OF INDIA (COMMUNIST),1319,0.14,Lost
Kerala,Kollam,N.Jayarajan,Independent,830,0.09,Lost
Kerala,Kollam,Nagaraj.G,Independent,632,0.07,Lost
Kerala,Kollam,Dr.Sreekumar.J,Independent,1150,0.12,Lost
Kerala,Kollam,Saji Kollam,Independent,2629,0.27,Lost
Kerala,Kollam,Suni Kalluvathukkal,Independent,1708,0.18,Lost
Kerala,Kollam,NOTA,None of the Above,6018,0.62,Lost
Kerala,Kottayam,Jijo Joseph,Bahujan Samaj Party,7403,0.81,Lost
Kerala,Kottayam,Thomas Chazhikadan,Kerala Congress (M),421046,46.25,Lost
Kerala,Kottayam,V.N. Vasavan,Communist Party of India (Marxist),314787,34.58,Lost
Kerala,Kottayam,Adv. P.C Thomas,Kerala Congress,155135,17.04,Lost
Kerala,Kottayam,E.V. Prakash,SOCIALIST UNITY CENTRE OF INDIA (COMMUNIST),2216,0.24,Lost
Kerala,Kottayam,Ignatious Illimoottil,Independent,1065,0.12,Lost
Kerala,Kottayam,Thomas J. Nidhiry,Independent,1496,0.16,Lost
Kerala,Kottayam,NOTA,None of the Above,7191,0.79,Lost
Kerala,Kozhikode,Adv.PRAKASH BABU,Bharatiya Janata Party,161216,14.98,Lost
Kerala,Kozhikode,A.PRADEEP KUMAR,Communist Party of India (Marxist),408219,37.93,Lost
Kerala,Kozhikode,RAGHU.K,Bahujan Samaj Party,2299,0.21,Lost
Kerala,Kozhikode,M.K.RAGHAVAN,Indian National Congress,493444,45.85,Lost
Kerala,Kozhikode,A.SEKHAR,SOCIALIST UNITY CENTRE OF INDIA (COMMUNIST),1031,0.1,Lost
Kerala,Kozhikode,NUSRATH JAHAN,Independent,558,0.05,Lost
Kerala,Kozhikode,PRAKASH BABU CHAITHRAM,Independent,571,0.05,Lost
Kerala,Kozhikode,PRADEEP.V.K,Independent,410,0.04,Lost
Kerala,Kozhikode,PRADEEP KUMAR.E.T PEEDIKATHODI VEEDU,Independent,760,0.07,Lost
Kerala,Kozhikode,PRADEEPAN.N,Independent,551,0.05,Lost
Kerala,Kozhikode,RAGHAVN.N ALLACHIPARAMBU,Independent,462,0.04,Lost
Kerala,Kozhikode,RAGHAVAN.T THAYYULLAYIL,Independent,1077,0.1,Lost
Kerala,Kozhikode,RAGHAVAN.P VADAKKE EDOLI,Independent,1160,0.11,Lost
Kerala,Kozhikode,RAGHAVAN NAIR MANIKKOTHU KUNNUMMAL,Independent,962,0.09,Lost
Kerala,Kozhikode,NOTA,None of the Above,3473,0.32,Lost
Kerala,Malappuram,Unnikrishnan,Bharatiya Janata Party,82332,7.96,Lost
Kerala,Malappuram,P.K. Kunhalikutty,Indian Union Muslim League,589873,57.01,Lost
Kerala,Malappuram,Adv. Praveen Kumar,Bahujan Samaj Party,2294,0.22,Lost
Kerala,Malappuram,V.P. Sanu,Communist Party of India (Marxist),329720,31.87,Lost
Kerala,Malappuram,Abdul Majeed Faizy,SOCIAL DEMOCRATIC PARTY OF INDIA,19106,1.85,Lost
Kerala,Malappuram,Abdul Salam K.P,Independent,923,0.09,Lost
Kerala,Malappuram,Nissar Methar,Independent,3687,0.36,Lost
Kerala,Malappuram,Sanu N.K,Independent,2203,0.21,Lost
Kerala,Malappuram,NOTA,None of the Above,4480,0.43,Lost
Kerala,Mavelikkara,KODIKUNNIL SURESH,Indian National Congress,440415,45.36,Lost
Kerala,Mavelikkara,CHITTAYAM GOPAKUMAR,Communist Party of India,379277,39.06,Lost
Kerala,Mavelikkara,THOLLUR RAJAGOPALAN,Bahujan Samaj Party,3864,0.4,Lost
Kerala,Mavelikkara,K. BIMALJI,SOCIALIST UNITY CENTRE OF INDIA (COMMUNIST),1450,0.15,Lost
Kerala,Mavelikkara,THAZHAVA SAHADEVAN,Bharath Dharma Jana Sena,133546,13.75,Lost
Kerala,Mavelikkara,AJAYAKUMAR,Independent,1211,0.12,Lost
Kerala,Mavelikkara,AJI PATHANAPURAM,Independent,602,0.06,Lost
Kerala,Mavelikkara,USHA KOTTARAKKARA,Independent,1620,0.17,Lost
Kerala,Mavelikkara,KUTTAN KATTACHIRA,Independent,1982,0.2,Lost
Kerala,Mavelikkara,RAGHAVAN R,Independent,1314,0.14,Lost
Kerala,Mavelikkara,NOTA,None of the Above,5754,0.59,Lost
Kerala,Palakkad,KRISHNAKUMAR C,Bharatiya Janata Party,218556,21.26,Lost
Kerala,Palakkad,M B RAJESH,Communist Party of India (Marxist),387637,37.7,Lost
Kerala,Palakkad,V K SREEKANDAN,Indian National Congress,399274,38.83,Lost
Kerala,Palakkad,HARI ARUMBIL,Bahujan Samaj Party,2408,0.23,Lost
Kerala,Palakkad,THULASEEDHARAN PALLICKAL,SOCIAL DEMOCRATIC PARTY OF INDIA,5749,0.56,Lost
Kerala,Palakkad,C CHANDRAN,Independent,2624,0.26,Lost
Kerala,Palakkad,BALAKRISHNAN,Independent,974,0.09,Lost
Kerala,Palakkad,RAJESH PALOLAM,Independent,2234,0.22,Lost
Kerala,Palakkad,RAJESH S/O MANI,Independent,2128,0.21,Lost
Kerala,Palakkad,NOTA,None of the Above,6665,0.65,Lost
Kerala,Pathanamthitta,ANTO ANTONY,Indian National Congress,380927,37.11,Lost
Kerala,Pathanamthitta,VEENA GEORGE,Communist Party of India (Marxist),336684,32.8,Lost
Kerala,Pathanamthitta,SHIBU PARAKKADAVAN,Bahujan Samaj Party,3814,0.37,Lost
Kerala,Pathanamthitta,K SURENDRAN,Bharatiya Janata Party,297396,28.97,Lost
Kerala,Pathanamthitta,JOSE GEORGE,Ambedkarite Party of India,1355,0.13,Lost
Kerala,Pathanamthitta,BINU BABY,SOCIALIST UNITY CENTRE OF INDIA (COMMUNIST),622,0.06,Lost
Kerala,Pathanamthitta,RATHEESH CHOORAKODU,Independent,594,0.06,Lost
Kerala,Pathanamthitta,VEENA V,Independent,1809,0.18,Lost
Kerala,Pathanamthitta,NOTA,None of the Above,3352,0.33,Lost
Kerala,Ponnani,E. T. Mohammed Basheer,Indian Union Muslim League,521824,51.3,Lost
Kerala,Ponnani,Rema,Bharatiya Janata Party,110603,10.87,Lost
Kerala,Ponnani,Adv. K.C. Nazeer,SOCIAL DEMOCRATIC PARTY OF INDIA,18124,1.78,Lost
Kerala,Ponnani,Anwar P.V. Alumkuzhi,Independent,1784,0.18,Lost
Kerala,Ponnani,P.V. Anvar Puthan Veetil,Independent,328551,32.3,Lost
Kerala,Ponnani,Anvar P.V. Raseena Manzil,Independent,3109,0.31,Lost
Kerala,Ponnani,Bindu,Independent,664,0.07,Lost
Kerala,Ponnani,Muhammed Basheer Koyissery,Independent,693,0.07,Lost
Kerala,Ponnani,Muhammed Basheer Nechiyan,Independent,1315,0.13,Lost
Kerala,Ponnani,Muhammed Basheer Mangalassery,Independent,1957,0.19,Lost
Kerala,Ponnani,Sameera PA,Independent,16288,1.6,Lost
Kerala,Ponnani,Poonthura Siraj,Independent,6122,0.6,Lost
Kerala,Ponnani,NOTA,None of the Above,6231,0.61,Lost
Kerala,Thiruvananthapuram,KIRAN KUMAR. S.K,Bahujan Samaj Party,2535,0.25,Lost
Kerala,Thiruvananthapuram,KUMMANAM RAJASEKHARAN,Bharatiya Janata Party,316142,31.3,Lost
Kerala,Thiruvananthapuram,C. DIVAKARAN,Communist Party of India,258556,25.6,Lost
Kerala,Thiruvananthapuram,Dr. SHASHI THAROOR,Indian National Congress,416131,41.19,Lost
Kerala,Thiruvananthapuram,PANDALAM KERALAVARMARAJA,Pravasi Nivasi Party,1695,0.17,Lost
Kerala,Thiruvananthapuram,S MINI,SOCIALIST UNITY CENTRE OF INDIA (COMMUNIST),664,0.07,Lost
Kerala,Thiruvananthapuram,CHRISTOPHER SHAJU PALIYODE,Independent,345,0.03,Lost
Kerala,Thiruvananthapuram,GOPAKUMAR OORUPOIKA,Independent,339,0.03,Lost
Kerala,Thiruvananthapuram,JAIN WILSON,Independent,199,0.02,Lost
Kerala,Thiruvananthapuram,JOHNY THAMPY,Independent,267,0.03,Lost
Kerala,Thiruvananthapuram,B. DEVADATHAN,Independent,258,0.03,Lost
Kerala,Thiruvananthapuram,BINU. D,Independent,604,0.06,Lost
Kerala,Thiruvananthapuram,MITHRA KUMAR G,Independent,3521,0.35,Lost
Kerala,Thiruvananthapuram,VISHNU S AMBADI,Independent,1822,0.18,Lost
Kerala,Thiruvananthapuram,T SASI,Independent,1007,0.1,Lost
Kerala,Thiruvananthapuram,M.S SUBI,Independent,1050,0.1,Lost
Kerala,Thiruvananthapuram,NANDHAVANAM SUSEELAN,Independent,465,0.05,Lost
Kerala,Thiruvananthapuram,NOTA,None of the Above,4580,0.45,Lost
Kerala,Thrissur,NIKHIL CHANDRASEKHARAN,Bahujan Samaj Party,2551,0.24,Lost
Kerala,Thrissur,T. N. PRATHAPAN,Indian National Congress,415089,39.84,Lost
Kerala,Thrissur,RAJAJI MATHEW THOMAS,Communist Party of India,321456,30.85,Lost
Kerala,Thrissur,SURESH GOPI,Bharatiya Janata Party,293822,28.2,Lost
Kerala,Thrissur,N. D. VENU,Communist Party of India (Marxist-Leninist) Red Star,1330,0.13,Lost
Kerala,Thrissur,PRAVEEN K. P.,Independent,1105,0.11,Lost
Kerala,Thrissur,SUVITH,Independent,1133,0.11,Lost
Kerala,Thrissur,SONU,Independent,1130,0.11,Lost
Kerala,Thrissur,NOTA,None of the Above,4253,0.41,Lost
Kerala,Vadakara,P.JAYARAJAN,Communist Party of India (Marxist),442092,41.49,Lost
Kerala,Vadakara,K. MURALEEDHARAN,Indian National Congress,526755,49.43,Lost
Kerala,Vadakara,ADV.V.K.SAJEEVAN,Bharatiya Janata Party,80128,7.52,Lost
Kerala,Vadakara,JATHEESH.A.P,National Labour Party,2833,0.27,Lost
Kerala,Vadakara,MUSTHAFA KOMMERI,SOCIAL DEMOCRATIC PARTY OF INDIA,5544,0.52,Lost
Kerala,Vadakara,ADVOCATE K.SUDHAKARAN,Communist Party of India (Marxist-Leninist) Red Star,507,0.05,Lost
Kerala,Vadakara,ALUVA ANEESH,Independent,241,0.02,Lost
Kerala,Vadakara,JAYARAJAN PANDARAPARAMBIL,Independent,690,0.06,Lost
Kerala,Vadakara,C.O.T. NASEER,Independent,612,0.06,Lost
Kerala,Vadakara,MURALEEDHARAN.K KUTTIYIL VEEDU,Independent,597,0.06,Lost
Kerala,Vadakara,MURALEEDHARAN.K SANDRAM,Independent,910,0.09,Lost
Kerala,Vadakara,SANTHOSH KUMAR,Independent,1295,0.12,Lost
Kerala,Vadakara,NOTA,None of the Above,3415,0.32,Lost
Kerala,Wayanad,Mohamed P K,Bahujan Samaj Party,2691,0.25,Lost
Kerala,Wayanad,Rahul Gandhi,Indian National Congress,706367,64.67,Lost
Kerala,Wayanad,P.P. Suneer,Communist Party of India,274597,25.14,Lost
Kerala,Wayanad,Usha K,Communist Party of India (Marxist-Leninist) Red Star,1424,0.13,Lost
Kerala,Wayanad,John P P,Secular Democratic Congress,544,0.05,Lost
Kerala,Wayanad,Thushar Vellappally,Bharath Dharma Jana Sena,78816,7.22,Lost
Kerala,Wayanad,Babu Mani,SOCIAL DEMOCRATIC PARTY OF INDIA,5426,0.5,Lost
Kerala,Wayanad,Raghul Gandhi K S/o Krishnan P,Agila India Makkal Kazhagam,845,0.08,Lost
Kerala,Wayanad,K M Sivaprasad Gandhi,Indian Gandhiyan Party,320,0.03,Lost
Kerala,Wayanad,Narukara Gopi,Independent,489,0.04,Lost
Kerala,Wayanad,Thrissur Nazeer,Independent,523,0.05,Lost
Kerala,Wayanad,Dr. K Padmarajan,Independent,1887,0.17,Lost
Kerala,Wayanad,Praveen K P,Independent,1102,0.1,Lost
Kerala,Wayanad,Biju Kakkathode,Independent,2090,0.19,Lost
Kerala,Wayanad,Mujeeb Rahman,Independent,2692,0.25,Lost
Kerala,Wayanad,Rahul Gandhi K E S/o Valsamma,Independent,2196,0.2,Lost
Kerala,Wayanad,Adv. Sreejith P R,Independent,1208,0.11,Lost
Kerala,Wayanad,Shijo M Varghese,Independent,4111,0.38,Lost
Kerala,Wayanad,Siby Vayalil,Independent,2164,0.2,Lost
Kerala,Wayanad,Sebastian Wayanad,Independent,550,0.05,Lost
Kerala,Wayanad,NOTA,None of the Above,2155,0.2,Lost
Lakshadweep,Lakshadweep,ABDUL KHADER HAJI,Bharatiya Janata Party,125,0.27,Lost
Lakshadweep,Lakshadweep,ALI AKBAR K.,Communist Party of India,143,0.3,Lost
Lakshadweep,Lakshadweep,MOHAMMED FAIZAL PP,Nationalist Congress Party,22851,48.61,Lost
Lakshadweep,Lakshadweep,SHAREEF KHAN,Communist Party of India (Marxist),420,0.89,Lost
Lakshadweep,Lakshadweep,HAMDULLAH SAYEED,Indian National Congress,22028,46.86,Lost
Lakshadweep,Lakshadweep,DR. MOHAMMED SADIQUE KP,Janata Dal (United),1342,2.85,Lost
Lakshadweep,Lakshadweep,NOTA,None of the Above,100,0.21,Lost
Madhya Pradesh,BALAGHAT,KANKAR MUNJARE,Bahujan Samaj Party,85177,6.21,Lost
Madhya Pradesh,BALAGHAT,ALI .M R. KHAN,Communist Party of India,9685,0.71,Lost
Madhya Pradesh,BALAGHAT,DR DHAL SINGH BISEN,Bharatiya Janata Party,696102,50.74,Lost
Madhya Pradesh,BALAGHAT,MADHU BHAGAT,Indian National Congress,454036,33.09,Lost
Madhya Pradesh,BALAGHAT,ABHISHEK BILHORE,Bhartiya Shakti Chetna Party,5922,0.43,Lost
Madhya Pradesh,BALAGHAT,KARAN SINGH NAAGPURE,Bahujan Mukti Party,2440,0.18,Lost
Madhya Pradesh,BALAGHAT,JAISINGH TEKAM,Gondvana Gantantra Party,8711,0.63,Lost
Madhya Pradesh,BALAGHAT,MUKESH BANSOD,Ambedkarite Party of India,4076,0.3,Lost
Madhya Pradesh,BALAGHAT,YUVRAJ SINGH BAIS,"Proutist Bloc, India",1890,0.14,Lost
Madhya Pradesh,BALAGHAT,RAJAN MASIH,Bharat Prabhat Party,2022,0.15,Lost
Madhya Pradesh,BALAGHAT,BABOO RAJENDRA DHOKE,Peoples Party of India (Democratic),4172,0.3,Lost
Madhya Pradesh,BALAGHAT,SATISH TIWARI,Bhartiya Lokmat Rashtrwadi Party,3435,0.25,Lost
Madhya Pradesh,BALAGHAT,ADVOCATE SATYAPRAKASH SHULKE (LODHI),Madhya Pradesh Jan Vikas Party,5882,0.43,Lost
Madhya Pradesh,BALAGHAT,KISHOR SAMRITE,Independent,7365,0.54,Lost
Madhya Pradesh,BALAGHAT,GLG TANDEKAR,Independent,4504,0.33,Lost
Madhya Pradesh,BALAGHAT,NARAYAN BANJARE,Independent,8463,0.62,Lost
Madhya Pradesh,BALAGHAT,PITAM BORKAR,Independent,2740,0.2,Lost
Madhya Pradesh,BALAGHAT,BODHSINGH BHAGAT,Independent,47220,3.44,Lost
Madhya Pradesh,BALAGHAT,MAKBOOL SHAH,Independent,4787,0.35,Lost
Madhya Pradesh,BALAGHAT,SHRIMATI MANISHA VAID,Independent,3809,0.28,Lost
Madhya Pradesh,BALAGHAT,MEERSHYAM LILHARE LODHI,Independent,2320,0.17,Lost
Madhya Pradesh,BALAGHAT,RAKESH KUMAR,Independent,1505,0.11,Lost
Madhya Pradesh,BALAGHAT,RUPLAL KUTRAHE (SAMAJ SEVAK ) LODHI,Independent,1513,0.11,Lost
Madhya Pradesh,BALAGHAT,NOTA,None of the Above,4242,0.31,Lost
Madhya Pradesh,BETUL,ASHOK BHALAVI,Bahujan Samaj Party,23573,1.74,Lost
Madhya Pradesh,BETUL,DURGA DAS (D.D.) UIKEY,Bharatiya Janata Party,811248,59.74,Lost
Madhya Pradesh,BETUL,RAMU TEKAM (ADVOCATE),Indian National Congress,451007,33.21,Lost
Madhya Pradesh,BETUL,PUSHPA MARSKOLE,Bahujan Mukti Party,10342,0.76,Lost
Madhya Pradesh,BETUL,PUSHPA DR. SHAILENDRA PENDAM,Akhil Bhartiya Gondwana Party,3768,0.28,Lost
Madhya Pradesh,BETUL,BISRAM UIKEY,Gondvana Gantantra Party,4957,0.37,Lost
Madhya Pradesh,BETUL,NIMISH SARIYAM,Independent,9804,0.72,Lost
Madhya Pradesh,BETUL,BHAGCHARAN WARKADE,Independent,9431,0.69,Lost
Madhya Pradesh,BETUL,SUNIL KAWDE,Independent,10940,0.81,Lost
Madhya Pradesh,BETUL,NOTA,None of the Above,22787,1.68,Lost
Madhya Pradesh,BHIND,DEVASHISH,Indian National Congress,327809,34.12,Lost
Madhya Pradesh,BHIND,BABU RAM JAMOR,Bahujan Samaj Party,66613,6.93,Lost
Madhya Pradesh,BHIND,SANDHYA RAY,Bharatiya Janata Party,527694,54.93,Lost
Madhya Pradesh,BHIND,OM PRAKASH SHAKYA,Hindusthan Nirman Dal,5735,0.6,Lost
Madhya Pradesh,BHIND,KISHORI LAL SHAKYA,Bahujan Mukti Party,1716,0.18,Lost
Madhya Pradesh,BHIND,DILEEP KUMAR DOHARE (ADVOCAT),Ambedkarite Party of India,2929,0.3,Lost
Madhya Pradesh,BHIND,MADAN CHHILWAR,Pragatishil Samajwadi Party (Lohia),1097,0.11,Lost
Madhya Pradesh,BHIND,MANOHAR LAL PATWA (LALU KORI),Jan Adhikar Party,978,0.1,Lost
Madhya Pradesh,BHIND,ROOP SINGH,Bharat Prabhat Party,816,0.08,Lost
Madhya Pradesh,BHIND,VIJAY SINGH PATWA,All India Forward Bloc,1082,0.11,Lost
Madhya Pradesh,BHIND,ASHOK SINGH,Independent,1161,0.12,Lost
Madhya Pradesh,BHIND,UMESH GARG,Independent,2181,0.23,Lost
Madhya Pradesh,BHIND,JITENDRA SINGH,Independent,1547,0.16,Lost
Madhya Pradesh,BHIND,DHARM SINGH BHARGAV,Independent,2438,0.25,Lost
Madhya Pradesh,BHIND,BRIKHBHAN DOHARE,Independent,1897,0.2,Lost
Madhya Pradesh,BHIND,RAJESH KUMAR JATAV,Independent,4993,0.52,Lost
Madhya Pradesh,BHIND,RAM NARESH JATAV,Independent,3645,0.38,Lost
Madhya Pradesh,BHIND,HARKISOR KORI,Independent,1726,0.18,Lost
Madhya Pradesh,BHIND,NOTA,None of the Above,4630,0.48,Lost
Madhya Pradesh,BHOPAL,DIGVIJAYA SINGH,Indian National Congress,501660,35.63,Lost
Madhya Pradesh,BHOPAL,SADHVI PRAGYA SINGH THAKUR,Bharatiya Janata Party,866482,61.54,Lost
Madhya Pradesh,BHOPAL,MADHO SINGH AHIRWAR,Bahujan Samaj Party,11277,0.8,Lost
Madhya Pradesh,BHOPAL,ABDUL TAHIR ANSARI (BABLU) ADVOCATE PATRKAR AND SAMAJSEWAK,Swarnim Bharat Inquilab,527,0.04,Lost
Madhya Pradesh,BHOPAL,MD. IQBAL KHAN,Smart Indians Party,844,0.06,Lost
Madhya Pradesh,BHOPAL,KAMLESH DANGI THAKUR,Hindusthan Nirman Dal,686,0.05,Lost
Madhya Pradesh,BHOPAL,GAUTAM NAGDAVANE,Ambedkarite Party of India,856,0.06,Lost
Madhya Pradesh,BHOPAL,PIYUSH JAIN,Right to Recall Party,484,0.03,Lost
Madhya Pradesh,BHOPAL,PRABHA BHARTI,Jai Lok Party,473,0.03,Lost
Madhya Pradesh,BHOPAL,CA PRAMOD BHOJWANI,Sanatan Sanskriti Raksha Dal,572,0.04,Lost
Madhya Pradesh,BHOPAL,J.C. BARAI,SOCIALIST UNITY CENTRE OF INDIA (COMMUNIST),479,0.03,Lost
Madhya Pradesh,BHOPAL,BAL RAM SINGH TOMAR,Bhartiya Shakti Chetna Party,497,0.04,Lost
Madhya Pradesh,BHOPAL,BHAURAO VITHOBA FULZELE,Bharat Prabhat Party,538,0.04,Lost
Madhya Pradesh,BHOPAL,RAJ KUMAR SHAKYA (KORI),Jan Adhikar Party,883,0.06,Lost
Madhya Pradesh,BHOPAL,RAJESH KEER,Bahujan Mukti Party,1439,0.1,Lost
Madhya Pradesh,BHOPAL,RAMSUSHIL SHARMA E/X/ C.R.P.F.,Samagra Utthan Party,2819,0.2,Lost
Madhya Pradesh,BHOPAL,LATA SURYAWANSHI,Samta Vikas Party,2688,0.19,Lost
Madhya Pradesh,BHOPAL,DR. VEENA GHANEKAR Rtd. IAS,Sapaks Party,3264,0.23,Lost
Madhya Pradesh,BHOPAL,SHRIMATI HEMLATA PATHAK,Sarvadharam Party (Madhya Pradesh),418,0.03,Lost
Madhya Pradesh,BHOPAL,MOH. ATEEK,Independent,331,0.02,Lost
Madhya Pradesh,BHOPAL,ALOK KUMAR,Independent,215,0.02,Lost
Madhya Pradesh,BHOPAL,KAMLESH NAMDEV,Independent,286,0.02,Lost
Madhya Pradesh,BHOPAL,DEVENDRA PRAKASH MISHRA,Independent,854,0.06,Lost
Madhya Pradesh,BHOPAL,PRAVEEN SINGH THAKUR (PRAVEENA THAKUR),Independent,456,0.03,Lost
Madhya Pradesh,BHOPAL,PRIYANKA KHARE,Independent,278,0.02,Lost
Madhya Pradesh,BHOPAL,MAHENDRA-KATIYAR,Independent,265,0.02,Lost
Madhya Pradesh,BHOPAL,MAHENDRA KUMAR,Independent,365,0.03,Lost
Madhya Pradesh,BHOPAL,MUKESH KUMAR GUPTA,Independent,485,0.03,Lost
Madhya Pradesh,BHOPAL,DESHMUKH RIYAZUDDIN GHAYASUDDIN,Independent,1251,0.09,Lost
Madhya Pradesh,BHOPAL,SUNIL KUMAR DODEJA,Independent,852,0.06,Lost
Madhya Pradesh,BHOPAL,NOTA,None of the Above,5430,0.39,Lost
Madhya Pradesh,CHHINDWARA,NAKUL KAMAL NATH,Indian National Congress,587305,47.06,Lost
Madhya Pradesh,CHHINDWARA,NATHANSAHA KAWRETI,Bharatiya Janata Party,549769,44.05,Lost
Madhya Pradesh,CHHINDWARA,GYANESHWAR GAJBHIYE,Bahujan Samaj Party,14275,1.14,Lost
Madhya Pradesh,CHHINDWARA,MANMOHAN SHAH BATTI,Akhil Bhartiya Gondwana Party,35968,2.88,Lost
Madhya Pradesh,CHHINDWARA,ADVOCATE RAJKUMAR SARYAM,Gondvana Gantantra Party,4706,0.38,Lost
Madhya Pradesh,CHHINDWARA,RAJESH TANTRIK,Ahinsa Samaj Party,1424,0.11,Lost
Madhya Pradesh,CHHINDWARA,M. P. VISHWAKARMA (MUNNA PRASAD),Rashtriya Aamjan Party,2272,0.18,Lost
Madhya Pradesh,CHHINDWARA,UIKEY RAMDAS,Independent,1659,0.13,Lost
Madhya Pradesh,CHHINDWARA,JOGILAL IRPACHI,Independent,1821,0.15,Lost
Madhya Pradesh,CHHINDWARA,DINESH SINGH UIKEY,Independent,2962,0.24,Lost
Madhya Pradesh,CHHINDWARA,DHANIRAM YADUWANSHI,Independent,3090,0.25,Lost
Madhya Pradesh,CHHINDWARA,RAMESHWAR DHURVE,Independent,4186,0.34,Lost
Madhya Pradesh,CHHINDWARA,SUBHASH SHUKLA,Independent,6844,0.55,Lost
Madhya Pradesh,CHHINDWARA,HEMENDRA (BUNTY) GOHAR,Independent,11426,0.92,Lost
Madhya Pradesh,CHHINDWARA,NOTA,None of the Above,20324,1.63,Lost
Madhya Pradesh,DAMOH,"JITTU KHARE ""BADAL""",Bahujan Samaj Party,45848,3.94,Lost
Madhya Pradesh,DAMOH,PRATAP SINGH,Indian National Congress,351113,30.16,Lost
Madhya Pradesh,DAMOH,PRAHALAD SINGH PATEL,Bharatiya Janata Party,704524,60.51,Lost
Madhya Pradesh,DAMOH,THAKURDAS PATEL (T.D. PATEL),Pragatishil Samajwadi Party (Lohia),9505,0.82,Lost
Madhya Pradesh,DAMOH,MANU SINGH MARAVI,Gondvana Gantantra Party,3509,0.3,Lost
Madhya Pradesh,DAMOH,MANVENDRA SINGH BITTU BHAIYA,Hindusthan Nirman Dal,1510,0.13,Lost
Madhya Pradesh,DAMOH,MAN SINGH LODHI,Bhartiya Shakti Chetna Party,8317,0.71,Lost
Madhya Pradesh,DAMOH,RICHA PURSHOTTAM CHOUBEY (HARIOM),Sapaks Party,1912,0.16,Lost
Madhya Pradesh,DAMOH,VIKAS NAGVANSHI,Bharat Prabhat Party,1499,0.13,Lost
Madhya Pradesh,DAMOH,SHARADA PARSAD PATEL,Pichhara Samaj Party United,2304,0.2,Lost
Madhya Pradesh,DAMOH,ANANT LAL BASOR,Independent,2538,0.22,Lost
Madhya Pradesh,DAMOH,KAMLESH ASATI,Independent,3048,0.26,Lost
Madhya Pradesh,DAMOH,DEVI YADAV,Independent,4607,0.4,Lost
Madhya Pradesh,DAMOH,PRAHLAD PATEL,Independent,10837,0.93,Lost
Madhya Pradesh,DAMOH,PRAHLAD BHAIYA,Independent,5499,0.47,Lost
Madhya Pradesh,DAMOH,NOTA,None of the Above,7656,0.66,Lost
Madhya Pradesh,DEWAS,PRAHLAD SINGH TIPANYA,Indian National Congress,490180,35.04,Lost
Madhya Pradesh,DEWAS,"BADRILAL ""AKELA""",Bahujan Samaj Party,18338,1.31,Lost
Madhya Pradesh,DEWAS,MAHENDRA SINGH SOLANKY,Bharatiya Janata Party,862429,61.65,Lost
Madhya Pradesh,DEWAS,PRAVIN SHANTARAM GANGURDE,Bharat Prabhat Party,9818,0.7,Lost
Madhya Pradesh,DEWAS,NITIN VERMA,Independent,4639,0.33,Lost
Madhya Pradesh,DEWAS,MAHENDRA SING,Independent,4508,0.32,Lost
Madhya Pradesh,DEWAS,NOTA,None of the Above,9034,0.65,Lost
Madhya Pradesh,DHAR,GIRWAL DINESH,Indian National Congress,566118,42.12,Lost
Madhya Pradesh,DHAR,GULSINGH RAMSINGH KAWACHE,Bahujan Samaj Party,13827,1.03,Lost
Madhya Pradesh,DHAR,CHATTARSINGH DARBAR,Bharatiya Janata Party,722147,53.73,Lost
Madhya Pradesh,DHAR,KAILASH VASUNIYA,Bahujan Mukti Party,9159,0.68,Lost
Madhya Pradesh,DHAR,MANISH DEVID,Bhartiya Amrit Party,3384,0.25,Lost
Madhya Pradesh,DHAR,RAMCHARAN MALIWAD,Janata Congress,5947,0.44,Lost
Madhya Pradesh,DHAR,DASHRATH BHUWAN (DOTRIYA),Independent,5621,0.42,Lost
Madhya Pradesh,DHAR,NOTA,None of the Above,17929,1.33,Lost
Madhya Pradesh,GUNA,"KRISHNA PAL SINGH ""Dr. K. P. YADAV""",Bharatiya Janata Party,614049,52.11,Lost
Madhya Pradesh,GUNA,JYOTIRADITYA M. SCINDIA,Indian National Congress,488500,41.45,Lost
Madhya Pradesh,GUNA,DHAKAD LOKENDRA SINGH RAJPOOT,Bahujan Samaj Party,37530,3.18,Lost
Madhya Pradesh,GUNA,AMIT KHARE,Ambedkarite Party of India,4480,0.38,Lost
Madhya Pradesh,GUNA,MANISH SHRIVASTAV,SOCIALIST UNITY CENTRE OF INDIA (COMMUNIST),1667,0.14,Lost
Madhya Pradesh,GUNA,REKHA BAI,Aajad Bharat Party (Democratic),1519,0.13,Lost
Madhya Pradesh,GUNA,SANTOSH YADAV,Pragatishil Samajwadi Party (Lohia),1042,0.09,Lost
Madhya Pradesh,GUNA,AJAY SINGH KUSHWAH,Independent,1423,0.12,Lost
Madhya Pradesh,GUNA,CHANDR KUMAR SHRIVASTAVA (CHANDU),Independent,1945,0.17,Lost
Madhya Pradesh,GUNA,BHAN SINGH,Independent,1723,0.15,Lost
Madhya Pradesh,GUNA,BHOOPENDRA SINGH CHAUHAN (BABLU RAJA),Independent,2471,0.21,Lost
Madhya Pradesh,GUNA,O. P. BHEYA,Independent,3553,0.3,Lost
Madhya Pradesh,GUNA,HARBHAJAN SINGH RAJPOOT Ad.,Independent,6118,0.52,Lost
Madhya Pradesh,GUNA,NOTA,None of the Above,12403,1.05,Lost
Madhya Pradesh,GWALIOR,ASHOK SINGH,Indian National Congress,480408,40.16,Lost
Madhya Pradesh,GWALIOR,MAMTA BALVEER SINGH KUSHWAH,Bahujan Samaj Party,44677,3.74,Lost
Madhya Pradesh,GWALIOR,VIVEK NARAYAN SHEJWALKAR,Bharatiya Janata Party,627250,52.44,Lost
Madhya Pradesh,GWALIOR,GEETA RANI KUSHWAH,Peoples Party of India (Democratic),5566,0.47,Lost
Madhya Pradesh,GWALIOR,JITENDRA JAIN AND AKASH,Bharat Prabhat Party,1105,0.09,Lost
Madhya Pradesh,GWALIOR,NANDKISHOR SHAU,Parivartan Samaj Party,1204,0.1,Lost
Madhya Pradesh,GWALIOR,NARAYAN NAMDEV,Ambedkarite Party of India,2279,0.19,Lost
Madhya Pradesh,GWALIOR,PRAN SINGH PAL,Rashtriya Shoshit Samaj Party,2226,0.19,Lost
Madhya Pradesh,GWALIOR,BRIJ MOHAN,Pragatishil Samajwadi Party (Lohia),1008,0.08,Lost
Madhya Pradesh,GWALIOR,VISHNU KANT SHARMA,Rashtriya Rashtrawadi Party,1113,0.09,Lost
Madhya Pradesh,GWALIOR,SUGREEV SINGH KUSHWAH,Jan Adhikar Party,1251,0.1,Lost
Madhya Pradesh,GWALIOR,COMRADE SUNIL GOPAL,SOCIALIST UNITY CENTRE OF INDIA (COMMUNIST),1394,0.12,Lost
Madhya Pradesh,GWALIOR,HANUMANT SINGH,Aajad Bharat Party (Democratic),1953,0.16,Lost
Madhya Pradesh,GWALIOR,ASHOK KHAN,Independent,3981,0.33,Lost
Madhya Pradesh,GWALIOR,KESHAV RAY CHAUDHARY,Independent,2737,0.23,Lost
Madhya Pradesh,GWALIOR,GOVIND SINGH,Independent,6320,0.53,Lost
Madhya Pradesh,GWALIOR,DEEPAK KUMAR BANSAL (RANGWALE),Independent,4984,0.42,Lost
Madhya Pradesh,GWALIOR,SOBRAN SINGH,Independent,1297,0.11,Lost
Madhya Pradesh,GWALIOR,NOTA,None of the Above,5343,0.45,Lost
Madhya Pradesh,HOSHANGABAD,UDAY PRATAP SINGH,Bharatiya Janata Party,877927,69.35,Lost
Madhya Pradesh,HOSHANGABAD,M.P. CHOUDHARY,Bahujan Samaj Party,15364,1.21,Lost
Madhya Pradesh,HOSHANGABAD,SHAILENDRA DIWAN CHANDARBHAN SINGH,Indian National Congress,324245,25.61,Lost
Madhya Pradesh,HOSHANGABAD,DINESH KATARE,Ambedkarite Party of India,7833,0.62,Lost
Madhya Pradesh,HOSHANGABAD,DEVENDRA SHARMA,Sapaks Party,1874,0.15,Lost
Madhya Pradesh,HOSHANGABAD,BHAVANI SHANKAR SAINI (MONU SAINI),Pragatishil Samajwadi Party (Lohia),1271,0.1,Lost
Madhya Pradesh,HOSHANGABAD,RAJESH KUMAR UIKEY,Gondvana Gantantra Party,3437,0.27,Lost
Madhya Pradesh,HOSHANGABAD,ARYA RAVI PARIHAR,Independent,1805,0.14,Lost
Madhya Pradesh,HOSHANGABAD,DIWAN SHAILENDRA,Independent,3426,0.27,Lost
Madhya Pradesh,HOSHANGABAD,MADAN MOHAN,Independent,5437,0.43,Lost
Madhya Pradesh,HOSHANGABAD,SHALIGRAM MAKODIYA,Independent,4837,0.38,Lost
Madhya Pradesh,HOSHANGABAD,NOTA,None of the Above,18413,1.45,Lost
Madhya Pradesh,INDORE,ER. DEEPCHAND AHIRWAL,Bahujan Samaj Party,8666,0.53,Lost
Madhya Pradesh,INDORE,PANKAJ SANGHVI,Indian National Congress,520815,31.97,Lost
Madhya Pradesh,INDORE,SHANKAR LALWANI,Bharatiya Janata Party,1068569,65.59,Lost
Madhya Pradesh,INDORE,IFTIKHAR AHMED KHAN,Minorities Democratic Party,4455,0.27,Lost
Madhya Pradesh,INDORE,KAMLESH VAISHNAV,Hindusthan Nirman Dal,699,0.04,Lost
Madhya Pradesh,INDORE,DHEERAJ DUBEY PATRAKAR,Sapaks Party,614,0.04,Lost
Madhya Pradesh,INDORE,BHAVANA KISHORE SANGELIYA,Janata Congress,459,0.03,Lost
Madhya Pradesh,INDORE,RAJENDRA AGARWAL 'RAJU',Socialist Party (India),528,0.03,Lost
Madhya Pradesh,INDORE,SRI IMRAN BAKSH,Independent,423,0.03,Lost
Madhya Pradesh,INDORE,PARMANAND TOLANI,Independent,1233,0.08,Lost
Madhya Pradesh,INDORE,PRAKASH VERMA,Independent,498,0.03,Lost
Madhya Pradesh,INDORE,AJMERA S PRAVEEN KUMAR,Independent,693,0.04,Lost
Madhya Pradesh,INDORE,MAHENDRA TIKLIYA,Independent,838,0.05,Lost
Madhya Pradesh,INDORE,HAJI MUSTAK ANSARI,Independent,2019,0.12,Lost
Madhya Pradesh,INDORE,RANJEET GOHAR,Independent,2405,0.15,Lost
Madhya Pradesh,INDORE,RAMESH PATIL,Independent,3184,0.2,Lost
Madhya Pradesh,INDORE,RAJKARAN YADAV (TEEMAI),Independent,1374,0.08,Lost
Madhya Pradesh,INDORE,SHAILENDRA SHARMA,Independent,3364,0.21,Lost
Madhya Pradesh,INDORE,SHRI SURENDRA,Independent,2596,0.16,Lost
Madhya Pradesh,INDORE,DR. SANDEEP VASANTRAO KADWE,Independent,631,0.04,Lost
Madhya Pradesh,INDORE,NOTA,None of the Above,5045,0.31,Lost
Madhya Pradesh,JABALPUR,RAKESH SINGH,Bharatiya Janata Party,826454,65.41,Lost
Madhya Pradesh,JABALPUR,AD. RAMRAJ RAM,Bahujan Samaj Party,12873,1.02,Lost
Madhya Pradesh,JABALPUR,Pt. VIVEK KRISHNA TANKHA,Indian National Congress,371710,29.42,Lost
Madhya Pradesh,JABALPUR,KULDEEP AHIRWAR,Republican Party of India (A),4116,0.33,Lost
Madhya Pradesh,JABALPUR,CHANDRA PRAKASH BHATNAGAR,AARAKSHAN VIRODHI PARTY,780,0.06,Lost
Madhya Pradesh,JABALPUR,DEVENDRA KUMAR YADAV,Pragatishil Samajwadi Party (Lohia),595,0.05,Lost
Madhya Pradesh,JABALPUR,BHUSHAN PRASAD SHUKLA,Bhartiya Shakti Chetna Party,1355,0.11,Lost
Madhya Pradesh,JABALPUR,MAHU SINGH PARASTE,Gondvana Gantantra Party,3446,0.27,Lost
Madhya Pradesh,JABALPUR,SHAHNAJ BEE ANSARI,Smart Indians Party,1912,0.15,Lost
Madhya Pradesh,JABALPUR,SHUKHDEV DAHIYA,Bhartiya Jan Sampark Party,1392,0.11,Lost
Madhya Pradesh,JABALPUR,AMJAD KHAN,Independent,992,0.08,Lost
Madhya Pradesh,JABALPUR,ASHOK SINGH LODHI,Independent,1169,0.09,Lost
Madhya Pradesh,JABALPUR,GULAB SINGH (VIVEK),Independent,2241,0.18,Lost
Madhya Pradesh,JABALPUR,DR. DHAI AKSHAR,Independent,4315,0.34,Lost
Madhya Pradesh,JABALPUR,DHANUK,Independent,2665,0.21,Lost
Madhya Pradesh,JABALPUR,RAKESH SINGH S/O NATHURAM,Independent,9487,0.75,Lost
Madhya Pradesh,JABALPUR,RAKESH SINGH S/O BALJOR SINGH,Independent,7392,0.59,Lost
Madhya Pradesh,JABALPUR,RAM DAYAL PRAJAPAT,Independent,1176,0.09,Lost
Madhya Pradesh,JABALPUR,ENGR. RUPRAM SINGH,Independent,2702,0.21,Lost
Madhya Pradesh,JABALPUR,LAXMINARAYAN JAGANNATH SINGH LODHI,Independent,828,0.07,Lost
Madhya Pradesh,JABALPUR,"VINAY KUMAR JAIN ""VINNU BHAIYYA""",Independent,1068,0.08,Lost
Madhya Pradesh,JABALPUR,SHRI LAL MARKAM (BADE SHRI),Independent,803,0.06,Lost
Madhya Pradesh,JABALPUR,NOTA,None of the Above,4102,0.32,Lost
Madhya Pradesh,KHAJURAHO,MAHARANI KAVITA SINGH NATIRAJA,Indian National Congress,318753,25.34,Lost
Madhya Pradesh,KHAJURAHO,V.D. SHARMA (VISHNU DATT SHARMA),Bharatiya Janata Party,811135,64.49,Lost
Madhya Pradesh,KHAJURAHO,ASHWANI KUMAR DUBEY,Sarvodaya Bharat Party,10554,0.84,Lost
Madhya Pradesh,KHAJURAHO,JAGDESH KUMAR PATEL,Akhil Bhartiya Apna Dal,4223,0.34,Lost
Madhya Pradesh,KHAJURAHO,DESH PAL PATEL,Ambedkarite Party of India,5884,0.47,Lost
Madhya Pradesh,KHAJURAHO,MANISH MISHRA,Rashtriya Aadarsh Member Party,1965,0.16,Lost
Madhya Pradesh,KHAJURAHO,ADVOCATE RAKESH KUMAR SHUKLA,All India Forward Bloc,2154,0.17,Lost
Madhya Pradesh,KHAJURAHO,VEER SINGH PATEL,Samajwadi Party,40077,3.19,Lost
Madhya Pradesh,KHAJURAHO,SANT KUMAR SHARMA,Samagra Utthan Party,2481,0.2,Lost
Madhya Pradesh,KHAJURAHO,ABDUL IMRAN,Independent,3305,0.26,Lost
Madhya Pradesh,KHAJURAHO,GIRIRAJ KISHOR (RAJU) PODDAR,Independent,2953,0.23,Lost
Madhya Pradesh,KHAJURAHO,NARENDRA PANDEY (RAM JI),Independent,2942,0.23,Lost
Madhya Pradesh,KHAJURAHO,PARWAT SINGH,Independent,3970,0.32,Lost
Madhya Pradesh,KHAJURAHO,BHOOPAT KUMAR ADIWASI,Independent,6999,0.56,Lost
Madhya Pradesh,KHAJURAHO,MEENA/LALIT RAIKWAR,Independent,12450,0.99,Lost
Madhya Pradesh,KHAJURAHO,RAJKUMAR,Independent,11691,0.93,Lost
Madhya Pradesh,KHAJURAHO,VINOD KUMAR,Independent,5941,0.47,Lost
Madhya Pradesh,KHAJURAHO,NOTA,None of the Above,10306,0.82,Lost
Madhya Pradesh,KHANDWA,ARUN SUBHASH CHANDRA YADAV,Indian National Congress,565566,38.52,Lost
Madhya Pradesh,KHANDWA,DAYARAM KORKU (THAKUR DADA),Bahujan Samaj Party,14888,1.01,Lost
Madhya Pradesh,KHANDWA,NANDKUMAR SINGH CHOUHAN (NANDU BHAIYA),Bharatiya Janata Party,838909,57.14,Lost
Madhya Pradesh,KHANDWA,AAKASH BIRLA,Madhya Pradesh Jan Vikas Party,7759,0.53,Lost
Madhya Pradesh,KHANDWA,KISHOR YADAV,Hindusthan Nirman Dal,1721,0.12,Lost
Madhya Pradesh,KHANDWA,DARASINGH PATEL KHATVASHE,Akhil Bhartiya Gondwana Party,1270,0.09,Lost
Madhya Pradesh,KHANDWA,REENA DAMLE,Peoples Party of India (Democratic),3293,0.22,Lost
Madhya Pradesh,KHANDWA,RUKUM SHAH,All India Ulama Congress,4024,0.27,Lost
Madhya Pradesh,KHANDWA,NARAYAN CHANDEL,Independent,2886,0.2,Lost
Madhya Pradesh,KHANDWA,BABA ABDUL HAMEED,Independent,7221,0.49,Lost
Madhya Pradesh,KHANDWA,BHAGWANSINGH PYARSINGH,Independent,4596,0.31,Lost
Madhya Pradesh,KHANDWA,NOTA,None of the Above,16005,1.09,Lost
Madhya Pradesh,KHARGONE,AMIT KUMAR BALKE,Bahujan Samaj Party,18573,1.3,Lost
Madhya Pradesh,KHARGONE,GAJENDRA UMRAO SINGH PATEL,Bharatiya Janata Party,773550,54.19,Lost
Madhya Pradesh,KHARGONE,DR. GOVIND SUBHAN MUJALDA,Indian National Congress,571040,40.0,Lost
Madhya Pradesh,KHARGONE,COMRADE JYOTI SUKHLAL GORE,Communist Party of India,20673,1.45,Lost
Madhya Pradesh,KHARGONE,JANI KARAN,Independent,5330,0.37,Lost
Madhya Pradesh,KHARGONE,SHANTILAL S/O AASHARAM SAHITE,Independent,10265,0.72,Lost
Madhya Pradesh,KHARGONE,SEVANTI DINESH BHABAR,Independent,9753,0.68,Lost
Madhya Pradesh,KHARGONE,NOTA,None of the Above,18423,1.29,Lost
Madhya Pradesh,MANDLA,KAMAL SINGH MARAVI,Indian National Congress,639592,42.15,Lost
Madhya Pradesh,MANDLA,FAGGAN SINGH KULASTE,Bharatiya Janata Party,737266,48.59,Lost
Madhya Pradesh,MANDLA,CHANDRA SINGH KUSHRAM,Bhartiya Shakti Chetna Party,15709,1.04,Lost
Madhya Pradesh,MANDLA,R. S. PARASTE (RAMSINGH),Sapaks Party,5055,0.33,Lost
Madhya Pradesh,MANDLA,MANITA MARKAM,Smart Indians Party,5228,0.34,Lost
Madhya Pradesh,MANDLA,DADA RAMGULAM UIKEY,Gondvana Gantantra Party,48925,3.22,Lost
Madhya Pradesh,MANDLA,SANJEEV KUMAR PANDRAM,Hindusthan Nirman Dal,4647,0.31,Lost
Madhya Pradesh,MANDLA,AJEET DHURWEY,Independent,5208,0.34,Lost
Madhya Pradesh,MANDLA,ADVOCATE-DEVSINGH KUMRE,Independent,7759,0.51,Lost
Madhya Pradesh,MANDLA,BHARAT SINGH POOSAM,Independent,15626,1.03,Lost
Madhya Pradesh,MANDLA,NOTA,None of the Above,32240,2.12,Lost
Madhya Pradesh,MANDSOUR,Prabhulal Meghwal,Bahujan Samaj Party,9703,0.71,Lost
Madhya Pradesh,MANDSOUR,Meenakshi Natarajan,Indian National Congress,471052,34.37,Lost
Madhya Pradesh,MANDSOUR,Sudheer Gupta,Bharatiya Janata Party,847786,61.85,Lost
Madhya Pradesh,MANDSOUR,Ismail Mev,Bahujan Maha Party,7760,0.57,Lost
Madhya Pradesh,MANDSOUR,Advocate Bapu Singh Gujar,Hindusthan Nirman Dal,1309,0.1,Lost
Madhya Pradesh,MANDSOUR,Meenakshi Chouhan,National Women's Party,1748,0.13,Lost
Madhya Pradesh,MANDSOUR,Shivlal Gurjar,Shivsena,1433,0.1,Lost
Madhya Pradesh,MANDSOUR,Nandlal Meena,Independent,3127,0.23,Lost
Madhya Pradesh,MANDSOUR,Prahlad Singh S. Rajput,Independent,1613,0.12,Lost
Madhya Pradesh,MANDSOUR,Fulchand Patidar,Independent,1491,0.11,Lost
Madhya Pradesh,MANDSOUR,Ranglal Dhanger,Independent,2685,0.2,Lost
Madhya Pradesh,MANDSOUR,Vijay Rann,Independent,6633,0.48,Lost
Madhya Pradesh,MANDSOUR,Saeed Ahmed Shabrarti Ahmed,Independent,4896,0.36,Lost
Madhya Pradesh,MANDSOUR,NOTA,None of the Above,9431,0.69,Lost
Madhya Pradesh,MORENA,KARTAR SINGH BHADANA,Bahujan Samaj Party,129380,11.38,Lost
Madhya Pradesh,MORENA,NARENDRA SINGH TOMAR,Bharatiya Janata Party,541689,47.63,Lost
Madhya Pradesh,MORENA,RAMNIWAS RAWAT,Indian National Congress,428348,37.66,Lost
Madhya Pradesh,MORENA,ASHOK RAJORIYA,Vishva SHakti Party,4294,0.38,Lost
Madhya Pradesh,MORENA,DHARA SINGH,Pragatishil Samajwadi Party (Lohia),952,0.08,Lost
Madhya Pradesh,MORENA,NARENDRA SINGH,Republican Party of India (Reformist),825,0.07,Lost
Madhya Pradesh,MORENA,PAWAN KUMAR GOYAL,Swatantra Jantaraj Party,968,0.09,Lost
Madhya Pradesh,MORENA,PATIRAM SHAKYA,Republican Party of India (A),1121,0.1,Lost
Madhya Pradesh,MORENA,BHANTE SANGH RATAN,Bharat Prabhat Party,800,0.07,Lost
Madhya Pradesh,MORENA,DR. RANDHIR SINGH RUHAL,Rashtra Nirman Party,930,0.08,Lost
Madhya Pradesh,MORENA,RAJESH SINGH BHADORIA [BHURE],Akhand Rashtrawadi Party,933,0.08,Lost
Madhya Pradesh,MORENA,RAMLAKHAN MEENA,Rashtriya Krantikari Samajwadi Party,1431,0.13,Lost
Madhya Pradesh,MORENA,VIVEK,Hindusthan Nirman Dal,1460,0.13,Lost
Madhya Pradesh,MORENA,SANJU SHARMA,Shivsena,2509,0.22,Lost
Madhya Pradesh,MORENA,TEJPAL SINGH RAWAT,Independent,1936,0.17,Lost
Madhya Pradesh,MORENA,TOFEEK KHAN,Independent,4780,0.42,Lost
Madhya Pradesh,MORENA,DHEERAJ SINGH MAVAI,Independent,2137,0.19,Lost
Madhya Pradesh,MORENA,PRABHU SINGH,Independent,2332,0.21,Lost
Madhya Pradesh,MORENA,BAJUDDEEN BAJ,Independent,1921,0.17,Lost
Madhya Pradesh,MORENA,MEHABUB KHAN,Independent,661,0.06,Lost
Madhya Pradesh,MORENA,MUNNA,Independent,2696,0.24,Lost
Madhya Pradesh,MORENA,RAJVEER,Independent,894,0.08,Lost
Madhya Pradesh,MORENA,LAXMI BAGHEL,Independent,651,0.06,Lost
Madhya Pradesh,MORENA,SUMIT MISRA,Independent,945,0.08,Lost
Madhya Pradesh,MORENA,SONU AGARWAL,Independent,599,0.05,Lost
Madhya Pradesh,MORENA,NOTA,None of the Above,2098,0.18,Lost
Madhya Pradesh,RAJGARH,MONA SUSTANI,Indian National Congress,392805,31.17,Lost
Madhya Pradesh,RAJGARH,RODMAL NAGAR,Bharatiya Janata Party,823824,65.37,Lost
Madhya Pradesh,RAJGARH,TH. JAGDISH SINGH PARMAR,Samata Samadhan Party,9396,0.75,Lost
Madhya Pradesh,RAJGARH,PARVAT SINGH,Ambedkarite Party of India,4086,0.32,Lost
Madhya Pradesh,RAJGARH,MUKESH DANGI,Shivsena,1978,0.16,Lost
Madhya Pradesh,RAJGARH,SUSHEEL PRASAD,Bhartiya Amrit Party,1248,0.1,Lost
Madhya Pradesh,RAJGARH,"SANJAY GUPTA ""MAHAJAN""",Sapaks Party,1408,0.11,Lost
Madhya Pradesh,RAJGARH,IMAMDDIN KHAN,Independent,3707,0.29,Lost
Madhya Pradesh,RAJGARH,PANDIT DIVYENDRA DUBEY ADVOCATE,Independent,4155,0.33,Lost
Madhya Pradesh,RAJGARH,MOHSIN BHANEJ,Independent,2577,0.2,Lost
Madhya Pradesh,RAJGARH,SANTOSH RAV,Independent,4770,0.38,Lost
Madhya Pradesh,RAJGARH,NOTA,None of the Above,10375,0.82,Lost
Madhya Pradesh,RATLAM,KANTILAL BHURIA,Indian National Congress,605467,43.23,Lost
Madhya Pradesh,RATLAM,GUMAN SINGH DAMOR,Bharatiya Janata Party,696103,49.7,Lost
Madhya Pradesh,RATLAM,MADHU SINGH PATEL(CHOUHAN),Bahujan Samaj Party,13753,0.98,Lost
Madhya Pradesh,RATLAM,ADVOCATE-KATARA RUKHAMAN SINGH,Bahujan Mukti Party,3850,0.27,Lost
Madhya Pradesh,RATLAM,KAMLESHWAR BHIL,Bhartiya Tribal Party,14784,1.06,Lost
Madhya Pradesh,RATLAM,SURAJ BHABHAR,All India Hindustan Congress Party,5584,0.4,Lost
Madhya Pradesh,RATLAM,SURAJSINGH KALIYA,Janata Dal (United),6320,0.45,Lost
Madhya Pradesh,RATLAM,108 NILESH DAMOR,Independent,6378,0.46,Lost
Madhya Pradesh,RATLAM,RANGLA-KALESH,Independent,12839,0.92,Lost
Madhya Pradesh,RATLAM,NOTA,None of the Above,35431,2.53,Lost
Madhya Pradesh,REWA,GIRIJESH SINGH SENGER,Communist Party of India (Marxist),10453,1.03,Lost
Madhya Pradesh,REWA,JANARDAN MISHRA,Bharatiya Janata Party,583745,57.61,Lost
Madhya Pradesh,REWA,VIKASH SINGH PATEL,Bahujan Samaj Party,91126,8.99,Lost
Madhya Pradesh,REWA,"SIDDHARTH TIWARI ""RAJ""",Indian National Congress,270938,26.74,Lost
Madhya Pradesh,REWA,DR. ARUN KUMAR SATNAMI,Bahujan Mukti Party,3756,0.37,Lost
Madhya Pradesh,REWA,ARUN GAUTAM,Shri Janta Party,1672,0.17,Lost
Madhya Pradesh,REWA,CHHOTU KOL,Jan Samman party,1158,0.11,Lost
Madhya Pradesh,REWA,BADRI PRASAD KUSHWAHA,Akhil Bhartiya Apna Dal,2656,0.26,Lost
Madhya Pradesh,REWA,BABULAL KOL,Adhikar Vikas Party,1325,0.13,Lost
Madhya Pradesh,REWA,MAHENDRA KUMAR TIWARI,"Kisan Raj Party,",2426,0.24,Lost
Madhya Pradesh,REWA,RAM GOPAL SINGH PATEL,Peoples Party of India (Democratic),4982,0.49,Lost
Madhya Pradesh,REWA,REETA TRIPATHI,Bhartiya Shakti Chetna Party,3032,0.3,Lost
Madhya Pradesh,REWA,SHAKUNTALA MISHRA,Sapaks Party,3719,0.37,Lost
Madhya Pradesh,REWA,SHIV KUMAR MISHRA,Samagra Utthan Party,3860,0.38,Lost
Madhya Pradesh,REWA,SIYASHARAN KEVAT,Rashtriya Apna Dal,5696,0.56,Lost
Madhya Pradesh,REWA,SUNIT PANDEY 'SUMIT',AARAKSHAN VIRODHI PARTY,5555,0.55,Lost
Madhya Pradesh,REWA,SUBHRANSHU DWIVEDI - PADARI,Kisan Party of India,2583,0.25,Lost
Madhya Pradesh,REWA,AKHILESH SAKET,Independent,4798,0.47,Lost
Madhya Pradesh,REWA,DEVENDRA KUMAR MISHRA,Independent,1907,0.19,Lost
Madhya Pradesh,REWA,BRAHM DATTA MISHRA,Independent,1878,0.19,Lost
Madhya Pradesh,REWA,RAM KALESH SAKET,Independent,828,0.08,Lost
Madhya Pradesh,REWA,SANAT KUMAR,Independent,866,0.09,Lost
Madhya Pradesh,REWA,SUSHIL MISHRA (SABAKE MAHARAJ),Independent,1401,0.14,Lost
Madhya Pradesh,REWA,NOTA,None of the Above,2891,0.29,Lost
Madhya Pradesh,SAGAR,PRABHU SINGH THAKUR,Indian National Congress,340689,32.85,Lost
Madhya Pradesh,SAGAR,RAJKUMAR YADAV,Bahujan Samaj Party,20363,1.96,Lost
Madhya Pradesh,SAGAR,RAJBAHADUR SINGH,Bharatiya Janata Party,646231,62.31,Lost
Madhya Pradesh,SAGAR,KAMAL KHATIK,Pragatishil Samajwadi Party (Lohia),6363,0.61,Lost
Madhya Pradesh,SAGAR,RAMNARESH TIWARI (RAMJEE),Samagra Utthan Party,1340,0.13,Lost
Madhya Pradesh,SAGAR,VINAY SEN,Bhartiya Shakti Chetna Party,1645,0.16,Lost
Madhya Pradesh,SAGAR,KANCHHEDILAL KUSHWAH,Independent,2597,0.25,Lost
Madhya Pradesh,SAGAR,MOH. KHURRAM QURESHI,Independent,1736,0.17,Lost
Madhya Pradesh,SAGAR,"DEVENDRA JAIN "" MILAN""",Independent,4024,0.39,Lost
Madhya Pradesh,SAGAR,"MAHENDRA SINGH PATEL ""BARUAL""",Independent,3454,0.33,Lost
Madhya Pradesh,SAGAR,NOTA,None of the Above,8733,0.84,Lost
Madhya Pradesh,SATNA,ACCHE LAL KUSHAWAHA,Bahujan Samaj Party,109961,9.87,Lost
Madhya Pradesh,SATNA,GANESH SINGH,Bharatiya Janata Party,588753,52.87,Lost
Madhya Pradesh,SATNA,RAJARAM TRIPATHI,Indian National Congress,357280,32.08,Lost
Madhya Pradesh,SATNA,NAND KISHOR PRAJAPATI,Peoples Party of India (Democratic),6964,0.63,Lost
Madhya Pradesh,SATNA,MANORAJ DWIVEDI,Janata Congress,1482,0.13,Lost
Madhya Pradesh,SATNA,MHENDRA SINGH,Bhartiya Shakti Chetna Party,1227,0.11,Lost
Madhya Pradesh,SATNA,DR. RAJENDRA TRIPATHI,Bharatiya Jan Morcha Party,1055,0.09,Lost
Madhya Pradesh,SATNA,RAMKUSHAL KEWAT,Bhartiya Manav Samaj Party,1311,0.12,Lost
Madhya Pradesh,SATNA,RAM NIVAS SEN,Republican Party of India (A),1533,0.14,Lost
Madhya Pradesh,SATNA,RAM VISHWAS PAL,Rashtriya Samaj Paksha,2164,0.19,Lost
Madhya Pradesh,SATNA,VIPIN SINGH TIWARI,Smart Indians Party,3893,0.35,Lost
Madhya Pradesh,SATNA,SHASHANK SINGH BAGHEL,Sapaks Party,2450,0.22,Lost
Madhya Pradesh,SATNA,ASHOK VISHWAKARMA,Independent,4220,0.38,Lost
Madhya Pradesh,SATNA,MOHD. JIBRAIL,Independent,5259,0.47,Lost
Madhya Pradesh,SATNA,NASIR KHAN,Independent,5639,0.51,Lost
Madhya Pradesh,SATNA,BABU LAL,Independent,6806,0.61,Lost
Madhya Pradesh,SATNA,"MAHESH SAHU ""PAPPU""",Akhil Bharat Hindu Mahasabha,3081,0.28,Lost
Madhya Pradesh,SATNA,MUNNI KRANTI,Independent,3600,0.32,Lost
Madhya Pradesh,SATNA,SURENDRA PANDEY KUWAN,Independent,2564,0.23,Lost
Madhya Pradesh,SATNA,Dr. SURESH PRASAD TRIPATHI,Independent,921,0.08,Lost
Madhya Pradesh,SATNA,PHOUJI SANDIP BABA,Independent,849,0.08,Lost
Madhya Pradesh,SATNA,NOTA,None of the Above,2644,0.24,Lost
Madhya Pradesh,SHAHDOL,BAHAN KESHKALI KOL,Communist Party of India,33695,2.72,Lost
Madhya Pradesh,SHAHDOL,PRAMILA SINGH,Indian National Congress,344644,27.84,Lost
Madhya Pradesh,SHAHDOL,MOHDAL SINGH PAV,Bahujan Samaj Party,20598,1.66,Lost
Madhya Pradesh,SHAHDOL,HIMADRI SINGH,Bharatiya Janata Party,747977,60.43,Lost
Madhya Pradesh,SHAHDOL,KAMLA PRASAD BAIGA,Bhartiya Shakti Chetna Party,11514,0.93,Lost
Madhya Pradesh,SHAHDOL,MEERA SINGH,Chhattisgarh Vikas Ganga Rashtriya Party,3353,0.27,Lost
Madhya Pradesh,SHAHDOL,LAKSHYAPAT SINGH,Peoples Party of India (Democratic),4544,0.37,Lost
Madhya Pradesh,SHAHDOL,VIMAL SINGH KORCHE,Gondvana Gantantra Party,16789,1.36,Lost
Madhya Pradesh,SHAHDOL,GOKUL SINGH,Independent,3637,0.29,Lost
Madhya Pradesh,SHAHDOL,JHAMAKLAL,Independent,4941,0.4,Lost
Madhya Pradesh,SHAHDOL,DURGA MOSI,Independent,8026,0.65,Lost
Madhya Pradesh,SHAHDOL,NARAYAN SINGH UIKE,Independent,7509,0.61,Lost
Madhya Pradesh,SHAHDOL,MANNA SINGH,Independent,10604,0.86,Lost
Madhya Pradesh,SHAHDOL,NOTA,None of the Above,20027,1.62,Lost
Madhya Pradesh,SIDHI,Ajay Arjun Singh,Indian National Congress,411818,32.11,Lost
Madhya Pradesh,SIDHI,Ram Lal Panika,Bahujan Samaj Party,26540,2.07,Lost
Madhya Pradesh,SIDHI,Riti Pathak,Bharatiya Janata Party,698342,54.44,Lost
Madhya Pradesh,SIDHI,Com. Sanjay Namdeo,Communist Party of India,27651,2.16,Lost
Madhya Pradesh,SIDHI,Anup Singh Sengar,Samagra Utthan Party,5058,0.39,Lost
Madhya Pradesh,SIDHI,Ashish Kumar Singh Chauhan,Shivsena,2447,0.19,Lost
Madhya Pradesh,SIDHI,Nirmala Dr. H.L. Prajapati,Akhil Bhartiya Gondwana Party,5589,0.44,Lost
Madhya Pradesh,SIDHI,Fatte Bahadur Singh Markam,Gondvana Gantantra Party,17032,1.33,Lost
Madhya Pradesh,SIDHI,Ram Kripal Bashor,Republican Party of India (A),2529,0.2,Lost
Madhya Pradesh,SIDHI,Ramdas Shah Mulnivasi,Peoples Party of India (Democratic),6182,0.48,Lost
Madhya Pradesh,SIDHI,Ram Rahees Kol,Communist Party of India (Marxist-Leninist) Red Star,3848,0.3,Lost
Madhya Pradesh,SIDHI,Ramvishal Pal,Rashtriya Shoshit Samaj Party,5135,0.4,Lost
Madhya Pradesh,SIDHI,"Ramadhar Gupta ""Mai Ke Lal""",Sapaks Party,6097,0.48,Lost
Madhya Pradesh,SIDHI,Shyam Lal Vaishya,Bhartiya Shakti Chetna Party,10440,0.81,Lost
Madhya Pradesh,SIDHI,Gyani Jaiswal,Saman Aadmi Saman Party,6368,0.5,Lost
Madhya Pradesh,SIDHI,Dileep Kumar Shukla,Independent,15555,1.21,Lost
Madhya Pradesh,SIDHI,Dharmendra Singh Baghel,Independent,6856,0.53,Lost
Madhya Pradesh,SIDHI,Dheerendra Kumar,Independent,1956,0.15,Lost
Madhya Pradesh,SIDHI,Rakesh Kumar Patel,Independent,5327,0.42,Lost
Madhya Pradesh,SIDHI,Ram Kumar Jaysval,Independent,2071,0.16,Lost
Madhya Pradesh,SIDHI,Ramraj Yadav,Independent,1120,0.09,Lost
Madhya Pradesh,SIDHI,Ramsahay Sahu,Independent,1066,0.08,Lost
Madhya Pradesh,SIDHI,Ramawatar Vishwakarma,Independent,1350,0.11,Lost
Madhya Pradesh,SIDHI,Lalan,Independent,1887,0.15,Lost
Madhya Pradesh,SIDHI,Lalta Prasad Jayswal,Independent,2846,0.22,Lost
Madhya Pradesh,SIDHI,"Shrawan Kumar Dwivedi ""Samajwadi""",Independent,1968,0.15,Lost
Madhya Pradesh,SIDHI,NOTA,None of the Above,5627,0.44,Lost
Madhya Pradesh,TIKAMGARH,Ahirwar Kiran,Indian National Congress,324189,29.56,Lost
Madhya Pradesh,TIKAMGARH,Dr Virendra Kumar,Bharatiya Janata Party,672248,61.3,Lost
Madhya Pradesh,TIKAMGARH,Ahirwar Shripat Shikshak,Poorvanchal Rashtriya Congress,9906,0.9,Lost
Madhya Pradesh,TIKAMGARH,"Kamta Prasad Kori ""K.P.""",Pragatishil Samajwadi Party (Lohia),2068,0.19,Lost
Madhya Pradesh,TIKAMGARH,Narayan Das Jatav,Madhya Pradesh Jan Vikas Party,1831,0.17,Lost
Madhya Pradesh,TIKAMGARH,N.R. Prajapati,Adarsh Nyay Rakshak Party,2360,0.22,Lost
Madhya Pradesh,TIKAMGARH,R.D. Prajapati,Samajwadi Party,42585,3.88,Lost
Madhya Pradesh,TIKAMGARH,Surjeet Chadar,Bhartiya Shakti Chetna Party,2100,0.19,Lost
Madhya Pradesh,TIKAMGARH,"Shriram Nagar ""Shikshak""",Sapaks Party,2225,0.2,Lost
Madhya Pradesh,TIKAMGARH,Jitendra Banshkar,Independent,2186,0.2,Lost
Madhya Pradesh,TIKAMGARH,R.B. Prajapati Advocate,Independent,5938,0.54,Lost
Madhya Pradesh,TIKAMGARH,Pramod Prajapati,Independent,3171,0.29,Lost
Madhya Pradesh,TIKAMGARH,Shobha Valmiki,Independent,7935,0.72,Lost
Madhya Pradesh,TIKAMGARH,Suresh Kori,Independent,7371,0.67,Lost
Madhya Pradesh,TIKAMGARH,NOTA,None of the Above,10599,0.97,Lost
Madhya Pradesh,UJJAIN,ANIL FIROJIYA,Bharatiya Janata Party,791663,63.21,Lost
Madhya Pradesh,UJJAIN,BABULAL MALVIYA,Indian National Congress,426026,34.01,Lost
Madhya Pradesh,UJJAIN,SATISH PARMAR,Bahujan Samaj Party,10698,0.85,Lost
Madhya Pradesh,UJJAIN,MAHESH MARMAT,Shivsena,1533,0.12,Lost
Madhya Pradesh,UJJAIN,RAMCHANDRA PARMAR,Bahujan Mukti Party,940,0.08,Lost
Madhya Pradesh,UJJAIN,AMBARAM PARMAR CHANDRAVANSHI,Independent,4877,0.39,Lost
Madhya Pradesh,UJJAIN,TILAKRAJ AHIRWAR,Independent,1438,0.11,Lost
Madhya Pradesh,UJJAIN,BANESINGH PARMAR,Independent,1799,0.14,Lost
Madhya Pradesh,UJJAIN,DR. SAGAR SOLANKI,Independent,3340,0.27,Lost
Madhya Pradesh,UJJAIN,NOTA,None of the Above,10197,0.81,Lost
Madhya Pradesh,VIDISHA,Geetawali Er. P.S. Ahirwar,Bahujan Samaj Party,14409,1.15,Lost
Madhya Pradesh,VIDISHA,Ramakant Bhargava,Bharatiya Janata Party,853022,68.23,Lost
Madhya Pradesh,VIDISHA,Shailendra Rameshchandra Patel,Indian National Congress,349938,27.99,Lost
Madhya Pradesh,VIDISHA,Madan Lal Bhadoriya,Prajatantrik Samadhan Party,4612,0.37,Lost
Madhya Pradesh,VIDISHA,Ramkrishna Surywanshi,Bahujan Mukti Party,1000,0.08,Lost
Madhya Pradesh,VIDISHA,Anil Malviya Patrakar,Independent,793,0.06,Lost
Madhya Pradesh,VIDISHA,"Mohd. Talat Khan ""Talat""",Independent,1086,0.09,Lost
Madhya Pradesh,VIDISHA,Devendra Singh Chouhan,Independent,2634,0.21,Lost
Madhya Pradesh,VIDISHA,Naveen Jatav,Independent,1187,0.09,Lost
Madhya Pradesh,VIDISHA,Mahant Pratap Giri,Independent,1260,0.1,Lost
Madhya Pradesh,VIDISHA,Vivek Kumar,Independent,2684,0.21,Lost
Madhya Pradesh,VIDISHA,Shailendra Patel,Independent,3898,0.31,Lost
Madhya Pradesh,VIDISHA,Sudhir Kumar,Independent,5102,0.41,Lost
Madhya Pradesh,VIDISHA,NOTA,None of the Above,8619,0.69,Lost
Maharashtra,Ahmadnagar,WAKALE NAMDEO ARJUN,Bahujan Samaj Party,6692,0.56,Lost
Maharashtra,Ahmadnagar,Dr. SUJAY RADHAKRISHNA VIKHEPATIL,Bharatiya Janata Party,704660,58.54,Lost
Maharashtra,Ahmadnagar,SANGRAM ARUNKAKA JAGTAP,Nationalist Congress Party,423186,35.15,Lost
Maharashtra,Ahmadnagar,KALIRAM BAHIRU POPALGHAT,Bhartiya Navjawan Sena (Paksha),3192,0.27,Lost
Maharashtra,Ahmadnagar,DHIRAJ MOTILAL BATADE,Right to Recall Party,1492,0.12,Lost
Maharashtra,Ahmadnagar,FARUKH ISMAIL SHAIKH,Bharatiya Praja Surajya Paksha,2502,0.21,Lost
Maharashtra,Ahmadnagar,SUDHAKAR LAXMAN AVHAD,Vanchit Bahujan Aaghadi,31807,2.64,Lost
Maharashtra,Ahmadnagar,SANJAY DAGDU SAWANT,Bahujan Mukti Party,1507,0.13,Lost
Maharashtra,Ahmadnagar,APPASAHEB NAVNATH PALVE,Independent,716,0.06,Lost
Maharashtra,Ahmadnagar,KAMAL DASHRATH SAWANT,Independent,1317,0.11,Lost
Maharashtra,Ahmadnagar,DATTATRAY APPA WAGHMODE,Independent,971,0.08,Lost
Maharashtra,Ahmadnagar,BHASKAR FAKIRA PATOLE,Independent,1242,0.1,Lost
Maharashtra,Ahmadnagar,RAMNATH GAHININATH GOLHAR,Independent,1268,0.11,Lost
Maharashtra,Ahmadnagar,SHAIKH AABID HUSSAIN MOHAMMAD HANIF,Independent,2488,0.21,Lost
Maharashtra,Ahmadnagar,SAINATH BHAUSAHEB GHORPADE,Independent,3986,0.33,Lost
Maharashtra,Ahmadnagar,SUPEKAR DNYANDEO NARHARI,Independent,2767,0.23,Lost
Maharashtra,Ahmadnagar,Er. SANJIV BABANRAO BHOR,Independent,3838,0.32,Lost
Maharashtra,Ahmadnagar,SANDIP LAXMAN SAKAT,Independent,3745,0.31,Lost
Maharashtra,Ahmadnagar,SHRIDHAR JAKHUJI DAREKAR,Independent,2349,0.2,Lost
Maharashtra,Ahmadnagar,NOTA,None of the Above,4072,0.34,Lost
Maharashtra,Akola,Bhai B.C.Kamble,Bahujan Samaj Party,7780,0.69,Lost
Maharashtra,Akola,Dhotre Sanjay Shamrao,Bharatiya Janata Party,554444,49.53,Lost
Maharashtra,Akola,Hidayatullah Barakatullah Patel,Indian National Congress,254370,22.72,Lost
Maharashtra,Akola,Arun Kankar Wankhede,Peoples Party of India (Democratic),3048,0.27,Lost
Maharashtra,Akola,Ambedkar (Adv) Prakash Yashwant,Vanchit Bahujan Aaghadi,278848,24.91,Lost
Maharashtra,Akola,Mrs. Pravina Laxmanrao Bhatkar,Bahujan Mukti Party,3583,0.32,Lost
Maharashtra,Akola,Arun Manohar Thakare,Independent,1540,0.14,Lost
Maharashtra,Akola,Social Worker Gajanan Onkar Harne (Anna),Independent,1278,0.11,Lost
Maharashtra,Akola,Pravin Chandrakant Kaurpuriya,Independent,965,0.09,Lost
Maharashtra,Akola,Murlidhar Lalsing Pawar,Independent,2141,0.19,Lost
Maharashtra,Akola,Sachin Ganpatlal Sharma,Independent,2577,0.23,Lost
Maharashtra,Akola,NOTA,None of the Above,8866,0.79,Lost
Maharashtra,Amravati,Adsul Anandrao Vithoba,Shivsena,473996,42.61,Lost
Maharashtra,Amravati,Arun Motiramji Wankhade,Bahujan Samaj Party,12336,1.11,Lost
Maharashtra,Amravati,Athawale Sanjay Hiramanji,Bahujan Maha Party,1522,0.14,Lost
Maharashtra,Amravati,Gade Vinod Milind,Ambedkarist Republican Party,1211,0.11,Lost
Maharashtra,Amravati,Gunwant Deopare,Vanchit Bahujan Aaghadi,65135,5.86,Lost
Maharashtra,Amravati,Narendra Babulal Kathane,Rashtriya Jansurajya Party,1654,0.15,Lost
Maharashtra,Amravati,Nilima Nitin Bhatkar,Peoples Party of India (Democratic),991,0.09,Lost
Maharashtra,Amravati,Nilesh Anandrao Patil,Ambedkarite Party of India,1229,0.11,Lost
Maharashtra,Amravati,Panchshila Vijay Mohod,Bahujan Mukti Party,1499,0.13,Lost
Maharashtra,Amravati,Anil Namdeorao Jamnekar,Independent,1088,0.1,Lost
Maharashtra,Amravati,Ambadas Shamrao Wankhade,Independent,4754,0.43,Lost
Maharashtra,Amravati,Navnit Ravi Rana,Independent,510947,45.93,Lost
Maharashtra,Amravati,Pankaj Liladhar Meshram,Independent,2355,0.21,Lost
Maharashtra,Amravati,Pramod Laxman Meshram,Independent,1090,0.1,Lost
Maharashtra,Amravati,Pravin Mahadeo Sarode,Independent,1736,0.16,Lost
Maharashtra,Amravati,Minakshi Someshwar Kurwade,Independent,6602,0.59,Lost
Maharashtra,Amravati,Raju Bakshi Jamnekar,Independent,3556,0.32,Lost
Maharashtra,Amravati,Raju Mahadeorao Sonone,Independent,901,0.08,Lost
Maharashtra,Amravati,Raju Shamraoji Mankar,Independent,489,0.04,Lost
Maharashtra,Amravati,Rahulbhau Laxmanrao Mohod,Independent,774,0.07,Lost
Maharashtra,Amravati,Vijay Yashwant Vilhekar,Independent,10565,0.95,Lost
Maharashtra,Amravati,Vilas Sheshrao Thorat,Independent,950,0.09,Lost
Maharashtra,Amravati,Shrikant Ulhasrao Raibole,Independent,1007,0.09,Lost
Maharashtra,Amravati,Dnyaneshwar Kashirao Mankar,Independent,676,0.06,Lost
Maharashtra,Amravati,NOTA,None of the Above,5322,0.48,Lost
Maharashtra,Aurangabad,Chandrakant Khaire,Shivsena,384550,32.09,Lost
Maharashtra,Aurangabad,Jaya Balu Rajkundal,Bahujan Samaj Party,4821,0.4,Lost
Maharashtra,Aurangabad,Zambad Subhash Manakchand,Indian National Congress,91789,7.66,Lost
Maharashtra,Aurangabad,Agrawal Kunjbihari Jugalkishor,Pragatishil Samajwadi Party (Lohia),1812,0.15,Lost
Maharashtra,Aurangabad,Arvind Kisanrao Kamble,Bahujan Republican Socialist Party,2779,0.23,Lost
Maharashtra,Aurangabad,Imtiaz Jaleel Syed,All India Majlis-E-Ittehadul Muslimeen,389042,32.47,Lost
Maharashtra,Aurangabad,Uttam Dhanu Rathod,Aasra Lokmanch Party,2213,0.18,Lost
Maharashtra,Aurangabad,Dipali Lalaji Misal,Bahujan Mukti Party,1666,0.14,Lost
Maharashtra,Aurangabad,Nadim Rana,Bahujan Maha Party,1210,0.1,Lost
Maharashtra,Aurangabad,M. B. Magare,Peoples Party of India (Democratic),1228,0.1,Lost
Maharashtra,Aurangabad,Mohammad Jaqeer Abdul Qadar,Bharat Prabhat Party,3198,0.27,Lost
Maharashtra,Aurangabad,Mohsin Sir Nasim Bhai,Navbharat Nirman Party,4590,0.38,Lost
Maharashtra,Aurangabad,Subhash Kisanrao Patil,"Maharashtra Swabhimaan Paksh,",1878,0.16,Lost
Maharashtra,Aurangabad,Habib Gayas Shaikh,Ambedkar National Congress,1503,0.13,Lost
Maharashtra,Aurangabad,Kurangal Sanjay Baburao,Independent,1352,0.11,Lost
Maharashtra,Aurangabad,Khan Aejaz Ahemad,Independent,5043,0.42,Lost
Maharashtra,Aurangabad,Jagan Baburao Salve,Independent,3216,0.27,Lost
Maharashtra,Aurangabad,Fulare Suresh Asaram,Independent,867,0.07,Lost
Maharashtra,Aurangabad,Ravindra Bhanudas Kale,Independent,922,0.08,Lost
Maharashtra,Aurangabad,Shaikh Khaja Shaikh Kasim Kismatwala,Independent,1869,0.16,Lost
Maharashtra,Aurangabad,Sangita Kalyanrao Nirmal,Independent,2214,0.18,Lost
Maharashtra,Aurangabad,Harshwardhandada Raibhanji Jadhav,Independent,283798,23.68,Lost
Maharashtra,Aurangabad,Tribhuvan Madhukar Padmakar,Independent,1732,0.14,Lost
Maharashtra,Aurangabad,NOTA,None of the Above,4929,0.41,Lost
Maharashtra,Baramati,Kanchan Rahul Kool,Bharatiya Janata Party,530940,40.69,Lost
Maharashtra,Baramati,Adv.Mangesh Nilkanth Vanshiv,Bahujan Samaj Party,6882,0.53,Lost
Maharashtra,Baramati,Supriya Sule,Nationalist Congress Party,686714,52.63,Lost
Maharashtra,Baramati,Dashrath Nana Raut,Bharatiya Praja Surajya Paksha,3822,0.29,Lost
Maharashtra,Baramati,Padalkar Navanath,Vanchit Bahujan Aaghadi,44134,3.38,Lost
Maharashtra,Baramati,Yuvraj Bhujbal,Jan Adhikar Party,908,0.07,Lost
Maharashtra,Baramati,Savita Bhimrao Kadale,Hindustan Janta Party,798,0.06,Lost
Maharashtra,Baramati,Sanjay Shinde,Bahujan Mukti Party,4345,0.33,Lost
Maharashtra,Baramati,Alankruta Abhijeet Awade-Bichukale,Independent,844,0.06,Lost
Maharashtra,Baramati,Ulhas(Nanasaheb) Mugutrao Chormale,Independent,1993,0.15,Lost
Maharashtra,Baramati,Adv.Girish Madan Patil,Independent,1087,0.08,Lost
Maharashtra,Baramati,Deepak Shantaram Watvisave,Independent,1871,0.14,Lost
Maharashtra,Baramati,Dr. Balasaheb Arjun Pol,Independent,1003,0.08,Lost
Maharashtra,Baramati,Vijaynath Ramachandra Chandere,Independent,1721,0.13,Lost
Maharashtra,Baramati,Vishvanath Sitaram Gargade,Independent,1158,0.09,Lost
Maharashtra,Baramati,Shivaji (Nana) Rambhau Nandkhile,Independent,4405,0.34,Lost
Maharashtra,Baramati,Sureshdada Baburao Veer,Independent,3284,0.25,Lost
Maharashtra,Baramati,Hemant Baburao Kolekar Patil,Independent,951,0.07,Lost
Maharashtra,Baramati,NOTA,None of the Above,7868,0.6,Lost
Maharashtra,Beed,Pritam Gopinathrao Munde,Bharatiya Janata Party,678175,50.15,Lost
Maharashtra,Beed,Bajrang Manohar Sonwane,Nationalist Congress Party,509807,37.7,Lost
Maharashtra,Beed,Ashok Bhagoji Thorat,Hum Bhartiya Party,3351,0.25,Lost
Maharashtra,Beed,Kalyan Bhanudas Gurav,Bharatiya Praja Surajya Paksha,2086,0.15,Lost
Maharashtra,Beed,Ganesh Navnathrao Karande,Maharashtra Kranti Sena,2761,0.2,Lost
Maharashtra,Beed,Ramesh Ramkisan Gavhane,Dalit Soshit Pichhara Varg Adhikar Dal,1238,0.09,Lost
Maharashtra,Beed,Pro. Vishnu Jadhav,Vanchit Bahujan Aaghadi,92139,6.81,Lost
Maharashtra,Beed,Shinde Chandraparkash Ganpatrao,Ambedkarite Party of India,1582,0.12,Lost
Maharashtra,Beed,Sayyad Mujammil Sayyad Jamil,Samajwadi Party,1225,0.09,Lost
Maharashtra,Beed,Sadek Muniroddin Shaikh,Bahujan Republican Socialist Party,677,0.05,Lost
Maharashtra,Beed,Anwar Khan Mirza Khan,Independent,788,0.06,Lost
Maharashtra,Beed,Kalidas Pandharinath Apet,Independent,1550,0.11,Lost
Maharashtra,Beed,Kolekar Ganesh Bhausaheb,Independent,824,0.06,Lost
Maharashtra,Beed,Khan Majahar Habib,Independent,1339,0.1,Lost
Maharashtra,Beed,Galeb khan Jabbar khan Pathan,Independent,1209,0.09,Lost
Maharashtra,Beed,Chavhan Sampat Ramsing,Independent,16792,1.24,Lost
Maharashtra,Beed,Jagtap Nilesh Murlidhar,Independent,3485,0.26,Lost
Maharashtra,Beed,Jamir Bashir Shaikh,Independent,1509,0.11,Lost
Maharashtra,Beed,Jubair Munshi Qureshi,Independent,778,0.06,Lost
Maharashtra,Beed,Tukaram Vyankati Chate,Independent,399,0.03,Lost
Maharashtra,Beed,Nisar Ahmed,Independent,412,0.03,Lost
Maharashtra,Beed,Pathan Musakhan Yunus khan,Independent,585,0.04,Lost
Maharashtra,Beed,Pathan Sarfaraj khan Mehtab khan,Independent,633,0.05,Lost
Maharashtra,Beed,Patil Yashashri Pramod,Independent,1334,0.1,Lost
Maharashtra,Beed,Pandit Damodhar Khande,Independent,466,0.03,Lost
Maharashtra,Beed,Bajarang Digambar Sonawane,Independent,1379,0.1,Lost
Maharashtra,Beed,Mujib Naimuddin Inamdar,Independent,6152,0.45,Lost
Maharashtra,Beed,Rajeshkumar Annasaheb Bhadagale,Independent,3897,0.29,Lost
Maharashtra,Beed,Vijay Rangnath Salve,Independent,3457,0.26,Lost
Maharashtra,Beed,Veer Shesherao Chokhoba,Independent,1715,0.13,Lost
Maharashtra,Beed,Adv. Sharad Bahinaji Kamble,Independent,1927,0.14,Lost
Maharashtra,Beed,Shivaji Narayanrao Kavthekar,Independent,1990,0.15,Lost
Maharashtra,Beed,Shaikh Yashid Shaikh Tayyab,Independent,2052,0.15,Lost
Maharashtra,Beed,Shaikh Sadek Shaikh Ibrahim,Independent,1323,0.1,Lost
Maharashtra,Beed,Sayyad Minhaj,Independent,386,0.03,Lost
Maharashtra,Beed,Sajan Raees Choudhari,Independent,477,0.04,Lost
Maharashtra,Beed,NOTA,None of the Above,2500,0.18,Lost
Maharashtra,Bhandara - gondiya,Panchabudhe Nana Jairam,Nationalist Congress Party,452849,36.38,Lost
Maharashtra,Bhandara - gondiya,Dr. Vijaya Rajesh Nandurkar,Bahujan Samaj Party,52659,4.23,Lost
Maharashtra,Bhandara - gondiya,Sunil Baburao Mendhe,Bharatiya Janata Party,650243,52.23,Lost
Maharashtra,Bhandara - gondiya,K. N. Nanhe,Vanchit Bahujan Aaghadi,45842,3.68,Lost
Maharashtra,Bhandara - gondiya,B. D. Borkar,Peoples Party of India (Democratic),1468,0.12,Lost
Maharashtra,Bhandara - gondiya,Maraskolhe Bhojraj Isulal,Bhartiya Shakti Chetna Party,905,0.07,Lost
Maharashtra,Bhandara - gondiya,Kalchuri Nilesh Paransingh,Independent,547,0.04,Lost
Maharashtra,Bhandara - gondiya,Gajbhiye Pramod Hiraman,Independent,980,0.08,Lost
Maharashtra,Bhandara - gondiya,Adv. Jaiswal Virendrakumar Kasturchand,Independent,2699,0.22,Lost
Maharashtra,Bhandara - gondiya,Devidas Santuji Lanjewar,Independent,1549,0.12,Lost
Maharashtra,Bhandara - gondiya,Patle Rajendra Sahasram,Independent,13145,1.06,Lost
Maharashtra,Bhandara - gondiya,Dr. Sunil Sampat Chawale,Independent,1507,0.12,Lost
Maharashtra,Bhandara - gondiya,Sumit Vijay Pande,Independent,3031,0.24,Lost
Maharashtra,Bhandara - gondiya,Suhas Anil Funde,Independent,6983,0.56,Lost
Maharashtra,Bhandara - gondiya,NOTA,None of the Above,10524,0.85,Lost
Maharashtra,Bhiwandi,KAPIL MORESHWAR PATIL,Bharatiya Janata Party,523583,52.09,Lost
Maharashtra,Bhiwandi,TAWARE SURESH KASHINATH,Indian National Congress,367254,36.54,Lost
Maharashtra,Bhiwandi,ANSARI MUMTAZ ABDULSATTAR,Bahujan Republican Socialist Party,3240,0.32,Lost
Maharashtra,Bhiwandi,PROF. (DR.) ARUN SAVANT,Vanchit Bahujan Aaghadi,51455,5.12,Lost
Maharashtra,Bhiwandi,KISHOR RAMBHAUJI KINKAR,Bharat Prabhat Party,900,0.09,Lost
Maharashtra,Bhiwandi,DR. NOORUDDIN NIZAM ANSARI,Samajwadi Party,2756,0.27,Lost
Maharashtra,Bhiwandi,FEROZ ABDURRAHIM SHAIKH,Jan Adhikar Party,1398,0.14,Lost
Maharashtra,Bhiwandi,SANJAY GANAPAT WAGH,Bhartiya Tribal Party,2369,0.24,Lost
Maharashtra,Bhiwandi,KAPIL YASHWANT DHAMANE,Independent,1335,0.13,Lost
Maharashtra,Bhiwandi,KAPIL JAYHIND PATIL,Independent,2058,0.2,Lost
Maharashtra,Bhiwandi,DEEPAK PANDHARINATH KHAMBEKAR,Independent,3577,0.36,Lost
Maharashtra,Bhiwandi,ENGINEER NAVID BETAB,Independent,1806,0.18,Lost
Maharashtra,Bhiwandi,NITESH RAGHUNATH JADHAV,Independent,20697,2.06,Lost
Maharashtra,Bhiwandi,BALARAM VITTHAL MHATRE,Independent,2962,0.29,Lost
Maharashtra,Bhiwandi,SUHAS DHANANJAY BONDE,Independent,3385,0.34,Lost
Maharashtra,Bhiwandi,NOTA,None of the Above,16397,1.63,Lost
Maharashtra,Buldhana,Abdul Hafeez Abdul Aziz,Bahujan Samaj Party,6565,0.59,Lost
Maharashtra,Buldhana,Jadhav Prataprao Ganpatrao,Shivsena,521977,46.59,Lost
Maharashtra,Buldhana,Dr. Rajendra Bhaskarrav Shingne,Nationalist Congress Party,388690,34.69,Lost
Maharashtra,Buldhana,Pratap Pandharinath Patil,Bahujan Mukti Party,4307,0.38,Lost
Maharashtra,Buldhana,Siraskar Baliram Bhagwan,Vanchit Bahujan Aaghadi,172627,15.41,Lost
Maharashtra,Buldhana,Ananta Datta Puri,Independent,1895,0.17,Lost
Maharashtra,Buldhana,Gajanan Uttam Shantabai,Independent,1264,0.11,Lost
Maharashtra,Buldhana,Dinkar Tukaram Sambare,Independent,4162,0.37,Lost
Maharashtra,Buldhana,Pravin Shriram More,Independent,2245,0.2,Lost
Maharashtra,Buldhana,Wamanrao Ganpatrao Akhare,Independent,1853,0.17,Lost
Maharashtra,Buldhana,Bhai Vikas Prakash Nandve,Independent,4117,0.37,Lost
Maharashtra,Buldhana,Vijay Banwarilalji Masani,Independent,2976,0.27,Lost
Maharashtra,Buldhana,NOTA,None of the Above,7681,0.69,Lost
Maharashtra,Chandrapur,Ahir Hansraj Gangaram,Bharatiya Janata Party,514744,41.56,Lost
Maharashtra,Chandrapur,Balubhau alias Suresh Narayan Dhanorkar,Indian National Congress,559507,45.18,Lost
Maharashtra,Chandrapur,Sushil Segoji Wasnik,Bahujan Samaj Party,11810,0.95,Lost
Maharashtra,Chandrapur,Dr. Gautam Ganpat Nagrale,Bahujan Mukti Party,2450,0.2,Lost
Maharashtra,Chandrapur,Nitesh Anandrao Dongre,Ambedkarite Party of India,4701,0.38,Lost
Maharashtra,Chandrapur,Madavi Dashrath Pandurang,Bahujan Republican Socialist Party,3103,0.25,Lost
Maharashtra,Chandrapur,Madhukar Vitthal Nistane,"Proutist Bloc, India",1589,0.13,Lost
Maharashtra,Chandrapur,Adv. Rajendra Shriramji Mahadole,Vanchit Bahujan Aaghadi,112079,9.05,Lost
Maharashtra,Chandrapur,Shedmake Namdeo Manikrao,Gondvana Gantantra Party,3071,0.25,Lost
Maharashtra,Chandrapur,Arvind Nanaji Raut,Independent,1473,0.12,Lost
Maharashtra,Chandrapur,Namdo Keshao Kinake,Independent,5639,0.46,Lost
Maharashtra,Chandrapur,Milind Pralhad Dahiwale,Independent,2426,0.2,Lost
Maharashtra,Chandrapur,Rajendra Krishnarao Hajare,Independent,4505,0.36,Lost
Maharashtra,Chandrapur,NOTA,None of the Above,11377,0.92,Lost
Maharashtra,Dhule,Aparanti Sanjay Yashwant,Bahujan Samaj Party,4645,0.43,Lost
Maharashtra,Dhule,Kunalbaba Rohidas Patil,Indian National Congress,384290,35.42,Lost
Maharashtra,Dhule,Bhamre Subhash Ramrao,Bharatiya Janata Party,613533,56.54,Lost
Maharashtra,Dhule,Anil Anna,Loksangram,8418,0.78,Lost
Maharashtra,Dhule,Anil Ramdas Jadhaav,Baliraja Party,1271,0.12,Lost
Maharashtra,Dhule,Ansari Mohammed Ismail Mohammed Ibrahim,Bharatiya Minorities Suraksha Mahasangh,620,0.06,Lost
Maharashtra,Dhule,Taher Sattar Khatik,Rashtriya Maratha Party,394,0.04,Lost
Maharashtra,Dhule,Dilip Bhaidas Patil,Bahujan Mukti Party,761,0.07,Lost
Maharashtra,Dhule,Nabi Ahmad Ahmad Dulla,Vanchit Bahujan Aaghadi,39449,3.64,Lost
Maharashtra,Dhule,Nandkumar Jagannath Chavhan,Rashtriya Jansena Party,699,0.06,Lost
Maharashtra,Dhule,Pandharinath Chaitram More,Bhartiya Tribal Party,3283,0.3,Lost
Maharashtra,Dhule,Pinjari Jainuddin Husain,Bahujan Maha Party,789,0.07,Lost
Maharashtra,Dhule,Mevati Hina Yusufbhai,Bhartiya Kisan Party,895,0.08,Lost
Maharashtra,Dhule,Sitaram Baga Wagh,Bahujan Republican Socialist Party,2035,0.19,Lost
Maharashtra,Dhule,Irfan Mo. Isahak,Independent,1883,0.17,Lost
Maharashtra,Dhule,Iqbal Ahmed Mohammed Rafeeque,Independent,3444,0.32,Lost
Maharashtra,Dhule,Qasmi Kamal Hashim Mohammed Azmi,Independent,1191,0.11,Lost
Maharashtra,Dhule,Chordiya Dhiraj Prakashchand,Independent,1725,0.16,Lost
Maharashtra,Dhule,Tadvi Ayyub Khan Razzaque Khan,Independent,1912,0.18,Lost
Maharashtra,Dhule,Dinesh Punamchand Koli,Independent,3697,0.34,Lost
Maharashtra,Dhule,Deepak Khandu Amrutkar,Independent,593,0.05,Lost
Maharashtra,Dhule,Nasim Rauf Baba Khan,Independent,410,0.04,Lost
Maharashtra,Dhule,Nitin Baburao Khare,Independent,507,0.05,Lost
Maharashtra,Dhule,Pinjari Salim Kasam,Independent,1786,0.16,Lost
Maharashtra,Dhule,Bhamare Subash Shankar,Independent,1943,0.18,Lost
Maharashtra,Dhule,Meraj Bi Husain Khan,Independent,533,0.05,Lost
Maharashtra,Dhule,Mohammed Rizwan Mohammed Akbar,Independent,821,0.08,Lost
Maharashtra,Dhule,Dnyaneshwar Baliram Dhekale alias Bapu,Independent,1036,0.1,Lost
Maharashtra,Dhule,NOTA,None of the Above,2475,0.23,Lost
Maharashtra,Dindori,Ashok Tryambak Jadhav (Sir),Bahujan Samaj Party,7720,0.68,Lost
Maharashtra,Dindori,Gavit Jeeva Pandu,Communist Party of India (Marxist),109570,9.63,Lost
Maharashtra,Dindori,Dhanraj Haribhau Mahale,Nationalist Congress Party,368691,32.41,Lost
Maharashtra,Dindori,Dr. Bharati Pravin Pawar,Bharatiya Janata Party,567470,49.88,Lost
Maharashtra,Dindori,Dadasaheb Hiraman Pawar,Rashtriya Maratha Party,5754,0.51,Lost
Maharashtra,Dindori,Barde Dattu Kashinath,Bhartiya Tribal Party,5631,0.49,Lost
Maharashtra,Dindori,Bapu Kelu Barde,Vanchit Bahujan Aaghadi,58847,5.17,Lost
Maharashtra,Dindori,Adv. Bagul Tikaram Katthu,Independent,4502,0.4,Lost
Maharashtra,Dindori,NOTA,None of the Above,9446,0.83,Lost
Maharashtra,Gadchiroli-Chimur,ASHOK MAHADEORAO NETE,Bharatiya Janata Party,519968,45.5,Lost
Maharashtra,Gadchiroli-Chimur,Dr. NAMDEO DALLUJI USENDI,Indian National Congress,442442,38.72,Lost
Maharashtra,Gadchiroli-Chimur,HARICHANDRA NAGOJI MANGAM,Bahujan Samaj Party,28104,2.46,Lost
Maharashtra,Gadchiroli-Chimur,DEORAO MONBA NANNAWARE,Ambedkarite Party of India,16117,1.41,Lost
Maharashtra,Gadchiroli-Chimur,Dr. RAMESHKUMAR BABURAOJI GAJBE,Vanchit Bahujan Aaghadi,111468,9.75,Lost
Maharashtra,Gadchiroli-Chimur,NOTA,None of the Above,24599,2.15,Lost
Maharashtra,Hatkanangle,Ajay Prakash Kurane,Bahujan Samaj Party,4156,0.33,Lost
Maharashtra,Hatkanangle,Dhairyasheel Sambhajirao Mane,Shivsena,585776,46.78,Lost
Maharashtra,Hatkanangle,Aslam Badshahaji Sayyad,Vanchit Bahujan Aaghadi,123419,9.86,Lost
Maharashtra,Hatkanangle,Prof. Dr. Prashant Gangawane,Bahujan Republican Socialist Party,1744,0.14,Lost
Maharashtra,Hatkanangle,Madan Vajir Sardar,Bahujan Mukti Party,1181,0.09,Lost
Maharashtra,Hatkanangle,Raju Mujikrao Shetty,Bahujan Maha Party,8103,0.65,Lost
Maharashtra,Hatkanangle,Raju Anna Shetti,Swabhimani Paksha,489737,39.11,Lost
Maharashtra,Hatkanangle,Anandrao Vasantrao Sarnaik (Fouji Bapu),Independent,3316,0.26,Lost
Maharashtra,Hatkanangle,Aitawade Vidyasagar Devappa,Independent,1991,0.16,Lost
Maharashtra,Hatkanangle,Kamble Vishwas Ananda,Independent,1408,0.11,Lost
Maharashtra,Hatkanangle,Kishor Rajaram Panhalkar,Independent,1184,0.09,Lost
Maharashtra,Hatkanangle,Dr. Nitin Udal Bhat,Independent,1011,0.08,Lost
Maharashtra,Hatkanangle,Patil Raghunath Ramchandra,Independent,2820,0.23,Lost
Maharashtra,Hatkanangle,Mahadev Jagannath Jagadale,Independent,3587,0.29,Lost
Maharashtra,Hatkanangle,Vijay Bhagwan Chougule,Independent,5974,0.48,Lost
Maharashtra,Hatkanangle,Sangramsinh Jaysingrao Gaikwad,Independent,8695,0.69,Lost
Maharashtra,Hatkanangle,Sanjay Ghanshyam Agrawal,Independent,1001,0.08,Lost
Maharashtra,Hatkanangle,NOTA,None of the Above,7108,0.57,Lost
Maharashtra,Hingoli,Dr. Dhanve Datta Maroti,Bahujan Samaj Party,5550,0.48,Lost
Maharashtra,Hingoli,Wankhede Subhashrao Bapurao,Indian National Congress,308456,26.65,Lost
Maharashtra,Hingoli,Hemant Patil,Shivsena,586312,50.65,Lost
Maharashtra,Hingoli,Altaf Ahamad,Indian Union Muslim League,6035,0.52,Lost
Maharashtra,Hingoli,Asadkhan Mohammadkhan,Bahujan Republican Socialist Party,1431,0.12,Lost
Maharashtra,Hingoli,Uttam Bhagaji Kamble,Prabuddha Republican Party,3343,0.29,Lost
Maharashtra,Hingoli,Uttam Maroti Dhabe,Akhand Hind Party,3907,0.34,Lost
Maharashtra,Hingoli,Mohan Fattusing Rathod,Vanchit Bahujan Aaghadi,174051,15.04,Lost
Maharashtra,Hingoli,Varsha Shivajirao Devsarkar,Bahujan Mukti Party,3011,0.26,Lost
Maharashtra,Hingoli,Subhash Nagorao Wankhede,Hum Bhartiya Party,1384,0.12,Lost
Maharashtra,Hingoli,Subhash Parasram Wankhede,Bahujan Maha Party,2375,0.21,Lost
Maharashtra,Hingoli,A.Kadir Mastan Sayed,Independent,1847,0.16,Lost
Maharashtra,Hingoli,Kamble Trishala Milind,Independent,1661,0.14,Lost
Maharashtra,Hingoli,Gajanan Haribhau Bhalerao,Independent,1917,0.17,Lost
Maharashtra,Hingoli,Jayavanta Vishwambhar Wanole,Independent,8122,0.7,Lost
Maharashtra,Hingoli,Devji Gangaram Asole,Independent,3031,0.26,Lost
Maharashtra,Hingoli,Prakash Vitthalrao Ghunnar,Independent,1654,0.14,Lost
Maharashtra,Hingoli,Makbul Ahemad Abdul Habib,Independent,2077,0.18,Lost
Maharashtra,Hingoli,Adv. Marotrao Kanhobarao Hukke Patil,Independent,3618,0.31,Lost
Maharashtra,Hingoli,Wasant Kisan Paikrao,Independent,1025,0.09,Lost
Maharashtra,Hingoli,Sunil Dasharath Ingole,Independent,827,0.07,Lost
Maharashtra,Hingoli,Subhash Kashiba Wankhede,Independent,1300,0.11,Lost
Maharashtra,Hingoli,Subhash Maroti Wankhede,Independent,984,0.09,Lost
Maharashtra,Hingoli,Subhash Vitthal Wankhede,Independent,1400,0.12,Lost
Maharashtra,Hingoli,Santosh Maroti Boinwad,Independent,1283,0.11,Lost
Maharashtra,Hingoli,Patrakar P. Sattar kha Kasim kha,Independent,1399,0.12,Lost
Maharashtra,Hingoli,Sandip Bhau Nikhate,Independent,1584,0.14,Lost
Maharashtra,Hingoli,Sandesh Ramchandra Chavan,Independent,23690,2.05,Lost
Maharashtra,Hingoli,NOTA,None of the Above,4242,0.37,Lost
Maharashtra,Jalgaon,Unmesh Bhaiyyasaheb Patil,Bharatiya Janata Party,713874,65.6,Lost
Maharashtra,Jalgaon,Gulabrao Baburao Deokar,Nationalist Congress Party,302257,27.77,Lost
Maharashtra,Jalgaon,Rahul Narayan Bansode,Bahujan Samaj Party,3428,0.31,Lost
Maharashtra,Jalgaon,Ishwar Dayaram More (Maji Sainik),Bahujan Mukti Party,1262,0.12,Lost
Maharashtra,Jalgaon,Anjali Ratnakar Baviskar,Vanchit Bahujan Aaghadi,37366,3.43,Lost
Maharashtra,Jalgaon,Sant Shri Baba Mahahansaji Maharaj Patil,Hindusthan Nirman Dal,1295,0.12,Lost
Maharashtra,Jalgaon,Mohan Shankar Birhade,Rashtriya Samajwadi Party (Secular),670,0.06,Lost
Maharashtra,Jalgaon,Sharad Gorakh Bhamre (Sutar),Rashtriya Janshakti Party (Secular),817,0.08,Lost
Maharashtra,Jalgaon,Anant Prabhakar Mahajan,Independent,6562,0.6,Lost
Maharashtra,Jalgaon,Onkaraba Chensing Jadhav,Independent,3144,0.29,Lost
Maharashtra,Jalgaon,Mukesh Rajesh Kuril,Independent,1383,0.13,Lost
Maharashtra,Jalgaon,Lalit (Bunty) Gaurishankar Sharma,Independent,1108,0.1,Lost
Maharashtra,Jalgaon,Subhash Shivlal Khairnar,Independent,1629,0.15,Lost
Maharashtra,Jalgaon,Sancheti Rupesh Parasmal,Independent,3150,0.29,Lost
Maharashtra,Jalgaon,NOTA,None of the Above,10332,0.95,Lost
Maharashtra,Jalna,Autade Vilas Keshavrao,Indian National Congress,365204,30.23,Lost
Maharashtra,Jalna,Danve Raosaheb Dadarao,Bharatiya Janata Party,698019,57.78,Lost
Maharashtra,Jalna,Mahendra Kachru Sonwane,Bahujan Samaj Party,9068,0.75,Lost
Maharashtra,Jalna,Uttam Dhanu Rathod,Aasra Lokmanch Party,2643,0.22,Lost
Maharashtra,Jalna,Ganesh Shankar Chandode,Akhil Bharatiya Sena,1567,0.13,Lost
Maharashtra,Jalna,Pramod Baburao Kharat,Bahujan Republican Socialist Party,1062,0.09,Lost
Maharashtra,Jalna,Feroz Ali,Bahujan Mukti Party,2017,0.17,Lost
Maharashtra,Jalna,Dr. Sharadchandra Wankhede,Vanchit Bahujan Aaghadi,77158,6.39,Lost
Maharashtra,Jalna,Adv. Trimbak Baburao Jadhav,Swatantra Bharat Paksha,5299,0.44,Lost
Maharashtra,Jalna,Annasaheb Devidasrao Ugale,Independent,1209,0.1,Lost
Maharashtra,Jalna,Anita Lalchand Khandade (Rajput),Independent,1745,0.14,Lost
Maharashtra,Jalna,Arun Chintaman Chavhan,Independent,2844,0.24,Lost
Maharashtra,Jalna,Ahemad Rahim Shaikh,Independent,1763,0.15,Lost
Maharashtra,Jalna,Nade Dnyaneshwar Dagduji,Independent,2679,0.22,Lost
Maharashtra,Jalna,Adv. Yogesh Dattu Gullapelli,Independent,3485,0.29,Lost
Maharashtra,Jalna,Ratan Aasaram Landge,Independent,6170,0.51,Lost
Maharashtra,Jalna,Raju Ashok Gawali,Independent,4081,0.34,Lost
Maharashtra,Jalna,Shahadev Mahadev Palve,Independent,4187,0.35,Lost
Maharashtra,Jalna,Sapkal Lilabai Dharma,Independent,1154,0.1,Lost
Maharashtra,Jalna,Sirsath Sham,Independent,1148,0.1,Lost
Maharashtra,Jalna,NOTA,None of the Above,15637,1.29,Lost
Maharashtra,Kalyan,BABAJI BALARAM PATIL,Nationalist Congress Party,215380,24.19,Lost
Maharashtra,Kalyan,RAVINDRA (PINTU) KENE,Bahujan Samaj Party,9627,1.08,Lost
Maharashtra,Kalyan,Dr. SHRIKANT EKNATH SHINDE,Shivsena,559723,62.87,Lost
Maharashtra,Kalyan,Gautam Baburao Waghchaure,Bahujan Mukti Party,2662,0.3,Lost
Maharashtra,Kalyan,MILIND KAMBLE,Bharat Jan Aadhar Party,798,0.09,Lost
Maharashtra,Kalyan,MUNIR AHMAD ANSARI,Indian Union Muslim League,1302,0.15,Lost
Maharashtra,Kalyan,MOHAMMED AHMED KHAN (AHMED NETA),Bahujan Maha Party,1031,0.12,Lost
Maharashtra,Kalyan,SALVE VINOD MANOHAR,Bhartiya Kisan Party,3261,0.37,Lost
Maharashtra,Kalyan,Dr. Suresh Abhiman Gawai,Bharat Prabhat Party,843,0.09,Lost
Maharashtra,Kalyan,SANJAY HEDAOO,Vanchit Bahujan Aaghadi,65572,7.37,Lost
Maharashtra,Kalyan,Santosh Bhikaji Bhalerao,Ambedkarite Party of India,1081,0.12,Lost
Maharashtra,Kalyan,Habibur Rehman,Peace Party,1073,0.12,Lost
Maharashtra,Kalyan,Haresh Sambhaji Bramhane,Bahujan Republican Socialist Party,722,0.08,Lost
Maharashtra,Kalyan,AJAYSHYAM RAMLAKHAN MORYA,Independent,1274,0.14,Lost
Maharashtra,Kalyan,Amrish Raj Morajkar,Independent,915,0.1,Lost
Maharashtra,Kalyan,Asmita Pushkar Puranik,Independent,2512,0.28,Lost
Maharashtra,Kalyan,Chandrakant Rambhaji Mote,Independent,1365,0.15,Lost
Maharashtra,Kalyan,Zafarullah Gulam Rab Sayyed,Independent,495,0.06,Lost
Maharashtra,Kalyan,DINKAR RANGANATH PHALAKE,Independent,1389,0.16,Lost
Maharashtra,Kalyan,Nafees Ansari,Independent,434,0.05,Lost
Maharashtra,Kalyan,NARENDRBHAI MORE,Independent,690,0.08,Lost
Maharashtra,Kalyan,YASMIN BANOO MOHD. SALIM,Independent,413,0.05,Lost
Maharashtra,Kalyan,Mo. Yusuf Mo. Farooq Khan,Independent,429,0.05,Lost
Maharashtra,Kalyan,Vinay Dubey,Independent,471,0.05,Lost
Maharashtra,Kalyan,SHIVA KRISHNAMURTHY IYER,Independent,767,0.09,Lost
Maharashtra,Kalyan,Sayyed Waseem Ali Nazir Ali,Independent,1093,0.12,Lost
Maharashtra,Kalyan,Suhas Dhananjay Bonde,Independent,1187,0.13,Lost
Maharashtra,Kalyan,SONALI ASHOK GANGAWANE,Independent,792,0.09,Lost
Maharashtra,Kalyan,NOTA,None of the Above,13012,1.46,Lost
Maharashtra,Kolhapur,Dundappa Kundappa Shrikant Sir,Bahujan Samaj Party,5034,0.38,Lost
Maharashtra,Kolhapur,Dhananjay Mahadik,Nationalist Congress Party,478517,35.96,Lost
Maharashtra,Kolhapur,Sanjay Sadashivrao Mandlik,Shivsena,749085,56.29,Lost
Maharashtra,Kolhapur,Dr. Aruna Mohan Mali,Vanchit Bahujan Aaghadi,63439,4.77,Lost
Maharashtra,Kolhapur,Kisan Keraba Katkar,Baliraja Party,1902,0.14,Lost
Maharashtra,Kolhapur,Dayanand Maruti Kamble,Bahujan Republican Socialist Party,1570,0.12,Lost
Maharashtra,Kolhapur,Nagratna Siddharth,Bahujan Mukti Party,1421,0.11,Lost
Maharashtra,Kolhapur,Paresh Dattatray Bhosale,Independent,1092,0.08,Lost
Maharashtra,Kolhapur,Bajirao Sadashiv Naik,Independent,2055,0.15,Lost
Maharashtra,Kolhapur,Mane Arvind Bhiva,Independent,2122,0.16,Lost
Maharashtra,Kolhapur,Mulla Mushtak Ajij,Independent,3390,0.25,Lost
Maharashtra,Kolhapur,Yuvraj Bhimrao Desai,Independent,1758,0.13,Lost
Maharashtra,Kolhapur,Rajendra Balaso Koli (Galatage),Independent,2597,0.2,Lost
Maharashtra,Kolhapur,Sandeep Gundopant Sankpal,Independent,5955,0.45,Lost
Maharashtra,Kolhapur,Sandeep Bhairavnath Kogale,Independent,2224,0.17,Lost
Maharashtra,Kolhapur,NOTA,None of the Above,8691,0.65,Lost
Maharashtra,Latur,Kamant Machhindra Gunwantrao,Indian National Congress,372384,31.65,Lost
Maharashtra,Latur,Dr.Siddharthkumar Digambarrao Suryawanshi,Bahujan Samaj Party,6549,0.56,Lost
Maharashtra,Latur,Sudhakar Tukaram Shrangare,Bharatiya Janata Party,661495,56.22,Lost
Maharashtra,Latur,Arun Ramrao Sontakke,Bahujan Republican Socialist Party,5208,0.44,Lost
Maharashtra,Latur,Dattu Prabhakar Karanjikar,Bahujan Mukti Party,2194,0.19,Lost
Maharashtra,Latur,Ram Garkar,Vanchit Bahujan Aaghadi,112255,9.54,Lost
Maharashtra,Latur,Rupesh Shamrao Shanke,Swatantra Bharat Paksha,4356,0.37,Lost
Maharashtra,Latur,Kamble Madhukar Sambhaji,Independent,1326,0.11,Lost
Maharashtra,Latur,Papita Raosaheb Randive,Independent,2095,0.18,Lost
Maharashtra,Latur,Ramesh Nivruti Kamble,Independent,2116,0.18,Lost
Maharashtra,Latur,NOTA,None of the Above,6564,0.56,Lost
Maharashtra,Madha,Aappa Aaba Lokare,Bahujan Samaj Party,6883,0.57,Lost
Maharashtra,Madha,Ranjeetsinha Hindurao Naik- Nimbalkar,Bharatiya Janata Party,586314,48.2,Lost
Maharashtra,Madha,Sanjaymama Vitthalrao Shinde,Nationalist Congress Party,500550,41.15,Lost
Maharashtra,Madha,Navnath Bhimrao Patil,Hindusthan Praja Paksha,3750,0.31,Lost
Maharashtra,Madha,Nanaso Ramhari Yadav,Bharatiya Praja Surajya Paksha,1386,0.11,Lost
Maharashtra,Madha,Bramhakumari Pramilaben,Akhil Bhartiya Ekata Party,1006,0.08,Lost
Maharashtra,Madha,Keskar Maruti Shivram,Bahujan Azad Party,6607,0.54,Lost
Maharashtra,Madha,Er. Ramchandra Mayyappa Ghutukade,Bahujan Republican Socialist Party,1083,0.09,Lost
Maharashtra,Madha,Adv. Vijayrao More,Vanchit Bahujan Aaghadi,51532,4.24,Lost
Maharashtra,Madha,Shahajahan Paigambar Shaikh,Bahujan Maha Party,4814,0.4,Lost
Maharashtra,Madha,Sunil Gunda Jadhav,Bahujan Mukti Party,2024,0.17,Lost
Maharashtra,Madha,Ajinath Laxman Kevate,Independent,1512,0.12,Lost
Maharashtra,Madha,Ajinkya Aakaram Salunkhe,Independent,1740,0.14,Lost
Maharashtra,Madha,Annaso Sukhadev Maske,Independent,3222,0.26,Lost
Maharashtra,Madha,Aware Siddheshwar Bharat,Independent,1911,0.16,Lost
Maharashtra,Madha,Dattatrya Bhanudas Khatke Alias Bandunana Khatke,Independent,2399,0.2,Lost
Maharashtra,Madha,Dilip Ramchandra Jadhav,Independent,1935,0.16,Lost
Maharashtra,Madha,Daulat Umaji Shitole,Independent,12869,1.06,Lost
Maharashtra,Madha,Nandu Sambhaji More,Independent,2214,0.18,Lost
Maharashtra,Madha,Mohan Vishnu Raut,Independent,973,0.08,Lost
Maharashtra,Madha,Ramdas Mane,Independent,3016,0.25,Lost
Maharashtra,Madha,Rohit More,Independent,1119,0.09,Lost
Maharashtra,Madha,Vijayraj Balasaheb Mane Deshmukh,Independent,662,0.05,Lost
Maharashtra,Madha,Adv. Vijayanand Shankarrao Shinde,Independent,629,0.05,Lost
Maharashtra,Madha,Vishvambhar Narayan Kashid,Independent,1157,0.1,Lost
Maharashtra,Madha,Adv. Sachin Bhaskar Jore,Independent,752,0.06,Lost
Maharashtra,Madha,Sachin Dnyaneshwar Padalkar,Independent,1197,0.1,Lost
Maharashtra,Madha,Savita Ankush Aiwle,Independent,1451,0.12,Lost
Maharashtra,Madha,Santosh Balasaheb Bichukale,Independent,1418,0.12,Lost
Maharashtra,Madha,Sandip Janaradhan Kharat,Independent,5004,0.41,Lost
Maharashtra,Madha,Sandip Vitthal Pol,Independent,1524,0.13,Lost
Maharashtra,Madha,NOTA,None of the Above,3666,0.3,Lost
Maharashtra,Maval,Adv. Kanade Sanjay Kisan,Bahujan Samaj Party,10197,0.74,Lost
Maharashtra,Maval,PARTH AJIT PAWAR,Nationalist Congress Party,504750,36.87,Lost
Maharashtra,Maval,SHRIRANG APPA CHANDU BARNE,Shivsena,720663,52.65,Lost
Maharashtra,Maval,Jagdish alias Ayyappa Shamrao Sonawane,Kranti Kari Jai Hind Sena,5242,0.38,Lost
Maharashtra,Maval,JAYA SANJAY PATIL,Ambedkarite Party of India,2328,0.17,Lost
Maharashtra,Maval,PANDHARINATH NAMDEO PATIL,Bahujan Mukti Party,2570,0.19,Lost
Maharashtra,Maval,Prakash Bhivaji Mahadik,Bhartiya Navjawan Sena (Paksha),1095,0.08,Lost
Maharashtra,Maval,MADAN SHIVAJI PATIL,Bharatiya Praja Surajya Paksha,2243,0.16,Lost
Maharashtra,Maval,RAJARAM NARAYAN PATIL,Vanchit Bahujan Aaghadi,75904,5.55,Lost
Maharashtra,Maval,SUNIL BABAN GAIKWAD,Bahujan Republican Socialist Party,1755,0.13,Lost
Maharashtra,Maval,AJAY HANUMANT LONDHE,Independent,1044,0.08,Lost
Maharashtra,Maval,Amruta Abhijit Apte,Independent,1696,0.12,Lost
Maharashtra,Maval,Navnath Vishwanath Dudhal,Independent,2802,0.2,Lost
Maharashtra,Maval,PRASHANT alias BABARAJE GANPAT DESHMUKH,Independent,6318,0.46,Lost
Maharashtra,Maval,BALKRUSHNA DHANAJI GHARAT,Independent,3603,0.26,Lost
Maharashtra,Maval,RAKESH PRABHAKAR CHAVAN,Independent,3225,0.24,Lost
Maharashtra,Maval,RAJENDRA MARUTI KATE (PATIL),Independent,1639,0.12,Lost
Maharashtra,Maval,VIJAY HANUMANT RANDIL,Independent,2093,0.15,Lost
Maharashtra,Maval,SURAJ ASHOKRAO KHANDARE,Independent,1873,0.14,Lost
Maharashtra,Maval,SURESH SHRIPATI TAUR,Independent,1083,0.08,Lost
Maharashtra,Maval,Dr. SOMNATH ALIAS BALASHAHEB ARJUN POL,Independent,970,0.07,Lost
Maharashtra,Maval,NOTA,None of the Above,15779,1.15,Lost
Maharashtra,Mumbai South,Arvind Ganpat Sawant,Shivsena,421937,52.64,Lost
Maharashtra,Mumbai South,Gautam Sureshkumar Mistrilal,Bahujan Samaj Party,4329,0.54,Lost
Maharashtra,Mumbai South,Deora Milind Murli,Indian National Congress,321870,40.15,Lost
Maharashtra,Mumbai South,Dr. Anil Kumar,Vanchit Bahujan Aaghadi,30348,3.79,Lost
Maharashtra,Mumbai South,Abbas F. Chhatriwala,Jan Adhikar Party,528,0.07,Lost
Maharashtra,Mumbai South,Irfan Shaikh,Ambedkarite Party of India,1391,0.17,Lost
Maharashtra,Mumbai South,Adv. Ramchandra N. Kachave,Kranti Kari Jai Hind Sena,737,0.09,Lost
Maharashtra,Mumbai South,Shehbaj Rathod,Jai Maha Bharath Party,1347,0.17,Lost
Maharashtra,Mumbai South,Adv. Sahil L . Shah,Bhartiya Manavadhikaar Federal Party,514,0.06,Lost
Maharashtra,Mumbai South,Hamir kalidas Vinjuda,Bahujan Republican Socialist Party,496,0.06,Lost
Maharashtra,Mumbai South,Rajesh B. Dayal,Independent,449,0.06,Lost
Maharashtra,Mumbai South,Shankar Sonawane,Independent,879,0.11,Lost
Maharashtra,Mumbai South,Sai Shrivastav,Independent,1671,0.21,Lost
Maharashtra,Mumbai South,NOTA,None of the Above,15115,1.89,Lost
Maharashtra,Mumbai North,Urmila Matondkar,Indian National Congress,241431,24.39,Lost
Maharashtra,Mumbai North,Gopal Shetty,Bharatiya Janata Party,706678,71.4,Lost
Maharashtra,Mumbai North,Manojkumar Jayprakash Singh,Bahujan Samaj Party,3925,0.4,Lost
Maharashtra,Mumbai North,Andrew John Fernandes,Hum Bhartiya Party,906,0.09,Lost
Maharashtra,Mumbai North,Ankushrao Shivajirao Patil,Rashtriya Maratha Party,388,0.04,Lost
Maharashtra,Mumbai North,Chandaliya Samaysingh Anand,Bahujan Mukti Party,449,0.05,Lost
Maharashtra,Mumbai North,Chhannu Sahadewrao Sontakkey,Bharat Prabhat Party,274,0.03,Lost
Maharashtra,Mumbai North,Thorat Sunil Uttamrao,Vanchit Bahujan Aaghadi,15691,1.59,Lost
Maharashtra,Mumbai North,Dr. Pawan Kumar Pandey,Sarvodaya Bharat Party,423,0.04,Lost
Maharashtra,Mumbai North,Fateh Mohd. Mansuri Shaikh,Bhartiya Lokmat Rashtrwadi Party,1234,0.12,Lost
Maharashtra,Mumbai North,Ranjit Bajrangi Tiwari,Naitik Party,256,0.03,Lost
Maharashtra,Mumbai North,Comrade Vilas Hiwale,Marxist Leninist Party of India (Red Flag),489,0.05,Lost
Maharashtra,Mumbai North,Akhtar Munshi Paper Wala,Independent,292,0.03,Lost
Maharashtra,Mumbai North,Ansari Mohd. Azad,Independent,634,0.06,Lost
Maharashtra,Mumbai North,Amol Ashokrao Jadhav,Independent,900,0.09,Lost
Maharashtra,Mumbai North,B. K. Gadhavi,Independent,1393,0.14,Lost
Maharashtra,Mumbai North,Milind Shankar Repe,Independent,1352,0.14,Lost
Maharashtra,Mumbai North,Dr. Raies Khan,Independent,1078,0.11,Lost
Maharashtra,Mumbai North,NOTA,None of the Above,11966,1.21,Lost
Maharashtra,Mumbai North central,IMRAN MUSTAFA KHAN,Bahujan Samaj Party,4195,0.47,Lost
Maharashtra,Mumbai North central,DUTT PRIYA SUNIL,Indian National Congress,356667,39.55,Lost
Maharashtra,Mumbai North central,POONAM MAHAJAN,Bharatiya Janata Party,486672,53.97,Lost
Maharashtra,Mumbai North central,ABDUR REHMAN ANJARIA,Vanchit Bahujan Aaghadi,33703,3.74,Lost
Maharashtra,Mumbai North central,KURBAN SHAHADAT HUSSAIN,Rashtriya Ulama Council,613,0.07,Lost
Maharashtra,Mumbai North central,ADV. FEROZ A. SHAIKH,Jan Adhikar Party,411,0.05,Lost
Maharashtra,Mumbai North central,MILIND (ANNA) KAMBLE,Bharat Jan Aadhar Party,488,0.05,Lost
Maharashtra,Mumbai North central,MEHEDI IQBAL HASAN SAYYED,Ambedkar National Congress,261,0.03,Lost
Maharashtra,Mumbai North central,MOHAMMAD MEHMOOD SYED SHAH,All India Minorities Front,722,0.08,Lost
Maharashtra,Mumbai North central,MOHAMMAD MOBIN SHAIKH (AZMI),Peace Party,671,0.07,Lost
Maharashtra,Mumbai North central,RAJESH NANDLAL BHAVSAR,Bhartiya Manavadhikaar Federal Party,284,0.03,Lost
Maharashtra,Mumbai North central,AKSHAY KACHARU SANAP,Independent,454,0.05,Lost
Maharashtra,Mumbai North central,ANKUSH RAMCHANDRA KARANDE,Independent,535,0.06,Lost
Maharashtra,Mumbai North central,JOY NAGESH BHOSLE,Independent,942,0.1,Lost
Maharashtra,Mumbai North central,NOORUDDIN AFTAB AZIMUDDIN SAYYED,Independent,858,0.1,Lost
Maharashtra,Mumbai North central,MOHD. YAHIYA SIDDIQUE,Independent,1073,0.12,Lost
Maharashtra,Mumbai North central,ADV. VANSH BAHADUR SABHAJEET YADAV,Independent,497,0.06,Lost
Maharashtra,Mumbai North central,SUNDER BABURAO PADMUKH,Independent,989,0.11,Lost
Maharashtra,Mumbai North central,SNEHA (SAGAR) NIVRUTTI KALE,Independent,759,0.08,Lost
Maharashtra,Mumbai North central,HARSHVARDHAN RAMSURESH PANDEY,Independent,321,0.04,Lost
Maharashtra,Mumbai North central,NOTA,None of the Above,10669,1.18,Lost
Maharashtra,Mumbai North East,Patil Sanjay Dina,Nationalist Congress Party,288113,31.7,Lost
Maharashtra,Mumbai North East,Manoj Kotak,Bharatiya Janata Party,514599,56.61,Lost
Maharashtra,Mumbai North East,Sanjay Chandrabahadur Singh (Kunwar),Bahujan Samaj Party,7777,0.86,Lost
Maharashtra,Mumbai North East,Adv. Ganesh Iyer,Bahujan Maha Party,1336,0.15,Lost
Maharashtra,Mumbai North East,Jayashri Minesh Shah,Bhartiya Manavadhikaar Federal Party,536,0.06,Lost
Maharashtra,Mumbai North East,Dandge Sukhdev Chandu,Ambedkarite Party of India,711,0.08,Lost
Maharashtra,Mumbai North East,Niharika Prakashchandra Khondalay,Vanchit Bahujan Aaghadi,68239,7.51,Lost
Maharashtra,Mumbai North East,Nutan Sharad Kumar Singh,Aapki Apni Party (Peoples),566,0.06,Lost
Maharashtra,Mumbai North East,Adv. Vijay Janardan Shiktode,Bahujan Republican Socialist Party,463,0.05,Lost
Maharashtra,Mumbai North East,Vinod Narayan Chaugule,Sanatan Sanskriti Raksha Dal,564,0.06,Lost
Maharashtra,Mumbai North East,Shahenaz Begum Mohd Siraj Khan,Rashtriya Ulama Council,570,0.06,Lost
Maharashtra,Mumbai North East,Sushma Maurya,Jan Adhikar Party,820,0.09,Lost
Maharashtra,Mumbai North East,Shrikant Suburao Shinde,Bahujan Mukti Party,727,0.08,Lost
Maharashtra,Mumbai North East,Anil Hebbar Koni,Independent,677,0.07,Lost
Maharashtra,Mumbai North East,Kurhade Sneha Ravindra,Independent,1267,0.14,Lost
Maharashtra,Mumbai North East,Jatin Rangrao Harne,Independent,1573,0.17,Lost
Maharashtra,Mumbai North East,Jaywant Shriram Sawant (Pappa),Independent,1881,0.21,Lost
Maharashtra,Mumbai North East,Jitendra Kumar Nanaku Pal,Independent,779,0.09,Lost
Maharashtra,Mumbai North East,Thoke Baban Sopan,Independent,344,0.04,Lost
Maharashtra,Mumbai North East,Dayanand Jagannath Sohani,Independent,296,0.03,Lost
Maharashtra,Mumbai North East,Deepak Digambar Shinde,Independent,292,0.03,Lost
Maharashtra,Mumbai North East,Nilesh Ramchandra Kudtarkar,Independent,264,0.03,Lost
Maharashtra,Mumbai North East,Pravin Chandrakant Kedare,Independent,388,0.04,Lost
Maharashtra,Mumbai North East,Bhaskar Mohan Gaud,Independent,629,0.07,Lost
Maharashtra,Mumbai North East,Rakesh Sambhaji Raul,Independent,219,0.02,Lost
Maharashtra,Mumbai North East,Shahajirao Dhondiba Thorat,Independent,2063,0.23,Lost
Maharashtra,Mumbai North East,Shahina Parveen Shakil Ahmed Khan,Independent,834,0.09,Lost
Maharashtra,Mumbai North East,NOTA,None of the Above,12466,1.37,Lost
Maharashtra,Mumbai North West,Gajanan Kirtikar,Shivsena,570063,60.55,Lost
Maharashtra,Mumbai North West,Sanjay Nirupam,Indian National Congress,309735,32.9,Lost
Maharashtra,Mumbai North West,Ajay Kailashnath Dubey,Jan Adhikar Party,2083,0.22,Lost
Maharashtra,Mumbai North West,Arora Surinder Mohan,Bharat Jan Aadhar Party,1180,0.13,Lost
Maharashtra,Mumbai North West,Chandrashekhar Sharma,Bhartiya Manavadhikaar Federal Party,574,0.06,Lost
Maharashtra,Mumbai North West,Chhaya Sunil Tiwari,Janata Congress,1158,0.12,Lost
Maharashtra,Mumbai North West,Dharmendra Shriram Pal,Rashtravadi Kranti Dal,475,0.05,Lost
Maharashtra,Mumbai North West,Vijay Marothi Koyale,Rashtriya Maratha Party,491,0.05,Lost
Maharashtra,Mumbai North West,Shakuntala Mariya Kushalkar,Prabuddha Republican Party,749,0.08,Lost
Maharashtra,Mumbai North West,Shaikh Abusalim Arunahak,Rashtriya Ulama Council,449,0.05,Lost
Maharashtra,Mumbai North West,Subhash Passi,Samajwadi Party,5850,0.62,Lost
Maharashtra,Mumbai North West,Suresh Sundar Shetty,Vanchit Bahujan Aaghadi,23422,2.49,Lost
Maharashtra,Mumbai North West,Harishankar Shivpujan Yadav,Aapki Apni Party (Peoples),441,0.05,Lost
Maharashtra,Mumbai North West,Aftab Mashwood Khan,Independent,499,0.05,Lost
Maharashtra,Mumbai North West,Gajanan Tukaram Sonkamble,Independent,848,0.09,Lost
Maharashtra,Mumbai North West,Prabhakar Tarapado Sadhu,Independent,1912,0.2,Lost
Maharashtra,Mumbai North West,Madan Banwarilal Agrawal,Independent,1300,0.14,Lost
Maharashtra,Mumbai North West,Adv. Mitesh Varshney,Independent,638,0.07,Lost
Maharashtra,Mumbai North West,Vijendra Kumar Rai,Independent,407,0.04,Lost
Maharashtra,Mumbai North West,Shashikant Kundalik Kadam,Independent,443,0.05,Lost
Maharashtra,Mumbai North West,Sanjay Vishwanath Sakpal,Independent,555,0.06,Lost
Maharashtra,Mumbai North West,NOTA,None of the Above,18225,1.94,Lost
Maharashtra,Mumbai South central,Ahmed Shakil Sagir Ahmed Shaikh,Bahujan Samaj Party,8635,1.08,Lost
Maharashtra,Mumbai South central,Eknath M. Gaikwad,Indian National Congress,272774,34.21,Lost
Maharashtra,Mumbai South central,Rahul Ramesh Shewale,Shivsena,424913,53.3,Lost
Maharashtra,Mumbai South central,Godfrey Noble,Desiya Makkal Sakthi Katchi,2199,0.28,Lost
Maharashtra,Mumbai South central,Deepak Bhagoji Kamble,Ambedkarite Party of India,1155,0.14,Lost
Maharashtra,Mumbai South central,Baddy Hemantkumar Reddy,Bahujan Mukti Party,647,0.08,Lost
Maharashtra,Mumbai South central,Balasaheb Jagannath Sable,Bhartiya Manavadhikaar Federal Party,665,0.08,Lost
Maharashtra,Mumbai South central,Bhosale Sanjay Sushil,Vanchit Bahujan Aaghadi,63412,7.95,Lost
Maharashtra,Mumbai South central,Adv. Mahendra Tulshiram Bhingardive,Anti Corruption Dynamic Party,589,0.07,Lost
Maharashtra,Mumbai South central,Adv. More Yogesh Vitthal,Bahujan Republican Socialist Party,708,0.09,Lost
Maharashtra,Mumbai South central,Mohammad Hayat Mohammad Husain Shaikh,Peace Party,968,0.12,Lost
Maharashtra,Mumbai South central,Yoganand Nadar,Aapki Apni Party (Peoples),883,0.11,Lost
Maharashtra,Mumbai South central,Anita Kiran Patole,Independent,976,0.12,Lost
Maharashtra,Mumbai South central,Dalvi Raju Sahebrao,Independent,1353,0.17,Lost
Maharashtra,Mumbai South central,Vikas Maruti Rokade,Independent,1103,0.14,Lost
Maharashtra,Mumbai South central,Sheetaltai Sasane,Independent,1759,0.22,Lost
Maharashtra,Mumbai South central,Santosh Shrivastav,Independent,677,0.08,Lost
Maharashtra,Mumbai South central,NOTA,None of the Above,13834,1.74,Lost
Maharashtra,Nagpur,NANA PATOLE,Indian National Congress,444212,37.45,Lost
Maharashtra,Nagpur,NITIN JAIRAM GADKARI,Bharatiya Janata Party,660221,55.67,Lost
Maharashtra,Nagpur,MOHAMMAD JAMAL,Bahujan Samaj Party,31725,2.67,Lost
Maharashtra,Nagpur,ALI ASHFAQUE AHMED,Bahujan Mukti Party,724,0.06,Lost
Maharashtra,Nagpur,ASIM ALI,Minorities Democratic Party,673,0.06,Lost
Maharashtra,Nagpur,GOPALKUMAR GANESHU KASHYAP,Chhattisgarh Swabhiman Manch,1169,0.1,Lost
Maharashtra,Nagpur,DIKSHITA ANAND TEMBHURNE,Desh Janhit Party,273,0.02,Lost
Maharashtra,Nagpur,DR. MANISHA BANGAR,Peoples Party of India (Democratic),400,0.03,Lost
Maharashtra,Nagpur,MANOHAR Alias SAGAR PUNDLIKRAO DABRASE,Vanchit Bahujan Aaghadi,26128,2.2,Lost
Maharashtra,Nagpur,ADV. (DR.) MANE SURESH,Bahujan Republican Socialist Party,3412,0.29,Lost
Maharashtra,Nagpur,COMRADE YOGESH KRISHNARAO THAKARE,Communist Party of India (Marxist-Leninist) Red Star,281,0.02,Lost
Maharashtra,Nagpur,VANITA JITENDRA RAUT,Akhil Bharatiya Manavata Paksha,480,0.04,Lost
Maharashtra,Nagpur,ADV. VIJAYA DILIP BAGDE,Ambedkarite Party of India,1182,0.1,Lost
Maharashtra,Nagpur,VITTHAL NANAJI GAIKWAD,Hum Bhartiya Party,482,0.04,Lost
Maharashtra,Nagpur,DR. VINOD KASHIRAM BADOLE,Akhil Bhartiya Sarvadharma Samaj Party,735,0.06,Lost
Maharashtra,Nagpur,SAHIL BALCHAND TURKAR,Bhartiya Manavadhikaar Federal Party,2003,0.17,Lost
Maharashtra,Nagpur,SHRIDHAR NARAYAN SALVE,Rashtriya Jansambhavna Party,2121,0.18,Lost
Maharashtra,Nagpur,UDAY RAMBHAUJI BORKAR,Independent,1322,0.11,Lost
Maharashtra,Nagpur,Adv. Ulhas Shalikram Dupare,Independent,299,0.03,Lost
Maharashtra,Nagpur,KARTIK GENDALAL DOKE,Independent,181,0.02,Lost
Maharashtra,Nagpur,Dipak Laxmanrao Maske,Independent,235,0.02,Lost
Maharashtra,Nagpur,PRAFULLA MANIKCHAND BHANGE,Independent,359,0.03,Lost
Maharashtra,Nagpur,PRABHAKAR KRUSHNAJI SATPAISE,Independent,156,0.01,Lost
Maharashtra,Nagpur,MANOJ KOTHUJI BAWANE,Independent,331,0.03,Lost
Maharashtra,Nagpur,RUBEN DOMNIK FRANCIS,Independent,608,0.05,Lost
Maharashtra,Nagpur,SACHIN JAGORAO PATIL,Independent,633,0.05,Lost
Maharashtra,Nagpur,SACHIN HARIDAS SOMKUWAR,Independent,227,0.02,Lost
Maharashtra,Nagpur,SATISH VITTHAL NIKHAR,Independent,237,0.02,Lost
Maharashtra,Nagpur,SIDDHARTH ASARAM KURVE,Independent,247,0.02,Lost
Maharashtra,Nagpur,SUNIL SURYABHAN KAWADE,Independent,417,0.04,Lost
Maharashtra,Nagpur,NOTA,None of the Above,4578,0.39,Lost
Maharashtra,Nanded,Ashok Shankarrao Chavan,Indian National Congress,446658,39.55,Lost
Maharashtra,Nanded,Prataprao Patil Chikhalikar,Bharatiya Janata Party,486806,43.1,Lost
Maharashtra,Nanded,Abdul Raees Ahemad S/o Abdul Jabbar,Ambedkar National Congress,4147,0.37,Lost
Maharashtra,Nanded,Abdul Samad Abdul Karim,Samajwadi Party,2475,0.22,Lost
Maharashtra,Nanded,Bhinge Yashpal Narsingrao,Vanchit Bahujan Aaghadi,166196,14.72,Lost
Maharashtra,Nanded,Mohan Anandrao Waghmare,Bahujan Mukti Party,1430,0.13,Lost
Maharashtra,Nanded,Sonsale Sunil Manoharrao,Bahujan Republican Socialist Party,661,0.06,Lost
Maharashtra,Nanded,Ashokrao Shankarrao Chavan,Independent,938,0.08,Lost
Maharashtra,Nanded,Kadam Shrirang Uttamrao,Independent,848,0.08,Lost
Maharashtra,Nanded,Dr. Manish Dattataray Wadje,Independent,1453,0.13,Lost
Maharashtra,Nanded,Dr. Mahesh Prakashrao Talegaonkar,Independent,3778,0.33,Lost
Maharashtra,Nanded,Madhavrao Sambhajee Gaikwad (Panchsheel),Independent,3295,0.29,Lost
Maharashtra,Nanded,Ranjit Gangadharrao Deshmukh,Independent,1788,0.16,Lost
Maharashtra,Nanded,Shivanand Ashokrao Deshmukh,Independent,2763,0.24,Lost
Maharashtra,Nanded,NOTA,None of the Above,6114,0.54,Lost
Maharashtra,Nandurbar,Adv. K. C. Padavi,Indian National Congress,543507,42.4,Lost
Maharashtra,Nandurbar,Rekha Suresh Desai,Bahujan Samaj Party,11466,0.89,Lost
Maharashtra,Nandurbar,Dr. Heena Vijaykumar Gavit,Bharatiya Janata Party,639136,49.86,Lost
Maharashtra,Nandurbar,Anturlikar Sushil Suresh,Vanchit Bahujan Aaghadi,25702,2.01,Lost
Maharashtra,Nandurbar,Krishna Thoga Gavit,Bhartiya Tribal Party,4438,0.35,Lost
Maharashtra,Nandurbar,Sandip Abhimanyu Valvi,Bahujan Mukti Party,2196,0.17,Lost
Maharashtra,Nandurbar,Ajay Karamsing Gavit,Independent,4497,0.35,Lost
Maharashtra,Nandurbar,Arjunsing Diwansing Vasave,Independent,2936,0.23,Lost
Maharashtra,Nandurbar,Ashok Daulatsing Padvi,Independent,4930,0.38,Lost
Maharashtra,Nandurbar,Koli Ananda Sukalal,Independent,7185,0.56,Lost
Maharashtra,Nandurbar,Dr. Natawadkar Suhas Jayant,Independent,13820,1.08,Lost
Maharashtra,Nandurbar,NOTA,None of the Above,21925,1.71,Lost
Maharashtra,Nashik,Adv. Ahire Vaibhav Shantaram,Bahujan Samaj Party,5719,0.51,Lost
Maharashtra,Nashik,Godse Hemant Tukaram,Shivsena,563599,50.27,Lost
Maharashtra,Nashik,Sameer Magan Bhujbal,Nationalist Congress Party,271395,24.21,Lost
Maharashtra,Nashik,Jawale Soniya Ramnath,Bhartiya Tribal Party,6952,0.62,Lost
Maharashtra,Nashik,Pavan Chandrakant Pawar,Vanchit Bahujan Aaghadi,109981,9.81,Lost
Maharashtra,Nashik,Vinod Vasant Shirsath,Hindustan Janta Party,1362,0.12,Lost
Maharashtra,Nashik,Shivnath Vithoba Kasar,Bahujan Mukti Party,866,0.08,Lost
Maharashtra,Nashik,Sanjay Sukhdev Ghodke,Bahujan Republican Socialist Party,899,0.08,Lost
Maharashtra,Nashik,Aher Sharad Keru,Independent,1387,0.12,Lost
Maharashtra,Nashik,Kanoje Prakash Giridhar,Independent,922,0.08,Lost
Maharashtra,Nashik,Kedar Sindhubai Ravindra,Independent,1736,0.15,Lost
Maharashtra,Nashik,Adv. Kokate Manikrao Shivajirao,Independent,134527,12.0,Lost
Maharashtra,Nashik,Devidas Piraji Sarkate,Independent,4274,0.38,Lost
Maharashtra,Nashik,Dhananjay Anil Bhawsar,Independent,1885,0.17,Lost
Maharashtra,Nashik,Priyanka Ramrao Shirole,Independent,2206,0.2,Lost
Maharashtra,Nashik,Vilas Madhukar Desale (Patil),Independent,3826,0.34,Lost
Maharashtra,Nashik,Sharad Damu Dhanrao,Independent,835,0.07,Lost
Maharashtra,Nashik,Sudhir Shridhar Deshmukh,Independent,1881,0.17,Lost
Maharashtra,Nashik,NOTA,None of the Above,6980,0.62,Lost
Maharashtra,Osmanabad,Omprakash Bhupalsinh Alias Pawan Rajenimbalkar,Shivsena,596640,49.52,Lost
Maharashtra,Osmanabad,Ranajagjitsinha Padmasinha Patil,Nationalist Congress Party,469074,38.94,Lost
Maharashtra,Osmanabad,Dr. Shivaji Pandharinath Oman,Bahujan Samaj Party,5941,0.49,Lost
Maharashtra,Osmanabad,Arjun (Dada) Salgar,Vanchit Bahujan Aaghadi,98579,8.18,Lost
Maharashtra,Osmanabad,Annasaheb Ramchandra Rathod,BhartiyaBahujanKranti Dal,1901,0.16,Lost
Maharashtra,Osmanabad,Deepak Mahadav Tate,Bhapase Party,1434,0.12,Lost
Maharashtra,Osmanabad,Phulsure Vishwanath Sadashiv,Kranti Kari Jai Hind Sena,1322,0.11,Lost
Maharashtra,Osmanabad,Aryanraje Kisanrao Shinde,Independent,1374,0.11,Lost
Maharashtra,Osmanabad,Gore Netaji Nagnathrao,Independent,6679,0.55,Lost
Maharashtra,Osmanabad,Jagannath Nivrutti Munde,Independent,2592,0.22,Lost
Maharashtra,Osmanabad,Tukaram Dasrao Gangawane,Independent,1717,0.14,Lost
Maharashtra,Osmanabad,Dr. Vasant Raghunath Munde,Independent,1930,0.16,Lost
Maharashtra,Osmanabad,Shankar Pandurang Gaikwad,Independent,2069,0.17,Lost
Maharashtra,Osmanabad,Sayyad Sultan Ladkhan,Independent,3454,0.29,Lost
Maharashtra,Osmanabad,NOTA,None of the Above,10024,0.83,Lost
Maharashtra,Palghar,Rajendra Dhedya Gavit,Shivsena,580479,48.3,Lost
Maharashtra,Palghar,Sanjay Laxman Tambda,Bahujan Samaj Party,13446,1.12,Lost
Maharashtra,Palghar,Devram Zipar Kurkute,Ambedkarite Party of India,8213,0.68,Lost
Maharashtra,Palghar,Baliram Sukur Jadhav,Bahujan Vikas Aaghadi,491596,40.9,Lost
Maharashtra,Palghar,Comrad Shankar Badade,Marxist Leninist Party of India (Red Flag),11918,0.99,Lost
Maharashtra,Palghar,Suresh Arjun Padavi,Vanchit Bahujan Aaghadi,13728,1.14,Lost
Maharashtra,Palghar,Sanjay Rama Kohkera,Bahujan Mukti Party,6185,0.51,Lost
Maharashtra,Palghar,Dattaram Jayram Karbat,Independent,13932,1.16,Lost
Maharashtra,Palghar,Bhondave Tai Maruti,Independent,5304,0.44,Lost
Maharashtra,Palghar,Raju Damu Lade,Independent,10218,0.85,Lost
Maharashtra,Palghar,Vishnu Kakadya Padavi,Independent,9904,0.82,Lost
Maharashtra,Palghar,Swapnil Mahadev Koli,Independent,7539,0.63,Lost
Maharashtra,Palghar,NOTA,None of the Above,29479,2.45,Lost
Maharashtra,Parbhani,JADHAV SANJAY (BANDU) HARIBHAU,Shivsena,538941,43.02,Lost
Maharashtra,Parbhani,COM. RAJAN KSHIRSAGAR,Communist Party of India,17095,1.36,Lost
Maharashtra,Parbhani,RAJESH UTTAMRAO VITEKAR,Nationalist Congress Party,496742,39.65,Lost
Maharashtra,Parbhani,DR.VAIJNATH SITARAM PHAD,Bahujan Samaj Party,5653,0.45,Lost
Maharashtra,Parbhani,DR. APPASAHEB ONKAR KADAM,Swatantra Bharat Paksha,2775,0.22,Lost
Maharashtra,Parbhani,ALAMGIR MOHD. KHAN,Vanchit Bahujan Aaghadi,149946,11.97,Lost
Maharashtra,Parbhani,UTTAMRAO PANDURANGRAO RATHOD,Bahujan Mukti Party,2392,0.19,Lost
Maharashtra,Parbhani,KISHOR NAMDEV GAWARE,Bharatiya Praja Surajya Paksha,1668,0.13,Lost
Maharashtra,Parbhani,ADV. YASHWANT RAMBHAU KASBE,Bahujan Republican Socialist Party,1627,0.13,Lost
Maharashtra,Parbhani,SHAIKH SALIM SHAIKH IBRAHIM,Bahujan Maha Party,6128,0.49,Lost
Maharashtra,Parbhani,SUBHASH ASHOKRAO AMBHORE (DUDHAGAONKAR),Ambedkar National Congress,1473,0.12,Lost
Maharashtra,Parbhani,SANTOSH GOVIND RATHOD,BhartiyaBahujanKranti Dal,2009,0.16,Lost
Maharashtra,Parbhani,HARISHCHANDRA DATTU PATIL,Sangharsh Sena,1987,0.16,Lost
Maharashtra,Parbhani,KISHOR BABURAO MUNNEMANIK,Independent,2909,0.23,Lost
Maharashtra,Parbhani,GOVIND (BHAIYA) RAMRAO DESHMUKH PEDGAONKAR,Independent,4047,0.32,Lost
Maharashtra,Parbhani,BOBADE SAKHARAM GYANBA,Independent,6185,0.49,Lost
Maharashtra,Parbhani,SANGITA KALYANRAO NIRMAL,Independent,6655,0.53,Lost
Maharashtra,Parbhani,NOTA,None of the Above,4550,0.36,Lost
Maharashtra,Pune,Uttam Pandurang Shinde,Bahujan Samaj Party,4792,0.46,Lost
Maharashtra,Pune,Girish Bhalchandra Bapat,Bharatiya Janata Party,632835,61.13,Lost
Maharashtra,Pune,Mohan Joshi,Indian National Congress,308207,29.77,Lost
Maharashtra,Pune,Anil Narayan Jadhav,Vanchit Bahujan Aaghadi,64793,6.26,Lost
Maharashtra,Pune,Amol Jayraj Shinde,Hum Bhartiya Party,959,0.09,Lost
Maharashtra,Pune,Krupal Paluskar,Prabuddha Republican Party,333,0.03,Lost
Maharashtra,Pune,Chincholikar Jayant Eknath,Bahujan Republican Socialist Party,343,0.03,Lost
Maharashtra,Pune,Prof. Nalawade Hanmant Mahadeo,Ambedkarite Party of India,383,0.04,Lost
Maharashtra,Pune,Nikhil Umesh Zingade,Bharatiya Praja Surajya Paksha,225,0.02,Lost
Maharashtra,Pune,Balasaheb Misal Patil,Bahujan Mukti Party,780,0.08,Lost
Maharashtra,Pune,Adv. Mahesh Gajendragadkar,Swarna Bharat Party,446,0.04,Lost
Maharashtra,Pune,Adv. Ramesh Devaram Dharmavat,Peoples Union Party,547,0.05,Lost
Maharashtra,Pune,Rajesh Surendrakumar Agarwal,Hamari Apni Party,847,0.08,Lost
Maharashtra,Pune,Sayyad Raj Faiyaz,Bhartiya Kisan Party,601,0.06,Lost
Maharashtra,Pune,Sim Khirid,Bahujan Maha Party,487,0.05,Lost
Maharashtra,Pune,Suhas Popat Gajarmal,Rashtriya Janshakti Party (Secular),1117,0.11,Lost
Maharashtra,Pune,Amol Alias Yabes S. Tujare,Independent,624,0.06,Lost
Maharashtra,Pune,Anand Prakash Vanjape,Independent,1343,0.13,Lost
Maharashtra,Pune,Adv. Kumar Devba Kalel Patil,Independent,525,0.05,Lost
Maharashtra,Pune,Jafar Khursid Choudhari,Independent,554,0.05,Lost
Maharashtra,Pune,Javed Shabbir Sayyed,Independent,339,0.03,Lost
Maharashtra,Pune,Johnson Vasant Kolhapure,Independent,647,0.06,Lost
Maharashtra,Pune,Ravindra Bansiram Mahapure,Independent,171,0.02,Lost
Maharashtra,Pune,Rakesh Prabhakar Chavan,Independent,207,0.02,Lost
Maharashtra,Pune,Rahul Vishwas Joshi,Independent,426,0.04,Lost
Maharashtra,Pune,Vijay Laxaman Saroade,Independent,230,0.02,Lost
Maharashtra,Pune,Sawant Chandrakant Parmeshwar,Independent,161,0.02,Lost
Maharashtra,Pune,Sanjay Baburao Jadhav,Independent,309,0.03,Lost
Maharashtra,Pune,Hemant Baburao Kolekar Patil Alias Hemant Patil,Independent,265,0.03,Lost
Maharashtra,Pune,Kshirsagar Kanchan Devdas,Independent,441,0.04,Lost
Maharashtra,Pune,Znyosho Vijayprakash,Independent,298,0.03,Lost
Maharashtra,Pune,NOTA,None of the Above,11001,1.06,Lost
Maharashtra,Raigad,Anant Geete,Shivsena,455530,44.42,Lost
Maharashtra,Raigad,Tatkare Sunil Dattatray,Nationalist Congress Party,486968,47.49,Lost
Maharashtra,Raigad,Milind B. Salvi,Bahujan Samaj Party,6356,0.62,Lost
Maharashtra,Raigad,Gajendra Parshuram Turbadkar,Kranti Kari Jai Hind Sena,2192,0.21,Lost
Maharashtra,Raigad,Nathuram Hate,Bahujan Mukti Party,1441,0.14,Lost
Maharashtra,Raigad,Prakash Sakharam Kalke,Bhartiya Kisan Party,823,0.08,Lost
Maharashtra,Raigad,Suman Bhaskar Koli,Vanchit Bahujan Aaghadi,23196,2.26,Lost
Maharashtra,Raigad,Sandip Pandurang Parte,Bahujan Maha Party,1482,0.14,Lost
Maharashtra,Raigad,Avinash Vasant Patil,Independent,4689,0.46,Lost
Maharashtra,Raigad,Ghag Sanjay Arjun,Independent,1417,0.14,Lost
Maharashtra,Raigad,Madhukar Mahadev Khamkar,Independent,1049,0.1,Lost
Maharashtra,Raigad,Munafar Jainubhidin Choudhary,Independent,1215,0.12,Lost
Maharashtra,Raigad,Yogesh Kadam,Independent,1476,0.14,Lost
Maharashtra,Raigad,Sunil Pandurang Tatkare,Independent,4126,0.4,Lost
Maharashtra,Raigad,Sunil Sakharam Tatkare,Independent,9752,0.95,Lost
Maharashtra,Raigad,Subhash Janardan Patil,Independent,12265,1.2,Lost
Maharashtra,Raigad,NOTA,None of the Above,11490,1.12,Lost
Maharashtra,Ramtek,Kishore Uttamrao Gajbhiye,Indian National Congress,470343,39.3,Lost
Maharashtra,Ramtek,Krupal Balaji Tumane,Shivsena,597126,49.9,Lost
Maharashtra,Ramtek,Subhash Dharamdas Gajbhiye,Bahujan Samaj Party,44327,3.7,Lost
Maharashtra,Ramtek,Archana Chandrakumar Ukey,Rashtriya Jansambhavna Party,8714,0.73,Lost
Maharashtra,Ramtek,Dr. L.J. Kanhekar,Peoples Party of India (Democratic),1505,0.13,Lost
Maharashtra,Ramtek,Kiran Premkumar Rodge (Patankar),Vanchit Bahujan Aaghadi,36340,3.04,Lost
Maharashtra,Ramtek,Chandrabhan Baliram Ramteke,Rashtriya Jansurajya Party,1779,0.15,Lost
Maharashtra,Ramtek,Com. BANDU RAMCHANDRA MESHRAM,Communist Party of India (Marxist-Leninist) Red Star,1421,0.12,Lost
Maharashtra,Ramtek,Dhiman Vinod Bhivaji Patil,Ambedkarite Party of India,2779,0.23,Lost
Maharashtra,Ramtek,Shailesh Sambhaji Janbandhu,SOCIALIST UNITY CENTRE OF INDIA (COMMUNIST),1083,0.09,Lost
Maharashtra,Ramtek,Anil Mahadeo Dhone,Independent,1661,0.14,Lost
Maharashtra,Ramtek,Gautam Wasnik,Independent,1413,0.12,Lost
Maharashtra,Ramtek,Tumane Kanteshwar Khushalji,Independent,2397,0.2,Lost
Maharashtra,Ramtek,Professor Dr. Natthurao Madhavrao Lokhande,Independent,2222,0.19,Lost
Maharashtra,Ramtek,Sandesh Bhioram Bhalekar,Independent,3838,0.32,Lost
Maharashtra,Ramtek,Sonali Ravindra Bagade,Independent,7876,0.66,Lost
Maharashtra,Ramtek,NOTA,None of the Above,11920,1.0,Lost
Maharashtra,Ratnagiri - sindhudurg,Kishor Sidu Varak,Bahujan Samaj Party,6868,0.76,Lost
Maharashtra,Ratnagiri - sindhudurg,Navinchandra Bhalchandra Bandivadekar,Indian National Congress,63299,7.02,Lost
Maharashtra,Ratnagiri - sindhudurg,Vinayak Raut,Shivsena,458022,50.83,Lost
Maharashtra,Ratnagiri - sindhudurg,Nilesh Narayan Rane,"Maharashtra Swabhimaan Paksh,",279700,31.04,Lost
Maharashtra,Ratnagiri - sindhudurg,Bhikuram Kashiram Palkar,Bahujan Mukti Party,5904,0.66,Lost
Maharashtra,Ratnagiri - sindhudurg,Maruti Ramchandra Joshi,Vanchit Bahujan Aaghadi,30882,3.43,Lost
Maharashtra,Ratnagiri - sindhudurg,Rajesh Dilipkumar Jadhav,Bahujan Republican Socialist Party,9565,1.06,Lost
Maharashtra,Ratnagiri - sindhudurg,Adv. Sanjay Sharad Gangnaik,Samajwadi Forward Bloc,2134,0.24,Lost
Maharashtra,Ratnagiri - sindhudurg,Amberkar Pandharinath Vidyadhar,Independent,3257,0.36,Lost
Maharashtra,Ratnagiri - sindhudurg,Narayan Dasharath Gavas,Independent,5633,0.63,Lost
Maharashtra,Ratnagiri - sindhudurg,Nilesh Bhikaji Bhatade,Independent,17668,1.96,Lost
Maharashtra,Ratnagiri - sindhudurg,Vinayak Lavu Raut,Independent,4393,0.49,Lost
Maharashtra,Ratnagiri - sindhudurg,NOTA,None of the Above,13777,1.53,Lost
Maharashtra,Raver,Dr.Ulhas Vasudeo Patil,Indian National Congress,319504,29.23,Lost
Maharashtra,Raver,Khadse Raksha Nikhil,Bharatiya Janata Party,655386,59.96,Lost
Maharashtra,Raver,Dr.Yogendra Vitthal Kolte,Bahujan Samaj Party,5705,0.52,Lost
Maharashtra,Raver,Ajit Namdar Tadvi,Rastriya Aam Jan Seva Party,1425,0.13,Lost
Maharashtra,Raver,Adakmol Rohidas Ramesh,Ambedkarite Party of India,1679,0.15,Lost
Maharashtra,Raver,Nitin Pralhad Kandelkar,Vanchit Bahujan Aaghadi,88365,8.08,Lost
Maharashtra,Raver,Madhukar Sopan Patil,Hindustan Janta Party,1607,0.15,Lost
Maharashtra,Raver,Roshan Aara Sadique Ali,Indian Union Muslim League,1103,0.1,Lost
Maharashtra,Raver,Gaurav Damodar Surwade,Independent,985,0.09,Lost
Maharashtra,Raver,Tawar Vijay Jagan,Independent,1141,0.1,Lost
Maharashtra,Raver,Nazmin Shaikh Ramjan,Independent,2581,0.24,Lost
Maharashtra,Raver,D. D. Wani [Photographer],Independent,4274,0.39,Lost
Maharashtra,Raver,NOTA,None of the Above,9216,0.84,Lost
Maharashtra,Sangli,Shankar (dada) Mane,Bahujan Samaj Party,5476,0.46,Lost
Maharashtra,Sangli,Sanjaykaka Patil,Bharatiya Janata Party,508995,42.77,Lost
Maharashtra,Sangli,Anand Shankar Nalage (Patil),Baliraja Party,7213,0.61,Lost
Maharashtra,Sangli,Gopichand Kundlik Padalkar,Vanchit Bahujan Aaghadi,300234,25.23,Lost
Maharashtra,Sangli,Dr. Rajendra Namdev Kavthekar,Bahujan Mukti Party,3586,0.3,Lost
Maharashtra,Sangli,Vishal Prakashbapu Patil,Swabhimani Paksha,344643,28.96,Lost
Maharashtra,Sangli,Abhijit Wamanrao Awade Bichukle,Independent,2342,0.2,Lost
Maharashtra,Sangli,Adhikrao Sampat Channe,Independent,1323,0.11,Lost
Maharashtra,Sangli,Dattatray Pandit Patil,Independent,1276,0.11,Lost
Maharashtra,Sangli,Narayan Chandar Mulik,Independent,2685,0.23,Lost
Maharashtra,Sangli,Bhaktraj Raghunath Thigale,Independent,1870,0.16,Lost
Maharashtra,Sangli,Himmat Pandurang Koli,Independent,3730,0.31,Lost
Maharashtra,Sangli,NOTA,None of the Above,6585,0.55,Lost
Maharashtra,Satara,ANAND RAMESH THORAWADE,Bahujan Samaj Party,6963,0.62,Lost
Maharashtra,Satara,SHRIMANT CHH. UDAYANRAJE PRATAPSINHMAHARAJ BHONSLE,Nationalist Congress Party,579026,51.91,Lost
Maharashtra,Satara,NARENDRA ANNASAHEB PATIL,Shivsena,452498,40.57,Lost
Maharashtra,Satara,DILIP SHRIRANG JAGTAP,Bahujan Republican Socialist Party,5055,0.45,Lost
Maharashtra,Satara,SAHADEO KERAPPA AIWALE,Vanchit Bahujan Aaghadi,40673,3.65,Lost
Maharashtra,Satara,ABHIJIT WAMANRAO BICHUKALE,Independent,2412,0.22,Lost
Maharashtra,Satara,PUNJABRAO MAHADEV PATIL (TALGAONKAR),Independent,5141,0.46,Lost
Maharashtra,Satara,SHAILENDRA RAMAKANT VEER,Independent,5846,0.52,Lost
Maharashtra,Satara,SAGAR SHARAD BHISE,Independent,8593,0.77,Lost
Maharashtra,Satara,NOTA,None of the Above,9227,0.83,Lost
Maharashtra,Shirdi,KAMBLE BHAUSAHEB MALHARI,Indian National Congress,366625,35.62,Lost
Maharashtra,Shirdi,Adv. BANSI BHAURAO SATPUTE,Communist Party of India,20300,1.97,Lost
Maharashtra,Shirdi,SADASHIV KISAN LOKHANDE,Shivsena,486820,47.29,Lost
Maharashtra,Shirdi,SURESH EKNATH JAGDHANE,Bahujan Samaj Party,6006,0.58,Lost
Maharashtra,Shirdi,ASHOK JAGDISH JADHAV,Rashtriya Maratha Party,1970,0.19,Lost
Maharashtra,Shirdi,ADV. PRAKASH KACHARU AAHER,Bahujan Republican Socialist Party,1507,0.15,Lost
Maharashtra,Shirdi,VIJAY DNYANOBA GHATE,Republican Bahujan Sena,1820,0.18,Lost
Maharashtra,Shirdi,SANJAY LAXMAN SUKHDAN,Vanchit Bahujan Aaghadi,63287,6.15,Lost
Maharashtra,Shirdi,ADV. AMOLIK GOVIND BABURAO,Independent,1488,0.14,Lost
Maharashtra,Shirdi,ASHOK ANAJI WAKCHAURE,Independent,3592,0.35,Lost
Maharashtra,Shirdi,KISHOR LIMBAJI ROKADE,Independent,1704,0.17,Lost
Maharashtra,Shirdi,GANPAT MACHINDRA MORE,Independent,1692,0.16,Lost
Maharashtra,Shirdi,PRADIP SUNIL SARODE,Independent,12946,1.26,Lost
Maharashtra,Shirdi,BAPU PARAJI RANDHIR,Independent,2475,0.24,Lost
Maharashtra,Shirdi,BORAGE SHANKAR HARIBHAU,Independent,1930,0.19,Lost
Maharashtra,Shirdi,WAKCHAURE BHAUSAHEB JAYRAM,Independent,8225,0.8,Lost
Maharashtra,Shirdi,WAKCHAURE BHAUSAHEB RAJARAM,Independent,35526,3.45,Lost
Maharashtra,Shirdi,SACHIN SADASHIV GAWANDE,Independent,1665,0.16,Lost
Maharashtra,Shirdi,SUBHASH DADA TRIBHUVAN,Independent,3100,0.3,Lost
Maharashtra,Shirdi,SAMPAT KHANDU SAMINDAR,Independent,1290,0.13,Lost
Maharashtra,Shirdi,NOTA,None of the Above,5394,0.52,Lost
Maharashtra,Shirur,Adhalrao Shivaji Dattatrey,Shivsena,577347,44.65,Lost
Maharashtra,Shirur,Dr. Amol Ramsing Kolhe,Nationalist Congress Party,635830,49.17,Lost
Maharashtra,Shirur,Kagadi Jamirkhan Afjal,Bahujan Samaj Party,7247,0.56,Lost
Maharashtra,Shirur,Ovhal Rahul,Vanchit Bahujan Aaghadi,38070,2.94,Lost
Maharashtra,Shirur,Ghare Mohan Damodar,Baliraja Party,997,0.08,Lost
Maharashtra,Shirur,Nitin Murlidhar Kuchekar,Bharat Prabhat Party,607,0.05,Lost
Maharashtra,Shirur,Shashikant Rajaram Desai,Independent,1881,0.15,Lost
Maharashtra,Shirur,Somnath Hiraman Mali,Bahujan Republican Socialist Party,743,0.06,Lost
Maharashtra,Shirur,Sanjay Baba Bansode,BhartiyaBahujanKranti Dal,615,0.05,Lost
Maharashtra,Shirur,Sanjay Laxman Padwal,Bhartiya Navjawan Sena (Paksha),630,0.05,Lost
Maharashtra,Shirur,Prof.Shrikant Nivrutti Chabukswar Sir,Bahujan Mukti Party,1243,0.1,Lost
Maharashtra,Shirur,Ansari Samshad Anwar,Independent,828,0.06,Lost
Maharashtra,Shirur,Ashtul Vikas Rajaram,Independent,786,0.06,Lost
Maharashtra,Shirur,Gangadhar Nathu Yadav,Independent,955,0.07,Lost
Maharashtra,Shirur,Ghadge Balasaheb Jaysing,Independent,2749,0.21,Lost
Maharashtra,Shirur,Chhaya Prabhakar Solanke,Independent,4930,0.38,Lost
Maharashtra,Shirur,Bhausaheb Ramchandra Adagale,Independent,4397,0.34,Lost
Maharashtra,Shirur,Waheeda Shainur Shaikh,Independent,3837,0.3,Lost
Maharashtra,Shirur,Vinod Vasant Chandgude,Independent,902,0.07,Lost
Maharashtra,Shirur,Shahid Farukh Shaikh,Independent,566,0.04,Lost
Maharashtra,Shirur,Shivajirao Uttamrao Pawar,Independent,673,0.05,Lost
Maharashtra,Shirur,Shaikh Raisa,Bhartiya Kisan Party,556,0.04,Lost
Maharashtra,Shirur,Sonalitai Thorat,Independent,677,0.05,Lost
Maharashtra,Shirur,NOTA,None of the Above,6051,0.47,Lost
Maharashtra,Solapur,SHRI. SHA. BRA. DR. JAI SIDHESHWAR SHIVACHARY MAHASWAMIJI,Bharatiya Janata Party,524985,48.41,Lost
Maharashtra,Solapur,SHINDE SUSHILKUMAR SAMBHAJIRAO,Indian National Congress,366377,33.78,Lost
Maharashtra,Solapur,PROF. DR. ARJUN GENA OHAL,Bahujan Mukti Party,3880,0.36,Lost
Maharashtra,Solapur,AMBEDKAR PRAKASH YASHVANT,Vanchit Bahujan Aaghadi,170007,15.68,Lost
Maharashtra,Solapur,KRISHNA NAGNATH BHISE,Bahujan Maha Party,2053,0.19,Lost
Maharashtra,Solapur,VISHNU SIDRAM GAIDHANKAR,Bharatiya Praja Surajya Paksha,825,0.08,Lost
Maharashtra,Solapur,SHRIVENKATESWAR MAHA SWAMIJI (KATAKDHOND. D. G.),Hindustan Janta Party,1830,0.17,Lost
Maharashtra,Solapur,UGHADE ASHOK BHAGAVANRAO,Independent,986,0.09,Lost
Maharashtra,Solapur,KHANDARE SUDARSHAN RAICHAND,Independent,960,0.09,Lost
Maharashtra,Solapur,ADV. MANISHA MANOHAR KARANDE,Independent,1550,0.14,Lost
Maharashtra,Solapur,MALHARI GULAB PATOLE,Independent,1380,0.13,Lost
Maharashtra,Solapur,ADV. VIKRAM UTTAM KASABE,Independent,1474,0.14,Lost
Maharashtra,Solapur,SHRIMANT MURALIDHAR MASKE,Independent,2016,0.19,Lost
Maharashtra,Solapur,NOTA,None of the Above,6191,0.57,Lost
Maharashtra,Thane,ANAND PRAKASH PARANJPE,Nationalist Congress Party,328824,28.09,Lost
Maharashtra,Thane,RAJAN BABURAO VICHARE,Shivsena,740969,63.3,Lost
Maharashtra,Thane,RAJESHCHANNA BAIJNATH JAISWAR,Bahujan Samaj Party,9472,0.81,Lost
Maharashtra,Thane,AJAY BABURAM GUPTA,Bharat Jan Aadhar Party,1453,0.12,Lost
Maharashtra,Thane,USMAN MOOSA SHAIKH,Bahujan Maha Party,2098,0.18,Lost
Maharashtra,Thane,OMKAR NATH S. TIWARI,Hindusthan Nirman Dal,801,0.07,Lost
Maharashtra,Thane,JADHAV PRABHAKAR ANANT,Bahujan Republican Socialist Party,686,0.06,Lost
Maharashtra,Thane,JAIN SURENDRAKUMAR,Naitik Party,1398,0.12,Lost
Maharashtra,Thane,DILIP PRABHAKAR ALONI (JOSHI),Akhil Bharatiya Jan Sangh,850,0.07,Lost
Maharashtra,Thane,BRAMHADEV RAMBAKSHI PANDE,Sarvodaya Bharat Party,867,0.07,Lost
Maharashtra,Thane,MALLIKARJUN SAIBANNA PUJARI,Vanchit Bahujan Aaghadi,47432,4.05,Lost
Maharashtra,Thane,MADHAVILATA DINESHKUMAR MAURYA,Jan Adhikar Party,906,0.08,Lost
Maharashtra,Thane,RAJESH SIDDHANNA KAMBLE,Bahujan Mukti Party,943,0.08,Lost
Maharashtra,Thane,SUDHAKAR NARAYAN SHINDE,Ambedkarite Party of India,1038,0.09,Lost
Maharashtra,Thane,SUBHASHCHANDRA RATANDEO JHA,Sardar Vallabhbhai Patel Party,998,0.09,Lost
Maharashtra,Thane,HEMANT KISAN PATIL,Sanatan Sanskriti Raksha Dal,2620,0.22,Lost
Maharashtra,Thane,Dr. AKSHAY ANANT ZODGE,Independent,1881,0.16,Lost
Maharashtra,Thane,OM PRAKASH PAL,Independent,1854,0.16,Lost
Maharashtra,Thane,DIGAMBAR YALAPPA BANSODE,Independent,802,0.07,Lost
Maharashtra,Thane,POKHARKAR VINOD LAXMAN,Independent,772,0.07,Lost
Maharashtra,Thane,RAMESH KUMAR THAKURPRASAD SHRIVASTAV,Independent,1705,0.15,Lost
Maharashtra,Thane,VITTHAL NATHA CHAVAN,Independent,535,0.05,Lost
Maharashtra,Thane,SHUBHANGI VIDYASAGAR CHAVAN,Independent,1188,0.1,Lost
Maharashtra,Thane,NOTA,None of the Above,20426,1.75,Lost
Maharashtra,Wardha,Agrawal Shaileshkumar Premkishorji,Bahujan Samaj Party,36423,3.4,Lost
Maharashtra,Wardha,Charulata Rao Tokas,Indian National Congress,391173,36.47,Lost
Maharashtra,Wardha,Ramdas Chandrabhanji Tadas,Bharatiya Janata Party,578364,53.92,Lost
Maharashtra,Wardha,Ganesh Kisanrao Lade,Ambedkarite Party of India,6124,0.57,Lost
Maharashtra,Wardha,Gadhave Pravin Rameshwarrao,Ambedkarist Republican Party,3188,0.3,Lost
Maharashtra,Wardha,Jagdish Uddhavrao Wankhade,Bahujan Mukti Party,1720,0.16,Lost
Maharashtra,Wardha,Dhanraj Kothiramji Wanjari,Vanchit Bahujan Aaghadi,36452,3.4,Lost
Maharashtra,Wardha,Pro. Dnyanesh Wakudkar,Lokjagar Party,1135,0.11,Lost
Maharashtra,Wardha,Arvind Shamrao Lillore,Independent,754,0.07,Lost
Maharashtra,Wardha,Umesh Sadashivrao Neware,Independent,3017,0.28,Lost
Maharashtra,Wardha,Zitruji Chandruji Borutkar,Independent,1318,0.12,Lost
Maharashtra,Wardha,Nandkishor Ramaji Sagar(More),Independent,1643,0.15,Lost
Maharashtra,Wardha,Balpande Rajesh Marotrao,Independent,2130,0.2,Lost
Maharashtra,Wardha,Adv. Bhaskar Marotrao Neware,Independent,2619,0.24,Lost
Maharashtra,Wardha,NOTA,None of the Above,6510,0.61,Lost
Maharashtra,Yavatmal-Washim,Arun Sakharam Kinwatkar,Bahujan Samaj Party,9587,0.82,Lost
Maharashtra,Yavatmal-Washim,Thakre Manikrao Govindrao,Indian National Congress,424159,36.12,Lost
Maharashtra,Yavatmal-Washim,Bhavana Pundlikrao Gawali,Shivsena,542098,46.17,Lost
Maharashtra,Yavatmal-Washim,Uttam Bhagaji,Prabuddha Republican Party,6021,0.51,Lost
Maharashtra,Yavatmal-Washim,Purushottam Domaji Bhajghaware,Rashtriya Bahujan Congress Party,1574,0.13,Lost
Maharashtra,Yavatmal-Washim,Pundlik Baliram Rathod,Sanman Rajkiya Paksha,1961,0.17,Lost
Maharashtra,Yavatmal-Washim,Pravin Govind Pawar,Vanchit Bahujan Aaghadi,94228,8.02,Lost
Maharashtra,Yavatmal-Washim,Ravi Sampatrao Jadhao,Bahujan Mukti Party,3006,0.26,Lost
Maharashtra,Yavatmal-Washim,Rajesh Bhauraoji Raut,Gondvana Gantantra Party,2707,0.23,Lost
Maharashtra,Yavatmal-Washim,Vaishali Sudhakar Yede,Prahar Janshakti Party,20620,1.76,Lost
Maharashtra,Yavatmal-Washim,Anil Jayram Rathod,Independent,14686,1.25,Lost
Maharashtra,Yavatmal-Washim,Ankit Mohan Chandak,Independent,1496,0.13,Lost
Maharashtra,Yavatmal-Washim,Naresh Mahadev Ghughane,Independent,1733,0.15,Lost
Maharashtra,Yavatmal-Washim,Noor Ali Meheboob Ali Shah,Independent,2426,0.21,Lost
Maharashtra,Yavatmal-Washim,Parashram Bhaosing Ade,Independent,24499,2.09,Lost
Maharashtra,Yavatmal-Washim,Pawar Ramesh Gorsing,Independent,3637,0.31,Lost
Maharashtra,Yavatmal-Washim,Premasai Maharaj,Independent,2662,0.23,Lost
Maharashtra,Yavatmal-Washim,Dr. Rajiv Agrawal,Independent,2451,0.21,Lost
Maharashtra,Yavatmal-Washim,Ramrao Sawai Pawar,Independent,3182,0.27,Lost
Maharashtra,Yavatmal-Washim,Adv. Shahejad Samiullah Khan,Independent,1110,0.09,Lost
Maharashtra,Yavatmal-Washim,Shaikh Javed Shaikh Mushtaq,Independent,2730,0.23,Lost
Maharashtra,Yavatmal-Washim,Sameer Arunrao Deshpande,Independent,693,0.06,Lost
Maharashtra,Yavatmal-Washim,Salim Shah Suleman Shah,Independent,1285,0.11,Lost
Maharashtra,Yavatmal-Washim,Simpal Rajkumar Rathod,Independent,1703,0.15,Lost
Maharashtra,Yavatmal-Washim,NOTA,None of the Above,3966,0.34,Lost
Manipur,Inner manipur,OINAM NABAKISHORE SINGH,Indian National Congress,245877,32.38,Lost
Manipur,Inner manipur,MOIRANGTHEM NARA SINGH,Communist Party of India,133813,17.62,Lost
Manipur,Inner manipur,DR RAJKUMAR RANJAN SINGH,Bharatiya Janata Party,263632,34.72,Lost
Manipur,Inner manipur,R.K. ANAND,North East India Development Party,25010,3.29,Lost
Manipur,Inner manipur,OINAM JUGINDRO SINGH,Manipur Peoples Party,1783,0.23,Lost
Manipur,Inner manipur,DR. G. TONSANA SHARMA,Manipur Democratic Peoples's Front,1256,0.17,Lost
Manipur,Inner manipur,SENJAM NANDESHWORE SINGH,Rashtriya Janhit Sangharsh Party,747,0.1,Lost
Manipur,Inner manipur,MD. ILIYASH KHAN,Independent,492,0.06,Lost
Manipur,Inner manipur,M. TOTOMSHANA NONGSHABA,Independent,973,0.13,Lost
Manipur,Inner manipur,RAJKUMAR SOMENDRO SINGH (KAIKU),Independent,81634,10.75,Lost
Manipur,Inner manipur,WAHENGBAM PABITRA SINGH,Independent,1470,0.19,Lost
Manipur,Inner manipur,NOTA,None of the Above,2614,0.34,Lost
Manipur,Outer manipur,Angam Karung Kom,Nationalist Congress Party,2552,0.3,Lost
Manipur,Outer manipur,K. James,Indian National Congress,152510,17.77,Lost
Manipur,Outer manipur,Thangminlien Kipgen,National People's Party,30726,3.58,Lost
Manipur,Outer manipur,Lorho S. Pfoze,Naga Peoples Front,363527,42.37,Lost
Manipur,Outer manipur,Houlim Shokhopao Mate,Bharatiya Janata Party,289745,33.77,Lost
Manipur,Outer manipur,Ashang Kasar,North East India Development Party,12211,1.42,Lost
Manipur,Outer manipur,Hangkhanpau Taithul,Janata Dal (United),2987,0.35,Lost
Manipur,Outer manipur,Leikhan Kaipu,Independent,996,0.12,Lost
Manipur,Outer manipur,NOTA,None of the Above,2775,0.32,Lost
Meghalaya,Shillong,JEMINO MAWTHOH,United Democratic Party,267256,34.08,Lost
Meghalaya,Shillong,SANBOR SHULLAI,Bharatiya Janata Party,76683,9.78,Lost
Meghalaya,Shillong,VINCENT H. PALA,Indian National Congress,419689,53.52,Lost
Meghalaya,Shillong,ROMEO PHIRA RANI,Independent,4961,0.63,Lost
Meghalaya,Shillong,SAMUEL HASHAH,Independent,4601,0.59,Lost
Meghalaya,Shillong,T.H.S. BONNEY,Independent,6580,0.84,Lost
Meghalaya,Shillong,NOTA,None of the Above,4420,0.56,Lost
Meghalaya,Tura,AGATHA K. SANGMA,National People's Party,304455,52.22,Lost
Meghalaya,Tura,DR. MUKUL SANGMA,Indian National Congress,240425,41.24,Lost
Meghalaya,Tura,RIKMAN GARREY MOMIN,Bharatiya Janata Party,31707,5.44,Lost
Meghalaya,Tura,NOTA,None of the Above,6454,1.11,Lost
Mizoram,MIZORAM,C LALROSANGA,Mizo National Front,224286,44.89,Lost
Mizoram,MIZORAM,NIRUPAM CHAKMA,Bharatiya Janata Party,28707,5.75,Lost
Mizoram,MIZORAM,TBC LALVENCHHUNGA,Peoples Representation for Identity and Status of Mizoram (PRISM) Party,13323,2.67,Lost
Mizoram,MIZORAM,LAL HRIATRENGA CHHANGTE,Independent,12675,2.54,Lost
Mizoram,MIZORAM,LALNGHINGLOVA HMAR,Independent,216146,43.26,Lost
Mizoram,MIZORAM,LALTHLAMUANI,Independent,1975,0.4,Lost
Mizoram,MIZORAM,NOTA,None of the Above,2509,0.5,Lost
Nagaland,Nagaland,K L Chishi,Indian National Congress,484166,48.11,Lost
Nagaland,Nagaland,Hayithung Tungoe,National People's Party,14997,1.49,Lost
Nagaland,Nagaland,Tokheho Yepthomi,Nationalist Democratic Progressive Party,500510,49.73,Lost
Nagaland,Nagaland,Dr. M M Thromwa Konyak,Independent,4620,0.46,Lost
Nagaland,Nagaland,NOTA,None of the Above,2064,0.21,Lost
NCT OF Delhi,CHANDNI CHOWK,JAI PRAKASH AGARWAL,Indian National Congress,290910,29.67,Lost
NCT OF Delhi,CHANDNI CHOWK,PANKAJ KUMAR GUPTA,Aam Aadmi Party,144551,14.74,Lost
NCT OF Delhi,CHANDNI CHOWK,SHAHID ALI,Bahujan Samaj Party,9026,0.92,Lost
NCT OF Delhi,CHANDNI CHOWK,HARSH VARDHAN,Bharatiya Janata Party,519055,52.94,Lost
NCT OF Delhi,CHANDNI CHOWK,ANIL KUMAR,Rashtriya Rashtrawadi Party,1436,0.15,Lost
NCT OF Delhi,CHANDNI CHOWK,ASHOK KUMAR,Republican Party of India (A),273,0.03,Lost
NCT OF Delhi,CHANDNI CHOWK,INDER SEN,Rashtriya Samrasta Party,216,0.02,Lost
NCT OF Delhi,CHANDNI CHOWK,MOHD. IRFAN JAVED QURESHI,Ekta Samaj Party,1270,0.13,Lost
NCT OF Delhi,CHANDNI CHOWK,KAMAL KISHOR,Peoples Party of India (Democratic),332,0.03,Lost
NCT OF Delhi,CHANDNI CHOWK,DEEPTI CHOPRA,Prism,233,0.02,Lost
NCT OF Delhi,CHANDNI CHOWK,DHEER SINGH,Rashtriya Jansambhavna Party,249,0.03,Lost
NCT OF Delhi,CHANDNI CHOWK,RAVINDRA,Kanshiram Bahujan Dal,369,0.04,Lost
NCT OF Delhi,CHANDNI CHOWK,RICHA KATIYAR KANAUJIA,Right to Recall Party,475,0.05,Lost
NCT OF Delhi,CHANDNI CHOWK,VISHAL KHANNA,Sanatan Sanskriti Raksha Dal,485,0.05,Lost
NCT OF Delhi,CHANDNI CHOWK,VIRENDER PRATAP SINGH,Aapki Apni Party (Peoples),744,0.08,Lost
NCT OF Delhi,CHANDNI CHOWK,SHARESTHA ARORA,Mazdoor Kirayedar Vikas Party,1143,0.12,Lost
NCT OF Delhi,CHANDNI CHOWK,SATDEV JAIN,"Proutist Bloc, India",1215,0.12,Lost
NCT OF Delhi,CHANDNI CHOWK,SAMEER MIRZA,Bharat Prabhat Party,424,0.04,Lost
NCT OF Delhi,CHANDNI CHOWK,SUMAN DEVI,Bharat Lok Sewak Party,236,0.02,Lost
NCT OF Delhi,CHANDNI CHOWK,SOHAN LAL SHARMA,Rashtra Nirman Party,501,0.05,Lost
NCT OF Delhi,CHANDNI CHOWK,SAURABH RANJAN,Pyramid Party of India,243,0.02,Lost
NCT OF Delhi,CHANDNI CHOWK,JUGAL KISHOR,Independent,268,0.03,Lost
NCT OF Delhi,CHANDNI CHOWK,PANKAJ GUPTA,Independent,670,0.07,Lost
NCT OF Delhi,CHANDNI CHOWK,FARHA DEEBA,Independent,241,0.02,Lost
NCT OF Delhi,CHANDNI CHOWK,MUNNA LAL,Independent,393,0.04,Lost
NCT OF Delhi,CHANDNI CHOWK,RAVI KUMAR,Independent,299,0.03,Lost
NCT OF Delhi,CHANDNI CHOWK,NOTA,None of the Above,5133,0.52,Lost
NCT OF Delhi,EAST DELHI,ARVINDER SINGH LOVELY,Indian National Congress,304934,24.24,Lost
NCT OF Delhi,EAST DELHI,ATISHI,Aam Aadmi Party,219328,17.44,Lost
NCT OF Delhi,EAST DELHI,GAUTAM GAMBHIR,Bharatiya Janata Party,696156,55.35,Lost
NCT OF Delhi,EAST DELHI,SANJAY KUMAR,Bahujan Samaj Party,19090,1.52,Lost
NCT OF Delhi,EAST DELHI,AJAY CHAUDHARY,Aapki Apni Party (Peoples),1282,0.1,Lost
NCT OF Delhi,EAST DELHI,ANUPAM TRIPATHI,Bhartiya Kisan Party,289,0.02,Lost
NCT OF Delhi,EAST DELHI,AMANULLAH AHMED,Bhartiya Insan Party,512,0.04,Lost
NCT OF Delhi,EAST DELHI,DR. KRISHAN SINGH CHAUHAN,Peoples Party of India (Democratic),643,0.05,Lost
NCT OF Delhi,EAST DELHI,DEEPTI NADELLA,Pyramid Party of India,323,0.03,Lost
NCT OF Delhi,EAST DELHI,D. DURGA PRASAD,Challengers Party,274,0.02,Lost
NCT OF Delhi,EAST DELHI,NEERU MONGIA,Prism,255,0.02,Lost
NCT OF Delhi,EAST DELHI,MUKESH JADLY,Uttarakhand Pragatisheel Party,943,0.07,Lost
NCT OF Delhi,EAST DELHI,MOHAN LAL SHARMA,Satya Bahumat Party,352,0.03,Lost
NCT OF Delhi,EAST DELHI,MANJEET SINGH,Rashtra Nirman Party,634,0.05,Lost
NCT OF Delhi,EAST DELHI,MANJU CHHIBBER,Republican Party of India (A),503,0.04,Lost
NCT OF Delhi,EAST DELHI,SATISH KUMAR PRAJAPATI,Mazdoor Kirayedar Vikas Party,1239,0.1,Lost
NCT OF Delhi,EAST DELHI,SURENDER GUPTA,National Apni Party,1044,0.08,Lost
NCT OF Delhi,EAST DELHI,HAFIZ BURHANUDDIN,The National Road Map Party of India,699,0.06,Lost
NCT OF Delhi,EAST DELHI,HITESH KUMAR,Jai Prakash Janata Dal,937,0.07,Lost
NCT OF Delhi,EAST DELHI,ASHOK SURANA,Independent,650,0.05,Lost
NCT OF Delhi,EAST DELHI,MANOJ KUMAR GUPTA,Independent,496,0.04,Lost
NCT OF Delhi,EAST DELHI,RAVI KUMAR,Independent,328,0.03,Lost
NCT OF Delhi,EAST DELHI,RAHIMUDDIN SHAH,Independent,318,0.03,Lost
NCT OF Delhi,EAST DELHI,RAJ KUMAR DHINGIYA,Independent,586,0.05,Lost
NCT OF Delhi,EAST DELHI,SHIV KUMAR,Independent,408,0.03,Lost
NCT OF Delhi,EAST DELHI,HARBALWINDER SINGH,Independent,678,0.05,Lost
NCT OF Delhi,EAST DELHI,NOTA,None of the Above,4920,0.39,Lost
NCT OF Delhi,NEW DELHI,AJAY MAKAN,Indian National Congress,247702,26.91,Lost
NCT OF Delhi,NEW DELHI,BRIJESH GOYAL,Aam Aadmi Party,150342,16.33,Lost
NCT OF Delhi,NEW DELHI,MEENAKASHI LEKHI,Bharatiya Janata Party,504206,54.77,Lost
NCT OF Delhi,NEW DELHI,UPENDRA,Anjaan Aadmi Party,1281,0.14,Lost
NCT OF Delhi,NEW DELHI,UMESH CHANDRA GAUR,Republican Party of India (A),285,0.03,Lost
NCT OF Delhi,NEW DELHI,JITENDRA RAUT,Akhil Bharatiya Manavata Paksha,405,0.04,Lost
NCT OF Delhi,NEW DELHI,NAVEEN KUMAR,Rashtriya Samrasta Party,257,0.03,Lost
NCT OF Delhi,NEW DELHI,NILANJAN BANERJEE,Bharat Lok Sewak Party,194,0.02,Lost
NCT OF Delhi,NEW DELHI,RAVINDER PAUL SEHGAL,Pyramid Party of India,323,0.04,Lost
NCT OF Delhi,NEW DELHI,RAJ KARAN,Corruption Abolition Party,275,0.03,Lost
NCT OF Delhi,NEW DELHI,RAJ SHEKHAR GUNTI,Prism,174,0.02,Lost
NCT OF Delhi,NEW DELHI,RAJESH SATIYA,Sanatan Sanskriti Raksha Dal,333,0.04,Lost
NCT OF Delhi,NEW DELHI,LAL JI,Akhand Rashtrawadi Party,307,0.03,Lost
NCT OF Delhi,NEW DELHI,VIRENDRA SINGH BHARAT,Rashtriya Rashtrawadi Party,530,0.06,Lost
NCT OF Delhi,NEW DELHI,K SREEKRISHNA,Jammu & Kashmir National Panthers Party,920,0.1,Lost
NCT OF Delhi,NEW DELHI,SUNIL,Aapki Apni Party (Peoples),1159,0.13,Lost
NCT OF Delhi,NEW DELHI,SUNIL KUMAR,Peoples Party of India (Democratic),1272,0.14,Lost
NCT OF Delhi,NEW DELHI,SWADESH KUMAR OHRI,Atulya Bharat Party,641,0.07,Lost
NCT OF Delhi,NEW DELHI,AJAY KUMAR LAL,Independent,639,0.07,Lost
NCT OF Delhi,NEW DELHI,AASHISH S SAXENA,Independent,198,0.02,Lost
NCT OF Delhi,NEW DELHI,KRIPASHANKAR C PANDEY,Independent,184,0.02,Lost
NCT OF Delhi,NEW DELHI,DILIP SINGH KOTHARI,Independent,255,0.03,Lost
NCT OF Delhi,NEW DELHI,PRIYANKA,Independent,289,0.03,Lost
NCT OF Delhi,NEW DELHI,RAMESH,Independent,200,0.02,Lost
NCT OF Delhi,NEW DELHI,SREE NIVASAN RAMAMOORTHY,Independent,238,0.03,Lost
NCT OF Delhi,NEW DELHI,SURESH KUMAR,Independent,721,0.08,Lost
NCT OF Delhi,NEW DELHI,HARKRISHAN DAS NIJHAWAN,Independent,610,0.07,Lost
NCT OF Delhi,NEW DELHI,NOTA,None of the Above,6601,0.72,Lost
NCT OF Delhi,NORTH EAST DELHI,DILIP PANDEY,Aam Aadmi Party,190856,13.06,Lost
NCT OF Delhi,NORTH EAST DELHI,MANOJ TIWARI,Bharatiya Janata Party,787799,53.9,Lost
NCT OF Delhi,NORTH EAST DELHI,RAJVEER SINGH,Bahujan Samaj Party,37831,2.59,Lost
NCT OF Delhi,NORTH EAST DELHI,SHEILA DIKSHIT,Indian National Congress,421697,28.85,Lost
NCT OF Delhi,NORTH EAST DELHI,AJAY BHAI,Right to Recall Party,1822,0.12,Lost
NCT OF Delhi,NORTH EAST DELHI,ANURUDDH KUMAR DUBE,Bharat Lok Sewak Party,419,0.03,Lost
NCT OF Delhi,NORTH EAST DELHI,ABHINAV KUMAR,Sanyukt Vikas Party,309,0.02,Lost
NCT OF Delhi,NORTH EAST DELHI,AMIT KUMAR SHARMA,Sanjhi Virasat Party,419,0.03,Lost
NCT OF Delhi,NORTH EAST DELHI,J. K. JAIN,Jai Prakash Janata Dal,456,0.03,Lost
NCT OF Delhi,NORTH EAST DELHI,DAN BAHADUR YADAV,Bhartiya Janta Dal (Integrated),435,0.03,Lost
NCT OF Delhi,NORTH EAST DELHI,D. Durga Prasad,Challengers Party,684,0.05,Lost
NCT OF Delhi,NORTH EAST DELHI,PRADESH KUMAR,Sarvodaya Prabhat Party,740,0.05,Lost
NCT OF Delhi,NORTH EAST DELHI,MAHENDER PASWAN,Mazdoor Kirayedar Vikas Party,792,0.05,Lost
NCT OF Delhi,NORTH EAST DELHI,MUKESH,Aapki Apni Party (Peoples),1475,0.1,Lost
NCT OF Delhi,NORTH EAST DELHI,MANAGER CHAURASIYA,SOCIALIST UNITY CENTRE OF INDIA (COMMUNIST),1749,0.12,Lost
NCT OF Delhi,NORTH EAST DELHI,MOHD. IRFAN,Bharat Prabhat Party,1746,0.12,Lost
NCT OF Delhi,NORTH EAST DELHI,SUNIL VISHVAKARMA,Ambedkar National Congress,2148,0.15,Lost
NCT OF Delhi,NORTH EAST DELHI,MOHD. HASAN,Republican Party of India (A),1343,0.09,Lost
NCT OF Delhi,NORTH EAST DELHI,MD. AKRAM,Independent,805,0.06,Lost
NCT OF Delhi,NORTH EAST DELHI,ANIL KUMAR YADAV,Independent,1242,0.08,Lost
NCT OF Delhi,NORTH EAST DELHI,AMRENDER KUMAR,Independent,531,0.04,Lost
NCT OF Delhi,NORTH EAST DELHI,MAHFOOZ KHAN,Independent,302,0.02,Lost
NCT OF Delhi,NORTH EAST DELHI,YOGESH SWAMY,Independent,544,0.04,Lost
NCT OF Delhi,NORTH EAST DELHI,S N SINGH,Independent,742,0.05,Lost
NCT OF Delhi,NORTH EAST DELHI,NOTA,None of the Above,4589,0.31,Lost
NCT OF Delhi,NORTH WEST DELHI,GUGAN SINGH,Aam Aadmi Party,294766,21.01,Lost
NCT OF Delhi,NORTH WEST DELHI,RAJESH LILOTHIA,Indian National Congress,236882,16.88,Lost
NCT OF Delhi,NORTH WEST DELHI,HANS RAJ HANS,Bharatiya Janata Party,848663,60.49,Lost
NCT OF Delhi,NORTH WEST DELHI,ISHWAR MANSUKH ISHU,Satya Bahumat Party,2348,0.17,Lost
NCT OF Delhi,NORTH WEST DELHI,GAURAV BHATIA,Mazdoor Kirayedar Vikas Party,874,0.06,Lost
NCT OF Delhi,NORTH WEST DELHI,MADAN LAL BALMIKI,Rashtriya Samrasta Party,1175,0.08,Lost
NCT OF Delhi,NORTH WEST DELHI,RAM KUMAR,Bhartiya Pragatisheel Congress,724,0.05,Lost
NCT OF Delhi,NORTH WEST DELHI,SURESH KUMAR,Socialist Janata Party,805,0.06,Lost
NCT OF Delhi,NORTH WEST DELHI,ADITI,Independent,1464,0.1,Lost
NCT OF Delhi,NORTH WEST DELHI,"CHARAN SINGH ""BABRIK""",Independent,2915,0.21,Lost
NCT OF Delhi,NORTH WEST DELHI,NAVEEN,Independent,2136,0.15,Lost
NCT OF Delhi,NORTH WEST DELHI,NOTA,None of the Above,10210,0.73,Lost
NCT OF Delhi,SOUTH DELHI,RAMESH BIDHURI,Bharatiya Janata Party,687014,56.58,Lost
NCT OF Delhi,SOUTH DELHI,RAGHAV CHADHA,Aam Aadmi Party,319971,26.35,Lost
NCT OF Delhi,SOUTH DELHI,VIJENDER,Indian National Congress,164613,13.56,Lost
NCT OF Delhi,SOUTH DELHI,SIDDHANT GAUTAM,Bahujan Samaj Party,14761,1.22,Lost
NCT OF Delhi,SOUTH DELHI,Aditya Kumar Naveen,Hum Bhartiya Party,3892,0.32,Lost
NCT OF Delhi,SOUTH DELHI,D. K. CHOPRA,All India Forward Bloc,367,0.03,Lost
NCT OF Delhi,SOUTH DELHI,JITENDRA SHARMA,Prism,200,0.02,Lost
NCT OF Delhi,SOUTH DELHI,DALBIR SINGH MALIK,Voters Party International,314,0.03,Lost
NCT OF Delhi,SOUTH DELHI,DILIP KUMAR,Sanatan Sanskriti Raksha Dal,473,0.04,Lost
NCT OF Delhi,SOUTH DELHI,DEEPAK KUMAR,Aapki Apni Party (Peoples),929,0.08,Lost
NCT OF Delhi,SOUTH DELHI,DESH KUMAR,Akhil Bharatiya Jan Sangh,403,0.03,Lost
NCT OF Delhi,SOUTH DELHI,NAVANIT,National Youth Party,334,0.03,Lost
NCT OF Delhi,SOUTH DELHI,MAHENDER SINGH CHURIYANA,Peoples Party of India (Democratic),1019,0.08,Lost
NCT OF Delhi,SOUTH DELHI,MATHEWS,Bhartiya Insan Party,1139,0.09,Lost
NCT OF Delhi,SOUTH DELHI,MOHAN KUMAR GUPTA,Mazdoor Kirayedar Vikas Party,969,0.08,Lost
NCT OF Delhi,SOUTH DELHI,RAJENDRA PRASAD GUPTA,Parivartan Samaj Party,1897,0.16,Lost
NCT OF Delhi,SOUTH DELHI,RAM KHILAWAN,"Proutist Bloc, India",2541,0.21,Lost
NCT OF Delhi,SOUTH DELHI,K. ROSHAN KUMAR,Pyramid Party of India,1399,0.12,Lost
NCT OF Delhi,SOUTH DELHI,SUMAN YADAV,Jai Maha Bharath Party,1537,0.13,Lost
NCT OF Delhi,SOUTH DELHI,SUMEDHA BODH,Jan Samman party,1708,0.14,Lost
NCT OF Delhi,SOUTH DELHI,SOBRAN SINGH CHAUHAN,Rashtriya Rashtrawadi Party,278,0.02,Lost
NCT OF Delhi,SOUTH DELHI,SANDEEP GUPTA,Rashtriya Jan Adhikar Party,370,0.03,Lost
NCT OF Delhi,SOUTH DELHI,NAUSHA KHAN,Independent,215,0.02,Lost
NCT OF Delhi,SOUTH DELHI,BIRJU NAYAK,Independent,390,0.03,Lost
NCT OF Delhi,SOUTH DELHI,ROSHAN KUMAR CHOUDHARY,Independent,731,0.06,Lost
NCT OF Delhi,SOUTH DELHI,SUNIL KUMAR,Independent,390,0.03,Lost
NCT OF Delhi,SOUTH DELHI,HARSH NATH VERMA,Independent,1104,0.09,Lost
NCT OF Delhi,SOUTH DELHI,NOTA,None of the Above,5264,0.43,Lost
NCT OF Delhi,WEST DELHI,PARVESH SAHIB SINGH VERMA,Bharatiya Janata Party,865648,60.05,Lost
NCT OF Delhi,WEST DELHI,BALBIR SINGH JAKHAR,Aam Aadmi Party,251873,17.47,Lost
NCT OF Delhi,WEST DELHI,MAHABAL MISHRA,Indian National Congress,287162,19.92,Lost
NCT OF Delhi,WEST DELHI,SITA SARAN SEN,Bahujan Samaj Party,13269,0.92,Lost
NCT OF Delhi,WEST DELHI,KULWINDER SINGH MEHTA,Pyramid Party of India,542,0.04,Lost
NCT OF Delhi,WEST DELHI,JANAK RAJ RANA,Akhand Rashtrawadi Party,329,0.02,Lost
NCT OF Delhi,WEST DELHI,DAYA NAND VATS,Republican Party of India (A),379,0.03,Lost
NCT OF Delhi,WEST DELHI,DHARAMBIR SINGH,Rashtriya Janshakti Party (Secular),551,0.04,Lost
NCT OF Delhi,WEST DELHI,POONAM UJJAINWAL,Peoples Party of India (Democratic),935,0.06,Lost
NCT OF Delhi,WEST DELHI,PROBIR DUTTA,Satya Bahumat Party,329,0.02,Lost
NCT OF Delhi,WEST DELHI,BAIDYANATH SAH,"Proutist Bloc, India",467,0.03,Lost
NCT OF Delhi,WEST DELHI,MANMOHAN SINGH,Rashtra Nirman Party,444,0.03,Lost
NCT OF Delhi,WEST DELHI,VIKASH KUMAR MOHAL,Aapki Apni Party (Peoples),895,0.06,Lost
NCT OF Delhi,WEST DELHI,SHASHI JEET,National Youth Party,719,0.05,Lost
NCT OF Delhi,WEST DELHI,SHISH PAL SINGH,Prism,538,0.04,Lost
NCT OF Delhi,WEST DELHI,IQBAL SINGH (SONU),Independent,2186,0.15,Lost
NCT OF Delhi,WEST DELHI,NAVIN CHANDRA DAS,Independent,1706,0.12,Lost
NCT OF Delhi,WEST DELHI,PRAVESH SHARMA,Independent,1757,0.12,Lost
NCT OF Delhi,WEST DELHI,BALBIR SINGH,Independent,1024,0.07,Lost
NCT OF Delhi,WEST DELHI,M. MISHRA,Independent,652,0.05,Lost
NCT OF Delhi,WEST DELHI,RAMESH CHAND VERMA,Independent,312,0.02,Lost
NCT OF Delhi,WEST DELHI,RAJIV KUMAR,Independent,365,0.03,Lost
NCT OF Delhi,WEST DELHI,HARSH VARDHAN SHUKLA,Independent,582,0.04,Lost
NCT OF Delhi,WEST DELHI,NOTA,None of the Above,8937,0.62,Lost
Odisha,Aska,Anita Subhadarshini,Bharatiya Janata Party,348042,34.33,Lost
Odisha,Aska,Purna Chandra Nayak,Bahujan Samaj Party,8549,0.84,Lost
Odisha,Aska,Pramila Bisoyi,Biju Janata Dal,552749,54.52,Lost
Odisha,Aska,Rama Krushna Panda,Communist Party of India,59978,5.92,Lost
Odisha,Aska,Rajeeb Chandra Khadanga,All India Forward Bloc,5987,0.59,Lost
Odisha,Aska,Sankar Sahu,Communist Party of India (Marxist-Leninist) Red Star,5999,0.59,Lost
Odisha,Aska,Chakradhar Sahu,Independent,7738,0.76,Lost
Odisha,Aska,K. Shyambabu Subudhi,Independent,7476,0.74,Lost
Odisha,Aska,NOTA,None of the Above,17344,1.71,Lost
Odisha,Balasore,NAVAJYOTI PATNAIK,Indian National Congress,179403,15.49,Lost
Odisha,Balasore,PRATAP CHANDRA SARANGI,Bharatiya Janata Party,483858,41.79,Lost
Odisha,Balasore,RABINDRA KUMAR JENA,Biju Janata Dal,470902,40.67,Lost
Odisha,Balasore,HAJI SK ABDUL ISTAR,All India Trinamool Congress,3900,0.34,Lost
Odisha,Balasore,MOHAMMED ALLI,Ambedkar National Congress,1356,0.12,Lost
Odisha,Balasore,RAMAKANTA PANDA,Purvanchal Janta Party (Secular),1241,0.11,Lost
Odisha,Balasore,SUBHASH,Pragatishil Samajwadi Party (Lohia),825,0.07,Lost
Odisha,Balasore,JAGANNATH DAS,Independent,816,0.07,Lost
Odisha,Balasore,BASANTALATA PATTANAYAK,Independent,1422,0.12,Lost
Odisha,Balasore,JADUNATH SETHI,Independent,1676,0.14,Lost
Odisha,Balasore,RAMANATH BARIK,Independent,2454,0.21,Lost
Odisha,Balasore,SAROJ KUMAR PANDA,Independent,2582,0.22,Lost
Odisha,Balasore,NOTA,None of the Above,7436,0.64,Lost
Odisha,Bargarh,Kousika Suna,Bahujan Samaj Party,11056,0.89,Lost
Odisha,Bargarh,Pradeep Kumar Debta,Indian National Congress,109417,8.77,Lost
Odisha,Bargarh,Prasanna Acharya,Biju Janata Dal,517306,41.45,Lost
Odisha,Bargarh,Suresh Pujari,Bharatiya Janata Party,581245,46.58,Lost
Odisha,Bargarh,Kulamani Urma,Independent,8346,0.67,Lost
Odisha,Bargarh,M D Nizamuddin,Independent,6375,0.51,Lost
Odisha,Bargarh,NOTA,None of the Above,14167,1.14,Lost
Odisha,Berhampur,V.CHANDRASEKHAR NAIDU,Indian National Congress,142632,14.41,Lost
Odisha,Berhampur,CHANDRA SEKHAR SAHU,Biju Janata Dal,443843,44.84,Lost
Odisha,Berhampur,TIRUPATHI RAO KARANAM,Bahujan Samaj Party,8290,0.84,Lost
Odisha,Berhampur,BHRUGU BAXIPATRA,Bharatiya Janata Party,348999,35.26,Lost
Odisha,Berhampur,SRIHARI PATNAIK,Odisha Pragati Dal,8304,0.84,Lost
Odisha,Berhampur,SOMANATH BEHERA,SOCIALIST UNITY CENTRE OF INDIA (COMMUNIST),8296,0.84,Lost
Odisha,Berhampur,CHAKRADHAR SAHU,Independent,7081,0.72,Lost
Odisha,Berhampur,K. SHYAMBABU SUBUDHI,Independent,8084,0.82,Lost
Odisha,Berhampur,NOTA,None of the Above,14381,1.45,Lost
Odisha,Bhadrak,AVIMANYU SETHI,Bharatiya Janata Party,483502,39.51,Lost
Odisha,Bhadrak,TILOTTAMA JENA,All India Trinamool Congress,3327,0.27,Lost
Odisha,Bhadrak,MADHUMITA SETHI,Indian National Congress,207811,16.98,Lost
Odisha,Bhadrak,MANJULATA MANDAL,Biju Janata Dal,512305,41.86,Lost
Odisha,Bhadrak,MURALIDHAR JENA,Bahujan Samaj Party,4708,0.38,Lost
Odisha,Bhadrak,KIRTAN BIHARI MALIK,SOCIALIST UNITY CENTRE OF INDIA (COMMUNIST),1430,0.12,Lost
Odisha,Bhadrak,LAXMIPRIYA JENA,Kalinga Sena,1556,0.13,Lost
Odisha,Bhadrak,PITAMBAR SETHI,Independent,2579,0.21,Lost
Odisha,Bhadrak,NOTA,None of the Above,6536,0.53,Lost
Odisha,Bhubaneswar,APARAJITA SARANGI,Bharatiya Janata Party,486991,48.45,Lost
Odisha,Bhubaneswar,Arup Mohan Patnaik,Biju Janata Dal,463152,46.07,Lost
Odisha,Bhubaneswar,JANARDAN PATI,Communist Party of India (Marxist),23026,2.29,Lost
Odisha,Bhubaneswar,SUBHRANSHU SEKHAR PADHI,All India Trinamool Congress,2344,0.23,Lost
Odisha,Bhubaneswar,LALITA KUMAR NAYAK,Bahujan Samaj Party,2780,0.28,Lost
Odisha,Bhubaneswar,PRAMILA BEHERA,Communist Party of India (Marxist-Leninist) Red Star,1482,0.15,Lost
Odisha,Bhubaneswar,BISWANATH ROUT,Krupaa Party,2816,0.28,Lost
Odisha,Bhubaneswar,BISWANATH RAMACHANDRA,Freethought Party of India,1497,0.15,Lost
Odisha,Bhubaneswar,BHAKTA SEKHAR RAY,Kalinga Sena,1382,0.14,Lost
Odisha,Bhubaneswar,JAYANT KUMAR DAS,Independent,2360,0.23,Lost
Odisha,Bhubaneswar,MADHU SUDAN YADAV,Independent,1200,0.12,Lost
Odisha,Bhubaneswar,MAHESH CHANDRA SETHI,Independent,1491,0.15,Lost
Odisha,Bhubaneswar,SANJAYA KUMAR SAHOO,Independent,5873,0.58,Lost
Odisha,Bhubaneswar,Susil Kumar Jena,Independent,2665,0.27,Lost
Odisha,Bhubaneswar,NOTA,None of the Above,6156,0.61,Lost
Odisha,Bolangir,Kalikesh Narayan Singh Deo,Biju Janata Dal,478570,36.62,Lost
Odisha,Bolangir,Rana Nag,Bahujan Samaj Party,12229,0.94,Lost
Odisha,Bolangir,Samarendra Mishra,Indian National Congress,271056,20.74,Lost
Odisha,Bolangir,Sangeeta Kumari Singh Deo,Bharatiya Janata Party,498086,38.12,Lost
Odisha,Bolangir,DINESH NAG,Ambedkarite Party of India,13919,1.07,Lost
Odisha,Bolangir,Suresh Kumar Putel,Bahujan Mukti Party,5261,0.4,Lost
Odisha,Bolangir,Hrudananda Karuan,SOCIALIST UNITY CENTRE OF INDIA (COMMUNIST),5508,0.42,Lost
Odisha,Bolangir,Dr. Bipin Kusulia,Independent,6075,0.46,Lost
Odisha,Bolangir,NOTA,None of the Above,16001,1.22,Lost
Odisha,Cuttack,PANCHANAN KANUNGO,Indian National Congress,99847,9.42,Lost
Odisha,Cuttack,PRAKASH MISHRA,Bharatiya Janata Party,403391,38.07,Lost
Odisha,Cuttack,PRAMOD KUMAR MALLICK,Bahujan Samaj Party,4408,0.42,Lost
Odisha,Cuttack,BHARTRUHARI MAHTAB,Biju Janata Dal,524592,49.51,Lost
Odisha,Cuttack,AKSHAYA KUMAR KAR,Krupaa Party,3823,0.36,Lost
Odisha,Cuttack,BISWAJIT GOSWAMI,Kalinga Sena,1358,0.13,Lost
Odisha,Cuttack,RAJAKISHORE MALLIK,SOCIALIST UNITY CENTRE OF INDIA (COMMUNIST),2756,0.26,Lost
Odisha,Cuttack,SOMIYA RANJAN DAS,Bharat Prabhat Party,1409,0.13,Lost
Odisha,Cuttack,ASHOK PRADHAN,Independent,1357,0.13,Lost
Odisha,Cuttack,BRUNDABAN DAS AZAD,Independent,3414,0.32,Lost
Odisha,Cuttack,SANJAYA KUMAR SAHOO,Independent,5899,0.56,Lost
Odisha,Cuttack,NOTA,None of the Above,7236,0.68,Lost
Odisha,Dhenkanal,RAJA KAMAKHYA PRASAD SINGH DEO,Indian National Congress,80349,7.1,Lost
Odisha,Dhenkanal,PRADYUMNA KUMAR NAIK,Bahujan Samaj Party,7789,0.69,Lost
Odisha,Dhenkanal,MAHESH SAHOO,Biju Janata Dal,522884,46.21,Lost
Odisha,Dhenkanal,RUDRA NARAYAN PANY,Bharatiya Janata Party,487472,43.08,Lost
Odisha,Dhenkanal,PRIYABRATA GARNAIK,Hindusthan Nirman Dal,6946,0.61,Lost
Odisha,Dhenkanal,BIJAYA KUMAR BEHERA,Ambedkarite Party of India,4742,0.42,Lost
Odisha,Dhenkanal,MANASI SWAIN,SOCIALIST UNITY CENTRE OF INDIA (COMMUNIST),3295,0.29,Lost
Odisha,Dhenkanal,RANJAN KUMAR SAHOO,Bhartiya Manavadhikaar Federal Party,2914,0.26,Lost
Odisha,Dhenkanal,SAROJ KUMAR SATPATHY,Samata Kranti Dal,3877,0.34,Lost
Odisha,Dhenkanal,NOTA,None of the Above,11254,0.99,Lost
Odisha,Jagatsinghpur,PRATIMA MALLICK,Indian National Congress,239684,19.5,Lost
Odisha,Jagatsinghpur,BIBHU PRASAD TARAI,Bharatiya Janata Party,348330,28.34,Lost
Odisha,Jagatsinghpur,BIBHUTI BHUSAN MAJHI,Bahujan Samaj Party,5244,0.43,Lost
Odisha,Jagatsinghpur,RAJASHREE MALLICK,Biju Janata Dal,619985,50.44,Lost
Odisha,Jagatsinghpur,ANIL KUMAR BEHERA,Freethought Party of India,3586,0.29,Lost
Odisha,Jagatsinghpur,JAGANNATH MEGH,Jai Prakash Janata Dal,1237,0.1,Lost
Odisha,Jagatsinghpur,DIPAK KUMAR DAS,Akhil Bharat Hindu Mahasabha,1503,0.12,Lost
Odisha,Jagatsinghpur,PEEYUUSH DAS,Ambedkarite Party of India,1751,0.14,Lost
Odisha,Jagatsinghpur,SASMITA DAS,Independent,1813,0.15,Lost
Odisha,Jagatsinghpur,NOTA,None of the Above,6057,0.49,Lost
Odisha,Jajpur,AMIYA KANTA MALLICK,Bharatiya Janata Party,442327,40.5,Lost
Odisha,Jajpur,MANAS JENA,Indian National Congress,83321,7.63,Lost
Odisha,Jajpur,SARMISTHA SETHI,Biju Janata Dal,544020,49.81,Lost
Odisha,Jajpur,TILOTTAMA SETHY,"Proutist Bloc, India",4470,0.41,Lost
Odisha,Jajpur,BHIMA SEN BEHERA,Freethought Party of India,1801,0.16,Lost
Odisha,Jajpur,RANJIT MALIK,Bahujan Mukti Party,2049,0.19,Lost
Odisha,Jajpur,SUNAKAR BEHERA,Jai Prakash Janata Dal,1985,0.18,Lost
Odisha,Jajpur,SUBASA CHANDRA MALIK,SOCIALIST UNITY CENTRE OF INDIA (COMMUNIST),4950,0.45,Lost
Odisha,Jajpur,NOTA,None of the Above,7161,0.66,Lost
Odisha,Kalahandi,PUSPENDRA SINGH DEO,Biju Janata Dal,406260,33.08,Lost
Odisha,Kalahandi,PREMANANDA BAG,Bahujan Samaj Party,10448,0.85,Lost
Odisha,Kalahandi,BASANTA KUMAR PANDA,Bharatiya Janata Party,433074,35.26,Lost
Odisha,Kalahandi,BHAKTA CHARAN DAS,Indian National Congress,319202,25.99,Lost
Odisha,Kalahandi,KAMALINI YADAV,Bahujan Mukti Party,15864,1.29,Lost
Odisha,Kalahandi,CHHABILAL NIAL,Ambedkarite Party of India,12409,1.01,Lost
Odisha,Kalahandi,HATIRAM DURGA,Independent,9836,0.8,Lost
Odisha,Kalahandi,NOTA,None of the Above,21199,1.73,Lost
Odisha,Kandhamal,ACHYUTANANDA SAMANTA,Biju Janata Dal,461679,49.01,Lost
Odisha,Kandhamal,Amir Nayak,Bahujan Samaj Party,7314,0.78,Lost
Odisha,Kandhamal,Manoj Kumar Acharya,Indian National Congress,138993,14.76,Lost
Odisha,Kandhamal,Mahameghabahan Aira Kharabela Swain,Bharatiya Janata Party,312463,33.17,Lost
Odisha,Kandhamal,TUNA MALLICK,Communist Party of India (Marxist-Leninist) Red Star,8283,0.88,Lost
Odisha,Kandhamal,NOTA,None of the Above,13253,1.41,Lost
Odisha,Kendrapara,Anubhav Mohanty,Biju Janata Dal,628939,50.87,Lost
Odisha,Kendrapara,DHARANIDHAR NAYAK,Indian National Congress,113841,9.21,Lost
Odisha,Kendrapara,BAIJAYANT PANDA,Bharatiya Janata Party,476355,38.53,Lost
Odisha,Kendrapara,Rabindra Nath Behera,Samajwadi Party,5138,0.42,Lost
Odisha,Kendrapara,Srikanta Samal,Krupaa Party,1868,0.15,Lost
Odisha,Kendrapara,Santosh Kumar Das,Independent,1456,0.12,Lost
Odisha,Kendrapara,SANTOSH KUMAR PATRA,Independent,2281,0.18,Lost
Odisha,Kendrapara,NOTA,None of the Above,6588,0.53,Lost
Odisha,Keonjhar,Ananta Nayak,Bharatiya Janata Party,460156,39.12,Lost
Odisha,Keonjhar,Chandrani Murmu,Biju Janata Dal,526359,44.75,Lost
Odisha,Keonjhar,Durga Chandra Pingua,Bahujan Samaj Party,9308,0.79,Lost
Odisha,Keonjhar,Mohan Kumar Hembram,Indian National Congress,128716,10.94,Lost
Odisha,Keonjhar,Prafulla Nayak,All India Forward Bloc,5866,0.5,Lost
Odisha,Keonjhar,Ramesh Laguri,Bahujan Mukti Party,5728,0.49,Lost
Odisha,Keonjhar,Dr. Sudarshan Lohar,Rashtriya Indepndent Morcha,10914,0.93,Lost
Odisha,Keonjhar,Lalmohan Hansda,Akhil Bharat Hindu Mahasabha,10038,0.85,Lost
Odisha,Keonjhar,NOTA,None of the Above,19207,1.63,Lost
Odisha,Koraput,KAUSALYA HIKAKA,Biju Janata Dal,367516,34.02,Lost
Odisha,Koraput,JAYARAM PANGI,Bharatiya Janata Party,208398,19.29,Lost
Odisha,Koraput,BHASKAR MUTUKA,Bahujan Samaj Party,35764,3.31,Lost
Odisha,Koraput,SAPTAGIRI SANKAR ULAKA,Indian National Congress,371129,34.36,Lost
Odisha,Koraput,DAMODARA SABAR,Communist Party of India (Marxist-Leninist) (Liberation),26117,2.42,Lost
Odisha,Koraput,BANAMALI MAJHI,Ambedkarite Party of India,18849,1.75,Lost
Odisha,Koraput,RAJENDRA KENDRUKA,Communist Party of India (Marxist-Leninist) Red Star,15827,1.47,Lost
Odisha,Koraput,NOTA,None of the Above,36561,3.38,Lost
Odisha,Mayurbhanj,DR DEBASHIS MARNDI,Biju Janata Dal,458556,39.86,Lost
Odisha,Mayurbhanj,BISHWESWAR TUDU,Bharatiya Janata Party,483812,42.06,Lost
Odisha,Mayurbhanj,RAMCHANDRA SINGH,Bahujan Samaj Party,10240,0.89,Lost
Odisha,Mayurbhanj,ANJANI SOREN,Jharkhand Mukti Morcha,135552,11.78,Lost
Odisha,Mayurbhanj,BHARAT CHANDRA SINGH,Bahujan Mukti Party,9315,0.81,Lost
Odisha,Mayurbhanj,NANDA KISHORE KISKU,Independent,6889,0.6,Lost
Odisha,Mayurbhanj,PARBATI PURTY,Independent,13937,1.21,Lost
Odisha,Mayurbhanj,RABINDRA NATH SINGH,Independent,10699,0.93,Lost
Odisha,Mayurbhanj,NOTA,None of the Above,21357,1.86,Lost
Odisha,Nabarangpur,CHANDRADHWAJ MAJHI,Bahujan Samaj Party,28905,2.49,Lost
Odisha,Nabarangpur,PRADEEP KUMAR MAJHI,Indian National Congress,350870,30.26,Lost
Odisha,Nabarangpur,BALABHADRA MAJHI,Bharatiya Janata Party,342839,29.56,Lost
Odisha,Nabarangpur,RAMESH CHANDRA MAJHI,Biju Janata Dal,392504,33.85,Lost
Odisha,Nabarangpur,NOTA,None of the Above,44582,3.84,Lost
Odisha,Puri,NRUSINGHA CHARAN DAS,Bahujan Samaj Party,6283,0.55,Lost
Odisha,Puri,PINAKI MISRA,Biju Janata Dal,538321,47.4,Lost
Odisha,Puri,SATYA PRAKASH NAYAK,Indian National Congress,44734,3.94,Lost
Odisha,Puri,Dr Sambit Patra,Bharatiya Janata Party,526607,46.37,Lost
Odisha,Puri,JAYAPRAKASH SETHI,Akhil Bharat Hindu Mahasabha,5008,0.44,Lost
Odisha,Puri,Mandakini Sethi,Communist Party of India (Marxist-Leninist) (Liberation),2651,0.23,Lost
Odisha,Puri,RANJAN MISHRA,Communist Party of India (Marxist-Leninist) Red Star,2312,0.2,Lost
Odisha,Puri,Sabyasachi Mohapatra,Kalinga Sena,2487,0.22,Lost
Odisha,Puri,NOTA,None of the Above,7217,0.64,Lost
Odisha,Sambalpur,NALINI KANTA PRADHAN,Biju Janata Dal,464608,41.32,Lost
Odisha,Sambalpur,NITESH GANGA DEB,Bharatiya Janata Party,473770,42.13,Lost
Odisha,Sambalpur,MD. MUSTUKIM,Bahujan Samaj Party,8177,0.73,Lost
Odisha,Sambalpur,SARAT PATTANAYAK,Indian National Congress,135969,12.09,Lost
Odisha,Sambalpur,Atma Ram Supkar,Pragatishil Samajwadi Party (Lohia),3791,0.34,Lost
Odisha,Sambalpur,ASHUTOSH KUMAR HANUMAN,Bharat Prabhat Party,2058,0.18,Lost
Odisha,Sambalpur,NABAKISHORE PRADHAN,SOCIALIST UNITY CENTRE OF INDIA (COMMUNIST),2715,0.24,Lost
Odisha,Sambalpur,PRABHAT KUMAR DHARUA,Gondvana Gantantra Party,2699,0.24,Lost
Odisha,Sambalpur,BINAY OCEAN,Ambedkarite Party of India,6581,0.59,Lost
Odisha,Sambalpur,SANTOSHINI KARNA,Ambedkar National Congress,5197,0.46,Lost
Odisha,Sambalpur,KANHU CHARAN SANBAD,Independent,5434,0.48,Lost
Odisha,Sambalpur,NOTA,None of the Above,13456,1.2,Lost
Odisha,Sundargarh,George Tirkey,Indian National Congress,268218,24.38,Lost
Odisha,Sundargarh,Jual Oram,Bharatiya Janata Party,500056,45.45,Lost
Odisha,Sundargarh,Sunita Biswal,Biju Janata Dal,276991,25.18,Lost
Odisha,Sundargarh,Justin Lugun,SOCIALIST UNITY CENTRE OF INDIA (COMMUNIST),9524,0.87,Lost
Odisha,Sundargarh,Dayananda Bhitria,Hindusthan Nirman Dal,4027,0.37,Lost
Odisha,Sundargarh,Basil Ekka,Aam Aadmi Party,6614,0.6,Lost
Odisha,Sundargarh,Udit Chandra Amat,Independent,6234,0.57,Lost
Odisha,Sundargarh,Miss Juspin Lakra,Independent,14790,1.34,Lost
Odisha,Sundargarh,NOTA,None of the Above,13675,1.24,Lost
Puducherry,Puducherry,Dr. NARAYANASAMY KESAVAN,All India N.R. Congress,247956,31.36,Lost
Puducherry,Puducherry,A.G.PATHIMARAJ,Bahujan Samaj Party,2689,0.34,Lost
Puducherry,Puducherry,Ve. VAITHILINGAM,Indian National Congress,444981,56.27,Lost
Puducherry,Puducherry,K.ARUNACHALAM,Agila India Makkal Kazhagam,2201,0.28,Lost
Puducherry,Puducherry,Dr.M.A.S. SUBRAMANIAN,Makkal Needhi Maiam,38068,4.81,Lost
Puducherry,Puducherry,S. THIRUGNANAM,Anti Corruption Dynamic Party,674,0.09,Lost
Puducherry,Puducherry,BASKARAN.S,Puducherry Development Party,1319,0.17,Lost
Puducherry,Puducherry,MUTHU.U,SOCIALIST UNITY CENTRE OF INDIA (COMMUNIST),1285,0.16,Lost
Puducherry,Puducherry,S.MOTHILAL,Communist Party of India (Marxist-Leninist) (Liberation),905,0.11,Lost
Puducherry,Puducherry,N.SHARMILA BEGUM,Naam Tamilar Katchi,22857,2.89,Lost
Puducherry,Puducherry,K. RAMADOSS,Independent,543,0.07,Lost
Puducherry,Puducherry,KRISHNAMURTHY.M,Independent,3579,0.45,Lost
Puducherry,Puducherry,THANGAVELU.S,Independent,1002,0.13,Lost
Puducherry,Puducherry,N. TAMIZH MARANE,Independent,4791,0.61,Lost
Puducherry,Puducherry,TIRAVITAMANKAI@LOURDHUMARY,Independent,870,0.11,Lost
Puducherry,Puducherry,IMS. BALAJI,Independent,2546,0.32,Lost
Puducherry,Puducherry,RAMESH.D,Independent,1653,0.21,Lost
Puducherry,Puducherry,V. RAMAMURTHI,Independent,642,0.08,Lost
Puducherry,Puducherry,NOTA,None of the Above,12199,1.54,Lost
Punjab,Amritsar,HARDEEP SINGH PURI,Bharatiya Janata Party,345406,40.19,Lost
Punjab,Amritsar,KULDIP SINGH DHALIWAL,Aam Aadmi Party,20087,2.34,Lost
Punjab,Amritsar,GURJEET SINGH AUJLA,Indian National Congress,445032,51.78,Lost
Punjab,Amritsar,DASWINDER KAUR,Communist Party of India,16335,1.9,Lost
Punjab,Amritsar,SATNAM SINGH,Democratic Party of India (Ambedkar),799,0.09,Lost
Punjab,Amritsar,KAWALJIT SINGH SAHOTA,Bahujan Samaj Party (Ambedkar),774,0.09,Lost
Punjab,Amritsar,KEWAL KRISHAN,Bahujan Mukti Party,678,0.08,Lost
Punjab,Amritsar,GAGANDEEP KUMAR,Shivsena,1193,0.14,Lost
Punjab,Amritsar,LAKHWINDER SINGH SIDHU,Republican Party of India (A),1325,0.15,Lost
Punjab,Amritsar,SARABJIT SINGH,Independent,561,0.07,Lost
Punjab,Amritsar,SHAMSHER SINGH,Independent,514,0.06,Lost
Punjab,Amritsar,SANJEEV KUMAR,Independent,489,0.06,Lost
Punjab,Amritsar,SANDEEP SINGH,Independent,1019,0.12,Lost
Punjab,Amritsar,SHAM LAL GANDHIWADI,Independent,3251,0.38,Lost
Punjab,Amritsar,SUNIL KUMAR BHATTI,Independent,703,0.08,Lost
Punjab,Amritsar,SUNIL KUMAR MATTU,Independent,3204,0.37,Lost
Punjab,Amritsar,SHUBHAM KUMAR,Independent,2311,0.27,Lost
Punjab,Amritsar,SUMAN SINGH,Independent,433,0.05,Lost
Punjab,Amritsar,SURJIT SINGH,Independent,1609,0.19,Lost
Punjab,Amritsar,HARJINDER SINGH,Independent,541,0.06,Lost
Punjab,Amritsar,KASHMIR SINGH,Independent,469,0.05,Lost
Punjab,Amritsar,KABAL SINGH,Independent,260,0.03,Lost
Punjab,Amritsar,GAUTAM,Independent,381,0.04,Lost
Punjab,Amritsar,CHAND KUMAR,Independent,235,0.03,Lost
Punjab,Amritsar,CHAIN SINGH BAINKA,Independent,447,0.05,Lost
Punjab,Amritsar,JASPAL SINGH,Independent,271,0.03,Lost
Punjab,Amritsar,BALWINDER SINGH,Independent,335,0.04,Lost
Punjab,Amritsar,BAL KRISHAN,Independent,600,0.07,Lost
Punjab,Amritsar,MOHINDER SINGH,Independent,901,0.1,Lost
Punjab,Amritsar,MOHINDER SINGH NAMDHARI,Independent,587,0.07,Lost
Punjab,Amritsar,NOTA,None of the Above,8763,1.02,Lost
Punjab,Anandpur Sahib,Sodhi Vikram Singh,Bahujan Samaj Party,146441,13.54,Lost
Punjab,Anandpur Sahib,Narinder Singh Shergill,Aam Aadmi Party,53052,4.9,Lost
Punjab,Anandpur Sahib,Professor Prem Singh Chandumajra,Shiromani Akali Dal,381161,35.24,Lost
Punjab,Anandpur Sahib,Manish Tewari,Indian National Congress,428045,39.57,Lost
Punjab,Anandpur Sahib,Raghunath Singh,Communist Party of India (Marxist),10665,0.99,Lost
Punjab,Anandpur Sahib,Ashwani Kumar,Hindustan Shakti Sena,1732,0.16,Lost
Punjab,Anandpur Sahib,Dr. Sukhdeep Kaur,Janral Samaj Party,1028,0.1,Lost
Punjab,Anandpur Sahib,Surinder Kaur Mangat,Rashtriya Janshakti Party (Secular),1106,0.1,Lost
Punjab,Anandpur Sahib,Harmesh Sharma,Jai Jawan Jai Kisan Party,931,0.09,Lost
Punjab,Anandpur Sahib,Kawaljeet Singh,Hind Congress Party,902,0.08,Lost
Punjab,Anandpur Sahib,Kulwinder Kaur,Ambedkarite Party of India,1929,0.18,Lost
Punjab,Anandpur Sahib,Gurbinder Singh Sonu,Peoples Party of India (Democratic),1522,0.14,Lost
Punjab,Anandpur Sahib,Jodh Singh Thandi,Bhartiya Lok Seva Dal,2921,0.27,Lost
Punjab,Anandpur Sahib,Faqir Chand,Shivsena,2465,0.23,Lost
Punjab,Anandpur Sahib,Bir Devinder Singh,Shiromani Akali Dal (Taksali),10424,0.96,Lost
Punjab,Anandpur Sahib,Bargava Reddy D,Pyramid Party of India,2824,0.26,Lost
Punjab,Anandpur Sahib,Avtar Singh,Independent,3646,0.34,Lost
Punjab,Anandpur Sahib,Ashish Garg,Independent,2784,0.26,Lost
Punjab,Anandpur Sahib,Sunaina,Independent,1912,0.18,Lost
Punjab,Anandpur Sahib,Kirpal Kaur,Independent,2171,0.2,Lost
Punjab,Anandpur Sahib,Charan Dass,Independent,960,0.09,Lost
Punjab,Anandpur Sahib,Jagneet Singh Balsuan,Independent,1117,0.1,Lost
Punjab,Anandpur Sahib,Dr. Paramjeet Singh Ranu,Independent,1316,0.12,Lost
Punjab,Anandpur Sahib,Manmohan Singh,Independent,1382,0.13,Lost
Punjab,Anandpur Sahib,Rakesh Kumar,Independent,1011,0.09,Lost
Punjab,Anandpur Sahib,Vikram Singh John,Independent,1145,0.11,Lost
Punjab,Anandpur Sahib,NOTA,None of the Above,17135,1.58,Lost
Punjab,Bathinda,Amrinder Singh Raja Warring,Indian National Congress,471052,39.23,Lost
Punjab,Bathinda,Harsimrat Kaur Badal,Shiromani Akali Dal,492824,41.04,Lost
Punjab,Bathinda,Prof. Baljinder Kaur,Aam Aadmi Party,134398,11.19,Lost
Punjab,Bathinda,Swarn Singh Dhaliwal,SOCIALIST UNITY CENTRE OF INDIA (COMMUNIST),5106,0.43,Lost
Punjab,Bathinda,Sukhchain Singh Bhargav,Hindustan Shakti Sena,1794,0.15,Lost
Punjab,Bathinda,Sukhpal Singh Khaira,Punjab Ekta Party,38199,3.18,Lost
Punjab,Bathinda,Gursewak Singh,Shiromani Akali Dal (Amritsar)(Simranjit Singh Mann),3820,0.32,Lost
Punjab,Bathinda,Gurmeet Singh Insa,Punjab Labour Party,692,0.06,Lost
Punjab,Bathinda,Dr. Jagsir Singh Mrar,Bahujan Mukti Party,1066,0.09,Lost
Punjab,Bathinda,Rtd. Subedar Major Jagdev Singh Raipur,Bhartiya Lok Seva Dal,1765,0.15,Lost
Punjab,Bathinda,Baljinder Kumar Sangila,Socialist Party (India),1406,0.12,Lost
Punjab,Bathinda,Bhagwant Singh Samaon,Communist Party of India (Marxist-Leninist) (Liberation),5381,0.45,Lost
Punjab,Bathinda,Bhupinder Singh Bhainda Waring,Samaj Adhikar Kalyan Party,1302,0.11,Lost
Punjab,Bathinda,Amrik Singh,Independent,1676,0.14,Lost
Punjab,Bathinda,Sandeep Kumar,Independent,2731,0.23,Lost
Punjab,Bathinda,Surjeet Singh,Independent,5872,0.49,Lost
Punjab,Bathinda,Harpal Singh,Independent,4627,0.39,Lost
Punjab,Bathinda,Kartar Singh,Independent,2978,0.25,Lost
Punjab,Bathinda,Gurcharan Singh,Independent,1485,0.12,Lost
Punjab,Bathinda,Gurmail Singh,Independent,804,0.07,Lost
Punjab,Bathinda,Teja Singh,Independent,1448,0.12,Lost
Punjab,Bathinda,Nahar Singh,Independent,960,0.08,Lost
Punjab,Bathinda,Bhola Singh Sahota,Independent,884,0.07,Lost
Punjab,Bathinda,Manjit Kaur,Independent,1072,0.09,Lost
Punjab,Bathinda,Ranveer Singh Rana,Independent,913,0.08,Lost
Punjab,Bathinda,Prof. Lakhbir Singh,Independent,1154,0.1,Lost
Punjab,Bathinda,Veerpal Kaur,Independent,2078,0.17,Lost
Punjab,Bathinda,NOTA,None of the Above,13323,1.11,Lost
Punjab,Faridkot,Prof. Sadhu Singh,Aam Aadmi Party,115319,11.83,Lost
Punjab,Faridkot,Gulzar Singh Ranike,Shiromani Akali Dal,335809,34.44,Lost
Punjab,Faridkot,Dr. Daljit Singh Chauhan,Nationalist Congress Party,3585,0.37,Lost
Punjab,Faridkot,Mohammad Sadique,Indian National Congress,419065,42.98,Lost
Punjab,Faridkot,Om Parkash,Bhartiya Janraj Party,3035,0.31,Lost
Punjab,Faridkot,Ajay Kumar,Indian Democratic Republican Front,6106,0.63,Lost
Punjab,Faridkot,Amandeep Kaur,Peoples Party of India (Democratic),1290,0.13,Lost
Punjab,Faridkot,Dr. Swarn Singh,Apna Samaj Party,3678,0.38,Lost
Punjab,Faridkot,Sukhdev Singh,Hindustan Shakti Sena,1785,0.18,Lost
Punjab,Faridkot,Chanan Singh Wattu,Bahujan Mukti Party,1313,0.13,Lost
Punjab,Faridkot,Parminder Singh,Bharat Prabhat Party,810,0.08,Lost
Punjab,Faridkot,Master Baldev Singh,Punjab Ekta Party,43932,4.51,Lost
Punjab,Faridkot,Bhola Singh,Bhartiya Lok Seva Dal,3462,0.36,Lost
Punjab,Faridkot,Rajinder Kaur Safri,Rashtriya Janshakti Party (Secular),2138,0.22,Lost
Punjab,Faridkot,Veerpal Kaur,Samaj Adhikar Kalyan Party,1785,0.18,Lost
Punjab,Faridkot,Jaswinder Singh,Independent,4912,0.5,Lost
Punjab,Faridkot,Jagmeet Singh,Independent,2091,0.21,Lost
Punjab,Faridkot,Darshan Singh,Independent,2054,0.21,Lost
Punjab,Faridkot,Nanak Singh Chauhan,Independent,1415,0.15,Lost
Punjab,Faridkot,Badal Singh,Independent,2117,0.22,Lost
Punjab,Faridkot,NOTA,None of the Above,19246,1.97,Lost
Punjab,Fatehgarh Sahib,AMAR SINGH,Indian National Congress,411651,41.75,Lost
Punjab,Fatehgarh Sahib,DARBARA SINGH GURU,Shiromani Akali Dal,317753,32.23,Lost
Punjab,Fatehgarh Sahib,BANDEEP SINGH,Aam Aadmi Party,62881,6.38,Lost
Punjab,Fatehgarh Sahib,ASHOK KUMAR,Rashtriya Lokswaraj Party,3296,0.33,Lost
Punjab,Fatehgarh Sahib,SURJIT SINGH KANG,Bhartiya Lok Seva Dal,3469,0.35,Lost
Punjab,Fatehgarh Sahib,HARCHAND SINGH,Revolutionary Socialist Party,1733,0.18,Lost
Punjab,Fatehgarh Sahib,KAMALJEET SINGH,Democratic Party of India (Ambedkar),2387,0.24,Lost
Punjab,Fatehgarh Sahib,GURJIT SINGH,Sarvjan Sewa Party,942,0.1,Lost
Punjab,Fatehgarh Sahib,GURBACHAN SINGH,Samaj Adhikar Kalyan Party,1310,0.13,Lost
Punjab,Fatehgarh Sahib,BALWINDER KAUR,Jai Jawan Jai Kisan Party,1289,0.13,Lost
Punjab,Fatehgarh Sahib,MANWINDER SINGH GIASPURA,Lok Insaaf Party,142274,14.43,Lost
Punjab,Fatehgarh Sahib,RAM SINGH RAISAL,Ambedkarite Party of India,1939,0.2,Lost
Punjab,Fatehgarh Sahib,VINOD KUMAR,Bharat Prabhat Party,1122,0.11,Lost
Punjab,Fatehgarh Sahib,KARANDEEP SINGH,Independent,1044,0.11,Lost
Punjab,Fatehgarh Sahib,KULDEEP SINGH SAHOTA,Independent,4699,0.48,Lost
Punjab,Fatehgarh Sahib,GURCHARAN SINGH MACHHIWARA,Independent,4986,0.51,Lost
Punjab,Fatehgarh Sahib,ADVOCATE PRABHJOT SINGH,Independent,3942,0.4,Lost
Punjab,Fatehgarh Sahib,PREM SINGH MOHANPUR,Independent,2559,0.26,Lost
Punjab,Fatehgarh Sahib,BALKAR SINGH,Independent,1861,0.19,Lost
Punjab,Fatehgarh Sahib,LACHHMAN SINGH,Independent,1766,0.18,Lost
Punjab,Fatehgarh Sahib,NOTA,None of the Above,13045,1.32,Lost
Punjab,Firozpur,SUKHBIR SINGH BADAL,Shiromani Akali Dal,633427,54.05,Lost
Punjab,Firozpur,SHER SINGH GHUBAYA,Indian National Congress,434577,37.08,Lost
Punjab,Firozpur,HANS RAJ GOLDEN,Communist Party of India,26128,2.23,Lost
Punjab,Firozpur,HARJINDER SINGH KAKA SRAN,Aam Aadmi Party,31872,2.72,Lost
Punjab,Firozpur,SUNNY BAWA,Akhil Bhartiya Apna Dal,1072,0.09,Lost
Punjab,Firozpur,SUKHJIT SINGH,Bhartiya Lok Seva Dal,1626,0.14,Lost
Punjab,Firozpur,HARMANDER SINGH,Samaj Adhikar Kalyan Party,523,0.04,Lost
Punjab,Firozpur,NARESH KUMAR,Hindustan Shakti Sena,1761,0.15,Lost
Punjab,Firozpur,BALWANT SINGH KHALSA,Janral Samaj Party,1194,0.1,Lost
Punjab,Firozpur,MADAN LAL,Republican Party of India (Reformist),952,0.08,Lost
Punjab,Firozpur,SATNAM SINGH SON OF GURDEEP SINGH,Independent,750,0.06,Lost
Punjab,Firozpur,SATNAM SINGH SON OF BALWANT SINGH,Independent,909,0.08,Lost
Punjab,Firozpur,SUSHIL KUMAR,Independent,824,0.07,Lost
Punjab,Firozpur,SURJIT SINGH,Independent,1034,0.09,Lost
Punjab,Firozpur,KASHMIR SINGH,Independent,2387,0.2,Lost
Punjab,Firozpur,KULDEEP SINGH,Independent,5092,0.43,Lost
Punjab,Firozpur,JATINDER SINGH THIND,Independent,6804,0.58,Lost
Punjab,Firozpur,PARWINDER SINGH,Independent,2404,0.21,Lost
Punjab,Firozpur,PALA SINGH,Independent,964,0.08,Lost
Punjab,Firozpur,BALKAR SINGH,Independent,1411,0.12,Lost
Punjab,Firozpur,BUTA RAM GULATI,Independent,700,0.06,Lost
Punjab,Firozpur,MANOJ KUMAR,Independent,731,0.06,Lost
Punjab,Firozpur,NOTA,None of the Above,14891,1.27,Lost
Punjab,Gurdaspur,SUNNY DEOL,Bharatiya Janata Party,558719,50.61,Lost
Punjab,Gurdaspur,SUNIL JAKHAR,Indian National Congress,476260,43.14,Lost
Punjab,Gurdaspur,PETER MASIH,Aam Aadmi Party,27744,2.51,Lost
Punjab,Gurdaspur,ASHWANI KUMAR HAPPY,Communist Party of India (Marxist-Leninist) (Liberation),2469,0.22,Lost
Punjab,Gurdaspur,JASBIR SINGH,Bahujan Samaj Party (Ambedkar),801,0.07,Lost
Punjab,Gurdaspur,PRITAM SINGH BHATTI,Janral Samaj Party,1241,0.11,Lost
Punjab,Gurdaspur,MANGAL SINGH,Democratic Party of India,499,0.05,Lost
Punjab,Gurdaspur,YASH PAUL,Bahujan Mukti Party,666,0.06,Lost
Punjab,Gurdaspur,LAL CHAND KATARU CHAK,Revolutionary Marxist Party of India,15274,1.38,Lost
Punjab,Gurdaspur,AMANDEEP SINGH GHOTRA,Independent,888,0.08,Lost
Punjab,Gurdaspur,SUKRIT SHARDA,Independent,1801,0.16,Lost
Punjab,Gurdaspur,HARPREET SINGH,Independent,800,0.07,Lost
Punjab,Gurdaspur,KARAM SINGH,Independent,1065,0.1,Lost
Punjab,Gurdaspur,KASIM DEEN,Independent,3136,0.28,Lost
Punjab,Gurdaspur,PARAMPREET SINGH,Independent,2964,0.27,Lost
Punjab,Gurdaspur,NOTA,None of the Above,9560,0.87,Lost
Punjab,Hoshiarpur,SOM PARKASH,Bharatiya Janata Party,421320,42.52,Lost
Punjab,Hoshiarpur,KHUSHI RAM,Bahujan Samaj Party,128564,12.98,Lost
Punjab,Hoshiarpur,Dr. RAVJOT SINGH,Aam Aadmi Party,44914,4.53,Lost
Punjab,Hoshiarpur,Dr. RAJ KUMAR CHABBEWAL,Indian National Congress,372790,37.63,Lost
Punjab,Hoshiarpur,DHARAM PAL,Nationalist Justice Party,2902,0.29,Lost
Punjab,Hoshiarpur,PARAMJIT SINGH (FAUJI BOOTHGARH),Samaj Bhalai Morcha,2917,0.29,Lost
Punjab,Hoshiarpur,TILAK RAJ (VAID),Independent,2264,0.23,Lost
Punjab,Hoshiarpur,DAVINDER SINGH,Independent,2252,0.23,Lost
Punjab,Hoshiarpur,NOTA,None of the Above,12868,1.3,Lost
Punjab,Jalandhar,Santokh Singh Chaudhary,Indian National Congress,385712,37.85,Lost
Punjab,Jalandhar,Charanjit Singh Atwal,Shiromani Akali Dal,366221,35.94,Lost
Punjab,Jalandhar,Justice (Retd.) Jora Singh,Aam Aadmi Party,25467,2.5,Lost
Punjab,Jalandhar,Balwinder Kumar,Bahujan Samaj Party,204783,20.1,Lost
Punjab,Jalandhar,Urmilla,Ambedkar National Congress,1340,0.13,Lost
Punjab,Jalandhar,Subhash Goria,Shivsena,2470,0.24,Lost
Punjab,Jalandhar,Hari Mitter,Peoples Party of India (Democratic),1191,0.12,Lost
Punjab,Jalandhar,Gurupal Singh,Bharat Prabhat Party,500,0.05,Lost
Punjab,Jalandhar,Jagan Nath Bajwa,Hum Bhartiya Party,1430,0.14,Lost
Punjab,Jalandhar,Tara Singh Gill,Bahujan Samaj Party (Ambedkar),2463,0.24,Lost
Punjab,Jalandhar,Parkash Chand Jassal,Republican Party of India (A),684,0.07,Lost
Punjab,Jalandhar,Baljinder Sodhi,Nationalist Justice Party,845,0.08,Lost
Punjab,Jalandhar,Ramesh Lal Kala,Bahujan Mukti Party,921,0.09,Lost
Punjab,Jalandhar,Opkar Singh Bakhshi,Independent,1088,0.11,Lost
Punjab,Jalandhar,Amrish Kumar,Independent,1591,0.16,Lost
Punjab,Jalandhar,Sukhdev Singh,Independent,3154,0.31,Lost
Punjab,Jalandhar,Kashmir Singh Ghugshore,Independent,4100,0.4,Lost
Punjab,Jalandhar,Valmikacharaya Nitya Anand,Independent,1858,0.18,Lost
Punjab,Jalandhar,Neetu Shutteran Wala,Independent,856,0.08,Lost
Punjab,Jalandhar,NOTA,None of the Above,12324,1.21,Lost
Punjab,Khadoor Sahib,JASBIR SINGH GILL (DIMPA),Indian National Congress,459710,43.95,Lost
Punjab,Khadoor Sahib,BIBI JAGIR KAUR,Shiromani Akali Dal,319137,30.51,Lost
Punjab,Khadoor Sahib,MANJINDER SINGH SIDHU,Aam Aadmi Party,13656,1.31,Lost
Punjab,Khadoor Sahib,STEPHEN BHATTI,Shivsena,2239,0.21,Lost
Punjab,Khadoor Sahib,SANTOKH SINGH (SUKH),Hindustan Shakti Sena,2541,0.24,Lost
Punjab,Khadoor Sahib,SURJIT SINGH,Shiromani Lok Dal Party,984,0.09,Lost
Punjab,Khadoor Sahib,KHAJAN SINGH,Nationalist Justice Party,1456,0.14,Lost
Punjab,Khadoor Sahib,PARAMJIT KAUR KHALRA,Punjab Ekta Party,214489,20.51,Lost
Punjab,Khadoor Sahib,PARWINDER SINGH,Democratic Party of India (Ambedkar),1727,0.17,Lost
Punjab,Khadoor Sahib,PURAN SINGH SHEIKH,Bahujan Samaj Party (Ambedkar),2452,0.23,Lost
Punjab,Khadoor Sahib,ONKAR SINGH UPPAL,Independent,1161,0.11,Lost
Punjab,Khadoor Sahib,SUKHWANT SINGH CHUSLEWARH,Independent,1052,0.1,Lost
Punjab,Khadoor Sahib,SURJIT SINGH BHIKHIWIND,Independent,1215,0.12,Lost
Punjab,Khadoor Sahib,HARJIT KAUR,Independent,1341,0.13,Lost
Punjab,Khadoor Sahib,JAGIR KAUR,Independent,4311,0.41,Lost
Punjab,Khadoor Sahib,PARAMJIT SINGH,Independent,5169,0.49,Lost
Punjab,Khadoor Sahib,PARAMJIT KAUR KHAMBRA,Independent,4943,0.47,Lost
Punjab,Khadoor Sahib,PARMINDER SINGH HEERA KHALRA,Independent,2181,0.21,Lost
Punjab,Khadoor Sahib,MOHAN SINGH,Independent,1138,0.11,Lost
Punjab,Khadoor Sahib,NOTA,None of the Above,5130,0.49,Lost
Punjab,Ludhiana,BABA SUKHWINDER SINGH GILL,Nationalist Congress Party,2104,0.2,Lost
Punjab,Ludhiana,PROF. TEJ PAL SINGH GILL,Aam Aadmi Party,15945,1.52,Lost
Punjab,Ludhiana,MAHESHINDER SINGH GREWAL,Shiromani Akali Dal,299435,28.6,Lost
Punjab,Ludhiana,RAVNEET SINGH BITTU,Indian National Congress,383795,36.66,Lost
Punjab,Ludhiana,BABA AMARJIT SINGH KHALSA,Bhartiya Lok Seva Dal,3211,0.31,Lost
Punjab,Ludhiana,SIMARJEET SINGH BAINS,Lok Insaaf Party,307423,29.36,Lost
Punjab,Ludhiana,DARSHAN SINGH DABA,Jai Jawan Jai Kisan Party,1346,0.13,Lost
Punjab,Ludhiana,DALJIT SINGH,People's Party of India(secular),1597,0.15,Lost
Punjab,Ludhiana,DEVINDER BHAGRIA,Hindustan Shakti Sena,3594,0.34,Lost
Punjab,Ludhiana,DILDAR SINGH,Ambedkarite Party of India,1254,0.12,Lost
Punjab,Ludhiana,PARDEEP BAWA,Samaj Adhikar Kalyan Party,1158,0.11,Lost
Punjab,Ludhiana,DR. BRIJESH KUMAR BANGAR,Peoples Party of India (Democratic),1175,0.11,Lost
Punjab,Ludhiana,BALJIT SINGH,Bharat Prabhat Party,1640,0.16,Lost
Punjab,Ludhiana,Er. BALDEV RAJ KATNA,Nationalist Justice Party,1328,0.13,Lost
Punjab,Ludhiana,BINTU KUMAR TAANK ( B.K. TAANK),Ambedkar National Congress,1060,0.1,Lost
Punjab,Ludhiana,MOHD. NASEEM ANSARI,Rashtriya Sahara Party,1871,0.18,Lost
Punjab,Ludhiana,RAJINDER GHAI,Hindu Samaj Party,1014,0.1,Lost
Punjab,Ludhiana,VAID RAM SINGH DEAPAK,Bahujan Mukti Party,952,0.09,Lost
Punjab,Ludhiana,JASDEEP SINGH SODHI,Independent,1535,0.15,Lost
Punjab,Ludhiana,JAI PARKASH JAIN (TITU BANIYA),Independent,2726,0.26,Lost
Punjab,Ludhiana,MOHINDER SINGH,Independent,895,0.09,Lost
Punjab,Ludhiana,RAVINDER PAL SINGH (BABA JI BURGER WALE),Independent,1359,0.13,Lost
Punjab,Ludhiana,NOTA,None of the Above,10538,1.01,Lost
Punjab,Patiala,Surjit Singh Rakhra,Shiromani Akali Dal,369309,31.35,Lost
Punjab,Patiala,Neena Mittal,Aam Aadmi Party,56877,4.83,Lost
Punjab,Patiala,Preneet Kaur,Indian National Congress,532027,45.17,Lost
Punjab,Patiala,Ashwani Kumar,Shivsena,4917,0.42,Lost
Punjab,Patiala,Ajaib Singh,Rashtriya Janshakti Party (Secular),1518,0.13,Lost
Punjab,Patiala,Harpal Singh,Ambedkarite Party of India,2439,0.21,Lost
Punjab,Patiala,Kshmakant Pandey,Hindustan Shakti Sena,4308,0.37,Lost
Punjab,Patiala,Dharam Vira Gandhi,Nawan Punjab Party,161645,13.72,Lost
Punjab,Patiala,Amarpreet Singh,Independent,1839,0.16,Lost
Punjab,Patiala,Shankar Lal,Independent,803,0.07,Lost
Punjab,Patiala,Harbhajan Singh Virk,Independent,1613,0.14,Lost
Punjab,Patiala,Gurnam Singh,Independent,762,0.06,Lost
Punjab,Patiala,Jasbir Singh,Independent,1126,0.1,Lost
Punjab,Patiala,Jagmail Singh,Independent,2274,0.19,Lost
Punjab,Patiala,Parminder Kumar,Independent,1345,0.11,Lost
Punjab,Patiala,Parveen Kumar,Independent,4747,0.4,Lost
Punjab,Patiala,Banwari Lal,Independent,8113,0.69,Lost
Punjab,Patiala,Baldeep Singh,Independent,1499,0.13,Lost
Punjab,Patiala,Makhan Singh,Independent,2808,0.24,Lost
Punjab,Patiala,Manjeet Singh,Independent,1062,0.09,Lost
Punjab,Patiala,Mohan Lal,Independent,986,0.08,Lost
Punjab,Patiala,Randhir Singh Khangura,Independent,1023,0.09,Lost
Punjab,Patiala,Rajesh Kumar,Independent,1284,0.11,Lost
Punjab,Patiala,Rishabh Sharma,Independent,1390,0.12,Lost
Punjab,Patiala,Lal Chand,Independent,1079,0.09,Lost
Punjab,Patiala,NOTA,None of the Above,11110,0.94,Lost
Punjab,Sangrur,KEWAL SINGH DHILLON,Indian National Congress,303350,27.43,Lost
Punjab,Sangrur,PARMINDER SINGH DHINDSA,Shiromani Akali Dal,263498,23.83,Lost
Punjab,Sangrur,BHAGWANT MANN,Aam Aadmi Party,413561,37.4,Lost
Punjab,Sangrur,SIMRANJIT SINGH MANN,Shiromani Akali Dal (Amritsar)(Simranjit Singh Mann),48365,4.37,Lost
Punjab,Sangrur,GURNAM SINGH BHIKHI,Communist Party of India (Marxist-Leninist) (Liberation),2766,0.25,Lost
Punjab,Sangrur,JASRAJ SINGH LONGIA,Lok Insaaf Party,20087,1.82,Lost
Punjab,Sangrur,JASWANT SINGH,Rashtriya Janshakti Party (Secular),1653,0.15,Lost
Punjab,Sangrur,JAGMOHAN KRISHAN THAKUR,Janral Samaj Party,7375,0.67,Lost
Punjab,Sangrur,NAJEERA BEGAM,Rashtriya Sahara Party,1289,0.12,Lost
Punjab,Sangrur,BALWINDER SINGH SANDHU,Bharat Prabhat Party,879,0.08,Lost
Punjab,Sangrur,MOHINDERPAL SINGH DANGARH,Bhartiya Lok Seva Dal,3881,0.35,Lost
Punjab,Sangrur,MANISH KUMAR,Bhartiya Janraj Party,1966,0.18,Lost
Punjab,Sangrur,MALVINDER SINGH BENIPAL,Janata Dal (United),2726,0.25,Lost
Punjab,Sangrur,Rajvir Kaur,Hindustan Shakti Sena,3891,0.35,Lost
Punjab,Sangrur,VIJAY AGGARWAL,Bhartiya Shakti Chetna Party,2304,0.21,Lost
Punjab,Sangrur,SUKHWINDER SINGH,Independent,5243,0.47,Lost
Punjab,Sangrur,GURJEET SINGH,Independent,2839,0.26,Lost
Punjab,Sangrur,TULSI SINGH,Independent,1505,0.14,Lost
Punjab,Sangrur,DAYAL CHAND,Independent,2024,0.18,Lost
Punjab,Sangrur,DESA SINGH,Independent,3797,0.34,Lost
Punjab,Sangrur,PAPPU KUMAR,Independent,750,0.07,Lost
Punjab,Sangrur,BAGGA SINGH KAHNE-KE,Independent,1162,0.11,Lost
Punjab,Sangrur,BALJIT KAUR,Independent,1563,0.14,Lost
Punjab,Sangrur,BHANTBIR SINGH,Independent,1417,0.13,Lost
Punjab,Sangrur,RAJ KUMAR,Independent,1507,0.14,Lost
Punjab,Sangrur,NOTA,None of the Above,6490,0.59,Lost
Rajasthan,Ajmer,Durga Lal Regar,Bahujan Samaj Party,13618,1.08,Lost
Rajasthan,Ajmer,Bhagirath Chaudhary,Bharatiya Janata Party,815076,64.58,Lost
Rajasthan,Ajmer,Riju Jhunjhunwala,Indian National Congress,398652,31.58,Lost
Rajasthan,Ajmer,Vishram Babu,Ambedkarite Party of India,13041,1.03,Lost
Rajasthan,Ajmer,Pramod Kumar,Independent,2773,0.22,Lost
Rajasthan,Ajmer,Mukesh Gena,Independent,4652,0.37,Lost
Rajasthan,Ajmer,Soniya Regar,Independent,4824,0.38,Lost
Rajasthan,Ajmer,NOTA,None of the Above,9578,0.76,Lost
Rajasthan,Alwar,Imran Khan,Bahujan Samaj Party,56649,4.48,Lost
Rajasthan,Alwar,Bhanwar Jitendra Singh,Indian National Congress,430230,33.99,Lost
Rajasthan,Alwar,Balak Nath,Bharatiya Janata Party,760201,60.06,Lost
Rajasthan,Alwar,Anoop Kumar Meghwal,Pragatishil Samajwadi Party (Lohia),3444,0.27,Lost
Rajasthan,Alwar,Amit Jangir,Ambedkarite Party of India,1601,0.13,Lost
Rajasthan,Alwar,Gulab Singh,Poorvanchal Rashtriya Congress,626,0.05,Lost
Rajasthan,Alwar,Advocate Amit Kumar Gupta,Independent,808,0.06,Lost
Rajasthan,Alwar,Anand Kumar Sain,Independent,1303,0.1,Lost
Rajasthan,Alwar,Tilak Raj Munjal,Independent,903,0.07,Lost
Rajasthan,Alwar,Pawan Kumar Jain,Independent,2533,0.2,Lost
Rajasthan,Alwar,Madan Lal,Independent,1991,0.16,Lost
Rajasthan,Alwar,NOTA,None of the Above,5385,0.43,Lost
Rajasthan,Banswara,KANAKMAL KATARA,Bharatiya Janata Party,711709,49.44,Lost
Rajasthan,Banswara,TARACHAND BHAGORA,Indian National Congress,406245,28.22,Lost
Rajasthan,Banswara,BAPULAL,Bahujan Samaj Party,26172,1.82,Lost
Rajasthan,Banswara,KANTILAL ROAT,Bhartiya Tribal Party,250761,17.42,Lost
Rajasthan,Banswara,NITESH DAMOR,Independent,14822,1.03,Lost
Rajasthan,Banswara,NOTA,None of the Above,29962,2.08,Lost
Rajasthan,Barmer,KAILASH CHOUDHARY,Bharatiya Janata Party,846526,59.52,Lost
Rajasthan,Barmer,MANVENDRA SINGH,Indian National Congress,522718,36.75,Lost
Rajasthan,Barmer,RAMESH KUMAR,Bahujan Mukti Party,16699,1.17,Lost
Rajasthan,Barmer,POPATLAL,Independent,3360,0.24,Lost
Rajasthan,Barmer,BHERARAM JAKHAR,Independent,2385,0.17,Lost
Rajasthan,Barmer,MULA RAM,Independent,3517,0.25,Lost
Rajasthan,Barmer,HANEEF,Independent,8070,0.57,Lost
Rajasthan,Barmer,NOTA,None of the Above,18996,1.34,Lost
Rajasthan,BHARATPUR,ABHIJEET KUMAR JATAV,Indian National Congress,389593,33.97,Lost
Rajasthan,BHARATPUR,RANJEETA KOLI,Bharatiya Janata Party,707992,61.74,Lost
Rajasthan,BHARATPUR,SURAJ PRADHAN JATAV,Bahujan Samaj Party,31615,2.76,Lost
Rajasthan,BHARATPUR,MANGAL RAM GODRA,Ambedkarite Party of India,5715,0.5,Lost
Rajasthan,BHARATPUR,GHANSHYAM SINGH YADAV,Independent,1013,0.09,Lost
Rajasthan,BHARATPUR,TEJVEER SINGH,Independent,1098,0.1,Lost
Rajasthan,BHARATPUR,PURUSHOTTAM BABA,Independent,1897,0.17,Lost
Rajasthan,BHARATPUR,SUNIL,Independent,2236,0.19,Lost
Rajasthan,BHARATPUR,NOTA,None of the Above,5638,0.49,Lost
Rajasthan,Bhilwara,RAM PAL SHARMA,Indian National Congress,326160,24.89,Lost
Rajasthan,Bhilwara,SHIVLAL GURJAR,Bahujan Samaj Party,15627,1.19,Lost
Rajasthan,Bhilwara,SUBHASH CHANDRA BAHERIA,Bharatiya Janata Party,938160,71.59,Lost
Rajasthan,Bhilwara,PAWAN KUMAR SHARMA,Right to Recall Party,13148,1.0,Lost
Rajasthan,Bhilwara,NOTA,None of the Above,17418,1.33,Lost
Rajasthan,Bikaner (SC),ARJUN RAM MEGHWAL,Bharatiya Janata Party,657743,59.82,Lost
Rajasthan,Bikaner (SC),BHAIRA RAM,Bahujan Samaj Party,11412,1.04,Lost
Rajasthan,Bikaner (SC),MADAN GOPAL MEGHWAL,Indian National Congress,393662,35.8,Lost
Rajasthan,Bikaner (SC),SHYOPAT RAM,Communist Party of India (Marxist),8997,0.82,Lost
Rajasthan,Bikaner (SC),GHANSHYAM MEGHWAL,Ambedkarite Party of India,3752,0.34,Lost
Rajasthan,Bikaner (SC),TRILOKI NARAYAN HATILA,Jan Sangharsh Virat Party,1774,0.16,Lost
Rajasthan,Bikaner (SC),PUNAM CHAND ALIAS PUNEET DHAL,Hindusthan Nirman Dal,1745,0.16,Lost
Rajasthan,Bikaner (SC),ARJUN RAM,Independent,3447,0.31,Lost
Rajasthan,Bikaner (SC),BABULAL,Independent,3556,0.32,Lost
Rajasthan,Bikaner (SC),NOTA,None of the Above,13510,1.23,Lost
Rajasthan,Chittorgarh,Gopal Singh Shekhawat,Indian National Congress,406695,27.88,Lost
Rajasthan,Chittorgarh,Chandra Prakash Joshi,Bharatiya Janata Party,982942,67.38,Lost
Rajasthan,Chittorgarh,Dr. Jagdish Chandra Sharma,Bahujan Samaj Party,13484,0.92,Lost
Rajasthan,Chittorgarh,Radha Bhandari,Communist Party of India,9924,0.68,Lost
Rajasthan,Chittorgarh,Gopal Dhakad,Right to Recall Party,2793,0.19,Lost
Rajasthan,Chittorgarh,Jai Prakash Regar,Ambedkarite Party of India,4233,0.29,Lost
Rajasthan,Chittorgarh,Prakash Chandra Meena,Bhartiya Tribal Party,5591,0.38,Lost
Rajasthan,Chittorgarh,Mangilal Meena,Satya Bahumat Party,2316,0.16,Lost
Rajasthan,Chittorgarh,Gulab Sehlot,Independent,4225,0.29,Lost
Rajasthan,Chittorgarh,Shamshuddin,Independent,9029,0.62,Lost
Rajasthan,Chittorgarh,NOTA,None of the Above,17528,1.2,Lost
Rajasthan,Churu,BALWAN POONIA,Communist Party of India (Marxist),25090,1.89,Lost
Rajasthan,Churu,RAFIQUE MANDELIA,Indian National Congress,458597,34.52,Lost
Rajasthan,Churu,RAHUL KASWAN,Bharatiya Janata Party,792999,59.69,Lost
Rajasthan,Churu,HARI SINGH,Bahujan Samaj Party,16116,1.21,Lost
Rajasthan,Churu,GOMATI DHARAMPAL KATARIA,Bharat Rakshak Party (Democratic),1621,0.12,Lost
Rajasthan,Churu,SATYAPAL BAUDDH,Ambedkarite Party of India,3080,0.23,Lost
Rajasthan,Churu,ASLAM,Independent,1427,0.11,Lost
Rajasthan,Churu,KUMBHA RAM MEENA,Independent,3507,0.26,Lost
Rajasthan,Churu,DARARAM NAYAK,Independent,1573,0.12,Lost
Rajasthan,Churu,BISHANARAM,Independent,3326,0.25,Lost
Rajasthan,Churu,SHEELA SHEKHAWAT,Independent,6526,0.49,Lost
Rajasthan,Churu,SUKHADEV MEGHWAL,Independent,4582,0.34,Lost
Rajasthan,Churu,NOTA,None of the Above,9978,0.75,Lost
Rajasthan,Dausa,Jaskaur Meena,Bharatiya Janata Party,548733,51.63,Lost
Rajasthan,Dausa,Dwarka Prasad Maheshwara,Bahujan Samaj Party,13414,1.26,Lost
Rajasthan,Dausa,Savita Meena,Indian National Congress,470289,44.25,Lost
Rajasthan,Dausa,Chandra Prakash Meena,Nationalist People's Front,5798,0.55,Lost
Rajasthan,Dausa,Ramphool Meena,Ambedkarite Party of India,4999,0.47,Lost
Rajasthan,Dausa,Rinku Kumar Meena,Peoples Party of India (Democratic),931,0.09,Lost
Rajasthan,Dausa,Anju Dhanka,Independent,2426,0.23,Lost
Rajasthan,Dausa,Bimla Devi Meena,Independent,1190,0.11,Lost
Rajasthan,Dausa,Bharti Meena,Independent,2034,0.19,Lost
Rajasthan,Dausa,Maliram Nayaka,Independent,3002,0.28,Lost
Rajasthan,Dausa,Radhey Shyam Meena,Independent,2624,0.25,Lost
Rajasthan,Dausa,NOTA,None of the Above,7394,0.7,Lost
Rajasthan,Ganganagar,NIHAL CHAND,Bharatiya Janata Party,897177,61.8,Lost
Rajasthan,Ganganagar,BHARAT RAM MEGHWAL,Indian National Congress,490199,33.77,Lost
Rajasthan,Ganganagar,RAVTARAM,Communist Party of India,18309,1.26,Lost
Rajasthan,Ganganagar,LUNARAMA,Bahujan Samaj Party,11579,0.8,Lost
Rajasthan,Ganganagar,TITARA SINGH,Independent,2726,0.19,Lost
Rajasthan,Ganganagar,NARESH KUMAR,Independent,1820,0.13,Lost
Rajasthan,Ganganagar,DR. BALKRISHAN PANWAR,Independent,6878,0.47,Lost
Rajasthan,Ganganagar,BHAJAN SINGH GHAROO,Independent,3414,0.24,Lost
Rajasthan,Ganganagar,SATISH KUMAR,Independent,4120,0.28,Lost
Rajasthan,Ganganagar,NOTA,None of the Above,15543,1.07,Lost
Rajasthan,Jaipur,Umrao Salodia,Bahujan Samaj Party,7867,0.54,Lost
Rajasthan,Jaipur,Jyoti Khandelwal,Indian National Congress,493439,33.88,Lost
Rajasthan,Jaipur,Ramcharan Bohra,Bharatiya Janata Party,924065,63.45,Lost
Rajasthan,Jaipur,Kuldeep Singh,SOCIALIST UNITY CENTRE OF INDIA (COMMUNIST),2623,0.18,Lost
Rajasthan,Jaipur,Kailash Chand Jagarwal,Ambedkarite Party of India,884,0.06,Lost
Rajasthan,Jaipur,Bhanwar Lal Joshi,Rashtriya Jansambhavna Party,506,0.03,Lost
Rajasthan,Jaipur,Ram Sahay Meena Kalky,Peoples Party of India (Democratic),1820,0.12,Lost
Rajasthan,Jaipur,Sanjay Garg,Swarna Bharat Party,508,0.03,Lost
Rajasthan,Jaipur,P. Trilok Tiwari,Rashtriya Samta Vikas Party,349,0.02,Lost
Rajasthan,Jaipur,Kamal Bhargav,Independent,358,0.02,Lost
Rajasthan,Jaipur,Pankaj Patel,Independent,327,0.02,Lost
Rajasthan,Jaipur,Prashant Saini,Independent,384,0.03,Lost
Rajasthan,Jaipur,Babita Wadhwani,Independent,672,0.05,Lost
Rajasthan,Jaipur,Manoj Kumar Joshi,Independent,1496,0.1,Lost
Rajasthan,Jaipur,Yakub Khan,Independent,1630,0.11,Lost
Rajasthan,Jaipur,Yogesh Sharma,Independent,3356,0.23,Lost
Rajasthan,Jaipur,Ram Charan Joshi,Independent,2187,0.15,Lost
Rajasthan,Jaipur,Ram Janki Swami,Independent,2058,0.14,Lost
Rajasthan,Jaipur,Ramlal Dhanaka,Independent,1536,0.11,Lost
Rajasthan,Jaipur,Vinay Kumar Varma,Independent,1522,0.1,Lost
Rajasthan,Jaipur,Virad Singla,Independent,253,0.02,Lost
Rajasthan,Jaipur,Sharad Chand Jain,Independent,254,0.02,Lost
Rajasthan,Jaipur,Shobhal Singh,Independent,1348,0.09,Lost
Rajasthan,Jaipur,Haripal Bairwa,Independent,440,0.03,Lost
Rajasthan,Jaipur,NOTA,None of the Above,6522,0.45,Lost
Rajasthan,Jaipur Rural,KRISHNA POONIA,Indian National Congress,426961,33.44,Lost
Rajasthan,Jaipur Rural,COL. RAJYAVARDHAN RATHORE,Bharatiya Janata Party,820132,64.24,Lost
Rajasthan,Jaipur Rural,VIRENDER SINGH BIDHURI,Bahujan Samaj Party,7976,0.62,Lost
Rajasthan,Jaipur Rural,RAJENDRA KUMAR,Ambedkarite Party of India,3800,0.3,Lost
Rajasthan,Jaipur Rural,RAM NIWAS NENAWAT MEGHAWAL,Bharat Rakshak Party (Democratic),1259,0.1,Lost
Rajasthan,Jaipur Rural,BANWARI LAL MEENA,Independent,1234,0.1,Lost
Rajasthan,Jaipur Rural,RAMSINGH KASANA,Independent,1834,0.14,Lost
Rajasthan,Jaipur Rural,VINOD SHARMA,Independent,4146,0.32,Lost
Rajasthan,Jaipur Rural,NOTA,None of the Above,9351,0.73,Lost
Rajasthan,Jalore,Devaji Patel,Bharatiya Janata Party,772833,56.76,Lost
Rajasthan,Jalore,Ratan Devasi,Indian National Congress,511723,37.58,Lost
Rajasthan,Jalore,Kaluram,Rashtriya Rashtrawadi Party,12284,0.9,Lost
Rajasthan,Jalore,Bhanwerlal,Bahujan Mukti Party,3344,0.25,Lost
Rajasthan,Jalore,Ramprasad Jatav,Ambedkarite Party of India,3879,0.28,Lost
Rajasthan,Jalore,Vijay Shree,Shivsena,2908,0.21,Lost
Rajasthan,Jalore,Kapoora Ram Meena,Independent,1314,0.1,Lost
Rajasthan,Jalore,Kheta Ram,Independent,1224,0.09,Lost
Rajasthan,Jalore,Dinesh Singh,Independent,3248,0.24,Lost
Rajasthan,Jalore,Nimbaram,Independent,2016,0.15,Lost
Rajasthan,Jalore,Bhavaram,Independent,2527,0.19,Lost
Rajasthan,Jalore,Bheraram Barar (Meghwal),Independent,3321,0.24,Lost
Rajasthan,Jalore,Mohanlal,Independent,3466,0.25,Lost
Rajasthan,Jalore,Lakharam Choudhary,Independent,6333,0.47,Lost
Rajasthan,Jalore,Lukaram,Independent,13485,0.99,Lost
Rajasthan,Jalore,NOTA,None of the Above,17714,1.3,Lost
Rajasthan,JHALAWAR-BARAN,DUSHYANT SINGH,Bharatiya Janata Party,887400,64.78,Lost
Rajasthan,JHALAWAR-BARAN,PRAMOD SHARMA,Indian National Congress,433472,31.64,Lost
Rajasthan,JHALAWAR-BARAN,BADREE LAL,Bahujan Samaj Party,13338,0.97,Lost
Rajasthan,JHALAWAR-BARAN,ABDUL QAYYUM SIDDIQUI,Independent,3344,0.24,Lost
Rajasthan,JHALAWAR-BARAN,PRINCE MEENA,Independent,2705,0.2,Lost
Rajasthan,JHALAWAR-BARAN,MOHAMMAD NASIR,Independent,5107,0.37,Lost
Rajasthan,JHALAWAR-BARAN,HARISH KUMAR DHAKAR,Independent,7422,0.54,Lost
Rajasthan,JHALAWAR-BARAN,NOTA,None of the Above,17080,1.25,Lost
Rajasthan,Jhunjhunu,NARENDRA KUMAR,Bharatiya Janata Party,738163,61.57,Lost
Rajasthan,Jhunjhunu,SHARWAN KUMAR S/O GOKAL RAM,Indian National Congress,435616,36.33,Lost
Rajasthan,Jhunjhunu,AJAY PAL,Bahujan Mukti Party,4267,0.36,Lost
Rajasthan,Jhunjhunu,KRISHAN KUMAR JANGIR,Rashtriya Mangalam Party,798,0.07,Lost
Rajasthan,Jhunjhunu,Dr. TEJPAL KATEWA,Right to Recall Party,803,0.07,Lost
Rajasthan,Jhunjhunu,MAHANT AKASH GIRI,Independent,617,0.05,Lost
Rajasthan,Jhunjhunu,KAILASH KARWASARA,Independent,678,0.06,Lost
Rajasthan,Jhunjhunu,GURU GOKUL CHAND RASHTRAWADI,Independent,502,0.04,Lost
Rajasthan,Jhunjhunu,BALDEV PRASAD SAINI,Independent,728,0.06,Lost
Rajasthan,Jhunjhunu,BHIM SINGH,Independent,1238,0.1,Lost
Rajasthan,Jhunjhunu,MOHD. YUNUS,Independent,1438,0.12,Lost
Rajasthan,Jhunjhunu,SHARWAN KUMAR S/O HUKMA RAM,Independent,5582,0.47,Lost
Rajasthan,Jhunjhunu,NOTA,None of the Above,8497,0.71,Lost
Rajasthan,Jodhpur,Gajendra Singh Shekhawat,Bharatiya Janata Party,788888,58.6,Lost
Rajasthan,Jodhpur,Mukul Chaudhary,Bahujan Samaj Party,11703,0.87,Lost
Rajasthan,Jodhpur,Vaibhav Gehlot,Indian National Congress,514448,38.21,Lost
Rajasthan,Jodhpur,Amar Singh Kalundha,Bhartiya Tribal Party,7263,0.54,Lost
Rajasthan,Jodhpur,Anil Joya Meghwal,Independent,1327,0.1,Lost
Rajasthan,Jodhpur,Chand Mohammad,Independent,901,0.07,Lost
Rajasthan,Jodhpur,Tasleem,Independent,933,0.07,Lost
Rajasthan,Jodhpur,Moda Ram Meghwal,Independent,1519,0.11,Lost
Rajasthan,Jodhpur,Vishek Vishnoi,Independent,4521,0.34,Lost
Rajasthan,Jodhpur,Shambhu Ram,Independent,3052,0.23,Lost
Rajasthan,Jodhpur,NOTA,None of the Above,11688,0.87,Lost
Rajasthan,KARAULI-DHOLPUR,MANOJ RAJORIA,Bharatiya Janata Party,526443,52.75,Lost
Rajasthan,KARAULI-DHOLPUR,RAMKUMAR,Bahujan Samaj Party,25718,2.58,Lost
Rajasthan,KARAULI-DHOLPUR,SANJAY KUMAR,Indian National Congress,428761,42.96,Lost
Rajasthan,KARAULI-DHOLPUR,JEET RAM BAIRWA,Ambedkarite Party of India,7020,0.7,Lost
Rajasthan,KARAULI-DHOLPUR,VIJAY BABU,Prabuddha Republican Party,2783,0.28,Lost
Rajasthan,KARAULI-DHOLPUR,NOTA,None of the Above,7319,0.73,Lost
Rajasthan,Kota,OM BIRLA,Bharatiya Janata Party,800051,58.52,Lost
Rajasthan,Kota,RAMNARAIN MEENA,Indian National Congress,520374,38.07,Lost
Rajasthan,Kota,HARISH KUMAR LAHRI,Bahujan Samaj Party,9985,0.73,Lost
Rajasthan,Kota,CHANDRA PRAKASH,Rashtriya Krantikari Samajwadi Party,1488,0.11,Lost
Rajasthan,Kota,BHIM SINGH KUNTAL,Shivsena,1308,0.1,Lost
Rajasthan,Kota,MAHESH KUMAR RANIWAL,AARAKSHAN VIRODHI PARTY,891,0.07,Lost
Rajasthan,Kota,RAJENDRA PRASAD SINGOR,Marxist Communist Party of India (United),1161,0.08,Lost
Rajasthan,Kota,SHOBHA RAM NIRMAL,Proutist Sarva Samaj,996,0.07,Lost
Rajasthan,Kota,CAPTAIN SOMESH BHATNAGAR,Bhartiya Kisan Party,1154,0.08,Lost
Rajasthan,Kota,ABDUL ASIPH,Independent,1251,0.09,Lost
Rajasthan,Kota,KESHARI LAL,Independent,1678,0.12,Lost
Rajasthan,Kota,ENGINEER PRAVEEN KHANDELWAL,Independent,4097,0.3,Lost
Rajasthan,Kota,SATISH BHARDWAJ,Independent,2464,0.18,Lost
Rajasthan,Kota,SUNIL MADAN,Independent,3036,0.22,Lost
Rajasthan,Kota,HERGOVIND MEENA,Independent,4511,0.33,Lost
Rajasthan,Kota,NOTA,None of the Above,12589,0.92,Lost
Rajasthan,Nagaur,DR. JYOTI MIRDHA,Indian National Congress,478791,39.8,Lost
Rajasthan,Nagaur,HANUMAN BENIWAL,Rashtriya Loktantrik Party,660051,54.86,Lost
Rajasthan,Nagaur,HANUMANRAM,Rashtriya Power Party,7486,0.62,Lost
Rajasthan,Nagaur,DHARMI CHAND,Independent,3168,0.26,Lost
Rajasthan,Nagaur,DHARMENDRA,Independent,1272,0.11,Lost
Rajasthan,Nagaur,PREM RAJ,Independent,1354,0.11,Lost
Rajasthan,Nagaur,MADANLAL,Independent,1312,0.11,Lost
Rajasthan,Nagaur,RAVINDRA SINGH SHEKHAWAT,Independent,7115,0.59,Lost
Rajasthan,Nagaur,RAM CHANDRA,Independent,2585,0.21,Lost
Rajasthan,Nagaur,C.A. RASTRA PUTRA HINDU,Independent,1543,0.13,Lost
Rajasthan,Nagaur,SHIV NARAYAN,Independent,2403,0.2,Lost
Rajasthan,Nagaur,SAROJ PRAJAPAT,Independent,12785,1.06,Lost
Rajasthan,Nagaur,SOHANARAM RATHI,Independent,10210,0.85,Lost
Rajasthan,Nagaur,NOTA,None of the Above,13049,1.08,Lost
Rajasthan,Pali,P. P. CHAUDHARY,Bharatiya Janata Party,900149,66.2,Lost
Rajasthan,Pali,BADRIRAM JAKHAR,Indian National Congress,418552,30.78,Lost
Rajasthan,Pali,KANHAIYALAL VAISHNAV,Shivsena,7745,0.57,Lost
Rajasthan,Pali,RAMPRASAD JATAV,Ambedkarite Party of India,6244,0.46,Lost
Rajasthan,Pali,Dr. RAMLAL MOHBARSHA,Indian Indira Congress (R),2569,0.19,Lost
Rajasthan,Pali,LAXMAN KUMAR,Proutist Sarva Samaj,1884,0.14,Lost
Rajasthan,Pali,JAGDISH CHANDRA,Independent,2337,0.17,Lost
Rajasthan,Pali,HEMANT KUMAR SINGHVI,Independent,5139,0.38,Lost
Rajasthan,Pali,NOTA,None of the Above,15180,1.12,Lost
Rajasthan,Rajsamand,Chenaram,Bahujan Samaj Party,15955,1.29,Lost
Rajasthan,Rajsamand,Diya Kumari,Bharatiya Janata Party,863039,69.61,Lost
Rajasthan,Rajsamand,Devkinandan (Kaka),Indian National Congress,311123,25.09,Lost
Rajasthan,Rajsamand,Chandra Prakash Tanwar,Ambedkarite Party of India,12887,1.04,Lost
Rajasthan,Rajsamand,Mishri Kathat,Indian Peoples Green Party,2371,0.19,Lost
Rajasthan,Rajsamand,Jitendra Kumar Khatik,Independent,1549,0.12,Lost
Rajasthan,Rajsamand,Neeru Ram Kapri,Independent,1550,0.13,Lost
Rajasthan,Rajsamand,Bhanwar Lal Kumawat,Independent,2438,0.2,Lost
Rajasthan,Rajsamand,Bhanwer Lal Mali,Independent,5923,0.48,Lost
Rajasthan,Rajsamand,Rakesh Samdolav,Independent,10339,0.83,Lost
Rajasthan,Rajsamand,NOTA,None of the Above,12671,1.02,Lost
Rajasthan,Sikar,Amraram,Communist Party of India (Marxist),31462,2.37,Lost
Rajasthan,Sikar,Sita Devi,Bahujan Samaj Party,6831,0.51,Lost
Rajasthan,Sikar,Subhash Maharia,Indian National Congress,474948,35.79,Lost
Rajasthan,Sikar,Sumedhanand Saraswati,Bharatiya Janata Party,772104,58.19,Lost
Rajasthan,Sikar,Vijendra Kumar,Bhartiya Jan Satta Party,12416,0.94,Lost
Rajasthan,Sikar,Shivbhagwan Sardiwal,Dalit Soshit Pichhara Varg Adhikar Dal,1862,0.14,Lost
Rajasthan,Sikar,Ajaypal,Independent,3355,0.25,Lost
Rajasthan,Sikar,Ankur Sharma,Independent,805,0.06,Lost
Rajasthan,Sikar,Bansilal Kataria,Independent,1462,0.11,Lost
Rajasthan,Sikar,Bhagwan Sahay,Independent,3555,0.27,Lost
Rajasthan,Sikar,Bhagirath Singh Kharrte Bhadhadar,Independent,8034,0.61,Lost
Rajasthan,Sikar,Vikas Kumar,Independent,2319,0.17,Lost
Rajasthan,Sikar,NOTA,None of the Above,7816,0.59,Lost
Rajasthan,TONK-SAWAI MADHOPUR,Namonarayan,Indian National Congress,533028,43.21,Lost
Rajasthan,TONK-SAWAI MADHOPUR,Laxmi Kant Bairwa,Bahujan Samaj Party,23301,1.89,Lost
Rajasthan,TONK-SAWAI MADHOPUR,Sukhbir Singh Jaunapuria,Bharatiya Janata Party,644319,52.24,Lost
Rajasthan,TONK-SAWAI MADHOPUR,Ganesh Meena,Indian Peoples Green Party,7167,0.58,Lost
Rajasthan,TONK-SAWAI MADHOPUR,Naresh Kumar Atal,Ambedkarite Party of India,5382,0.44,Lost
Rajasthan,TONK-SAWAI MADHOPUR,Bajrang Lal Meena,Rashtriya Kranti Party,1892,0.15,Lost
Rajasthan,TONK-SAWAI MADHOPUR,Mukesh Kumar,Shivsena,4600,0.37,Lost
Rajasthan,TONK-SAWAI MADHOPUR,Prem Lata Banshiwal,Independent,4795,0.39,Lost
Rajasthan,TONK-SAWAI MADHOPUR,NOTA,None of the Above,8974,0.73,Lost
Rajasthan,Udaipur,ARJUNLAL MEENA,Bharatiya Janata Party,871548,59.92,Lost
Rajasthan,Udaipur,KESULAL MEENA,Bahujan Samaj Party,16318,1.12,Lost
Rajasthan,Udaipur,GHANSHYAM SINGH TAWAR,Communist Party of India,18386,1.26,Lost
Rajasthan,Udaipur,RAGHUVIR SINGH MEENA,Indian National Congress,433634,29.81,Lost
Rajasthan,Udaipur,KIKA MINA,Communist Party of India (Marxist-Leninist) Red Star,13099,0.9,Lost
Rajasthan,Udaipur,PARBHULAL MEENA,Bahujan Mukti Party,4166,0.29,Lost
Rajasthan,Udaipur,BIRDHI LAL CHHANWAL,Bhartiya Tribal Party,51643,3.55,Lost
Rajasthan,Udaipur,SHANKERLAL,Satya Bahumat Party,5690,0.39,Lost
Rajasthan,Udaipur,HARJI LAL MEENA,Ambedkarite Party of India,11855,0.82,Lost
Rajasthan,Udaipur,NOTA,None of the Above,28179,1.94,Lost
Sikkim,Sikkim,BHARAT BASNETT,Indian National Congress,3990,1.13,Lost
Sikkim,Sikkim,DEK BAHADUR KATWAL,Sikkim Democratic Front,154489,43.92,Lost
Sikkim,Sikkim,INDRA HANG SUBBA,Sikkim Krantikari Morcha,166922,47.46,Lost
Sikkim,Sikkim,LATEN TSHERING SHERPA,Bharatiya Janata Party,16572,4.71,Lost
Sikkim,Sikkim,BIRAJ ADHIKARI,Hamro Sikkim Party,1998,0.57,Lost
Sikkim,Sikkim,DHIRAJ KUMAR RAI,Sikkim Republican Party,1503,0.43,Lost
Sikkim,Sikkim,NARENDRA ADHIKARI,Sikkim United Front,614,0.17,Lost
Sikkim,Sikkim,RABIN RAI,All Indians Party,396,0.11,Lost
Sikkim,Sikkim,SUNMAYA GURUNG,Jai Maha Bharath Party,383,0.11,Lost
Sikkim,Sikkim,MAHENDRA THAPA,Independent,597,0.17,Lost
Sikkim,Sikkim,PASSANG GYALI SHERPA,Independent,2003,0.57,Lost
Sikkim,Sikkim,NOTA,None of the Above,2279,0.65,Lost
Tamil Nadu,Arakkonam,D. DOSS,Bahujan Samaj Party,8307,0.71,Lost
Tamil Nadu,Arakkonam,S. JAGATHRAKSHAKAN,Dravida Munnetra Kazhagam,672190,57.06,Lost
Tamil Nadu,Arakkonam,M. SAVITHA,Ambedkarite Party of India,4498,0.38,Lost
Tamil Nadu,Arakkonam,Y.R. PAVENDHAN,Naam Tamilar Katchi,29347,2.49,Lost
Tamil Nadu,Arakkonam,A.K. MOORTHY,Pattali Makkal Katchi,343234,29.14,Lost
Tamil Nadu,Arakkonam,"RAJENDRAN, N.",Makkal Needhi Maiam,23771,2.02,Lost
Tamil Nadu,Arakkonam,R. ELAMVAZHUDHI,Independent,862,0.07,Lost
Tamil Nadu,Arakkonam,PANCHU.UDAYAKUMAR,Independent,839,0.07,Lost
Tamil Nadu,Arakkonam,B. GANESAN,Independent,925,0.08,Lost
Tamil Nadu,Arakkonam,M.S. KRISHNAN,Independent,1322,0.11,Lost
Tamil Nadu,Arakkonam,Dr.T.M.S.SADHU MUTHU KRISHNAN ERAJENDRAN,Independent,1186,0.1,Lost
Tamil Nadu,Arakkonam,P.S. SURESH,Independent,1062,0.09,Lost
Tamil Nadu,Arakkonam,S. SHETTU,Independent,1067,0.09,Lost
Tamil Nadu,Arakkonam,M. NATARAJAN,Independent,1214,0.1,Lost
Tamil Nadu,Arakkonam,N.G. PARTHIBAN,Independent,66826,5.67,Lost
Tamil Nadu,Arakkonam,M. PARTHIBAN,Independent,3313,0.28,Lost
Tamil Nadu,Arakkonam,G. MOORTHY,Independent,1616,0.14,Lost
Tamil Nadu,Arakkonam,C. MOORTHY,Independent,3499,0.3,Lost
Tamil Nadu,Arakkonam,R. RAMESH,Independent,803,0.07,Lost
Tamil Nadu,Arakkonam,NOTA,None of the Above,12179,1.03,Lost
Tamil Nadu,Arani,ELUMALAI V,All India Anna Dravida Munnetra Kazhagam,386954,33.83,Lost
Tamil Nadu,Arani,SIVAPRAKASH K,Bahujan Samaj Party,5678,0.5,Lost
Tamil Nadu,Arani,VISHNU PRASAD M K,Indian National Congress,617760,54.0,Lost
Tamil Nadu,Arani,SAKTHIVEL K,Tamil Nadu Ilangyar Katchi,5317,0.46,Lost
Tamil Nadu,Arani,SUNDAR K,Anti Corruption Dynamic Party,1972,0.17,Lost
Tamil Nadu,Arani,TAMIZHARASI A,Naam Tamilar Katchi,32409,2.83,Lost
Tamil Nadu,Arani,SHAJI V,Makkal Needhi Maiam,14776,1.29,Lost
Tamil Nadu,Arani,ELUMALAI K,Independent,903,0.08,Lost
Tamil Nadu,Arani,ELUMALAI S,Independent,641,0.06,Lost
Tamil Nadu,Arani,KOTHANDAPANI B,Independent,967,0.08,Lost
Tamil Nadu,Arani,SENJERAJA K N K,Independent,2940,0.26,Lost
Tamil Nadu,Arani,SENTHAMIZHAN G,Independent,46383,4.05,Lost
Tamil Nadu,Arani,PERUMAL M,Independent,4912,0.43,Lost
Tamil Nadu,Arani,RAMAMURTHY S,Independent,3614,0.32,Lost
Tamil Nadu,Arani,RAMAMURTHY C,Independent,1760,0.15,Lost
Tamil Nadu,Arani,NOTA,None of the Above,16921,1.48,Lost
Tamil Nadu,Chennai central,DAYANIDHI MARAN,Dravida Munnetra Kazhagam,448911,57.15,Lost
Tamil Nadu,Chennai central,PARTHASARATHY.M.,Bahujan Samaj Party,2696,0.34,Lost
Tamil Nadu,Chennai central,KAMEELA NASSER,Makkal Needhi Maiam,92249,11.74,Lost
Tamil Nadu,Chennai central,KARNAN.C.S.,Anti Corruption Dynamic Party,5768,0.73,Lost
Tamil Nadu,Chennai central,Dr.KARTHIKEYAN. R,Naam Tamilar Katchi,30886,3.93,Lost
Tamil Nadu,Chennai central,GEETHALAKSHMI.V.R.,Pyramid Party of India,1030,0.13,Lost
Tamil Nadu,Chennai central,SASIKUMAR.S.,Tamil Nadu Ilangyar Katchi,1556,0.2,Lost
Tamil Nadu,Chennai central,SAM PAUL. S.R.,Pattali Makkal Katchi,147391,18.77,Lost
Tamil Nadu,Chennai central,SURESH BABU. D.,Desiya Makkal Sakthi Katchi,690,0.09,Lost
Tamil Nadu,Chennai central,NAJIMUNNISSA,Anaithu Makkal Katchi,645,0.08,Lost
Tamil Nadu,Chennai central,VALARMATHI. K.,Akila India Vallalar Peravai,643,0.08,Lost
Tamil Nadu,Chennai central,JITENDRA KUMAR JAIN.,Republican Party of India (A),3398,0.43,Lost
Tamil Nadu,Chennai central,SHEIK MOHAMED @ DHEHLAN BAQAVI,SOCIAL DEMOCRATIC PARTY OF INDIA,23741,3.02,Lost
Tamil Nadu,Chennai central,RAGHAVAN. M.,Independent,322,0.04,Lost
Tamil Nadu,Chennai central,RADHAKRISHNAN. V.,Independent,504,0.06,Lost
Tamil Nadu,Chennai central,Dr. GUNASEKAR. N,Independent,1229,0.16,Lost
Tamil Nadu,Chennai central,KUPPUSAMY. K.,Independent,1770,0.23,Lost
Tamil Nadu,Chennai central,GOVINDARAJ. L.,Independent,1184,0.15,Lost
Tamil Nadu,Chennai central,CHANDRANATHAN. S.,Independent,929,0.12,Lost
Tamil Nadu,Chennai central,SAMUEL PAUL,Independent,1234,0.16,Lost
Tamil Nadu,Chennai central,SAM PAUL,Independent,1444,0.18,Lost
Tamil Nadu,Chennai central,TAMILARASAN. V.V.,Independent,511,0.07,Lost
Tamil Nadu,Chennai central,DINAKARAN. G.,Independent,325,0.04,Lost
Tamil Nadu,Chennai central,NASAR. K.,Independent,360,0.05,Lost
Tamil Nadu,Chennai central,PRABAKARAN. K.M.,Independent,334,0.04,Lost
Tamil Nadu,Chennai central,PRABHAKARAN. N.,Independent,377,0.05,Lost
Tamil Nadu,Chennai central,PUSHPARAJ. J. L.,Independent,216,0.03,Lost
Tamil Nadu,Chennai central,MADHANAGOPAL. T,Independent,235,0.03,Lost
Tamil Nadu,Chennai central,RAVICHANDRAN. M,Independent,197,0.03,Lost
Tamil Nadu,Chennai central,RAJ RAMCHAND,Independent,497,0.06,Lost
Tamil Nadu,Chennai central,VAITHIYANATHAN. R,Independent,356,0.05,Lost
Tamil Nadu,Chennai central,NOTA,None of the Above,13822,1.76,Lost
Tamil Nadu,Chennai North,ALAGAAPURAM R. MOHANRAJ,Desiya Murpokku Dravida Kazhagam,129468,13.55,Lost
Tamil Nadu,Chennai North,Dr. KALANIDHI VEERASWAMY,Dravida Munnetra Kazhagam,590986,61.85,Lost
Tamil Nadu,Chennai North,S.ROBERT GNANA SEKAR,Bahujan Samaj Party,4420,0.46,Lost
Tamil Nadu,Chennai North,M.L.RAVI,Desiya Makkal Sakthi Katchi,945,0.1,Lost
Tamil Nadu,Chennai North,KAMESH,Tamil Nadu Ilangyar Katchi,2669,0.28,Lost
Tamil Nadu,Chennai North,KALIYAMMAL.P,Naam Tamilar Katchi,60515,6.33,Lost
Tamil Nadu,Chennai North,J. SEBASTIN,SOCIALIST UNITY CENTRE OF INDIA (COMMUNIST),900,0.09,Lost
Tamil Nadu,Chennai North,K.PRABHAKARAN,Makkalatchi Katchi,679,0.07,Lost
Tamil Nadu,Chennai North,L.PRAVEEN KUMAR,People's Party of India(secular),768,0.08,Lost
Tamil Nadu,Chennai North,A. G. MOURYA,Makkal Needhi Maiam,103167,10.8,Lost
Tamil Nadu,Chennai North,R.ARULMURUGAN,Independent,615,0.06,Lost
Tamil Nadu,Chennai North,S.GANESH,Independent,1461,0.15,Lost
Tamil Nadu,Chennai North,N.SATHEESH KANNAN,Independent,847,0.09,Lost
Tamil Nadu,Chennai North,P.SANTHANA KRISHNAN,Independent,33277,3.48,Lost
Tamil Nadu,Chennai North,V.SARAVANAN,Independent,1070,0.11,Lost
Tamil Nadu,Chennai North,G.SRINIVASAN,Independent,1677,0.18,Lost
Tamil Nadu,Chennai North,S.SELVARAJ,Independent,2459,0.26,Lost
Tamil Nadu,Chennai North,C.DHANRAJ,Independent,1116,0.12,Lost
Tamil Nadu,Chennai North,J.DHARANIDHARAN,Independent,402,0.04,Lost
Tamil Nadu,Chennai North,A.G.DAMODHARAN,Independent,763,0.08,Lost
Tamil Nadu,Chennai North,S.PRITHVIRAJ,Independent,555,0.06,Lost
Tamil Nadu,Chennai North,P.MARIMUTHU,Independent,566,0.06,Lost
Tamil Nadu,Chennai North,L.RAJ,Independent,533,0.06,Lost
Tamil Nadu,Chennai North,NOTA,None of the Above,15687,1.64,Lost
Tamil Nadu,Chennai South,KOTTUR R.KUMAR,Bahujan Samaj Party,2399,0.21,Lost
Tamil Nadu,Chennai South,T.SUMATHY (A) THAMIZHACHI THANGAPANDIAN,Dravida Munnetra Kazhagam,564872,50.17,Lost
Tamil Nadu,Chennai South,Dr.J.JAYAVARDHAN,All India Anna Dravida Munnetra Kazhagam,302649,26.88,Lost
Tamil Nadu,Chennai South,SAIKUMAR.S,SOCIALIST UNITY CENTRE OF INDIA (COMMUNIST),1491,0.13,Lost
Tamil Nadu,Chennai South,S.SRINIVASAN (A) POWER STAR,Republican Party of India,670,0.06,Lost
Tamil Nadu,Chennai South,V.THIRUNAVUKARASU,Makkalatchi Katchi,436,0.04,Lost
Tamil Nadu,Chennai South,Dr.A.NARESH,Tamil Nadu Ilangyar Katchi,1381,0.12,Lost
Tamil Nadu,Chennai South,K.MURALI KRISHNAN,Pyramid Party of India,860,0.08,Lost
Tamil Nadu,Chennai South,R.RANGARAJAN,Makkal Needhi Maiam,135465,12.03,Lost
Tamil Nadu,Chennai South,R.JOHNSON,Indian Christian Front,512,0.05,Lost
Tamil Nadu,Chennai South,M.A.JAYAKUMAR,Desiya Makkal Sakthi Katchi,639,0.06,Lost
Tamil Nadu,Chennai South,A.J.SHERINE,Naam Tamilar Katchi,50222,4.46,Lost
Tamil Nadu,Chennai South,AGNI SRIRAMACHANDRAN,Independent,1444,0.13,Lost
Tamil Nadu,Chennai South,S.ASHOK,Independent,348,0.03,Lost
Tamil Nadu,Chennai South,P.AZHAGIRI,Independent,553,0.05,Lost
Tamil Nadu,Chennai South,S.ELANKUMARAN,Independent,959,0.09,Lost
Tamil Nadu,Chennai South,R.GANESAN,Independent,673,0.06,Lost
Tamil Nadu,Chennai South,K.KANNAN,Independent,635,0.06,Lost
Tamil Nadu,Chennai South,B.KARTHIKEYAN,Independent,533,0.05,Lost
Tamil Nadu,Chennai South,D.KARTHICK,Independent,1203,0.11,Lost
Tamil Nadu,Chennai South,K.SARAVANA PERUMAL,Independent,1645,0.15,Lost
Tamil Nadu,Chennai South,I.CHIDAMBARA ANANTHA RAJA (A) ICARR WEEOUI,Independent,743,0.07,Lost
Tamil Nadu,Chennai South,SIBI CHAKKARAVARTHY,Independent,647,0.06,Lost
Tamil Nadu,Chennai South,K.SUDHAGAR,Independent,224,0.02,Lost
Tamil Nadu,Chennai South,N.SUBRAMANI,Independent,432,0.04,Lost
Tamil Nadu,Chennai South,Dr.E.SUBAYA (A) ESAKKI SUBAYA,Independent,29522,2.62,Lost
Tamil Nadu,Chennai South,E.DHANASEKARAN,Independent,350,0.03,Lost
Tamil Nadu,Chennai South,G.DHANASEKARAN,Independent,437,0.04,Lost
Tamil Nadu,Chennai South,G.DEVASAHAYAM,Independent,462,0.04,Lost
Tamil Nadu,Chennai South,KUPPAL.G.DEVADOSS,Independent,313,0.03,Lost
Tamil Nadu,Chennai South,S.MANOVA,Independent,293,0.03,Lost
Tamil Nadu,Chennai South,MURTHY.M,Independent,1429,0.13,Lost
Tamil Nadu,Chennai South,A.RAVICHANDRAN,Independent,427,0.04,Lost
Tamil Nadu,Chennai South,M.RADHA,Independent,1042,0.09,Lost
Tamil Nadu,Chennai South,B.RAJI,Independent,220,0.02,Lost
Tamil Nadu,Chennai South,M.RAJESWARI PRIYA,Independent,772,0.07,Lost
Tamil Nadu,Chennai South,C.ROSI,Independent,498,0.04,Lost
Tamil Nadu,Chennai South,J.JANCI RANI,Independent,379,0.03,Lost
Tamil Nadu,Chennai South,FARMER K.JAYARAMAN,Independent,968,0.09,Lost
Tamil Nadu,Chennai South,D.HARI HARAN,Independent,219,0.02,Lost
Tamil Nadu,Chennai South,NOTA,None of the Above,16891,1.5,Lost
Tamil Nadu,Chidambaram,CHANDRASEKAR P,All India Anna Dravida Munnetra Kazhagam,497010,43.1,Lost
Tamil Nadu,Chidambaram,KRISHNARAJ M,Anaithu Makkal Puratchi Katchi,4675,0.41,Lost
Tamil Nadu,Chidambaram,SIVAJOTHI M,Naam Tamilar Katchi,37471,3.25,Lost
Tamil Nadu,Chidambaram,THIRUMAAVALAVAN THOL,Viduthalai Chiruthaigal Katchi,500229,43.38,Lost
Tamil Nadu,Chidambaram,PARVATHI S,Desiya Makkal Sakthi Katchi,4100,0.36,Lost
Tamil Nadu,Chidambaram,RAVI T,Makkal Needhi Maiam,15334,1.33,Lost
Tamil Nadu,Chidambaram,ELAVARASAN A,Independent,62308,5.4,Lost
Tamil Nadu,Chidambaram,KALAIYARASAN R,Independent,2155,0.19,Lost
Tamil Nadu,Chidambaram,KITTU T,Independent,1200,0.1,Lost
Tamil Nadu,Chidambaram,KRISHNAKUMARI A,Independent,1706,0.15,Lost
Tamil Nadu,Chidambaram,GURUSAMY P,Independent,7012,0.61,Lost
Tamil Nadu,Chidambaram,PERIYASAMY T,Independent,1464,0.13,Lost
Tamil Nadu,Chidambaram,JAGATHEESAN M,Independent,2993,0.26,Lost
Tamil Nadu,Chidambaram,NOTA,None of the Above,15535,1.35,Lost
Tamil Nadu,Coimbatore,RADHAKRISHNAN. C.P,Bharatiya Janata Party,392007,31.34,Lost
Tamil Nadu,Coimbatore,GOVINDAN. P,Bahujan Samaj Party,4314,0.34,Lost
Tamil Nadu,Coimbatore,NATARAJAN. P.R,Communist Party of India (Marxist),571150,45.66,Lost
Tamil Nadu,Coimbatore,KALYANA SUNDARAM. S,Naam Tamilar Katchi,60519,4.84,Lost
Tamil Nadu,Coimbatore,MAHENDRAN. R,Makkal Needhi Maiam,145104,11.6,Lost
Tamil Nadu,Coimbatore,MANIKANDAN. P,Tamil Nadu Ilangyar Katchi,2307,0.18,Lost
Tamil Nadu,Coimbatore,APPATHURAI. N.R.,Independent,38061,3.04,Lost
Tamil Nadu,Coimbatore,KANAGASABAPATHY. G,Independent,2727,0.22,Lost
Tamil Nadu,Coimbatore,KRISHNAN. V,Independent,2916,0.23,Lost
Tamil Nadu,Coimbatore,DHANAPAL. M,Independent,1538,0.12,Lost
Tamil Nadu,Coimbatore,NATARAJAN. A,Independent,1370,0.11,Lost
Tamil Nadu,Coimbatore,PUSHPANANTHAM. V,Independent,1422,0.11,Lost
Tamil Nadu,Coimbatore,RADHAKRISHNAN. U,Independent,2633,0.21,Lost
Tamil Nadu,Coimbatore,RADHAKRISHNAN. P,Independent,1627,0.13,Lost
Tamil Nadu,Coimbatore,NOTA,None of the Above,23190,1.85,Lost
Tamil Nadu,Cuddalore,T. R. V .S. RAMESH,Dravida Munnetra Kazhagam,522160,50.05,Lost
Tamil Nadu,Cuddalore,C. JEYAPRAKASH,Bahujan Samaj Party,2827,0.27,Lost
Tamil Nadu,Cuddalore,V. ANNAMALAI,Makkal Needhi Maiam,23713,2.27,Lost
Tamil Nadu,Cuddalore,KUPPUSAMY,Anti Corruption Dynamic Party,7540,0.72,Lost
Tamil Nadu,Cuddalore,Dr. R. GOVINDASAMY,Pattali Makkal Katchi,378177,36.25,Lost
Tamil Nadu,Cuddalore,R. CHITHRA,Naam Tamilar Katchi,34692,3.33,Lost
Tamil Nadu,Cuddalore,CHELLADURAI,Tamil Nadu Ilangyar Katchi,2587,0.25,Lost
Tamil Nadu,Cuddalore,M PAVADAI RAJA,Agila India Makkal Kazhagam,459,0.04,Lost
Tamil Nadu,Cuddalore,A. MANIKANDAN,Purvanchal Janta Party (Secular),638,0.06,Lost
Tamil Nadu,Cuddalore,M. RAGHUNATHAN,Ilantamilar Munnani Kazhagam,748,0.07,Lost
Tamil Nadu,Cuddalore,S. RAJAMOHAN,Independent,920,0.09,Lost
Tamil Nadu,Cuddalore,K. RAMAN,Independent,1943,0.19,Lost
Tamil Nadu,Cuddalore,D. SANKAR,Independent,2860,0.27,Lost
Tamil Nadu,Cuddalore,M. SATHIYASEELAN,Independent,1671,0.16,Lost
Tamil Nadu,Cuddalore,D. SENTHAMARAI KANNAN,Independent,1277,0.12,Lost
Tamil Nadu,Cuddalore,K. THANGAVEL,Independent,44892,4.3,Lost
Tamil Nadu,Cuddalore,S. DHANASEKARAN,Independent,3296,0.32,Lost
Tamil Nadu,Cuddalore,A. MARIMUTHU,Independent,635,0.06,Lost
Tamil Nadu,Cuddalore,MOOVANDHAN,Independent,1518,0.15,Lost
Tamil Nadu,Cuddalore,A. JAYAMANI,Independent,574,0.06,Lost
Tamil Nadu,Cuddalore,K. HEMANTH KUMAR,Independent,1350,0.13,Lost
Tamil Nadu,Cuddalore,NOTA,None of the Above,8725,0.84,Lost
Tamil Nadu,Dharmapuri,SIVANANDHAM. C.,Bahujan Samaj Party,6012,0.49,Lost
Tamil Nadu,Dharmapuri,DNV SENTHILKUMAR. S.,Dravida Munnetra Kazhagam,574988,47.01,Lost
Tamil Nadu,Dharmapuri,ANNADHURAI. K.,Ganasangam Party of India,9017,0.74,Lost
Tamil Nadu,Dharmapuri,ANBUMANI RAMADOSS,Pattali Makkal Katchi,504235,41.22,Lost
Tamil Nadu,Dharmapuri,RAJASEKAR. D.,Makkal Needhi Maiam,15614,1.28,Lost
Tamil Nadu,Dharmapuri,RUKMANIDEVI. R.,Naam Tamilar Katchi,19674,1.61,Lost
Tamil Nadu,Dharmapuri,ARIVAZHAGAN. P.,Independent,1482,0.12,Lost
Tamil Nadu,Dharmapuri,DR. ELANGO. S.,Independent,10830,0.89,Lost
Tamil Nadu,Dharmapuri,SAKTHIVEL. V.,Independent,1503,0.12,Lost
Tamil Nadu,Dharmapuri,SARAVANAN. S.,Independent,1062,0.09,Lost
Tamil Nadu,Dharmapuri,DURAI. S.,Independent,1293,0.11,Lost
Tamil Nadu,Dharmapuri,PADMARAJAN. K. DR.,Independent,2862,0.23,Lost
Tamil Nadu,Dharmapuri,PALANIAPPAN. P.,Independent,53655,4.39,Lost
Tamil Nadu,Dharmapuri,MANIVASAGAM. C.,Independent,4427,0.36,Lost
Tamil Nadu,Dharmapuri,VENKATACHALAM. C.,Independent,3172,0.26,Lost
Tamil Nadu,Dharmapuri,NOTA,None of the Above,13379,1.09,Lost
Tamil Nadu,Dindigul,"ARASUR MANOHARAN (a) MNOHARAN, S",Bahujan Samaj Party,5743,0.5,Lost
Tamil Nadu,Dindigul,"VELUSAMY, P.",Dravida Munnetra Kazhagam,746523,64.35,Lost
Tamil Nadu,Dindigul,"SUTHAKARAN, S. Dr.",Makkal Needhi Maiam,38784,3.34,Lost
Tamil Nadu,Dindigul,"SURESH. K,",Ulzaipali Makkal Katchy,2208,0.19,Lost
Tamil Nadu,Dindigul,"MANSOORALI KHAN, A.",Naam Tamilar Katchi,54957,4.74,Lost
Tamil Nadu,Dindigul,"JOTHIMUTHU, K.",Pattali Makkal Katchi,207551,17.89,Lost
Tamil Nadu,Dindigul,"ARUN KUMAR,A.",Independent,1804,0.16,Lost
Tamil Nadu,Dindigul,"ANBUROSE. D,",Independent,1324,0.11,Lost
Tamil Nadu,Dindigul,"ANANTHRAJ, T.",Independent,3022,0.26,Lost
Tamil Nadu,Dindigul,"IRUDAYASAMY, G.",Independent,1064,0.09,Lost
Tamil Nadu,Dindigul,"ESWARAN, R.",Independent,2764,0.24,Lost
Tamil Nadu,Dindigul,"UDAYAKUMAR,A.",Independent,1181,0.1,Lost
Tamil Nadu,Dindigul,"SHANMUGA PRABU,K.",Independent,853,0.07,Lost
Tamil Nadu,Dindigul,"DINESHKUMAR, M.",Independent,1418,0.12,Lost
Tamil Nadu,Dindigul,"NAGARAJ , M",Independent,3291,0.28,Lost
Tamil Nadu,Dindigul,"PANDI, M.",Independent,3111,0.27,Lost
Tamil Nadu,Dindigul,"MURUGESAN, S .P,",Independent,1516,0.13,Lost
Tamil Nadu,Dindigul,"VETRIVEL, N.",Independent,3903,0.34,Lost
Tamil Nadu,Dindigul,"VEMBARASAN. V,",Independent,1126,0.1,Lost
Tamil Nadu,Dindigul,"VELUSAMY, P.",Independent,851,0.07,Lost
Tamil Nadu,Dindigul,"JOTHI MURUGAN,P.",Independent,62875,5.42,Lost
Tamil Nadu,Dindigul,NOTA,None of the Above,14177,1.22,Lost
Tamil Nadu,Erode,GANESHAMURTHI A,Dravida Munnetra Kazhagam,563591,52.78,Lost
Tamil Nadu,Erode,GOPAL M,Bahujan Samaj Party,4138,0.39,Lost
Tamil Nadu,Erode,MANIMARAN G,All India Anna Dravida Munnetra Kazhagam,352973,33.05,Lost
Tamil Nadu,Erode,KUPPUSAMY P,Ulzaipali Makkal Katchy,3379,0.32,Lost
Tamil Nadu,Erode,KUPPUSAMY R,Ganasangam Party of India,1603,0.15,Lost
Tamil Nadu,Erode,SARAVANAKUMAR A,Makkal Needhi Maiam,47719,4.47,Lost
Tamil Nadu,Erode,SEETHALAKSHMI M K,Naam Tamilar Katchi,39010,3.65,Lost
Tamil Nadu,Erode,ARUNACHALAM A,Independent,2080,0.19,Lost
Tamil Nadu,Erode,ANANTHI S,Independent,485,0.05,Lost
Tamil Nadu,Erode,GANESHAMURTHY A C,Independent,1539,0.14,Lost
Tamil Nadu,Erode,GANESHAMOORTHY M,Independent,1006,0.09,Lost
Tamil Nadu,Erode,KATHIRVEL A,Independent,728,0.07,Lost
Tamil Nadu,Erode,KARTHIKEYAN P,Independent,1508,0.14,Lost
Tamil Nadu,Erode,CHITRA,Independent,1446,0.14,Lost
Tamil Nadu,Erode,SUBRAMANIAN K,Independent,1278,0.12,Lost
Tamil Nadu,Erode,SENTHILKUMAR K C,Independent,25858,2.42,Lost
Tamil Nadu,Erode,DHARMALINGAM S,Independent,2455,0.23,Lost
Tamil Nadu,Erode,NATARAJAN A,Independent,526,0.05,Lost
Tamil Nadu,Erode,PARAMASIVAM N,Independent,1167,0.11,Lost
Tamil Nadu,Erode,MANI A,Independent,579,0.05,Lost
Tamil Nadu,Erode,NOTA,None of the Above,14795,1.39,Lost
Tamil Nadu,Kallakurichi,Gautham Sigamani Pon,Dravida Munnetra Kazhagam,721713,59.92,Lost
Tamil Nadu,Kallakurichi,Sakthivel S,Bahujan Samaj Party,4838,0.4,Lost
Tamil Nadu,Kallakurichi,Sudhish L K,Desiya Murpokku Dravida Kazhagam,321794,26.72,Lost
Tamil Nadu,Kallakurichi,Ganesh H,Makkal Needhi Maiam,14587,1.21,Lost
Tamil Nadu,Kallakurichi,Chandramohan M,Vivasayigal Makkal Munnetra Katchi,1108,0.09,Lost
Tamil Nadu,Kallakurichi,Sharfudeen S,Naam Tamilar Katchi,30246,2.51,Lost
Tamil Nadu,Kallakurichi,Kannan S,Independent,1152,0.1,Lost
Tamil Nadu,Kallakurichi,Kumar K R,Independent,1411,0.12,Lost
Tamil Nadu,Kallakurichi,Komugi Maniyan M,Independent,50179,4.17,Lost
Tamil Nadu,Kallakurichi,Govindasamy A,Independent,938,0.08,Lost
Tamil Nadu,Kallakurichi,Sathishkumar A,Independent,1024,0.09,Lost
Tamil Nadu,Kallakurichi,Sathish Kumar G,Independent,1415,0.12,Lost
Tamil Nadu,Kallakurichi,Sathees Kumar R,Independent,3956,0.33,Lost
Tamil Nadu,Kallakurichi,Chandrasekaran V,Independent,8066,0.67,Lost
Tamil Nadu,Kallakurichi,Siva Kumar P,Independent,1824,0.15,Lost
Tamil Nadu,Kallakurichi,Sumathi B,Independent,10045,0.83,Lost
Tamil Nadu,Kallakurichi,Selvam D,Independent,4426,0.37,Lost
Tamil Nadu,Kallakurichi,Nagarajan S,Independent,1082,0.09,Lost
Tamil Nadu,Kallakurichi,Prabhu A,Independent,3182,0.26,Lost
Tamil Nadu,Kallakurichi,Manikandan C,Independent,1299,0.11,Lost
Tamil Nadu,Kallakurichi,Mannan M P,Independent,1130,0.09,Lost
Tamil Nadu,Kallakurichi,Mayilamparai Mari A,Independent,1151,0.1,Lost
Tamil Nadu,Kallakurichi,Ramachandran K,Independent,1306,0.11,Lost
Tamil Nadu,Kallakurichi,Ramadoss R,Independent,4927,0.41,Lost
Tamil Nadu,Kallakurichi,NOTA,None of the Above,11576,0.96,Lost
Tamil Nadu,Kancheepuram,Selvam.G,Dravida Munnetra Kazhagam,684004,55.27,Lost
Tamil Nadu,Kancheepuram,Sekar.D,Bahujan Samaj Party,5018,0.41,Lost
Tamil Nadu,Kancheepuram,Maragatham K,All India Anna Dravida Munnetra Kazhagam,397372,32.11,Lost
Tamil Nadu,Kancheepuram,Sivaranjani.D,Naam Tamilar Katchi,62771,5.07,Lost
Tamil Nadu,Kancheepuram,Elangovan M,Independent,2272,0.18,Lost
Tamil Nadu,Kancheepuram,Devarajan C,Independent,1312,0.11,Lost
Tamil Nadu,Kancheepuram,Pon Jeyaraman S P,Independent,2509,0.2,Lost
Tamil Nadu,Kancheepuram,Maragadam M,Independent,1640,0.13,Lost
Tamil Nadu,Kancheepuram,Munusamy A,Independent,55213,4.46,Lost
Tamil Nadu,Kancheepuram,Ramesh S,Independent,2243,0.18,Lost
Tamil Nadu,Kancheepuram,Vinothraj R,Independent,1597,0.13,Lost
Tamil Nadu,Kancheepuram,NOTA,None of the Above,21661,1.75,Lost
Tamil Nadu,Kanniyakumari,RADHAKRISHNAN. P,Bharatiya Janata Party,367302,35.04,Lost
Tamil Nadu,Kanniyakumari,BALASUBRAMANIAN. E,Bahujan Samaj Party,1989,0.19,Lost
Tamil Nadu,Kanniyakumari,Vasanthakumar. H,Indian National Congress,627235,59.83,Lost
Tamil Nadu,Kanniyakumari,EBENEZER. J,Makkal Needhi Maiam,8590,0.82,Lost
Tamil Nadu,Kanniyakumari,SUBI. T,The Future India Party,820,0.08,Lost
Tamil Nadu,Kanniyakumari,PAULRAJ. C.M.,Communist Party of India (Marxist-Leninist) Red Star,778,0.07,Lost
Tamil Nadu,Kanniyakumari,Jackson. M. S.,Democratic Corruption Liberation Front,596,0.06,Lost
Tamil Nadu,Kanniyakumari,JAINTEEN. V,Naam Tamilar Katchi,17069,1.63,Lost
Tamil Nadu,Kanniyakumari,ESAKKIMUTHU. N,Independent,520,0.05,Lost
Tamil Nadu,Kanniyakumari,ENOSE. M,Independent,410,0.04,Lost
Tamil Nadu,Kanniyakumari,Santhakumar. N,Independent,864,0.08,Lost
Tamil Nadu,Kanniyakumari,NAGOOR MEERAN PEER MOHAMED. U,Independent,493,0.05,Lost
Tamil Nadu,Kanniyakumari,PEACHI MUTHU. E,Independent,814,0.08,Lost
Tamil Nadu,Kanniyakumari,RAVI KUMAR. T,Independent,2421,0.23,Lost
Tamil Nadu,Kanniyakumari,LEKSHMANAN. E,Independent,12345,1.18,Lost
Tamil Nadu,Kanniyakumari,NOTA,None of the Above,6131,0.58,Lost
Tamil Nadu,Karur,AadhiKrishnan P,Bahujan Samaj Party,3059,0.28,Lost
Tamil Nadu,Karur,Thambidurai M,All India Anna Dravida Munnetra Kazhagam,275151,24.94,Lost
Tamil Nadu,Karur,Jothimani S,Indian National Congress,695697,63.06,Lost
Tamil Nadu,Karur,Karuppaiya R,Naam Tamilar Katchi,38543,3.49,Lost
Tamil Nadu,Karur,Noyyal Ramasamy M,Tamil Nadu Ilangyar Katchi,1264,0.11,Lost
Tamil Nadu,Karur,Manoharan M,Anaithu Makkal Puratchi Katchi,414,0.04,Lost
Tamil Nadu,Karur,Ramamoorthy R,Ulzaipali Makkal Katchy,717,0.06,Lost
Tamil Nadu,Karur,Joseph M A,Desiya Makkal Sakthi Katchi,398,0.04,Lost
Tamil Nadu,Karur,Jothikumar J,Desiya Uzhavar Uzhaipalar Kazhagam,969,0.09,Lost
Tamil Nadu,Karur,Hariharan Dr R,Makkal Needhi Maiam,15967,1.45,Lost
Tamil Nadu,Karur,Anbazhagan T,Independent,666,0.06,Lost
Tamil Nadu,Karur,Anbukani S,Independent,1145,0.1,Lost
Tamil Nadu,Karur,Ulaganathan T,Independent,824,0.07,Lost
Tamil Nadu,Karur,Ebeneezer S,Independent,1950,0.18,Lost
Tamil Nadu,Karur,Kanagaraj R T,Independent,1300,0.12,Lost
Tamil Nadu,Karur,Karthi P,Independent,2175,0.2,Lost
Tamil Nadu,Karur,Karthikeyan B K,Independent,2296,0.21,Lost
Tamil Nadu,Karur,Karthikeyan M,Independent,1585,0.14,Lost
Tamil Nadu,Karur,Sathishkumar S,Independent,1526,0.14,Lost
Tamil Nadu,Karur,Saraswathi K,Indian New Congress Party,860,0.08,Lost
Tamil Nadu,Karur,Sivakumar V,Independent,378,0.03,Lost
Tamil Nadu,Karur,Selvaraj K,Independent,697,0.06,Lost
Tamil Nadu,Karur,Thangavel P S N,Independent,31139,2.82,Lost
Tamil Nadu,Karur,Dasaprakash K,Independent,813,0.07,Lost
Tamil Nadu,Karur,Nagajothi M,Independent,397,0.04,Lost
Tamil Nadu,Karur,Palanivel P,Independent,549,0.05,Lost
Tamil Nadu,Karur,Babu G,Independent,313,0.03,Lost
Tamil Nadu,Karur,Pitchaimuthu T,Independent,296,0.03,Lost
Tamil Nadu,Karur,Prakash N,Independent,506,0.05,Lost
Tamil Nadu,Karur,Prabakaran T,Independent,1129,0.1,Lost
Tamil Nadu,Karur,Pushpahenryraj S,Independent,887,0.08,Lost
Tamil Nadu,Karur,Mahamuni A,Independent,2867,0.26,Lost
Tamil Nadu,Karur,Magudeeswaran K,Independent,720,0.07,Lost
Tamil Nadu,Karur,Muthu K R P,Independent,920,0.08,Lost
Tamil Nadu,Karur,Muthukumar G,Independent,1045,0.09,Lost
Tamil Nadu,Karur,Ravi S P,Independent,512,0.05,Lost
Tamil Nadu,Karur,Ramachandran M,Independent,1466,0.13,Lost
Tamil Nadu,Karur,Rajalingam M,Independent,397,0.04,Lost
Tamil Nadu,Karur,Rajesh Kannan K,Independent,270,0.02,Lost
Tamil Nadu,Karur,Varadan M,Independent,639,0.06,Lost
Tamil Nadu,Karur,Vigneshwaran P,Independent,700,0.06,Lost
Tamil Nadu,Karur,Vinothkumar N,Independent,416,0.04,Lost
Tamil Nadu,Karur,NOTA,None of the Above,9603,0.87,Lost
Tamil Nadu,Krishnagiri,Dr.A.CHELLAKUMAR,Indian National Congress,611298,52.64,Lost
Tamil Nadu,Krishnagiri,K.P.MUNUSAMY,All India Anna Dravida Munnetra Kazhagam,454533,39.14,Lost
Tamil Nadu,Krishnagiri,MADHUSOODHANAN.N,Naam Tamilar Katchi,28000,2.41,Lost
Tamil Nadu,Krishnagiri,SRI KARUNYA SUBRAHMANYAM,Makkal Needhi Maiam,16995,1.46,Lost
Tamil Nadu,Krishnagiri,N.ASLAM RAHMAN SHERIFF,Independent,822,0.07,Lost
Tamil Nadu,Krishnagiri,AJAZ.S,Independent,688,0.06,Lost
Tamil Nadu,Krishnagiri,S.GANESA KUMAR,Independent,8867,0.76,Lost
Tamil Nadu,Krishnagiri,T.V.S.GANDHI,Independent,934,0.08,Lost
Tamil Nadu,Krishnagiri,K.KUPPAN,Independent,1078,0.09,Lost
Tamil Nadu,Krishnagiri,M.KUMARESAN,Independent,1259,0.11,Lost
Tamil Nadu,Krishnagiri,B.GOVINDAN,Independent,5390,0.46,Lost
Tamil Nadu,Krishnagiri,DEVAPPA.Y,Independent,1522,0.13,Lost
Tamil Nadu,Krishnagiri,NAGESH.L,Independent,1629,0.14,Lost
Tamil Nadu,Krishnagiri,M.MEENA,Independent,2584,0.22,Lost
Tamil Nadu,Krishnagiri,N.SRINIVASA,Independent,5945,0.51,Lost
Tamil Nadu,Krishnagiri,NOTA,None of the Above,19825,1.71,Lost
Tamil Nadu,Madurai,DHAVAMANI A,Bahujan Samaj Party,2659,0.26,Lost
Tamil Nadu,Madurai,RAJ SATYEN V.V.R,All India Anna Dravida Munnetra Kazhagam,307680,30.28,Lost
Tamil Nadu,Madurai,VENKATESAN S,Communist Party of India (Marxist),447075,44.0,Lost
Tamil Nadu,Madurai,ALAGAR P,Desiya Makkal Sakthi Katchi,2644,0.26,Lost
Tamil Nadu,Madurai,ALAGAR M,Makkal Needhi Maiam,85048,8.37,Lost
Tamil Nadu,Madurai,PANDIAMMAL J,Naam Tamilar Katchi,42901,4.22,Lost
Tamil Nadu,Madurai,MAYALAGAN N,Tamil Nadu Ilangyar Katchi,955,0.09,Lost
Tamil Nadu,Madurai,ANNADURAI P,Independent,716,0.07,Lost
Tamil Nadu,Madurai,RAMASAMY T,Independent,918,0.09,Lost
Tamil Nadu,Madurai,GOPALAKRISHNAN S,Independent,551,0.05,Lost
Tamil Nadu,Madurai,GOPALAKRISHNAN M,Independent,1916,0.19,Lost
Tamil Nadu,Madurai,SHANMUGHAM V,Independent,855,0.08,Lost
Tamil Nadu,Madurai,DAVID ANNADURAI K,Independent,85747,8.44,Lost
Tamil Nadu,Madurai,DHARMAR P,Independent,1843,0.18,Lost
Tamil Nadu,Madurai,NAGA JOTHI K,Independent,1000,0.1,Lost
Tamil Nadu,Madurai,PASUMPON PANDIAN S,Independent,2272,0.22,Lost
Tamil Nadu,Madurai,BALACHANDRAN T,Independent,937,0.09,Lost
Tamil Nadu,Madurai,PALPANDI M,Independent,2621,0.26,Lost
Tamil Nadu,Madurai,BRITTO JAI SINGH M,Independent,1504,0.15,Lost
Tamil Nadu,Madurai,BOOMINATHAN K,Independent,920,0.09,Lost
Tamil Nadu,Madurai,BOOMI RAJAN K,Independent,790,0.08,Lost
Tamil Nadu,Madurai,MUTHUKUMAR T,Independent,612,0.06,Lost
Tamil Nadu,Madurai,MOHAN N,Independent,1359,0.13,Lost
Tamil Nadu,Madurai,RAMESH K.K,Independent,707,0.07,Lost
Tamil Nadu,Madurai,VENKATESAN M,Independent,1773,0.17,Lost
Tamil Nadu,Madurai,VENKATESWARAN S,Independent,693,0.07,Lost
Tamil Nadu,Madurai,SHOBANA S,Independent,3143,0.31,Lost
Tamil Nadu,Madurai,NOTA,None of the Above,16187,1.59,Lost
Tamil Nadu,Mayiladuthurai,ASAIMANI. S,All India Anna Dravida Munnetra Kazhagam,337978,30.8,Lost
Tamil Nadu,Mayiladuthurai,RAMALINGAM. S,Dravida Munnetra Kazhagam,599292,54.62,Lost
Tamil Nadu,Mayiladuthurai,KALYANA SUNDARAM. N,Bahujan Samaj Party,3183,0.29,Lost
Tamil Nadu,Mayiladuthurai,SUBHASHINI. K,Naam Tamilar Katchi,41056,3.74,Lost
Tamil Nadu,Mayiladuthurai,REFAYUDEEN. M,Makkal Needhi Maiam,17005,1.55,Lost
Tamil Nadu,Mayiladuthurai,HABEEB MOHAMED. U,All Pensioners Party,892,0.08,Lost
Tamil Nadu,Mayiladuthurai,ANNADURAI. K,Independent,325,0.03,Lost
Tamil Nadu,Mayiladuthurai,ABDUL BASEETH,Independent,371,0.03,Lost
Tamil Nadu,Mayiladuthurai,ARAVAAZHI. K,Independent,611,0.06,Lost
Tamil Nadu,Mayiladuthurai,KANNAPIRAN. M,Independent,465,0.04,Lost
Tamil Nadu,Mayiladuthurai,KANNAN. R,Independent,433,0.04,Lost
Tamil Nadu,Mayiladuthurai,KRITHIVASAN. S,Independent,906,0.08,Lost
Tamil Nadu,Mayiladuthurai,SHANMUGAM. M,Independent,728,0.07,Lost
Tamil Nadu,Mayiladuthurai,SAMIDURAI. E,Independent,603,0.05,Lost
Tamil Nadu,Mayiladuthurai,SRINIVASAN. V,Independent,2158,0.2,Lost
Tamil Nadu,Mayiladuthurai,SUGUMARAN. K,Independent,2473,0.23,Lost
Tamil Nadu,Mayiladuthurai,SUBRAMANIAN. P,Independent,3192,0.29,Lost
Tamil Nadu,Mayiladuthurai,SENTHAMIZHAN. S,Independent,69030,6.29,Lost
Tamil Nadu,Mayiladuthurai,THIRUGNANASAMBANDAM. D,Independent,1101,0.1,Lost
Tamil Nadu,Mayiladuthurai,THIRUNAVUKKARASU. R,Independent,478,0.04,Lost
Tamil Nadu,Mayiladuthurai,KAPPUR DHAKSHINAMOORTHY. M,Independent,1029,0.09,Lost
Tamil Nadu,Mayiladuthurai,DEVADOS. P,Independent,1303,0.12,Lost
Tamil Nadu,Mayiladuthurai,RAJASEKAR. A,Independent,1337,0.12,Lost
Tamil Nadu,Mayiladuthurai,RAJA. N,Independent,263,0.02,Lost
Tamil Nadu,Mayiladuthurai,RAJESH. P,Independent,415,0.04,Lost
Tamil Nadu,Mayiladuthurai,VANIDHAS. M,Independent,777,0.07,Lost
Tamil Nadu,Mayiladuthurai,VILVANATHAN. M,Independent,1608,0.15,Lost
Tamil Nadu,Mayiladuthurai,NOTA,None of the Above,8231,0.75,Lost
Tamil Nadu,Nagapattinam,ANITHA V,Bahujan Samaj Party,5412,0.54,Lost
Tamil Nadu,Nagapattinam,SARAVANAN M,All India Anna Dravida Munnetra Kazhagam,311539,31.09,Lost
Tamil Nadu,Nagapattinam,SELVARAJ M,Communist Party of India,522892,52.17,Lost
Tamil Nadu,Nagapattinam,AMBIKAPATHI D,"Makkal Sananayaga Kudiyarasu Katchi,",2906,0.29,Lost
Tamil Nadu,Nagapattinam,GURUVIAH K,Makkal Needhi Maiam,14503,1.45,Lost
Tamil Nadu,Nagapattinam,MALATHI P,Naam Tamilar Katchi,51448,5.13,Lost
Tamil Nadu,Nagapattinam,VEDARETHINAM G,Anti Corruption Dynamic Party,895,0.09,Lost
Tamil Nadu,Nagapattinam,JAYALAKSHMI,Tamil Nadu Ilangyar Katchi,1178,0.12,Lost
Tamil Nadu,Nagapattinam,SAMPATH R,Independent,1686,0.17,Lost
Tamil Nadu,Nagapattinam,SAMBATHKUMAR A,Independent,2101,0.21,Lost
Tamil Nadu,Nagapattinam,SIVAKUMAR P,Independent,1268,0.13,Lost
Tamil Nadu,Nagapattinam,SENGODI T,Independent,70307,7.02,Lost
Tamil Nadu,Nagapattinam,SOUNDARARAJAN M,Independent,1090,0.11,Lost
Tamil Nadu,Nagapattinam,PREM S,Independent,3118,0.31,Lost
Tamil Nadu,Nagapattinam,JAGADEESH J,Independent,2402,0.24,Lost
Tamil Nadu,Nagapattinam,NOTA,None of the Above,9463,0.94,Lost
Tamil Nadu,Namakkal,KALIAPPAN P,All India Anna Dravida Munnetra Kazhagam,361142,31.85,Lost
Tamil Nadu,Namakkal,CHINRAJ A.K.P,Dravida Munnetra Kazhagam,626293,55.24,Lost
Tamil Nadu,Namakkal,RAMAN V,Bahujan Samaj Party,3579,0.32,Lost
Tamil Nadu,Namakkal,RAMESH T,Ahimsa Socialist Party,972,0.09,Lost
Tamil Nadu,Namakkal,SENTHILMURUGAN S,Desiya Makkal Sakthi Katchi,644,0.06,Lost
Tamil Nadu,Namakkal,THANGAVELU R,Makkal Needhi Maiam,30947,2.73,Lost
Tamil Nadu,Namakkal,BASKAR B,Naam Tamilar Katchi,38531,3.4,Lost
Tamil Nadu,Namakkal,MANICKAM S,Ulzaipali Makkal Katchy,777,0.07,Lost
Tamil Nadu,Namakkal,MUTHUSAMY M.P.,Ganasangam Party of India,1011,0.09,Lost
Tamil Nadu,Namakkal,ARUMUGAM V,Independent,762,0.07,Lost
Tamil Nadu,Namakkal,RAMASAMY N,Independent,1868,0.16,Lost
Tamil Nadu,Namakkal,RAMASAMY P,Independent,726,0.06,Lost
Tamil Nadu,Namakkal,KALIYAPPAN K,Independent,1821,0.16,Lost
Tamil Nadu,Namakkal,KALIAPPAN S,Independent,1177,0.1,Lost
Tamil Nadu,Namakkal,KALIAPPAN P,Independent,2632,0.23,Lost
Tamil Nadu,Namakkal,SAKTHIYVEL N.K.S,Independent,4398,0.39,Lost
Tamil Nadu,Namakkal,SAKTHIVEL S,Independent,2544,0.22,Lost
Tamil Nadu,Namakkal,SARAVANAVEL R,Independent,2935,0.26,Lost
Tamil Nadu,Namakkal,SAMINATHAN P.P,Independent,23347,2.06,Lost
Tamil Nadu,Namakkal,SIVARAJEE S,Independent,341,0.03,Lost
Tamil Nadu,Namakkal,SELLADURAI S,Independent,288,0.03,Lost
Tamil Nadu,Namakkal,SELVARAJ K.R,Independent,448,0.04,Lost
Tamil Nadu,Namakkal,CHO V,Independent,459,0.04,Lost
Tamil Nadu,Namakkal,NATARAJAN M,Independent,2362,0.21,Lost
Tamil Nadu,Namakkal,NALLATHAMBI P,Independent,526,0.05,Lost
Tamil Nadu,Namakkal,PRABHU K,Independent,587,0.05,Lost
Tamil Nadu,Namakkal,RAMESH T.R,Independent,683,0.06,Lost
Tamil Nadu,Namakkal,VINOTHKUMAR V,Independent,4857,0.43,Lost
Tamil Nadu,Namakkal,VIJAYAKARTHIKEYAN B,Independent,2044,0.18,Lost
Tamil Nadu,Namakkal,NOTA,None of the Above,15073,1.33,Lost
Tamil Nadu,Nilgiris,"ASHOK KUMAR, R.",Bahujan Samaj Party,4088,0.4,Lost
Tamil Nadu,Nilgiris,"RAJA, A.",Dravida Munnetra Kazhagam,547832,54.2,Lost
Tamil Nadu,Nilgiris,"THIYAGARAJAN, M.",All India Anna Dravida Munnetra Kazhagam,342009,33.84,Lost
Tamil Nadu,Nilgiris,"RAJENTHIRAN, N.",Makkal Needhi Maiam,41169,4.07,Lost
Tamil Nadu,Nilgiris,"ARUMUKAM, P.",Independent,1621,0.16,Lost
Tamil Nadu,Nilgiris,"RAMASWAMY, M.",Independent,40419,4.0,Lost
Tamil Nadu,Nilgiris,"SUBRAMANI, M.",Independent,5229,0.52,Lost
Tamil Nadu,Nilgiris,"NAGARAJAN, A.",Independent,2199,0.22,Lost
Tamil Nadu,Nilgiris,"RAJARATHINAM, M.",Independent,4747,0.47,Lost
Tamil Nadu,Nilgiris,"RAJA, K.",Independent,3257,0.32,Lost
Tamil Nadu,Nilgiris,NOTA,None of the Above,18149,1.8,Lost
Tamil Nadu,Perambalur,"SIVAPATHY, N.R",All India Anna Dravida Munnetra Kazhagam,280179,25.41,Lost
Tamil Nadu,Perambalur,"Dr.PAARIVENDHAR, T. R",Dravida Munnetra Kazhagam,683697,62.0,Lost
Tamil Nadu,Perambalur,"MUTHULAKSHMI, R.",Bahujan Samaj Party,4586,0.42,Lost
Tamil Nadu,Perambalur,"SHANTHI, K.",Naam Tamilar Katchi,53545,4.86,Lost
Tamil Nadu,Perambalur,"Senthilvel, A.",Ulzaipali Makkal Katchy,1147,0.1,Lost
Tamil Nadu,Perambalur,"RAJASEKARAN, M.",Ezhuchi Tamilargal Munnetra Kazhagam,960,0.09,Lost
Tamil Nadu,Perambalur,"VINOTHKUMAR, S.",Tamil Nadu Ilangyar Katchi,1617,0.15,Lost
Tamil Nadu,Perambalur,"ANNADURAI, V.",Independent,962,0.09,Lost
Tamil Nadu,Perambalur,"ANANDRAJ, B.",Independent,878,0.08,Lost
Tamil Nadu,Perambalur,"RAJASEKARAN, M.",Independent,45591,4.13,Lost
Tamil Nadu,Perambalur,"UTHAMASELVAN, N.",Independent,983,0.09,Lost
Tamil Nadu,Perambalur,"KARUPPAIYA, M.",Independent,839,0.08,Lost
Tamil Nadu,Perambalur,"SABABATHI, S.",Independent,885,0.08,Lost
Tamil Nadu,Perambalur,"SURESH, K.",Independent,1385,0.13,Lost
Tamil Nadu,Perambalur,"PACHAMUTHU, P.",Independent,3336,0.3,Lost
Tamil Nadu,Perambalur,"MURUGAN, P.",Independent,4313,0.39,Lost
Tamil Nadu,Perambalur,"RAJASEKARAN, T.",Independent,2455,0.22,Lost
Tamil Nadu,Perambalur,"VINCENT MELBONE, J.",Independent,3171,0.29,Lost
Tamil Nadu,Perambalur,"JAVEED HUSSAIN, T.",Independent,913,0.08,Lost
Tamil Nadu,Perambalur,NOTA,None of the Above,11325,1.03,Lost
Tamil Nadu,Pollachi,GANESHA MOORTHY. A,Bahujan Samaj Party,3187,0.29,Lost
Tamil Nadu,Pollachi,SHANMUGA SUNDARAM. K,Dravida Munnetra Kazhagam,554230,51.23,Lost
Tamil Nadu,Pollachi,MAHENDRAN. C,All India Anna Dravida Munnetra Kazhagam,378347,34.97,Lost
Tamil Nadu,Pollachi,SANUJA. U,Naam Tamilar Katchi,31483,2.91,Lost
Tamil Nadu,Pollachi,MOOKAMBIKA. R,Makkal Needhi Maiam,59693,5.52,Lost
Tamil Nadu,Pollachi,ANSARI. S,Independent,908,0.08,Lost
Tamil Nadu,Pollachi,SHANMUGA SUNDARAM. K.N.,Independent,714,0.07,Lost
Tamil Nadu,Pollachi,SHANMUGA SUNDARAM. V,Independent,1273,0.12,Lost
Tamil Nadu,Pollachi,BALAJI. G,Independent,806,0.07,Lost
Tamil Nadu,Pollachi,MANICKAVEL. C,Independent,534,0.05,Lost
Tamil Nadu,Pollachi,MUTHUKUMAR. C,Independent,943,0.09,Lost
Tamil Nadu,Pollachi,MUTHUKUMAR. S,Independent,26663,2.46,Lost
Tamil Nadu,Pollachi,RAMASAMY. K,Independent,2737,0.25,Lost
Tamil Nadu,Pollachi,RAJENDHIRAN. R.G.,Independent,5247,0.48,Lost
Tamil Nadu,Pollachi,NOTA,None of the Above,15110,1.4,Lost
Tamil Nadu,Ramanathapuram,NAINAR NAGENTHRAN,Bharatiya Janata Party,342821,32.16,Lost
Tamil Nadu,Ramanathapuram,K. PANCHATCHARAM,Bahujan Samaj Party,3681,0.35,Lost
Tamil Nadu,Ramanathapuram,G. KESAV YADAV,Purvanchal Janta Party (Secular),2883,0.27,Lost
Tamil Nadu,Ramanathapuram,K. NAVASKANI,Indian Union Muslim League,469943,44.08,Lost
Tamil Nadu,Ramanathapuram,T. BHUVANESWARI,Naam Tamilar Katchi,46385,4.35,Lost
Tamil Nadu,Ramanathapuram,P. LOGANATHAN,Pragatishil Samajwadi Party (Lohia),1877,0.18,Lost
Tamil Nadu,Ramanathapuram,VIJAYA BASKAR,Makkal Needhi Maiam,14925,1.4,Lost
Tamil Nadu,Ramanathapuram,ASAN ALI. A,Independent,1443,0.14,Lost
Tamil Nadu,Ramanathapuram,ALLA PICHAI,Independent,883,0.08,Lost
Tamil Nadu,Ramanathapuram,ANANDARAJ. M,Independent,1460,0.14,Lost
Tamil Nadu,Ramanathapuram,C. ANANTH,Independent,4721,0.44,Lost
Tamil Nadu,Ramanathapuram,"V.D.N. ANANDH. B.E.,",Independent,141806,13.3,Lost
Tamil Nadu,Ramanathapuram,N. KATHIRAVAN,Independent,1789,0.17,Lost
Tamil Nadu,Ramanathapuram,KARUPPASAMY. N,Independent,2283,0.21,Lost
Tamil Nadu,Ramanathapuram,B. KRISHNARAJA,Independent,980,0.09,Lost
Tamil Nadu,Ramanathapuram,K. KURUNTHAPPAN,Independent,4596,0.43,Lost
Tamil Nadu,Ramanathapuram,DEVA SITHAM. I,Independent,4199,0.39,Lost
Tamil Nadu,Ramanathapuram,PRABHAKARAN. S,Independent,1798,0.17,Lost
Tamil Nadu,Ramanathapuram,S. MOHAMED ALI JINNAH,Independent,1460,0.14,Lost
Tamil Nadu,Ramanathapuram,RAJANIKANTH AGAMUDAIYAR,Independent,3550,0.33,Lost
Tamil Nadu,Ramanathapuram,V. VINAYAGAMOORTHY,Independent,1367,0.13,Lost
Tamil Nadu,Ramanathapuram,JAWAHIRALI. H,Independent,2296,0.22,Lost
Tamil Nadu,Ramanathapuram,JEYAPANDIAN. R,Independent,1405,0.13,Lost
Tamil Nadu,Ramanathapuram,NOTA,None of the Above,7595,0.71,Lost
Tamil Nadu,Salem,SADAIYAN.M,Bahujan Samaj Party,3543,0.28,Lost
Tamil Nadu,Salem,SARAVANAN.K.R.S,All India Anna Dravida Munnetra Kazhagam,459376,36.59,Lost
Tamil Nadu,Salem,PARTHIBAN.S.R,Dravida Munnetra Kazhagam,606302,48.29,Lost
Tamil Nadu,Salem,SILAMBARASAN.C,Tamil Nadu Ilangyar Katchi,4563,0.36,Lost
Tamil Nadu,Salem,PRABHU MANIKANDAN.M,Makkal Needhi Maiam,58662,4.67,Lost
Tamil Nadu,Salem,MOHAN.P,SOCIALIST UNITY CENTRE OF INDIA (COMMUNIST),777,0.06,Lost
Tamil Nadu,Salem,RASA.A,Naam Tamilar Katchi,33890,2.7,Lost
Tamil Nadu,Salem,AHAMED SHAHJAHAN.M,Independent,1369,0.11,Lost
Tamil Nadu,Salem,KALAIMANNAN.C,Independent,636,0.05,Lost
Tamil Nadu,Salem,SIVARAMAN.S,Independent,4273,0.34,Lost
Tamil Nadu,Salem,SURULIVEL.N.K,Independent,1102,0.09,Lost
Tamil Nadu,Salem,SELVAM.S.K,Independent,52332,4.17,Lost
Tamil Nadu,Salem,TAMILARASAN.T,Independent,1148,0.09,Lost
Tamil Nadu,Salem,NATARAJAN.C,Independent,1679,0.13,Lost
Tamil Nadu,Salem,PRAVINA.G,Independent,1461,0.12,Lost
Tamil Nadu,Salem,MANIMARAN.C,Independent,1991,0.16,Lost
Tamil Nadu,Salem,MADESWARAN.S,Independent,773,0.06,Lost
Tamil Nadu,Salem,MURTHY KAMARAJAR.M,Independent,1465,0.12,Lost
Tamil Nadu,Salem,RAVI.A,Independent,1556,0.12,Lost
Tamil Nadu,Salem,RAMACHANDRAN.K.T,Independent,440,0.04,Lost
Tamil Nadu,Salem,RAJA.A,Independent,450,0.04,Lost
Tamil Nadu,Salem,HARIHARAN.K,Independent,541,0.04,Lost
Tamil Nadu,Salem,NOTA,None of the Above,17130,1.36,Lost
Tamil Nadu,Sivaganga,KARTI P CHIDAMBARAM,Indian National Congress,566104,52.2,Lost
Tamil Nadu,Sivaganga,SARAVANAN.K,Bahujan Samaj Party,5079,0.47,Lost
Tamil Nadu,Sivaganga,H.RAJA,Bharatiya Janata Party,233860,21.56,Lost
Tamil Nadu,Sivaganga,V.SAKTHI PRIYA,Naam Tamilar Katchi,72240,6.66,Lost
Tamil Nadu,Sivaganga,KAVINGNAR SNEKAN,Makkal Needhi Maiam,22931,2.11,Lost
Tamil Nadu,Sivaganga,ARIMALAM THIAGI.SUBRAMANIAN MUTHURAJA,Agila India Makkal Kazhagam,1283,0.12,Lost
Tamil Nadu,Sivaganga,M.PRABHAKARAN,Tamil Nadu Ilangyar Katchi,1231,0.11,Lost
Tamil Nadu,Sivaganga,A.VELLADURAI,Ezhuchi Tamilargal Munnetra Kazhagam,2553,0.24,Lost
Tamil Nadu,Sivaganga,A.ANTONY SESU RAJA,Independent,1191,0.11,Lost
Tamil Nadu,Sivaganga,L.KASINATHAN,Independent,1789,0.16,Lost
Tamil Nadu,Sivaganga,N.KARTHICK,Independent,1422,0.13,Lost
Tamil Nadu,Sivaganga,C.SARAVANAN,Independent,2097,0.19,Lost
Tamil Nadu,Sivaganga,SINGADURAI.R,Independent,3976,0.37,Lost
Tamil Nadu,Sivaganga,C.CHIDAMBARAM,Independent,1261,0.12,Lost
Tamil Nadu,Sivaganga,M.CHINNAIAH,Independent,1248,0.12,Lost
Tamil Nadu,Sivaganga,SENTHAMILSELVI.R,Independent,3453,0.32,Lost
Tamil Nadu,Sivaganga,SENTHIL KUMAR.C,Independent,4690,0.43,Lost
Tamil Nadu,Sivaganga,K.CHELLAKKANNU,Independent,3952,0.36,Lost
Tamil Nadu,Sivaganga,P.SELVARAJ,Independent,2485,0.23,Lost
Tamil Nadu,Sivaganga,R.NATARAJAN,Independent,1284,0.12,Lost
Tamil Nadu,Sivaganga,V.PANDI,Independent,122534,11.3,Lost
Tamil Nadu,Sivaganga,M.MOHAMMED RABEEK,Independent,1441,0.13,Lost
Tamil Nadu,Sivaganga,A.RADHA KRISHNAN,Independent,905,0.08,Lost
Tamil Nadu,Sivaganga,M.RAJASEKAR,Independent,2140,0.2,Lost
Tamil Nadu,Sivaganga,M.RAJA,Independent,2869,0.26,Lost
Tamil Nadu,Sivaganga,P.RAJENDHIRAN,Independent,11167,1.03,Lost
Tamil Nadu,Sivaganga,NOTA,None of the Above,9283,0.86,Lost
Tamil Nadu,Sriperumbudur,Antony.M,Bahujan Samaj Party,6808,0.48,Lost
Tamil Nadu,Sriperumbudur,Baalu.T.R.,Dravida Munnetra Kazhagam,793281,56.39,Lost
Tamil Nadu,Sriperumbudur,Godwin Shadrach S R,Tamizhaga Murpokku Makkal Katchi,3599,0.26,Lost
Tamil Nadu,Sriperumbudur,Palanivel.K,Communist Party of India (Marxist-Leninist) (Liberation),2618,0.19,Lost
Tamil Nadu,Sriperumbudur,Mahendran.H,Naam Tamilar Katchi,84979,6.04,Lost
Tamil Nadu,Sriperumbudur,Rajasekaran S,Anti Corruption Dynamic Party,13746,0.98,Lost
Tamil Nadu,Sriperumbudur,Vaithilingam A,Pattali Makkal Katchi,285326,20.28,Lost
Tamil Nadu,Sriperumbudur,Sridhar M,Makkal Needhi Maiam,135525,9.63,Lost
Tamil Nadu,Sriperumbudur,Anantharaman R K,Independent,941,0.07,Lost
Tamil Nadu,Sriperumbudur,Ayodhi L,Independent,4050,0.29,Lost
Tamil Nadu,Sriperumbudur,Indian.P.N.K.,Independent,1185,0.08,Lost
Tamil Nadu,Sriperumbudur,Sasikumar A,Independent,804,0.06,Lost
Tamil Nadu,Sriperumbudur,Singarajan S P,Independent,738,0.05,Lost
Tamil Nadu,Sriperumbudur,Tambaram Narayanan G,Independent,41497,2.95,Lost
Tamil Nadu,Sriperumbudur,Muthumaran K,Independent,1371,0.1,Lost
Tamil Nadu,Sriperumbudur,Raja Marimuthu,Independent,2268,0.16,Lost
Tamil Nadu,Sriperumbudur,Vasanthi S,Independent,2018,0.14,Lost
Tamil Nadu,Sriperumbudur,Viruthagiri A,Independent,1800,0.13,Lost
Tamil Nadu,Sriperumbudur,Vaithiyalingam R,Independent,885,0.06,Lost
Tamil Nadu,Sriperumbudur,NOTA,None of the Above,23343,1.66,Lost
Tamil Nadu,Tenkasi,Dr.KRISHNASAMY.K,All India Anna Dravida Munnetra Kazhagam,355870,33.4,Lost
Tamil Nadu,Tenkasi,DHANUSH.M.KUMAR,Dravida Munnetra Kazhagam,476156,44.69,Lost
Tamil Nadu,Tenkasi,MATHIVANAN.S.S,Naam Tamilar Katchi,59445,5.58,Lost
Tamil Nadu,Tenkasi,MUNESHWARAN. K,Makkal Needhi Maiam,24023,2.25,Lost
Tamil Nadu,Tenkasi,RAVI. K,Anti Corruption Dynamic Party,1194,0.11,Lost
Tamil Nadu,Tenkasi,SIVAJAYAPRAKASH.S,Independent,1947,0.18,Lost
Tamil Nadu,Tenkasi,SUNDARAM.N,Independent,1490,0.14,Lost
Tamil Nadu,Tenkasi,SUBBIAH. S,Independent,808,0.08,Lost
Tamil Nadu,Tenkasi,SURIYARAGUPATHI. T,Independent,3002,0.28,Lost
Tamil Nadu,Tenkasi,SELVAKUMAR. M,Independent,2230,0.21,Lost
Tamil Nadu,Tenkasi,THANGARAJ. C,Independent,727,0.07,Lost
Tamil Nadu,Tenkasi,DHANUSKODI.P,Independent,1245,0.12,Lost
Tamil Nadu,Tenkasi,THAMARAI SELVAM. K,Independent,1473,0.14,Lost
Tamil Nadu,Tenkasi,DEEPAN ARUN.A,Independent,1965,0.18,Lost
Tamil Nadu,Tenkasi,PALANI SAMY.S,Independent,2950,0.28,Lost
Tamil Nadu,Tenkasi,BHARATHARAJ. S,Independent,4226,0.4,Lost
Tamil Nadu,Tenkasi,PERUMALSAMY. S,Independent,4334,0.41,Lost
Tamil Nadu,Tenkasi,PONNUSAMY.R,Independent,3306,0.31,Lost
Tamil Nadu,Tenkasi,PONNUTHAI.G,Independent,2427,0.23,Lost
Tamil Nadu,Tenkasi,PONNUTHAI. S,Independent,92116,8.64,Lost
Tamil Nadu,Tenkasi,PONNUTHAI. M,Independent,1129,0.11,Lost
Tamil Nadu,Tenkasi,PONNUTHAI.M,Independent,4733,0.44,Lost
Tamil Nadu,Tenkasi,MUTHUMURUGAN. M,Independent,1734,0.16,Lost
Tamil Nadu,Tenkasi,MOORTHY. D,Independent,1985,0.19,Lost
Tamil Nadu,Tenkasi,VAIRAVAN. P,Independent,998,0.09,Lost
Tamil Nadu,Tenkasi,NOTA,None of the Above,14056,1.32,Lost
Tamil Nadu,Thanjavur,"PALANIMANICKAM,S.S.",Dravida Munnetra Kazhagam,588978,55.6,Lost
Tamil Nadu,Thanjavur,"STALIN,R.",Bahujan Samaj Party,5856,0.55,Lost
Tamil Nadu,Thanjavur,"KRISHNAKUMAR,N.",Naam Tamilar Katchi,57924,5.47,Lost
Tamil Nadu,Thanjavur,SAMPATH RAMADOSS,Makkal Needhi Maiam,23477,2.22,Lost
Tamil Nadu,Thanjavur,"NATARAJAN,N.R .",Tamil Maanila Congress (Moopanar),220849,20.85,Lost
Tamil Nadu,Thanjavur,"PANASAIARANGAN,K.N.",Desiya Makkal Sakthi Katchi,2041,0.19,Lost
Tamil Nadu,Thanjavur,"ABDULBUHARI,K .",Independent,1244,0.12,Lost
Tamil Nadu,Thanjavur,"SAMANTHA,K.S.",Independent,2643,0.25,Lost
Tamil Nadu,Thanjavur,"SELVARAJ,R .",Independent,28274,2.67,Lost
Tamil Nadu,Thanjavur,"MUTHUVEL,S .",Independent,4509,0.43,Lost
Tamil Nadu,Thanjavur,"MURUGESAN, P.",Independent,102871,9.71,Lost
Tamil Nadu,Thanjavur,"VIJAYAKUMAR,T.",Independent,5452,0.51,Lost
Tamil Nadu,Thanjavur,NOTA,None of the Above,15105,1.43,Lost
Tamil Nadu,Theni,"ARUMUGAM, S.",Bahujan Samaj Party,3770,0.32,Lost
Tamil Nadu,Theni,"ELANGOVAN, E.V.K.S.",Indian National Congress,428120,36.48,Lost
Tamil Nadu,Theni,"RAVEENDRANATH KUMAR, P",All India Anna Dravida Munnetra Kazhagam,504813,43.02,Lost
Tamil Nadu,Theni,"ALLIKKODI, P.",Samajwadi Forward Bloc,4044,0.34,Lost
Tamil Nadu,Theni,SHAGUL HAMEED,Naam Tamilar Katchi,27864,2.37,Lost
Tamil Nadu,Theni,"CHINNASATHIYAMOORTHY, T.",SOCIALIST UNITY CENTRE OF INDIA (COMMUNIST),2597,0.22,Lost
Tamil Nadu,Theni,"RADHAKRISHNAN, S.",Makkal Needhi Maiam,16879,1.44,Lost
Tamil Nadu,Theni,"RAMARAJ, G.",Ulzaipali Makkal Katchy,779,0.07,Lost
Tamil Nadu,Theni,"ALEXPANDIAN, S.",Independent,3217,0.27,Lost
Tamil Nadu,Theni,ANNAKILI,Independent,5258,0.45,Lost
Tamil Nadu,Theni,"RAVICHANDRAN, K.",Independent,1043,0.09,Lost
Tamil Nadu,Theni,ESWARAN,Independent,803,0.07,Lost
Tamil Nadu,Theni,GUNASINGH,Independent,724,0.06,Lost
Tamil Nadu,Theni,"KUMARAGURUBARAN, P.",Independent,1602,0.14,Lost
Tamil Nadu,Theni,"KESAVARAJA, J.",Independent,1815,0.15,Lost
Tamil Nadu,Theni,"SILAMBARASAN, P.",Independent,4198,0.36,Lost
Tamil Nadu,Theni,"SIVAMUNIYANDI, A.",Independent,1908,0.16,Lost
Tamil Nadu,Theni,"SENTHILKUMAR, J.",Independent,2172,0.19,Lost
Tamil Nadu,Theni,THANGA TAMILSELVAN,Independent,144050,12.28,Lost
Tamil Nadu,Theni,"PARTHIPAN, G.",Independent,1813,0.15,Lost
Tamil Nadu,Theni,"PRAKASH, P.",Independent,839,0.07,Lost
Tamil Nadu,Theni,"MANIMURUGAN, C.",Independent,353,0.03,Lost
Tamil Nadu,Theni,"RAMACHANDRAN, K.",Independent,291,0.02,Lost
Tamil Nadu,Theni,"RAMAMURTHI, S.",Independent,273,0.02,Lost
Tamil Nadu,Theni,"RAJASEKARAN, V.",Independent,274,0.02,Lost
Tamil Nadu,Theni,"RAJARISHIGURUDEV, S.",Independent,614,0.05,Lost
Tamil Nadu,Theni,"RAJKUMAR, P.",Independent,290,0.02,Lost
Tamil Nadu,Theni,"VELMURUGAN, S.P.",Independent,926,0.08,Lost
Tamil Nadu,Theni,"VAIYATHURAI, A.",Independent,1022,0.09,Lost
Tamil Nadu,Theni,"JEYAMANI, K.",Independent,452,0.04,Lost
Tamil Nadu,Theni,NOTA,None of the Above,10686,0.91,Lost
Tamil Nadu,Thiruvallur,R.Anbuchezhian,Bahujan Samaj Party,15187,1.08,Lost
Tamil Nadu,Thiruvallur,Dr.P.Venugopal,All India Anna Dravida Munnetra Kazhagam,410337,29.14,Lost
Tamil Nadu,Thiruvallur,Dr.K.Jayakumar,Indian National Congress,767292,54.49,Lost
Tamil Nadu,Thiruvallur,C.Kalanithi,Anti Corruption Dynamic Party,4162,0.3,Lost
Tamil Nadu,Thiruvallur,D.Ravi Pariyanar,Republican Party of India (A),1760,0.12,Lost
Tamil Nadu,Thiruvallur,Logarangan.M,Makkal Needhi Maiam,73731,5.24,Lost
Tamil Nadu,Thiruvallur,M.VETRISELVI,Naam Tamilar Katchi,65416,4.65,Lost
Tamil Nadu,Thiruvallur,G.Arulraj,Independent,872,0.06,Lost
Tamil Nadu,Thiruvallur,D.Anandaraj,Independent,789,0.06,Lost
Tamil Nadu,Thiruvallur,K.Kamalanathan,Independent,705,0.05,Lost
Tamil Nadu,Thiruvallur,V.Gunasekaran,Independent,908,0.06,Lost
Tamil Nadu,Thiruvallur,K.Chandrasekar,Independent,762,0.05,Lost
Tamil Nadu,Thiruvallur,S.Sargunam,Independent,723,0.05,Lost
Tamil Nadu,Thiruvallur,C.Bharath,Independent,1977,0.14,Lost
Tamil Nadu,Thiruvallur,A.Manikandan,Independent,3126,0.22,Lost
Tamil Nadu,Thiruvallur,Murugesan,Independent,3185,0.23,Lost
Tamil Nadu,Thiruvallur,Pon.Raja,Independent,33944,2.41,Lost
Tamil Nadu,Thiruvallur,N.Vikraman,Independent,1942,0.14,Lost
Tamil Nadu,Thiruvallur,Vijaya .R.,Independent,2368,0.17,Lost
Tamil Nadu,Thiruvallur,G.George,Independent,728,0.05,Lost
Tamil Nadu,Thiruvallur,NOTA,None of the Above,18275,1.3,Lost
Tamil Nadu,Thoothukkudi,KANIMOZHI KARUNANIDHI,Dravida Munnetra Kazhagam,563143,56.81,Lost
Tamil Nadu,Thoothukkudi,"SIVA, V.",Bahujan Samaj Party,2927,0.3,Lost
Tamil Nadu,Thoothukkudi,DR. TAMILISAI SOUNDARARAJAN,Bharatiya Janata Party,215934,21.78,Lost
Tamil Nadu,Thoothukkudi,GABRIEL JAMES FERNANDO,People's Party of India(secular),2549,0.26,Lost
Tamil Nadu,Thoothukkudi,"CHRISTANTINE RAJASEKAR, S.",Naam Tamilar Katchi,49222,4.97,Lost
Tamil Nadu,Thoothukkudi,"PON KUMARAN, T.P.S.",Makkal Needhi Maiam,25702,2.59,Lost
Tamil Nadu,Thoothukkudi,"MAHARAJAN, M.",Pragatishil Samajwadi Party (Lohia),2922,0.29,Lost
Tamil Nadu,Thoothukkudi,"RAJAKUMAR NAIDU, E.V.S.",Tamil Telugu National Party,2516,0.25,Lost
Tamil Nadu,Thoothukkudi,RAJKUMAR POLIAH,Universal Brotherhood Movement,689,0.07,Lost
Tamil Nadu,Thoothukkudi,"JAYA GANESH, D.",Naam Indiar Party,908,0.09,Lost
Tamil Nadu,Thoothukkudi,"GERMANUS, S.",Christian Democratic Front,494,0.05,Lost
Tamil Nadu,Thoothukkudi,"ANTO HILLERY, M.",Independent,924,0.09,Lost
Tamil Nadu,Thoothukkudi,AMALAN RAJIV BONIFAS,Independent,2005,0.2,Lost
Tamil Nadu,Thoothukkudi,"GANESAN, M.",Independent,1453,0.15,Lost
Tamil Nadu,Thoothukkudi,"GURU, K.",Independent,2276,0.23,Lost
Tamil Nadu,Thoothukkudi,"SANKARALINGAM, M.",Independent,3029,0.31,Lost
Tamil Nadu,Thoothukkudi,"SARAVANAN, G.",Independent,2135,0.22,Lost
Tamil Nadu,Thoothukkudi,"SUNMAN, V.",Independent,615,0.06,Lost
Tamil Nadu,Thoothukkudi,"SIVANESWARAN, J.",Independent,5252,0.53,Lost
Tamil Nadu,Thoothukkudi,"SUBHASHINI MALLATHI, R.C.",Independent,8109,0.82,Lost
Tamil Nadu,Thoothukkudi,"SELVIN, B.",Independent,929,0.09,Lost
Tamil Nadu,Thoothukkudi,"SENAI NATARAJAN, R.",Independent,474,0.05,Lost
Tamil Nadu,Thoothukkudi,"BALA MURUGAN, P.",Independent,1699,0.17,Lost
Tamil Nadu,Thoothukkudi,"Er.PRADEEP GANESAN, M.P.",Independent,887,0.09,Lost
Tamil Nadu,Thoothukkudi,"Dr. BHUVANESWARAN, M.",Independent,76866,7.75,Lost
Tamil Nadu,Thoothukkudi,"PONRAJ, S.",Independent,560,0.06,Lost
Tamil Nadu,Thoothukkudi,"PONNUSAMY, M.",Independent,436,0.04,Lost
Tamil Nadu,Thoothukkudi,"MARAKATHA RAGHAVA RAJ, T.",Independent,428,0.04,Lost
Tamil Nadu,Thoothukkudi,"RAMESH, A.",Independent,669,0.07,Lost
Tamil Nadu,Thoothukkudi,"RAVI SANKAR, J.",Independent,487,0.05,Lost
Tamil Nadu,Thoothukkudi,"RAMA KRISHNAN, M.",Independent,473,0.05,Lost
Tamil Nadu,Thoothukkudi,"RAMAKRISHNAN, P.",Independent,1671,0.17,Lost
Tamil Nadu,Thoothukkudi,"RAJALINGAM, M.",Independent,1866,0.19,Lost
Tamil Nadu,Thoothukkudi,"LOURDES, S.",Independent,460,0.05,Lost
Tamil Nadu,Thoothukkudi,"JEYARAJ, A.",Independent,477,0.05,Lost
Tamil Nadu,Thoothukkudi,"JAMES, G.",Independent,407,0.04,Lost
Tamil Nadu,Thoothukkudi,"JASPER GNANA MARTIN, G.",Independent,436,0.04,Lost
Tamil Nadu,Thoothukkudi,NOTA,None of the Above,9234,0.93,Lost
Tamil Nadu,Tiruchirappalli,DR.Elangovan. V,Desiya Murpokku Dravida Kazhagam,161999,15.46,Lost
Tamil Nadu,Tiruchirappalli,Thirunavukkarasar. SU,Indian National Congress,621285,59.28,Lost
Tamil Nadu,Tiruchirappalli,Balamurugan. S,Bahujan Samaj Party,3961,0.38,Lost
Tamil Nadu,Tiruchirappalli,Asaithambi. P,Communist Party of India (Marxist-Leninist) (Liberation),2685,0.26,Lost
Tamil Nadu,Tiruchirappalli,Anandharaja. V,Makkal Needhi Maiam,42134,4.02,Lost
Tamil Nadu,Tiruchirappalli,Easudoss. S,Indian Christian Front,1303,0.12,Lost
Tamil Nadu,Tiruchirappalli,Ganesan. P,Tamil Nadu Ilangyar Katchi,1324,0.13,Lost
Tamil Nadu,Tiruchirappalli,Nachi. S,Desiya Uzhavar Uzhaipalar Kazhagam,2368,0.23,Lost
Tamil Nadu,Tiruchirappalli,Vinoth. V,Naam Tamilar Katchi,65286,6.23,Lost
Tamil Nadu,Tiruchirappalli,Arunachalam. A,Independent,4892,0.47,Lost
Tamil Nadu,Tiruchirappalli,Ganesh. R,Independent,1223,0.12,Lost
Tamil Nadu,Tiruchirappalli,Karuppaiah.C,Independent,1218,0.12,Lost
Tamil Nadu,Tiruchirappalli,Kamaraj. K,Independent,731,0.07,Lost
Tamil Nadu,Tiruchirappalli,Karthik. K.M,Independent,2136,0.2,Lost
Tamil Nadu,Tiruchirappalli,Gopalakrishnan. V,Independent,2532,0.24,Lost
Tamil Nadu,Tiruchirappalli,Shadhik Batcha. A,Independent,3376,0.32,Lost
Tamil Nadu,Tiruchirappalli,Sarubala. R. Thondaiman,Independent,100818,9.62,Lost
Tamil Nadu,Tiruchirappalli,Sundrarajan.P,Independent,3451,0.33,Lost
Tamil Nadu,Tiruchirappalli,Chellaperumal.,Independent,2241,0.21,Lost
Tamil Nadu,Tiruchirappalli,Thirunavukarasu. S,Independent,3669,0.35,Lost
Tamil Nadu,Tiruchirappalli,Durai Benjamin,Independent,876,0.08,Lost
Tamil Nadu,Tiruchirappalli,Pushparaj. K,Independent,1604,0.15,Lost
Tamil Nadu,Tiruchirappalli,Vijayakumar. P,Independent,1354,0.13,Lost
Tamil Nadu,Tiruchirappalli,Jayaram Metha. S,Independent,1159,0.11,Lost
Tamil Nadu,Tiruchirappalli,NOTA,None of the Above,14437,1.38,Lost
Tamil Nadu,Tirunelveli,ESSAKKIAMMAL E,Bahujan Samaj Party,3462,0.33,Lost
Tamil Nadu,Tirunelveli,GNANATHIRAVIAM S,Dravida Munnetra Kazhagam,522623,50.26,Lost
Tamil Nadu,Tirunelveli,PAUL MANOJ PANDIAN,All India Anna Dravida Munnetra Kazhagam,337166,32.43,Lost
Tamil Nadu,Tirunelveli,SATHYA B,Naam Tamilar Katchi,49898,4.8,Lost
Tamil Nadu,Tirunelveli,SIVASANKAR S,Jammu & Kashmir National Panthers Party,1251,0.12,Lost
Tamil Nadu,Tirunelveli,SELVAGANESAN R,United States of India Party,1244,0.12,Lost
Tamil Nadu,Tirunelveli,RAMAKRISHNAN N,Naam Indiar Party,1688,0.16,Lost
Tamil Nadu,Tirunelveli,VENNIMALAI M,Makkal Needhi Maiam,23100,2.22,Lost
Tamil Nadu,Tirunelveli,INDURANI S,Independent,896,0.09,Lost
Tamil Nadu,Tirunelveli,KAMALA KANNAN,Independent,479,0.05,Lost
Tamil Nadu,Tirunelveli,SELVA PRAKASH R,Independent,779,0.07,Lost
Tamil Nadu,Tirunelveli,BAGAVATHIKESAN T,Independent,879,0.08,Lost
Tamil Nadu,Tirunelveli,PAUL SOLOMON PANDIAN,Independent,1407,0.14,Lost
Tamil Nadu,Tirunelveli,MAHARAJAN A,Independent,3940,0.38,Lost
Tamil Nadu,Tirunelveli,MAHARAJAN V,Independent,5137,0.49,Lost
Tamil Nadu,Tirunelveli,MANIKANDAN G,Independent,1958,0.19,Lost
Tamil Nadu,Tirunelveli,MANIKANDAN P,Independent,1084,0.1,Lost
Tamil Nadu,Tirunelveli,MANOHARAN P,Independent,2095,0.2,Lost
Tamil Nadu,Tirunelveli,MURUGESAN S,Independent,3430,0.33,Lost
Tamil Nadu,Tirunelveli,MICHAEL RAYAPPAN S,Independent,62209,5.98,Lost
Tamil Nadu,Tirunelveli,MOHANRAJ A,Independent,630,0.06,Lost
Tamil Nadu,Tirunelveli,RAMASWAMY S,Independent,529,0.05,Lost
Tamil Nadu,Tirunelveli,RAMAMOORTHI B,Independent,586,0.06,Lost
Tamil Nadu,Tirunelveli,RAJIV VICTOR,Independent,628,0.06,Lost
Tamil Nadu,Tirunelveli,RAJKUMAR A,Independent,771,0.07,Lost
Tamil Nadu,Tirunelveli,RATHINASIGAMANI M,Independent,934,0.09,Lost
Tamil Nadu,Tirunelveli,NOTA,None of the Above,10958,1.05,Lost
Tamil Nadu,Tiruppur,"AYYANAR, C.",Bahujan Samaj Party,7321,0.65,Lost
Tamil Nadu,Tiruppur,"ANANDAN, M.S.M.",All India Anna Dravida Munnetra Kazhagam,415357,37.1,Lost
Tamil Nadu,Tiruppur,"SUBBARAYAN, K.",Communist Party of India,508725,45.44,Lost
Tamil Nadu,Tiruppur,"CHANDIRAKUMAR, V.S.",Makkal Needhi Maiam,64657,5.78,Lost
Tamil Nadu,Tiruppur,"JAGANATHAN, P.",Naam Tamilar Katchi,42189,3.77,Lost
Tamil Nadu,Tiruppur,"KATHIRESAN, L.",Independent,3476,0.31,Lost
Tamil Nadu,Tiruppur,"KANAGARAJ, P.",Independent,1520,0.14,Lost
Tamil Nadu,Tiruppur,"KUMAR, D.",Independent,1599,0.14,Lost
Tamil Nadu,Tiruppur,"SENTHILVEL, A.",Independent,1899,0.17,Lost
Tamil Nadu,Tiruppur,"SELVAM, S.R.",Independent,43816,3.91,Lost
Tamil Nadu,Tiruppur,"RAJKUMAR, S.",Independent,4481,0.4,Lost
Tamil Nadu,Tiruppur,"JAGANATHAN, P.",Independent,2683,0.24,Lost
Tamil Nadu,Tiruppur,NOTA,None of the Above,21861,1.95,Lost
Tamil Nadu,Tiruvannamalai,ANNADURAI C N,Dravida Munnetra Kazhagam,666272,57.85,Lost
Tamil Nadu,Tiruvannamalai,AGRI KRISHNAMURTHY S S,All India Anna Dravida Munnetra Kazhagam,362085,31.44,Lost
Tamil Nadu,Tiruvannamalai,BABU B,Bahujan Samaj Party,4124,0.36,Lost
Tamil Nadu,Tiruvannamalai,ARUL R,Makkal Needhi Maiam,14654,1.27,Lost
Tamil Nadu,Tiruvannamalai,KALASTHRI S,All India Uzhavargal Uzhaippalargal Katchi,1999,0.17,Lost
Tamil Nadu,Tiruvannamalai,RAMESHBABU R,Naam Tamilar Katchi,27503,2.39,Lost
Tamil Nadu,Tiruvannamalai,ANNADURAI T S,Independent,937,0.08,Lost
Tamil Nadu,Tiruvannamalai,ANNADURAI S,Independent,1218,0.11,Lost
Tamil Nadu,Tiruvannamalai,ANNADURAI B,Independent,848,0.07,Lost
Tamil Nadu,Tiruvannamalai,ANBALAGAN M,Independent,824,0.07,Lost
Tamil Nadu,Tiruvannamalai,INDIRAMOHAN P,Independent,728,0.06,Lost
Tamil Nadu,Tiruvannamalai,UDHAYAKUMAR P S,Independent,759,0.07,Lost
Tamil Nadu,Tiruvannamalai,AYYAPPAN M,Independent,851,0.07,Lost
Tamil Nadu,Tiruvannamalai,KARUNA S,Independent,1855,0.16,Lost
Tamil Nadu,Tiruvannamalai,KALAIMANI S,Independent,1632,0.14,Lost
Tamil Nadu,Tiruvannamalai,KRISHNAMOORTHY A,Independent,4175,0.36,Lost
Tamil Nadu,Tiruvannamalai,KRISHNAMURTHI R,Independent,4001,0.35,Lost
Tamil Nadu,Tiruvannamalai,SIVAGURURAJ T,Independent,1758,0.15,Lost
Tamil Nadu,Tiruvannamalai,GNANASEKAR A,Independent,38639,3.35,Lost
Tamil Nadu,Tiruvannamalai,PADAVETTAN M,Independent,606,0.05,Lost
Tamil Nadu,Tiruvannamalai,RAGHUNATHAN K,Independent,506,0.04,Lost
Tamil Nadu,Tiruvannamalai,RAJENDIRAN T,Independent,571,0.05,Lost
Tamil Nadu,Tiruvannamalai,VIGNESHWARAN A,Independent,606,0.05,Lost
Tamil Nadu,Tiruvannamalai,VIJAYAN A,Independent,623,0.05,Lost
Tamil Nadu,Tiruvannamalai,VELU R,Independent,1638,0.14,Lost
Tamil Nadu,Tiruvannamalai,NOTA,None of the Above,12317,1.07,Lost
Tamil Nadu,Viluppuram,KALIYAMOORTHY G,Bahujan Samaj Party,3943,0.35,Lost
Tamil Nadu,Viluppuram,RAVIKUMAR D,Dravida Munnetra Kazhagam,559585,49.28,Lost
Tamil Nadu,Viluppuram,ABIRAMI P,Tamil Nadu Ilangyar Katchi,4739,0.42,Lost
Tamil Nadu,Viluppuram,ANBIN POYYAMOZHI S,Makkal Needhi Maiam,17891,1.58,Lost
Tamil Nadu,Viluppuram,PRAKALATHA D,Naam Tamilar Katchi,24609,2.17,Lost
Tamil Nadu,Viluppuram,RAJA S,Agila India Makkal Kazhagam,2532,0.22,Lost
Tamil Nadu,Viluppuram,VADIVEL RAVANAN S,Pattali Makkal Katchi,431517,38.0,Lost
Tamil Nadu,Viluppuram,ARASAN K,Independent,12781,1.13,Lost
Tamil Nadu,Viluppuram,ANBALAGAN T,Independent,1314,0.12,Lost
Tamil Nadu,Viluppuram,GANAPATHY N,Independent,58019,5.11,Lost
Tamil Nadu,Viluppuram,KATHIRVEL M,Independent,995,0.09,Lost
Tamil Nadu,Viluppuram,DESINGU A,Independent,1350,0.12,Lost
Tamil Nadu,Viluppuram,RAJASEKARAN M,Independent,4322,0.38,Lost
Tamil Nadu,Viluppuram,NOTA,None of the Above,11943,1.05,Lost
Tamil Nadu,Virudhunagar,"ALAGARSAMY, R.",Desiya Murpokku Dravida Kazhagam,316329,29.43,Lost
Tamil Nadu,Virudhunagar,"PERUMALSAMY, M.",Bahujan Samaj Party,3770,0.35,Lost
Tamil Nadu,Virudhunagar,"MANICKAM TAGORE, B.",Indian National Congress,470883,43.81,Lost
Tamil Nadu,Virudhunagar,"ARULMOZHITHEVAN, K.",Naam Tamilar Katchi,53040,4.94,Lost
Tamil Nadu,Virudhunagar,"KAVITHA, A.",Ahila India Dhayaga Makkal Munnetra Katchi,1765,0.16,Lost
Tamil Nadu,Virudhunagar,"SAKKARAVARTHY, P.",All India Puratchi Thalaivar Makkal Munnettra Kazhagam,2764,0.26,Lost
Tamil Nadu,Virudhunagar,"PACKIARAJ, E.",Tamil Nadu Ilangyar Katchi,1545,0.14,Lost
Tamil Nadu,Virudhunagar,"MANIKANDAN, R.",Ezhuchi Tamilargal Munnetra Kazhagam,1969,0.18,Lost
Tamil Nadu,Virudhunagar,"MUNIYASAMY, V.",Makkal Needhi Maiam,57129,5.32,Lost
Tamil Nadu,Virudhunagar,"ALAGARSAMY, N.",Independent,3740,0.35,Lost
Tamil Nadu,Virudhunagar,"ELANGO, S.",Independent,937,0.09,Lost
Tamil Nadu,Virudhunagar,"UMAYORUBAGAM, M.",Independent,789,0.07,Lost
Tamil Nadu,Virudhunagar,"GANESHKUMAR, S.",Independent,1624,0.15,Lost
Tamil Nadu,Virudhunagar,"KALYANASUNDARAM, A.",Independent,2487,0.23,Lost
Tamil Nadu,Virudhunagar,"GOVINDAN, A.",Independent,4199,0.39,Lost
Tamil Nadu,Virudhunagar,"SANKARANARAYANAN, N.",Independent,3705,0.34,Lost
Tamil Nadu,Virudhunagar,"SABARI PONRAJ, B.",Independent,5666,0.53,Lost
Tamil Nadu,Virudhunagar,"SUGAN RAJEEV, M.",Independent,2436,0.23,Lost
Tamil Nadu,Virudhunagar,"SENTHILKUMAR, S.",Independent,2717,0.25,Lost
Tamil Nadu,Virudhunagar,"SELVAKUMAR, M.",Independent,846,0.08,Lost
Tamil Nadu,Virudhunagar,"ADVOCATE.THANGAPANDIAN, M.",Independent,1502,0.14,Lost
Tamil Nadu,Virudhunagar,"Dr.DHANUSHKODI, M.",Independent,3118,0.29,Lost
Tamil Nadu,Virudhunagar,"THIAGARAJAN, P.I.D.",Independent,853,0.08,Lost
Tamil Nadu,Virudhunagar,"PARAMASIVA IYYAPPAN, S.",Independent,107615,10.01,Lost
Tamil Nadu,Virudhunagar,"PALANICHAMY KUDUMBAR, P.",Independent,1065,0.1,Lost
Tamil Nadu,Virudhunagar,"BACKIYARAJ, K.",Independent,825,0.08,Lost
Tamil Nadu,Virudhunagar,"BALACHANDAR, N.",Independent,1814,0.17,Lost
Tamil Nadu,Virudhunagar,"VALLINAYAGAM, N.",Independent,2311,0.22,Lost
Tamil Nadu,Virudhunagar,NOTA,None of the Above,17292,1.61,Lost
Telangana,Adilabad,Godam Nagesh,Telangana Rashtra Samithi,318814,29.97,Lost
Telangana,Adilabad,RATHOD RAMESH,Indian National Congress,314238,29.54,Lost
Telangana,Adilabad,SOYAM BAPU RAO,Bharatiya Janata Party,377374,35.48,Lost
Telangana,Adilabad,KUMRAM VANDANA,Nava Praja Rajyam Party,8007,0.75,Lost
Telangana,Adilabad,Dharavath Narendhar Naik,Janasena Party,5241,0.49,Lost
Telangana,Adilabad,Pawar Krishna,Rashtriya Jankranti Party,2705,0.25,Lost
Telangana,Adilabad,Bheemrao,Ambedkarite Party of India,6837,0.64,Lost
Telangana,Adilabad,Aare Ellanna,Independent,3019,0.28,Lost
Telangana,Adilabad,Kumra Raju,Independent,4388,0.41,Lost
Telangana,Adilabad,Ganta Pentanna,Independent,4548,0.43,Lost
Telangana,Adilabad,Nethavath Ramdas,Independent,5523,0.52,Lost
Telangana,Adilabad,NOTA,None of the Above,13036,1.23,Lost
Telangana,Bhongir,Komati Reddy Venkat Reddy,Indian National Congress,532795,43.94,Lost
Telangana,Bhongir,Goda Sri Ramulu,Communist Party of India,28153,2.32,Lost
Telangana,Bhongir,Dr. Boora Narsaiah Goud,Telangana Rashtra Samithi,527576,43.51,Lost
Telangana,Bhongir,P.V. Shyam Sunder Rao,Bharatiya Janata Party,65457,5.4,Lost
Telangana,Bhongir,Kotha Kistaiah,Ambedkar National Congress,1648,0.14,Lost
Telangana,Bhongir,S.V. Ramana Rao,Samajwadi Forward Bloc,1158,0.1,Lost
Telangana,Bhongir,Samrat Narender Boilla,Republican Party of India,1416,0.12,Lost
Telangana,Bhongir,Devaram Nayak Sapavat,Independent,1564,0.13,Lost
Telangana,Bhongir,Bhimanaboina Ramesh Yadav,Independent,4036,0.33,Lost
Telangana,Bhongir,Morigadi Krishna,Independent,1960,0.16,Lost
Telangana,Bhongir,Sri Ramulu Muthyala,Independent,3068,0.25,Lost
Telangana,Bhongir,Singapaka Lingam,Independent,27973,2.31,Lost
Telangana,Bhongir,Seeka Balraj Goud,Independent,3806,0.31,Lost
Telangana,Bhongir,NOTA,None of the Above,12021,0.99,Lost
Telangana,CHEVELLA,Konda Vishweshwar Reddy,Indian National Congress,513831,39.52,Lost
Telangana,CHEVELLA,Dr. G. Ranjith Reddy,Telangana Rashtra Samithi,528148,40.62,Lost
Telangana,CHEVELLA,B. Janardhan Reddy,Bharatiya Janata Party,201960,15.53,Lost
Telangana,CHEVELLA,Vijay Aarya,Bahujan Samaj Party,4860,0.37,Lost
Telangana,CHEVELLA,Giri Kummari,Pyramid Party of India,859,0.07,Lost
Telangana,CHEVELLA,Korra Pandu Naik,Bahujan Mukti Party,767,0.06,Lost
Telangana,CHEVELLA,Gurram Papi Reddy,Ambedkar National Congress,607,0.05,Lost
Telangana,CHEVELLA,Chepuri Raju,Dalita Bahujana Party,1103,0.08,Lost
Telangana,CHEVELLA,Nalla Prem Kumar,Prem Janata Dal,1223,0.09,Lost
Telangana,CHEVELLA,Palamakula Madhu,India Praja Bandhu Party,1114,0.09,Lost
Telangana,CHEVELLA,Baswaiah Madiga,Prajaa Swaraaj Party,4179,0.32,Lost
Telangana,CHEVELLA,Bennala Julee,National Women's Party,2155,0.17,Lost
Telangana,CHEVELLA,Ragam Sathesh Yadav,All India Forward Bloc,1458,0.11,Lost
Telangana,CHEVELLA,Ija Venkatesh Goud,Social Justice Party of India,1523,0.12,Lost
Telangana,CHEVELLA,Vanam Sudhakar,Marxist Communist Party of India (United),6226,0.48,Lost
Telangana,CHEVELLA,A.A. Sabri,Independent,4514,0.35,Lost
Telangana,CHEVELLA,Anusha Keshavabhatla,Independent,3860,0.3,Lost
Telangana,CHEVELLA,Yedla Suresh,Independent,6732,0.52,Lost
Telangana,CHEVELLA,Jaidupally Yadaiah,Independent,1396,0.11,Lost
Telangana,CHEVELLA,T. Durga Prasad,Independent,1078,0.08,Lost
Telangana,CHEVELLA,P. Purushotham,Independent,1805,0.14,Lost
Telangana,CHEVELLA,G. Ravi Kumar Yadav,Independent,781,0.06,Lost
Telangana,CHEVELLA,Sanem Raju Goud,Independent,771,0.06,Lost
Telangana,CHEVELLA,NOTA,None of the Above,9244,0.71,Lost
Telangana,Hyderabad,ASADUDDIN OWAISI,All India Majlis-E-Ittehadul Muslimeen,517471,58.95,Lost
Telangana,Hyderabad,PUSTHE SRIKANTH,Telangana Rashtra Samithi,63239,7.2,Lost
Telangana,Hyderabad,Dr. BHAGAVANTH RAO,Bharatiya Janata Party,235285,26.8,Lost
Telangana,Hyderabad,MOHAMMED FEROZ KHAN,Indian National Congress,49944,5.69,Lost
Telangana,Hyderabad,DORNALA JAYA PRAKASH,New India Party,699,0.08,Lost
Telangana,Hyderabad,RANGACHARYA,Samajwadi Forward Bloc,408,0.05,Lost
Telangana,Hyderabad,L. ASHOK NATH,Independent,416,0.05,Lost
Telangana,Hyderabad,K. NAGARAJ,Independent,414,0.05,Lost
Telangana,Hyderabad,V. BAL KRISHNA,Independent,433,0.05,Lost
Telangana,Hyderabad,BEERAMGANTI VENKAT RAMESH NAIDU,Independent,399,0.05,Lost
Telangana,Hyderabad,MOHAMMED ABDUL AZEEM,Independent,329,0.04,Lost
Telangana,Hyderabad,MOHD AHMED,Independent,494,0.06,Lost
Telangana,Hyderabad,K. MAHESHWAR,Independent,420,0.05,Lost
Telangana,Hyderabad,SANJAY KUMAR SHUKLA,Independent,553,0.06,Lost
Telangana,Hyderabad,Dr. H. SUSHEEL RAJ,Independent,1715,0.2,Lost
Telangana,Hyderabad,NOTA,None of the Above,5653,0.64,Lost
Telangana,Karimnagar,Ponnam Prabhaker,Indian National Congress,179258,15.62,Lost
Telangana,Karimnagar,BANDI SANJAY KUMAR,Bharatiya Janata Party,498276,43.42,Lost
Telangana,Karimnagar,BOIANAPALLI VINOD KUMAR,Telangana Rashtra Samithi,408768,35.62,Lost
Telangana,Karimnagar,VENKANNA ANAGANDULA,Bahujan Samaj Party,9764,0.85,Lost
Telangana,Karimnagar,ANILKUMAR CHINTHA,Pyramid Party of India,1269,0.11,Lost
Telangana,Karimnagar,AILA PRASANNA,Anti Corruption Dynamic Party,1459,0.13,Lost
Telangana,Karimnagar,PALLE PRASHANTH,Jai Swaraj Party,1056,0.09,Lost
Telangana,Karimnagar,REDDY VENUGOPAL,Samajwadi Forward Bloc,1431,0.12,Lost
Telangana,Karimnagar,KOTA SHYAMKUMAR,Independent,1454,0.13,Lost
Telangana,Karimnagar,GANGARAPU THIRUPATHI,Independent,1814,0.16,Lost
Telangana,Karimnagar,CHILIVERU SRIKANTH,Independent,3470,0.3,Lost
Telangana,Karimnagar,DURVASA REDDY PAKALA,Independent,11637,1.01,Lost
Telangana,Karimnagar,PABBA BHANU LAXMAN,Independent,6385,0.56,Lost
Telangana,Karimnagar,MUKKISA RATHNAKAR REDDY,Independent,5851,0.51,Lost
Telangana,Karimnagar,RAMESHBABU SHANIGARAPU,Independent,7826,0.68,Lost
Telangana,Karimnagar,NOTA,None of the Above,7979,0.7,Lost
Telangana,Khammam,DEVAKI VASUDEVA RAO,Bharatiya Janata Party,20488,1.8,Lost
Telangana,Khammam,NAMA NAGESWR RAO,Telangana Rashtra Samithi,567459,49.78,Lost
Telangana,Khammam,Boda Venkat,Communist Party of India (Marxist),57102,5.01,Lost
Telangana,Khammam,RENUKA CHOWDHURY,Indian National Congress,399397,35.04,Lost
Telangana,Khammam,UMAMAHESWARA RAO CHERUKUPALLI,Telangana Yuva Shakti,3407,0.3,Lost
Telangana,Khammam,KATTA SRINIVAS,Yekikrutha Sankshema Rashtriya Praja Party,1320,0.12,Lost
Telangana,Khammam,GOPOJU RAMESH BABU,Telangana Communist Party of India,1660,0.15,Lost
Telangana,Khammam,NARALA SATYANARAYANA,Janasena Party,19315,1.69,Lost
Telangana,Khammam,NAGESWARA RAO LAKAVATH,Bahujan Mukti Party,1030,0.09,Lost
Telangana,Khammam,VENKATESWAR RAO PULLAKHANDAM,Pyramid Party of India,969,0.09,Lost
Telangana,Khammam,ANIL KUMAR MADDINENI,Independent,872,0.08,Lost
Telangana,Khammam,AVUTAPALLI RAMBABU,Independent,1154,0.1,Lost
Telangana,Khammam,KOPPULA SREENIVASARAO,Independent,1797,0.16,Lost
Telangana,Khammam,GUGULOTHU RAMESH,Independent,2485,0.22,Lost
Telangana,Khammam,GOKINAPALLI VENKATESWAR RAO,Independent,11520,1.01,Lost
Telangana,Khammam,GOPAGANI SHANKARA RAO,Independent,9949,0.87,Lost
Telangana,Khammam,DUNUKU VELADRI,Independent,1506,0.13,Lost
Telangana,Khammam,PARSAGANI NAGESWARA RAO,Independent,10148,0.89,Lost
Telangana,Khammam,PALVANCHA RAMARAO,Independent,2739,0.24,Lost
Telangana,Khammam,BHANALA LAXMANA CHARY,Independent,4704,0.41,Lost
Telangana,Khammam,MUTYAM ARJUNA RAJU,Independent,2220,0.19,Lost
Telangana,Khammam,LAXMA NAIK BANOTH,Independent,734,0.06,Lost
Telangana,Khammam,SANJEEVA RAO NAKIRIKANTI,Independent,2024,0.18,Lost
Telangana,Khammam,NOTA,None of the Above,15832,1.39,Lost
Telangana,Mahabubabad,Kalluri. Venkateswara Rao.,Communist Party of India,45719,4.65,Lost
Telangana,Mahabubabad,Kavitha Malothu,Telangana Rashtra Samithi,462109,46.98,Lost
Telangana,Mahabubabad,Jatothu Hussain,Bharatiya Janata Party,25487,2.59,Lost
Telangana,Mahabubabad,Balaram Naik Porika,Indian National Congress,315446,32.07,Lost
Telangana,Mahabubabad,Arun Kumar Mypathi,Telangana Jana Samithi,57073,5.8,Lost
Telangana,Mahabubabad,B. Parvathi,Pyramid Party of India,2302,0.23,Lost
Telangana,Mahabubabad,Balsingh Daravath,Bhartiya Anarakshit Party,5908,0.6,Lost
Telangana,Mahabubabad,"Bhaskar Naik Bhukya. Dr,,",Janasena Party,9811,1.0,Lost
Telangana,Mahabubabad,Uke Kousalya.,Independent,11058,1.12,Lost
Telangana,Mahabubabad,Kalthi Yarraiah,Independent,3851,0.39,Lost
Telangana,Mahabubabad,Palvancha. Durga.,Independent,3213,0.33,Lost
Telangana,Mahabubabad,Balu Nayak Bhukya,Independent,14866,1.51,Lost
Telangana,Mahabubabad,Mokalla. Murali Krishna.,Independent,6666,0.68,Lost
Telangana,Mahabubabad,Vaditya Shriram Naik,Independent,5944,0.6,Lost
Telangana,Mahabubabad,NOTA,None of the Above,14082,1.43,Lost
Telangana,Mahbubnagar,ARUNA D.K,Bharatiya Janata Party,333573,33.88,Lost
Telangana,Mahbubnagar,CHALLA VAMSHI CHAND REDDY,Indian National Congress,193631,19.67,Lost
Telangana,Mahbubnagar,MANNE SRINIVAS REDDY,Telangana Rashtra Samithi,411402,41.78,Lost
Telangana,Mahbubnagar,IMRAN AHMED KHAN,Ambedkar National Congress,4462,0.45,Lost
Telangana,Mahbubnagar,V. DASRAM NAYAK,Bahujan Mukti Party,2482,0.25,Lost
Telangana,Mahbubnagar,E. Shivadurgavaraprasad Reddy,Indian Rakshaka Nayakudu Party,2012,0.2,Lost
Telangana,Mahbubnagar,Azeez Khan M.A.,Independent,1499,0.15,Lost
Telangana,Mahbubnagar,Imtiyaz Ahamad,Independent,8495,0.86,Lost
Telangana,Mahbubnagar,JORIGHA VISHWESHWAR,Independent,2471,0.25,Lost
Telangana,Mahbubnagar,D. Thimmappa,Independent,3489,0.35,Lost
Telangana,Mahbubnagar,POLA PRASHANTH KUMAR,Independent,5783,0.59,Lost
Telangana,Mahbubnagar,Munnurukapu Gopal Reddy,Independent,4735,0.48,Lost
Telangana,Mahbubnagar,NOTA,None of the Above,10600,1.08,Lost
Telangana,Malkajgiri,ANUMULA REVANTH REDDY,Indian National Congress,603748,38.63,Lost
Telangana,Malkajgiri,RAJASHEKAR REDDY MARRI,Telangana Rashtra Samithi,592829,37.93,Lost
Telangana,Malkajgiri,RAMCHANDER RAO NARAPARAJU,Bharatiya Janata Party,304282,19.47,Lost
Telangana,Malkajgiri,CHAMAKURA RAJAIAH,Social Justice Party of India,1351,0.09,Lost
Telangana,Malkajgiri,DHARMASANAM BHANUMURTHY,Praja Satta Party,720,0.05,Lost
Telangana,Malkajgiri,BALAMANI BURU,India Praja Bandhu Party,1236,0.08,Lost
Telangana,Malkajgiri,MAHENDER REDDY BONGUNOORI,Janasena Party,28420,1.82,Lost
Telangana,Malkajgiri,CHALIKA CHANDRA SEKHAR,Independent,1180,0.08,Lost
Telangana,Malkajgiri,THIRUPATAIAH ENDURAM,Independent,3750,0.24,Lost
Telangana,Malkajgiri,DONTHULA BIKSHAPATHI,Independent,3308,0.21,Lost
Telangana,Malkajgiri,RAJENDER PONNALA,Independent,2680,0.17,Lost
Telangana,Malkajgiri,SAI KIRAN GONE,Independent,1664,0.11,Lost
Telangana,Malkajgiri,NOTA,None of the Above,17895,1.14,Lost
Telangana,Medak,Anil Kumar Gali,Indian National Congress,279621,24.31,Lost
Telangana,Medak,Kotha Prabhakar Reddy,Telangana Rashtra Samithi,596048,51.82,Lost
Telangana,Medak,Madavaneni Raghunandan Rao,Bharatiya Janata Party,201567,17.52,Lost
Telangana,Medak,Bharatesh,SOCIALIST UNITY CENTRE OF INDIA (COMMUNIST),2445,0.21,Lost
Telangana,Medak,Madhava Reddy Gari Hanmantha Reddy,Shivsena,2624,0.23,Lost
Telangana,Medak,Merige Santhosh Reddy,Pyramid Party of India,1483,0.13,Lost
Telangana,Medak,Kallu Narsimlu Goud,Independent,3523,0.31,Lost
Telangana,Medak,Gajabhinkar Bansilal,Independent,14711,1.28,Lost
Telangana,Medak,Thummalapally Pruthviraj,Independent,18813,1.64,Lost
Telangana,Medak,Bangaru Krishna,Independent,13998,1.22,Lost
Telangana,Medak,NOTA,None of the Above,15390,1.34,Lost
Telangana,Nagarkurnool,POTHUGANTI RAMULU,Telangana Rashtra Samithi,499672,50.48,Lost
Telangana,Nagarkurnool,DR MALLU RAVI,Indian National Congress,309924,31.31,Lost
Telangana,Nagarkurnool,B YOSEF,Bahujan Samaj Party,12474,1.26,Lost
Telangana,Nagarkurnool,SHRUTHI BANGARU ALIAS BANGARU SHRUTHI,Bharatiya Janata Party,129021,13.03,Lost
Telangana,Nagarkurnool,V AMARNATH,India Praja Bandhu Party,2015,0.2,Lost
Telangana,Nagarkurnool,GADDAM VIJAY,Bahujan Mukti Party,1750,0.18,Lost
Telangana,Nagarkurnool,KARVANGA SHARATH,Independent,1852,0.19,Lost
Telangana,Nagarkurnool,CHARAGONDA KRISHNAMMA,Independent,2276,0.23,Lost
Telangana,Nagarkurnool,PRABHUDAS BANDARU THUMU,Independent,3466,0.35,Lost
Telangana,Nagarkurnool,BAAKI RENUKA,Independent,3960,0.4,Lost
Telangana,Nagarkurnool,SRINIVAS BUDDULA,Independent,9912,1.0,Lost
Telangana,Nagarkurnool,NOTA,None of the Above,13525,1.37,Lost
Telangana,Nalgonda,UTTAM KUMAR REDDY NALAMADA,Indian National Congress,526028,44.74,Lost
Telangana,Nalgonda,GARLAPATI JITHENDRA KUMAR,Bharatiya Janata Party,52709,4.48,Lost
Telangana,Nalgonda,MALLU LAXMI,Communist Party of India (Marxist),25089,2.13,Lost
Telangana,Nalgonda,VEMIREDDY NARASIMHA REDDY,Telangana Rashtra Samithi,500346,42.56,Lost
Telangana,Nalgonda,AKULA PAUL,Pyramid Party of India,3225,0.27,Lost
Telangana,Nalgonda,KATRAVATH VENKATESH,Bahujan Mukti Party,1679,0.14,Lost
Telangana,Nalgonda,JANAIAH NANDIPATI,Telangana Sakalajanula Party,1048,0.09,Lost
Telangana,Nalgonda,MEKALA SATHEESH REDDY,Janasena Party,11288,0.96,Lost
Telangana,Nalgonda,LALU NAIK RAMAVATH,Bahujana Raajyam Party (Phule Ambedkar),1008,0.09,Lost
Telangana,Nalgonda,LITHESH SUNKARI,Social Justice Party of India,1053,0.09,Lost
Telangana,Nalgonda,SOLIPURAM VENUGOPAL REDDY,Ambedkar National Congress,1124,0.1,Lost
Telangana,Nalgonda,KARAMTOTHU MANGTHA,Independent,1897,0.16,Lost
Telangana,Nalgonda,KIRAN VANGAPALLI,Independent,3366,0.29,Lost
Telangana,Nalgonda,JAKKULA NAVEEN YADAV,Independent,3098,0.26,Lost
Telangana,Nalgonda,THAGULLA JANARDHAN,Independent,1830,0.16,Lost
Telangana,Nalgonda,THANDU UPENDAR,Independent,4175,0.36,Lost
Telangana,Nalgonda,NAKIRIKANTI. CHITTEMMA,Independent,4965,0.42,Lost
Telangana,Nalgonda,POLISHETTY VENKATESHWARLU,Independent,824,0.07,Lost
Telangana,Nalgonda,BANDARU NAGARAJU,Independent,557,0.05,Lost
Telangana,Nalgonda,MADHU SAPAVATH,Independent,2517,0.21,Lost
Telangana,Nalgonda,MARRI. NEHEMIAH,Independent,1046,0.09,Lost
Telangana,Nalgonda,MARAM VENKAT REDDY,Independent,8585,0.73,Lost
Telangana,Nalgonda,MEKALA VENKANNA,Independent,2010,0.17,Lost
Telangana,Nalgonda,RAMESH SUNKARA,Independent,1235,0.11,Lost
Telangana,Nalgonda,ROYYALA. SRINIVASULU,Independent,5376,0.46,Lost
Telangana,Nalgonda,LINGIDI VENKATESWARLU,Independent,1422,0.12,Lost
Telangana,Nalgonda,SREENU VADTHYA,Independent,2643,0.22,Lost
Telangana,Nalgonda,NOTA,None of the Above,5560,0.47,Lost
Telangana,Nizamabad,ARVIND DHARMAPURI,Bharatiya Janata Party,480584,45.22,Lost
Telangana,Nizamabad,KALVAKUNTLA KAVITHA,Telangana Rashtra Samithi,409709,38.55,Lost
Telangana,Nizamabad,MADHU GOUD YASKHI,Indian National Congress,69240,6.52,Lost
Telangana,Nizamabad,ANJAIAH KONDANI,Pyramid Party of India,1229,0.12,Lost
Telangana,Nizamabad,BATHNATHE SHANKAR,Janasena Party,2023,0.19,Lost
Telangana,Nizamabad,ROTTE CHAKRADHAR SHARMA,Samajwadi Forward Bloc,495,0.05,Lost
Telangana,Nizamabad,S. SAGAR,Bahujan Mukti Party,757,0.07,Lost
Telangana,Nizamabad,ANJAIAH,Independent,325,0.03,Lost
Telangana,Nizamabad,AYILENI VIKRAM REDDY,Independent,734,0.07,Lost
Telangana,Nizamabad,ALLOORI ANIL KUMAR,Independent,416,0.04,Lost
Telangana,Nizamabad,ALLURI LIMBA REDDY,Independent,662,0.06,Lost
Telangana,Nizamabad,AKULA HANMANDLU,Independent,1610,0.15,Lost
Telangana,Nizamabad,ARE SAYANNA,Independent,851,0.08,Lost
Telangana,Nizamabad,ARMOOR SAGAR,Independent,1092,0.1,Lost
Telangana,Nizamabad,ASLI GANESH,Independent,2648,0.25,Lost
Telangana,Nizamabad,IPPA LACHANNA,Independent,6096,0.57,Lost
Telangana,Nizamabad,URUMALLA LAXMA REDDY,Independent,1673,0.16,Lost
Telangana,Nizamabad,ADAMALA RAVINDHAR REDDY,Independent,1035,0.1,Lost
Telangana,Nizamabad,ELETI MOHAN REDDY,Independent,366,0.03,Lost
Telangana,Nizamabad,ELETI MALLA REDDY,Independent,243,0.02,Lost
Telangana,Nizamabad,ALETI RAJAREDDY,Independent,1189,0.11,Lost
Telangana,Nizamabad,ANUGU THIRUMAL,Independent,366,0.03,Lost
Telangana,Nizamabad,ENUGU MALLESH,Independent,233,0.02,Lost
Telangana,Nizamabad,ENUGU RAJESHWER,Independent,238,0.02,Lost
Telangana,Nizamabad,ENUGU SHANKER,Independent,1365,0.13,Lost
Telangana,Nizamabad,ELETI LAXMA REDDY,Independent,337,0.03,Lost
Telangana,Nizamabad,ELETI SANJEEV REDDY,Independent,250,0.02,Lost
Telangana,Nizamabad,N. OMKAR REDDY,Independent,1142,0.11,Lost
Telangana,Nizamabad,KANDUKALA SHIVA KUMAR GOUD,Independent,329,0.03,Lost
Telangana,Nizamabad,KANAKA PRAMOD,Independent,494,0.05,Lost
Telangana,Nizamabad,KATIPELLY KUMAR,Independent,1439,0.14,Lost
Telangana,Nizamabad,KATIPELLY RAMESH,Independent,2535,0.24,Lost
Telangana,Nizamabad,KAMAREDDY SANTOSH,Independent,625,0.06,Lost
Telangana,Nizamabad,A. KARTHIK,Independent,351,0.03,Lost
Telangana,Nizamabad,KUNTA NARAYANA REDDY,Independent,241,0.02,Lost
Telangana,Nizamabad,KUMBALA SANJEEVA REDDY,Independent,286,0.03,Lost
Telangana,Nizamabad,KONDHAPURAM NARSAIAH,Independent,2089,0.2,Lost
Telangana,Nizamabad,KOMMULA BUCHI REDDY,Independent,183,0.02,Lost
Telangana,Nizamabad,KOLA VENKATESH,Independent,209,0.02,Lost
Telangana,Nizamabad,KONGARI SANJEEV,Independent,133,0.01,Lost
Telangana,Nizamabad,KOTTALA MAHENDHER,Independent,199,0.02,Lost
Telangana,Nizamabad,A. GANGADHAR,Independent,422,0.04,Lost
Telangana,Nizamabad,N. GANGARAM,Independent,281,0.03,Lost
Telangana,Nizamabad,GANGA REDDY M,Independent,318,0.03,Lost
Telangana,Nizamabad,R. GANGAREDDY,Independent,352,0.03,Lost
Telangana,Nizamabad,M. GANGAREDDY,Independent,353,0.03,Lost
Telangana,Nizamabad,K. GANGA REDDY,Independent,844,0.08,Lost
Telangana,Nizamabad,G. C. GANGAREDDY,Independent,936,0.09,Lost
Telangana,Nizamabad,P. GANGA REDDY,Independent,459,0.04,Lost
Telangana,Nizamabad,GANGASARAM RAJA REDDY,Independent,458,0.04,Lost
Telangana,Nizamabad,GAJJALA SAI PRASAD,Independent,203,0.02,Lost
Telangana,Nizamabad,GADKOLE RAMESH,Independent,878,0.08,Lost
Telangana,Nizamabad,GADDAM GANGAREDDY,Independent,173,0.02,Lost
Telangana,Nizamabad,GADDAM THIRUPATHI,Independent,257,0.02,Lost
Telangana,Nizamabad,GADDAM PURUSHOTHAM,Independent,125,0.01,Lost
Telangana,Nizamabad,GADDAM MOHAN,Independent,128,0.01,Lost
Telangana,Nizamabad,GADDAM RAJENDHARREDDY,Independent,115,0.01,Lost
Telangana,Nizamabad,GADDAM RAJESHWAR,Independent,536,0.05,Lost
Telangana,Nizamabad,GUNDETI SRINIVAS,Independent,175,0.02,Lost
Telangana,Nizamabad,GUJJULA RAMESH,Independent,150,0.01,Lost
Telangana,Nizamabad,GURADI SRINIVAS,Independent,167,0.02,Lost
Telangana,Nizamabad,GOSKULA MAHESH BABU,Independent,254,0.02,Lost
Telangana,Nizamabad,CHINTHALAPELLY GANGA REDDY,Independent,255,0.02,Lost
Telangana,Nizamabad,CHINTHALAPELLY MOHAN,Independent,797,0.07,Lost
Telangana,Nizamabad,CHINTHALAPELLY RAGHUPATHI REDDY,Independent,676,0.06,Lost
Telangana,Nizamabad,CHINNAIAH MUKKERA,Independent,560,0.05,Lost
Telangana,Nizamabad,J. CHINNA REDDY,Independent,512,0.05,Lost
Telangana,Nizamabad,CHILKURI GANGANNA,Independent,184,0.02,Lost
Telangana,Nizamabad,M. JEEVAN REDDY,Independent,212,0.02,Lost
Telangana,Nizamabad,JAIDI CHINNA GANGARAM,Independent,153,0.01,Lost
Telangana,Nizamabad,TANKASALA VINAY,Independent,170,0.02,Lost
Telangana,Nizamabad,DABBA RAJA REDDY,Independent,312,0.03,Lost
Telangana,Nizamabad,TALARI SUMAN,Independent,258,0.02,Lost
Telangana,Nizamabad,THIRUPATHI REDDY PANNALA,Independent,284,0.03,Lost
Telangana,Nizamabad,THEEGALA ASHOK REDDY,Independent,489,0.05,Lost
Telangana,Nizamabad,THEEGALA TIRUPATHI REDDY,Independent,399,0.04,Lost
Telangana,Nizamabad,THEEGALA RAJESHWAR,Independent,215,0.02,Lost
Telangana,Nizamabad,THEETLA ANIL,Independent,351,0.03,Lost
Telangana,Nizamabad,TUMMALA NAVEEN,Independent,710,0.07,Lost
Telangana,Nizamabad,TURAGA NARSAREDDY,Independent,920,0.09,Lost
Telangana,Nizamabad,TURPU PEDDA GANGARAM,Independent,2172,0.2,Lost
Telangana,Nizamabad,THOTA SRINIVAS,Independent,2467,0.23,Lost
Telangana,Nizamabad,THORTHI GANGA REDDY,Independent,548,0.05,Lost
Telangana,Nizamabad,K. DIVAKAR,Independent,338,0.03,Lost
Telangana,Nizamabad,DEVANNA PINDI,Independent,213,0.02,Lost
Telangana,Nizamabad,DODDI KINDI LINGAREDDY,Independent,211,0.02,Lost
Telangana,Nizamabad,NATTA BHAVANNA,Independent,266,0.03,Lost
Telangana,Nizamabad,NADISHARAM MALLAIAH,Independent,418,0.04,Lost
Telangana,Nizamabad,G. NARSAIAH,Independent,325,0.03,Lost
Telangana,Nizamabad,NARSAIAH AKKAGARI,Independent,1603,0.15,Lost
Telangana,Nizamabad,NALIMELA MAHENDER,Independent,847,0.08,Lost
Telangana,Nizamabad,NALLA NADPI MUTHANNA,Independent,652,0.06,Lost
Telangana,Nizamabad,NALLA BALAKISHAN,Independent,431,0.04,Lost
Telangana,Nizamabad,NAGULAPALLY DEVENDAR,Independent,665,0.06,Lost
Telangana,Nizamabad,NEERADI PRAVEEN,Independent,1057,0.1,Lost
Telangana,Nizamabad,NEMILLA LINGA REDDY,Independent,2563,0.24,Lost
Telangana,Nizamabad,NOMULA GOPAL REDDY,Independent,2592,0.24,Lost
Telangana,Nizamabad,NOMULA MOHAN REDDY,Independent,1364,0.13,Lost
Telangana,Nizamabad,PADIGELA PRAVEEN,Independent,438,0.04,Lost
Telangana,Nizamabad,PANNALA NARSA REDDY,Independent,429,0.04,Lost
Telangana,Nizamabad,PUNDRA SRINIVAS REDDY,Independent,863,0.08,Lost
Telangana,Nizamabad,PUTTINTI SAI REDDY,Independent,249,0.02,Lost
Telangana,Nizamabad,PUPPALA HANMANDLU,Independent,291,0.03,Lost
Telangana,Nizamabad,PRUTHVIRAJ GADEPALLI,Independent,616,0.06,Lost
Telangana,Nizamabad,PENTA NARSAIAH,Independent,388,0.04,Lost
Telangana,Nizamabad,PEDDA GANGADHAR TALARI,Independent,228,0.02,Lost
Telangana,Nizamabad,POTHUGANTI VENKATESH,Independent,156,0.01,Lost
Telangana,Nizamabad,A. POSHETTY,Independent,236,0.02,Lost
Telangana,Nizamabad,M. PRAKASH,Independent,312,0.03,Lost
Telangana,Nizamabad,PRATHAP MACHARLA,Independent,335,0.03,Lost
Telangana,Nizamabad,PRASANTH,Independent,781,0.07,Lost
Telangana,Nizamabad,BANDI RAVINDHAR,Independent,1701,0.16,Lost
Telangana,Nizamabad,BHANDELA VENKATA RAJAM,Independent,834,0.08,Lost
Telangana,Nizamabad,BAKKASETTY GANGADHAR,Independent,467,0.04,Lost
Telangana,Nizamabad,BADDAM ASHOK,Independent,296,0.03,Lost
Telangana,Nizamabad,BADDAM INDRASENA REDDY,Independent,891,0.08,Lost
Telangana,Nizamabad,BADDAM GANGADHAR,Independent,153,0.01,Lost
Telangana,Nizamabad,BADDAM DEVENDAR,Independent,189,0.02,Lost
Telangana,Nizamabad,BADDAM SRINIVASA REDDY,Independent,180,0.02,Lost
Telangana,Nizamabad,BADDAM SURESH,Independent,280,0.03,Lost
Telangana,Nizamabad,BALIJE LAXMI RAJAM,Independent,114,0.01,Lost
Telangana,Nizamabad,BAI SAYANNA,Independent,165,0.02,Lost
Telangana,Nizamabad,BARLA SANTHOSH,Independent,135,0.01,Lost
Telangana,Nizamabad,B. BALA RAJU,Independent,106,0.01,Lost
Telangana,Nizamabad,BEJJENKI LINGA REDDY,Independent,123,0.01,Lost
Telangana,Nizamabad,BODUGAM NARENDAR,Independent,138,0.01,Lost
Telangana,Nizamabad,G. BORRANNA,Independent,279,0.03,Lost
Telangana,Nizamabad,BYAGARI SHANTHAIAH,Independent,441,0.04,Lost
Telangana,Nizamabad,MAGGIDI KATIPELLY RAJESH,Independent,778,0.07,Lost
Telangana,Nizamabad,MAGGIDI NARSAIAH,Independent,314,0.03,Lost
Telangana,Nizamabad,MADHU BUTTI,Independent,149,0.01,Lost
Telangana,Nizamabad,M. MALLA REDDY,Independent,146,0.01,Lost
Telangana,Nizamabad,N. MALLAREDDY,Independent,166,0.02,Lost
Telangana,Nizamabad,A. MAHIPAL REDDY,Independent,497,0.05,Lost
Telangana,Nizamabad,MAHENDHAR MUSKU,Independent,110,0.01,Lost
Telangana,Nizamabad,MAMIDI CHINNA REDDY,Independent,149,0.01,Lost
Telangana,Nizamabad,MAMIDI THIRUPATHI REDDY,Independent,725,0.07,Lost
Telangana,Nizamabad,MAMIDI RAJASHEKAR REDDY,Independent,186,0.02,Lost
Telangana,Nizamabad,MARU JANARDHAN,Independent,201,0.02,Lost
Telangana,Nizamabad,MITTAPELLI MALLAIAH,Independent,126,0.01,Lost
Telangana,Nizamabad,D. MUTHA REDDY,Independent,109,0.01,Lost
Telangana,Nizamabad,MUTHENNA LAKKARA,Independent,159,0.01,Lost
Telangana,Nizamabad,MUSKU RAJESHWAR,Independent,242,0.02,Lost
Telangana,Nizamabad,MEKKONDA RAMREDDY,Independent,553,0.05,Lost
Telangana,Nizamabad,MOHD. JAMEEL,Independent,852,0.08,Lost
Telangana,Nizamabad,MEDIPELLY SHEKAR REDDY,Independent,703,0.07,Lost
Telangana,Nizamabad,Y. RAJITHA,Independent,426,0.04,Lost
Telangana,Nizamabad,G. RAMESH,Independent,718,0.07,Lost
Telangana,Nizamabad,S. RAMESH REDDY,Independent,192,0.02,Lost
Telangana,Nizamabad,RAVI SHANKER KUNTA,Independent,123,0.01,Lost
Telangana,Nizamabad,RAJANNA,Independent,107,0.01,Lost
Telangana,Nizamabad,RAJA VENKAT REDDY PASHAPU,Independent,186,0.02,Lost
Telangana,Nizamabad,S. RAJASHEKAR,Independent,265,0.02,Lost
Telangana,Nizamabad,RAJU SOMIREDDY,Independent,118,0.01,Lost
Telangana,Nizamabad,P. RAJENDHAR,Independent,109,0.01,Lost
Telangana,Nizamabad,RAPELLY SRINIVAS,Independent,468,0.04,Lost
Telangana,Nizamabad,K. RAM RAJ,Independent,161,0.02,Lost
Telangana,Nizamabad,RAYIDI MAHESH,Independent,246,0.02,Lost
Telangana,Nizamabad,RIKKALA RAJAREDDY,Independent,479,0.05,Lost
Telangana,Nizamabad,LAXMAN GANNA,Independent,627,0.06,Lost
Telangana,Nizamabad,LINGAPURAM BHUMESHWAR,Independent,698,0.07,Lost
Telangana,Nizamabad,P. LIMBAREDDY,Independent,361,0.03,Lost
Telangana,Nizamabad,LOKA SUBHASH,Independent,1246,0.12,Lost
Telangana,Nizamabad,G. VIJAY,Independent,204,0.02,Lost
Telangana,Nizamabad,VENKAT REDDY JAIDI,Independent,199,0.02,Lost
Telangana,Nizamabad,VELMA MALLA REDDY,Independent,112,0.01,Lost
Telangana,Nizamabad,M. SHEKAR,Independent,108,0.01,Lost
Telangana,Nizamabad,B. SRINIVAS,Independent,142,0.01,Lost
Telangana,Nizamabad,SANJEEVA REDDY GADDAM,Independent,129,0.01,Lost
Telangana,Nizamabad,SANTHA LINGAREDDY,Independent,387,0.04,Lost
Telangana,Nizamabad,SANTOSH,Independent,176,0.02,Lost
Telangana,Nizamabad,SANDI REDDY GOPAL REDDY,Independent,183,0.02,Lost
Telangana,Nizamabad,SAMA THIRUPATHI,Independent,140,0.01,Lost
Telangana,Nizamabad,SAMA BHASKER REDDY,Independent,142,0.01,Lost
Telangana,Nizamabad,SAMA SWAMI REDDY,Independent,365,0.03,Lost
Telangana,Nizamabad,E. SAI REDDY,Independent,720,0.07,Lost
Telangana,Nizamabad,SUNKARI RAJKUMAR,Independent,1257,0.12,Lost
Telangana,Nizamabad,SUNKETA RAVI,Independent,836,0.08,Lost
Telangana,Nizamabad,G. SUJITH,Independent,293,0.03,Lost
Telangana,Nizamabad,SUMAN,Independent,114,0.01,Lost
Telangana,Nizamabad,SUMAN MAGGIDI,Independent,196,0.02,Lost
Telangana,Nizamabad,SURAKANTA RAJA REDDY,Independent,84,0.01,Lost
Telangana,Nizamabad,SURESH BASA,Independent,126,0.01,Lost
Telangana,Nizamabad,SOMA SRINIVAS,Independent,206,0.02,Lost
Telangana,Nizamabad,SOMIDI LIMBAIAH,Independent,315,0.03,Lost
Telangana,Nizamabad,NOTA,None of the Above,2031,0.19,Lost
Telangana,Peddapalle,Agam Chandrasekhar,Indian National Congress,346141,35.68,Lost
Telangana,Peddapalle,S.Kumar,Bharatiya Janata Party,92606,9.55,Lost
Telangana,Peddapalle,Bala Kalyan Panja,Bahujan Samaj Party,10203,1.05,Lost
Telangana,Peddapalle,Venkatesh Netha Borlakunta,Telangana Rashtra Samithi,441321,45.49,Lost
Telangana,Peddapalle,Erugurala Bhagyalaxmi,Pyramid Party of India,4055,0.42,Lost
Telangana,Peddapalle,S. Krishna,Secular Democratic Congress,3501,0.36,Lost
Telangana,Peddapalle,Thadem Raju,India Praja Bandhu Party,1965,0.2,Lost
Telangana,Peddapalle,Velthuru Mallaiah,Republican Party of India (Khobragade),2598,0.27,Lost
Telangana,Peddapalle,Sabbani Krishna,Marxist Communist Party of India (United),6818,0.7,Lost
Telangana,Peddapalle,Sankenapalli Devadas,Anti Corruption Dynamic Party,2215,0.23,Lost
Telangana,Peddapalle,Arsham Ashok,Independent,2459,0.25,Lost
Telangana,Peddapalle,Ambala Mahendar,Independent,6905,0.71,Lost
Telangana,Peddapalle,Kuntala Narsaiah,Independent,18219,1.88,Lost
Telangana,Peddapalle,Gaddala Vinay Kumar,Independent,6537,0.67,Lost
Telangana,Peddapalle,Godisella Nagamani,Independent,3886,0.4,Lost
Telangana,Peddapalle,Durgam. Rajanna,Independent,7384,0.76,Lost
Telangana,Peddapalle,Rajesh Erikilla,Independent,4267,0.44,Lost
Telangana,Peddapalle,NOTA,None of the Above,8971,0.92,Lost
Telangana,Secundrabad,ANJAN KUMAR YADAV. M,Indian National Congress,173229,18.93,Lost
Telangana,Secundrabad,G . KISHAN REDDY,Bharatiya Janata Party,384780,42.05,Lost
Telangana,Secundrabad,TALASANI SAI KIRAN YADAV,Telangana Rashtra Samithi,322666,35.26,Lost
Telangana,Secundrabad,M . ASHOK KUMAR,Samajwadi Forward Bloc,1147,0.13,Lost
Telangana,Secundrabad,ANDUKURI VIJAYA BHASKAR,India Praja Bandhu Party,420,0.05,Lost
Telangana,Secundrabad,CHALLA RAM KALYAN,Bhartiya Anarakshit Party,1297,0.14,Lost
Telangana,Secundrabad,DORNALA JAYA PRAKASH,New India Party,360,0.04,Lost
Telangana,Secundrabad,M . D . NAZEERUDDIN QUADRI,Akhil Bharatiya Muslim League (Secular),555,0.06,Lost
Telangana,Secundrabad,J . MALLESH,SOCIALIST UNITY CENTRE OF INDIA (COMMUNIST),334,0.04,Lost
Telangana,Secundrabad,J . N . RAO,Dalita Bahujana Party,586,0.06,Lost
Telangana,Secundrabad,G . LAXMINARSIMHA RAO,Telangana Prajala Party,521,0.06,Lost
Telangana,Secundrabad,N . SHANKAR GOUD,Janasena Party,9683,1.06,Lost
Telangana,Secundrabad,S . SATYAVATHI,Pyramid Party of India,433,0.05,Lost
Telangana,Secundrabad,AKHIL CHIRRAVURI,Independent,803,0.09,Lost
Telangana,Secundrabad,ABDUL AZEEM,Independent,491,0.05,Lost
Telangana,Secundrabad,ABDALLAH IBRAHIM,Independent,1080,0.12,Lost
Telangana,Secundrabad,ANDRAPU SUDHARSHAN ( GANGAPUTRA ),Independent,1400,0.15,Lost
Telangana,Secundrabad,JUNAID ANAM SIDDIQUI,Independent,648,0.07,Lost
Telangana,Secundrabad,NANDIPATI VINOD KUMAR,Independent,718,0.08,Lost
Telangana,Secundrabad,FARHA NAAZ KHAN,Independent,421,0.05,Lost
Telangana,Secundrabad,BATHULA RAVI,Independent,333,0.04,Lost
Telangana,Secundrabad,BODDU SATISH,Independent,217,0.02,Lost
Telangana,Secundrabad,MUNEER PASHA,Independent,630,0.07,Lost
Telangana,Secundrabad,RAVI KUMAR VODELA,Independent,217,0.02,Lost
Telangana,Secundrabad,R . LAXMAN RAO GANGAPUTRA,Independent,557,0.06,Lost
Telangana,Secundrabad,K . VENKATANARAYANA,Independent,1493,0.16,Lost
Telangana,Secundrabad,SRIRAMA NAIK MUNAVATH,Independent,565,0.06,Lost
Telangana,Secundrabad,M. G. SAI BABA,Independent,484,0.05,Lost
Telangana,Secundrabad,NOTA,None of the Above,9038,0.99,Lost
Telangana,Warangal,CHINTHA SAMBAMURTHY,Bharatiya Janata Party,83777,7.89,Lost
Telangana,Warangal,DAYAKAR PASUNOORI,Telangana Rashtra Samithi,612498,57.69,Lost
Telangana,Warangal,DOMMATI SAMBAIAH,Indian National Congress,262200,24.7,Lost
Telangana,Warangal,BOLLAPALLY SARAIAH,Bahujan Samaj Party,8193,0.77,Lost
Telangana,Warangal,KANNAM VENKANNA,Marxist Communist Party of India (United),5386,0.51,Lost
Telangana,Warangal,PANIGANTI RAJITHAVANI,Pyramid Party of India,1986,0.19,Lost
Telangana,Warangal,BUNGA JYOTHI RAMANA,Aihra National Party,29183,2.75,Lost
Telangana,Warangal,BOCHU KRUPAKAR,Hum Bhartiya Party,1895,0.18,Lost
Telangana,Warangal,SURESH KANAKAM,Samajwadi Forward Bloc,1324,0.12,Lost
Telangana,Warangal,AITHA PRAVEEN KUMAR,Independent,2093,0.2,Lost
Telangana,Warangal,UPENDAR JERIPOTHULA,Independent,14033,1.32,Lost
Telangana,Warangal,CHILUVERU PRATHAP,Independent,6096,0.57,Lost
Telangana,Warangal,JANNU NARSAIAH,Independent,6112,0.58,Lost
Telangana,Warangal,PASULA RAMMURTHY,Independent,3812,0.36,Lost
Telangana,Warangal,BARLA SRINIVAS,Independent,4256,0.4,Lost
Telangana,Warangal,NOTA,None of the Above,18801,1.77,Lost
Telangana,Zahirabad,B.B.PATIL,Telangana Rashtra Samithi,434244,41.58,Lost
Telangana,Zahirabad,BANALA LAXMA REDDY,Bharatiya Janata Party,138947,13.3,Lost
Telangana,Zahirabad,MADAN MOHAN RAO,Indian National Congress,428015,40.98,Lost
Telangana,Zahirabad,ALIGE JEEVAN,Bahujan Mukti Party,6366,0.61,Lost
Telangana,Zahirabad,KALESH,Bhartiya Anarakshit Party,6339,0.61,Lost
Telangana,Zahirabad,MARK BABU,India Praja Bandhu Party,1573,0.15,Lost
Telangana,Zahirabad,MOHAMMED NAWAZ,Ambedkar National Congress,1712,0.16,Lost
Telangana,Zahirabad,SRINIVAS GOUD KASALA,Pyramid Party of India,1279,0.12,Lost
Telangana,Zahirabad,NANGUNOORI LATHA,Independent,1869,0.18,Lost
Telangana,Zahirabad,BENJAMIN RAJU,Independent,3281,0.31,Lost
Telangana,Zahirabad,MUDIRAJ VENKATESHAM,Independent,5581,0.53,Lost
Telangana,Zahirabad,RAMARAO PATIL,Independent,4019,0.38,Lost
Telangana,Zahirabad,NOTA,None of the Above,11140,1.07,Lost
Tripura,Tripura East,Jitendra Chaudhury,Communist Party of India (Marxist),200963,19.22,Lost
Tripura,Tripura East,Narendra Chandra DebBarma,Indigenous People's Front of Tripura,45304,4.33,Lost
Tripura,Tripura East,Maharaj kumari Pragya DebBurman,Indian National Congress,277836,26.58,Lost
Tripura,Tripura East,Rebati Tripura,Bharatiya Janata Party,482126,46.12,Lost
Tripura,Tripura East,Karnadhan Chakma,Amra Bangalee,6944,0.66,Lost
Tripura,Tripura East,Amar Debbarma,Independent,3706,0.35,Lost
Tripura,Tripura East,Chitta Ranjan Debbarma,Independent,3628,0.35,Lost
Tripura,Tripura East,Dipti Halam,Independent,3839,0.37,Lost
Tripura,Tripura East,Bijoy DebBarma,Independent,5276,0.5,Lost
Tripura,Tripura East,Subir Kumar Jamatia,Independent,4581,0.44,Lost
Tripura,Tripura East,NOTA,None of the Above,11214,1.07,Lost
Tripura,Tripura West,Pratima Bhoumik,Bharatiya Janata Party,573532,51.77,Lost
Tripura,Tripura West,Brishaketu Debbarma,Indigenous People's Front of Tripura,44225,3.99,Lost
Tripura,Tripura West,Maman Khan,All India Trinamool Congress,8613,0.78,Lost
Tripura,Tripura West,Sankar Prasad Datta,Communist Party of India (Marxist),171826,15.51,Lost
Tripura,Tripura West,Subal Bhowmik,Indian National Congress,267843,24.18,Lost
Tripura,Tripura West,Arun Kumar Bhaumik,SOCIALIST UNITY CENTRE OF INDIA (COMMUNIST),4525,0.41,Lost
Tripura,Tripura West,Kabrabam Dhirendra Singha,Tripura Peoples Party,2076,0.19,Lost
Tripura,Tripura West,Jayki Murasing,Ambedkarite Party of India,7133,0.64,Lost
Tripura,Tripura West,Prabir Debnath,Amra Bangalee,2764,0.25,Lost
Tripura,Tripura West,Narayan Chandra Dey,Independent,2029,0.18,Lost
Tripura,Tripura West,Pradip Chakraborty,Independent,3536,0.32,Lost
Tripura,Tripura West,Brajalal Debnath,Independent,3322,0.3,Lost
Tripura,Tripura West,Subal Sarkar,Independent,4371,0.39,Lost
Tripura,Tripura West,NOTA,None of the Above,11960,1.08,Lost
Uttar Pradesh,Agra,Preeta Harit,Indian National Congress,45149,3.94,Lost
Uttar Pradesh,Agra,Manoj Kumar Soni,Bahujan Samaj Party,435329,38.01,Lost
Uttar Pradesh,Agra,Satyapal Singh Baghel,Bharatiya Janata Party,646875,56.48,Lost
Uttar Pradesh,Agra,Chandra Pal,Adarsh Samaj Party,2802,0.24,Lost
Uttar Pradesh,Agra,Raja,Rashtriya Vyapari Party,1326,0.12,Lost
Uttar Pradesh,Agra,Ramji Lal Vidhyarthi,Peace Party,1468,0.13,Lost
Uttar Pradesh,Agra,Himanshi,Lok Gathbandhan Party,1408,0.12,Lost
Uttar Pradesh,Agra,Ambedkari Hasnuram Ambedkari,Independent,2768,0.24,Lost
Uttar Pradesh,Agra,Babu Lal,Independent,2381,0.21,Lost
Uttar Pradesh,Agra,NOTA,None of the Above,5817,0.51,Lost
Uttar Pradesh,Akbarpur,Devendra Singh 'Bhole',Bharatiya Janata Party,581282,56.69,Lost
Uttar Pradesh,Akbarpur,Nisha Sachan,Bahujan Samaj Party,306140,29.86,Lost
Uttar Pradesh,Akbarpur,Rajaram Pal,Indian National Congress,108341,10.57,Lost
Uttar Pradesh,Akbarpur,Amit Tripathi,Adhunik Bharat Party,1976,0.19,Lost
Uttar Pradesh,Akbarpur,Ashok Paswan,Sabhi Jan Party,866,0.08,Lost
Uttar Pradesh,Akbarpur,Mahendra Singh Yadav,Pragatishil Samajwadi Party (Lohia),2047,0.2,Lost
Uttar Pradesh,Akbarpur,Ravi Sachan,Janata Dal (United),1028,0.1,Lost
Uttar Pradesh,Akbarpur,Prof. Ramgopal Sankhwar,Rashtriya Janutthan Party,776,0.08,Lost
Uttar Pradesh,Akbarpur,Saurabh Mishra,Bhartiya Shakti Chetna Party,2940,0.29,Lost
Uttar Pradesh,Akbarpur,Arun Kumar,Independent,1578,0.15,Lost
Uttar Pradesh,Akbarpur,Niraj Kumar Pasi Advocate,Independent,1627,0.16,Lost
Uttar Pradesh,Akbarpur,Manoj Gupta,Independent,3270,0.32,Lost
Uttar Pradesh,Akbarpur,Vikas Tripathi,Independent,2234,0.22,Lost
Uttar Pradesh,Akbarpur,Sunil Kumar,Independent,3215,0.31,Lost
Uttar Pradesh,Akbarpur,NOTA,None of the Above,7994,0.78,Lost
Uttar Pradesh,Aligarh,DR. AJEET BALIYAN,Bahujan Samaj Party,426954,36.71,Lost
Uttar Pradesh,Aligarh,BIJENDRA SINGH CHAUDHARY,Indian National Congress,50880,4.37,Lost
Uttar Pradesh,Aligarh,SATISH KUMAR GAUTAM,Bharatiya Janata Party,656215,56.42,Lost
Uttar Pradesh,Aligarh,AMAR SINGH MAHAUR,Swatantra Jantaraj Party,3681,0.32,Lost
Uttar Pradesh,Aligarh,DILEEP SHARMA,Peace Party,1045,0.09,Lost
Uttar Pradesh,Aligarh,DEEPAK CHAUDHARY,Pragatishil Samajwadi Party (Lohia),4953,0.43,Lost
Uttar Pradesh,Aligarh,THAKUR MANOJ SINGH,Rashtravadi Party (Bharat),1225,0.11,Lost
Uttar Pradesh,Aligarh,MOHD. SHAKEEL (ADV.),Lok Dal,841,0.07,Lost
Uttar Pradesh,Aligarh,SATISH CHANDRA SHARMA,Aam Aadmi Party,829,0.07,Lost
Uttar Pradesh,Aligarh,SANJAY BALMIKI,Bhartiya Bhaichara Party,836,0.07,Lost
Uttar Pradesh,Aligarh,ASHOK KUMAR PANDEY,Independent,797,0.07,Lost
Uttar Pradesh,Aligarh,CHARAN SINGH,Independent,1175,0.1,Lost
Uttar Pradesh,Aligarh,LAXMI DHANGAR,Independent,5886,0.51,Lost
Uttar Pradesh,Aligarh,SHAHEEN,Independent,1599,0.14,Lost
Uttar Pradesh,Aligarh,NOTA,None of the Above,6268,0.54,Lost
Uttar Pradesh,Allahabad,Girdhar Gopal Tripathi,Communist Party of India,10403,1.17,Lost
Uttar Pradesh,Allahabad,Yogesh Shukla,Indian National Congress,31953,3.59,Lost
Uttar Pradesh,Allahabad,Rajendra Singh Patel,Samajwadi Party,310179,34.89,Lost
Uttar Pradesh,Allahabad,Rita Bahuguna Joshi,Bharatiya Janata Party,494454,55.62,Lost
Uttar Pradesh,Allahabad,Ajeet Kumar Patel,Pragatisheel Samaj Party,6267,0.7,Lost
Uttar Pradesh,Allahabad,Abhimanyu Singh Patel,Pragatishil Samajwadi Party (Lohia),2217,0.25,Lost
Uttar Pradesh,Allahabad,Om Guru Charandas,Sanatan Sanskriti Raksha Dal,2278,0.26,Lost
Uttar Pradesh,Allahabad,Gayatri Prasad,Bhartiya Shakti Chetna Party,1517,0.17,Lost
Uttar Pradesh,Allahabad,Bhawani Singh,Aam Aadmi Party,1845,0.21,Lost
Uttar Pradesh,Allahabad,Ram Pal Gupta,Parivartan Samaj Party,3368,0.38,Lost
Uttar Pradesh,Allahabad,Shiv Dutt Shukla,Annadata Party,5147,0.58,Lost
Uttar Pradesh,Allahabad,Shiv Prasad,Lok Gathbandhan Party,4118,0.46,Lost
Uttar Pradesh,Allahabad,Ajay Sharma,Independent,4731,0.53,Lost
Uttar Pradesh,Allahabad,Rabindra Kumar Shrivastav,Independent,2954,0.33,Lost
Uttar Pradesh,Allahabad,NOTA,None of the Above,7625,0.86,Lost
Uttar Pradesh,Ambedkar Nagar,Mukut Bihari,Bharatiya Janata Party,468238,42.95,Lost
Uttar Pradesh,Ambedkar Nagar,Ritesh Pandey,Bahujan Samaj Party,564118,51.75,Lost
Uttar Pradesh,Ambedkar Nagar,Ayodhya,Bharat Prabhat Party,5472,0.5,Lost
Uttar Pradesh,Ambedkar Nagar,Ashutosh,Moulik Adhikar Party,4163,0.38,Lost
Uttar Pradesh,Ambedkar Nagar,Parshuram Patel,Hindusthan Nirman Dal,2443,0.22,Lost
Uttar Pradesh,Ambedkar Nagar,Premnath Nishad,Pragatishil Samajwadi Party (Lohia),2390,0.22,Lost
Uttar Pradesh,Ambedkar Nagar,Mastram Kori,Swatantra Jantaraj Party,1959,0.18,Lost
Uttar Pradesh,Ambedkar Nagar,Rakesh,Suheldev Bharatiya Samaj Party,15167,1.39,Lost
Uttar Pradesh,Ambedkar Nagar,Ram Singar,Voters Party International,2224,0.2,Lost
Uttar Pradesh,Ambedkar Nagar,Sushila Dinkar,Bahujan Mukti Party,6065,0.56,Lost
Uttar Pradesh,Ambedkar Nagar,Taigar Ramnihor Patel 'Ratnashah',Independent,6569,0.6,Lost
Uttar Pradesh,Ambedkar Nagar,NOTA,None of the Above,11344,1.04,Lost
Uttar Pradesh,Amethi,Rahul Gandhi,Indian National Congress,413394,43.86,Lost
Uttar Pradesh,Amethi,Smriti Irani,Bharatiya Janata Party,468514,49.71,Lost
Uttar Pradesh,Amethi,Afajal Varis,Bahujan Mukti Party,6183,0.66,Lost
Uttar Pradesh,Amethi,Gopal Swaroop Gandhi,Kisan Majdoor Berojgar Sangh,1574,0.17,Lost
Uttar Pradesh,Amethi,Durgesh Singh,Bharat Prabhat Party,958,0.1,Lost
Uttar Pradesh,Amethi,Nathu Ram,Janvadi Party(Socialist),847,0.09,Lost
Uttar Pradesh,Amethi,Prem Shankar,Moulik Adhikar Party,1729,0.18,Lost
Uttar Pradesh,Amethi,Pankaj Ramkumar Sing,Akhand Rashtrawadi Party,1057,0.11,Lost
Uttar Pradesh,Amethi,Bas Deo Maurya,Communist Party of India (Marxist-Leninist) Red Star,988,0.1,Lost
Uttar Pradesh,Amethi,Ram Milan,Rashtriya Apna Dal,1144,0.12,Lost
Uttar Pradesh,Amethi,Ram Sidh Yadav,Manavtawadi Samaj Party,3055,0.32,Lost
Uttar Pradesh,Amethi,Shatrunjai Pratap Singh,Lok Gathbandhan Party,1716,0.18,Lost
Uttar Pradesh,Amethi,SHIV Nandan Singh,Bharatiya Sampuran Krantikari Party,1948,0.21,Lost
Uttar Pradesh,Amethi,Gopal Prasad,Independent,3177,0.34,Lost
Uttar Pradesh,Amethi,Dinesh Kumar,Independent,4301,0.46,Lost
Uttar Pradesh,Amethi,Dhurv lal,Independent,7816,0.83,Lost
Uttar Pradesh,Amethi,Bhagwandeen,Independent,3860,0.41,Lost
Uttar Pradesh,Amethi,Ram Sajiwan,Independent,5616,0.6,Lost
Uttar Pradesh,Amethi,Lal Babu,Independent,2318,0.25,Lost
Uttar Pradesh,Amethi,Vipin Yadav,Independent,1039,0.11,Lost
Uttar Pradesh,Amethi,Shiv Kumar,Independent,495,0.05,Lost
Uttar Pradesh,Amethi,Dr. U.P. Shivananda,Independent,547,0.06,Lost
Uttar Pradesh,Amethi,Saritha S. Nair,Independent,569,0.06,Lost
Uttar Pradesh,Amethi,Suresh Kumar Shukla,Independent,779,0.08,Lost
Uttar Pradesh,Amethi,Mo. Hasan Lahari,Independent,1224,0.13,Lost
Uttar Pradesh,Amethi,Harun Rasheed,Independent,2085,0.22,Lost
Uttar Pradesh,Amethi,Hemant Kumar,Independent,1580,0.17,Lost
Uttar Pradesh,Amethi,NOTA,None of the Above,3940,0.42,Lost
Uttar Pradesh,Amroha,KANWAR SINGH TANWAR,Bharatiya Janata Party,537834,46.0,Lost
Uttar Pradesh,Amroha,KUNWAR DANISH ALI,Bahujan Samaj Party,601082,51.41,Lost
Uttar Pradesh,Amroha,SACHIN CHOUDHARY,Indian National Congress,12510,1.07,Lost
Uttar Pradesh,Amroha,MATLOOB AHMAD,Pragatishil Samajwadi Party (Lohia),954,0.08,Lost
Uttar Pradesh,Amroha,RAJPAL SINGH SAINI,Jan Shakti Dal,1164,0.1,Lost
Uttar Pradesh,Amroha,AKHTAR,Independent,979,0.08,Lost
Uttar Pradesh,Amroha,NARESH KUMAR,Independent,945,0.08,Lost
Uttar Pradesh,Amroha,RAJPAL SINGH,Independent,1392,0.12,Lost
Uttar Pradesh,Amroha,(KUNWAR) ROBIN TYAGI,Independent,2056,0.18,Lost
Uttar Pradesh,Amroha,VIKAR AHMAD,Independent,3649,0.31,Lost
Uttar Pradesh,Amroha,NOTA,None of the Above,6617,0.57,Lost
Uttar Pradesh,Aonla,DHARMENDRA KASHYAP,Bharatiya Janata Party,537675,51.07,Lost
Uttar Pradesh,Aonla,RUCHIVIRA,Bahujan Samaj Party,423932,40.27,Lost
Uttar Pradesh,Aonla,KUNWAR SARVARAJ SINGH,Indian National Congress,62548,5.94,Lost
Uttar Pradesh,Aonla,MO. ATEEQ,National Fifty Fifty Front,1308,0.12,Lost
Uttar Pradesh,Aonla,IRSHAD ANSARI ADVOCATE,VANCHITSAMAJ INSAAF PARTY,912,0.09,Lost
Uttar Pradesh,Aonla,RISHIPAL,Jan Shakti Ekta Party,1557,0.15,Lost
Uttar Pradesh,Aonla,DINESH KUMAR,Hindusthan Nirman Dal,1056,0.1,Lost
Uttar Pradesh,Aonla,DHARMENDRA KUMAR,Shivsena,1378,0.13,Lost
Uttar Pradesh,Aonla,PRAMOD KUMAR YADAV,Bhartiya Krishak Dal,943,0.09,Lost
Uttar Pradesh,Aonla,PRITI KASHYAP,Rashtriya Mazdoor Ekta Party,1739,0.17,Lost
Uttar Pradesh,Aonla,RAMPHAL SHAKYA,Bahujan Mukti Party,1660,0.16,Lost
Uttar Pradesh,Aonla,SUNIL KUMAR,Pragatishil Samajwadi Party (Lohia),2117,0.2,Lost
Uttar Pradesh,Aonla,LAKSHMI,Independent,3097,0.29,Lost
Uttar Pradesh,Aonla,HEMENDRA PAL SINGH,Independent,3675,0.35,Lost
Uttar Pradesh,Aonla,NOTA,None of the Above,9198,0.87,Lost
Uttar Pradesh,Azamgarh,Akhilesh Yadav,Samajwadi Party,621578,60.4,Lost
Uttar Pradesh,Azamgarh,Dinesh Lal Yadav Nirahua,Bharatiya Janata Party,361704,35.15,Lost
Uttar Pradesh,Azamgarh,Anil Singh,Rashtriya Ulama Council,6763,0.66,Lost
Uttar Pradesh,Azamgarh,Abhimanyu Singh Sunny,Suheldev Bharatiya Samaj Party,10078,0.98,Lost
Uttar Pradesh,Azamgarh,Arvind Kumar Pandey,Nagrik Ekta Party,949,0.09,Lost
Uttar Pradesh,Azamgarh,Ehsan Ahmed,Naitik Party,976,0.09,Lost
Uttar Pradesh,Azamgarh,Pawan Singh Samrat,Aam Janta Party (India),1106,0.11,Lost
Uttar Pradesh,Azamgarh,Pramod Tiwari,Janhit Kisan Party,3148,0.31,Lost
Uttar Pradesh,Azamgarh,Mohinder Kumar,Sarvshreshth Dal,2901,0.28,Lost
Uttar Pradesh,Azamgarh,Gorakhram Nishad,Independent,1250,0.12,Lost
Uttar Pradesh,Azamgarh,Gaurav Singh,Independent,1432,0.14,Lost
Uttar Pradesh,Azamgarh,Budhi Ram,Independent,2098,0.2,Lost
Uttar Pradesh,Azamgarh,Rajaram Gond,Independent,1931,0.19,Lost
Uttar Pradesh,Azamgarh,Rajiv Talwar,Independent,2204,0.21,Lost
Uttar Pradesh,Azamgarh,Dr. Rajeev Pandey,Independent,3739,0.36,Lost
Uttar Pradesh,Azamgarh,NOTA,None of the Above,7255,0.7,Lost
Uttar Pradesh,Badaun,Dharmendra Yadav,Samajwadi Party,492898,45.59,Lost
Uttar Pradesh,Badaun,Saleem Iqbal Shervani,Indian National Congress,51947,4.8,Lost
Uttar Pradesh,Badaun,Dr. Sanghmitra Maurya,Bharatiya Janata Party,511352,47.3,Lost
Uttar Pradesh,Badaun,Kailash Kumar Mishra,All India Forward Bloc,4347,0.4,Lost
Uttar Pradesh,Badaun,Mahesh Shrivastav,Kalyankari Jantantrik Party,1336,0.12,Lost
Uttar Pradesh,Badaun,Atul Kumar,Independent,1681,0.16,Lost
Uttar Pradesh,Badaun,Kirpa Shankar Shakya,Independent,2219,0.21,Lost
Uttar Pradesh,Badaun,Swami Paglanand,Independent,4085,0.38,Lost
Uttar Pradesh,Badaun,Hari Singh,Independent,2637,0.24,Lost
Uttar Pradesh,Badaun,NOTA,None of the Above,8606,0.8,Lost
Uttar Pradesh,Baghpat,JAYANT CHAUDHARY,Rashtriya Lok Dal,502287,48.07,Lost
Uttar Pradesh,Baghpat,Dr. SATYAPAL SINGH,Bharatiya Janata Party,525789,50.32,Lost
Uttar Pradesh,Baghpat,ISTAKAR ALI,National Lokmat Party,1628,0.16,Lost
Uttar Pradesh,Baghpat,UTTAR KUMAR JINDAL,Bhartiya Naujawan Inklav Party,932,0.09,Lost
Uttar Pradesh,Baghpat,DEVENDER,Aapki Apni Party (Peoples),661,0.06,Lost
Uttar Pradesh,Baghpat,PARVEEN YOGI,Bhartiya Nojawan Dal,1047,0.1,Lost
Uttar Pradesh,Baghpat,MANOJ RANA,Akhil Bhartiya Lok Dal,503,0.05,Lost
Uttar Pradesh,Baghpat,CHAUDHARY MOHKAM,Pragatishil Samajwadi Party (Lohia),707,0.07,Lost
Uttar Pradesh,Baghpat,RAMKUMAR,Sarvjan Lok Shakti Party,1250,0.12,Lost
Uttar Pradesh,Baghpat,RUBY KASHYAP,Hindusthan Nirman Dal,633,0.06,Lost
Uttar Pradesh,Baghpat,Dr. SALEEM AHMAD,Sabse Achchhi Party,556,0.05,Lost
Uttar Pradesh,Baghpat,JAFAR,Independent,1400,0.13,Lost
Uttar Pradesh,Baghpat,SUBHASH,Independent,2460,0.24,Lost
Uttar Pradesh,Baghpat,NOTA,None of the Above,5041,0.48,Lost
Uttar Pradesh,Bahraich,AKSHAIBAR LAL,Bharatiya Janata Party,525982,53.14,Lost
Uttar Pradesh,Bahraich,SHABBIR BALMIKI,Samajwadi Party,397230,40.13,Lost
Uttar Pradesh,Bahraich,SAVITRI BAI PHULE,Indian National Congress,34454,3.48,Lost
Uttar Pradesh,Bahraich,JAGDISH KUMAR SINGH,Pragatishil Samajwadi Party (Lohia),2489,0.25,Lost
Uttar Pradesh,Bahraich,MAUJILAL,Rashtriya Jan Adhikar Party (United),1662,0.17,Lost
Uttar Pradesh,Bahraich,RAM SAGAR,Rashtriya Kranti Party,1581,0.16,Lost
Uttar Pradesh,Bahraich,RINKU SAHANI,Shivsena,2427,0.25,Lost
Uttar Pradesh,Bahraich,GUR PRASAD,Independent,2131,0.22,Lost
Uttar Pradesh,Bahraich,JANARDAN GOND,Independent,5179,0.52,Lost
Uttar Pradesh,Bahraich,SHIVNANDAN,Independent,3524,0.36,Lost
Uttar Pradesh,Bahraich,NOTA,None of the Above,13189,1.33,Lost
Uttar Pradesh,Ballia,Virendra Singh,Bharatiya Janata Party,469114,47.4,Lost
Uttar Pradesh,Ballia,Sanatan Pandey,Samajwadi Party,453595,45.83,Lost
Uttar Pradesh,Ballia,ARVIND,Bhartiya Jan Nayak Party,4025,0.41,Lost
Uttar Pradesh,Ballia,Uday Prakash,Janta Raj Party,1359,0.14,Lost
Uttar Pradesh,Ballia,GOPAL RAM KHARWAR,Gondvana Gantantra Party,4002,0.4,Lost
Uttar Pradesh,Ballia,Janmejay Kumar Prajapati,Bharatiya Samta Samaj Party,2454,0.25,Lost
Uttar Pradesh,Ballia,Vinod,Suheldev Bharatiya Samaj Party,35900,3.63,Lost
Uttar Pradesh,Ballia,Seema Chauhan,Janta Kranti Party (Rashtravadi),2453,0.25,Lost
Uttar Pradesh,Ballia,OM PRAKASH PANDEY,Independent,1775,0.18,Lost
Uttar Pradesh,Ballia,Major Ramesh Chandra Upadhyay,Independent,5440,0.55,Lost
Uttar Pradesh,Ballia,NOTA,None of the Above,9615,0.97,Lost
Uttar Pradesh,Banda,BALKUMAR PATEL,Indian National Congress,75438,7.29,Lost
Uttar Pradesh,Banda,MAHENDRA,Communist Party of India,10349,1.0,Lost
Uttar Pradesh,Banda,SHYAMA CHARAN GUPTA,Samajwadi Party,418988,40.5,Lost
Uttar Pradesh,Banda,R.K. SINGH PATEL,Bharatiya Janata Party,477926,46.2,Lost
Uttar Pradesh,Banda,CHHOTELAL,Pragatishil Samajwadi Party (Lohia),12747,1.23,Lost
Uttar Pradesh,Banda,MIRA DEVI,Swatantra Jantaraj Party,6545,0.63,Lost
Uttar Pradesh,Banda,SHIRAZ RAHAT KHAN,Ambedkar Samaj Party,7873,0.76,Lost
Uttar Pradesh,Banda,RAMPRATAP,Independent,5433,0.53,Lost
Uttar Pradesh,Banda,NOTA,None of the Above,19250,1.86,Lost
Uttar Pradesh,Bansgaon,Kamlesh Paswan,Bharatiya Janata Party,546673,56.41,Lost
Uttar Pradesh,Bansgaon,Sadal Prasad,Bahujan Samaj Party,393205,40.57,Lost
Uttar Pradesh,Bansgaon,Surendra Prasad,Pragatishil Samajwadi Party (Lohia),8717,0.9,Lost
Uttar Pradesh,Bansgaon,Lalchand Prasad,Independent,6448,0.67,Lost
Uttar Pradesh,Bansgaon,NOTA,None of the Above,14093,1.45,Lost
Uttar Pradesh,Barabanki,Upendra Singh Rawat,Bharatiya Janata Party,535917,46.39,Lost
Uttar Pradesh,Barabanki,Tanuj Punia,Indian National Congress,159611,13.82,Lost
Uttar Pradesh,Barabanki,Ram Sagar Rawat,Samajwadi Party,425777,36.85,Lost
Uttar Pradesh,Barabanki,Asha Devi,Lok Dal,5762,0.5,Lost
Uttar Pradesh,Barabanki,Om kar,Bahujan Mukti Party,1371,0.12,Lost
Uttar Pradesh,Barabanki,Kalpana Rawat,Bharat Prabhat Party,1049,0.09,Lost
Uttar Pradesh,Barabanki,Tarawati,Awami Samta Party,1921,0.17,Lost
Uttar Pradesh,Barabanki,Fool Dulari,Samdarshi Samaj Party,1624,0.14,Lost
Uttar Pradesh,Barabanki,Vinod Kumar,Aam Janta Party (India),1622,0.14,Lost
Uttar Pradesh,Barabanki,Santosh Kumari,Dr. Bhimrao Ambedkar Dal,1549,0.13,Lost
Uttar Pradesh,Barabanki,Kishan Lal,Independent,2289,0.2,Lost
Uttar Pradesh,Barabanki,Molhey Ram Rawat,Independent,4381,0.38,Lost
Uttar Pradesh,Barabanki,Manju Devi,Independent,3683,0.32,Lost
Uttar Pradesh,Barabanki,NOTA,None of the Above,8785,0.76,Lost
Uttar Pradesh,Bareilly,PRAVEEN SINGH ARON,Indian National Congress,74206,6.95,Lost
Uttar Pradesh,Bareilly,BHAGWAT SARAN GANGWAR,Samajwadi Party,397988,37.25,Lost
Uttar Pradesh,Bareilly,SATISH KUMAR,Communist Party of India,7519,0.7,Lost
Uttar Pradesh,Bareilly,SANTOSH KUMAR GANGWAR,Bharatiya Janata Party,565270,52.91,Lost
Uttar Pradesh,Bareilly,JAGPAL SINGH YADAV,Akhand Samaj Party,2655,0.25,Lost
Uttar Pradesh,Bareilly,MANOJ VIKAT,Bahujan Nyay Dal,681,0.06,Lost
Uttar Pradesh,Bareilly,YATENDRA SINGH,Bahujan Samyak Party (Mission),501,0.05,Lost
Uttar Pradesh,Bareilly,RAHEESH MIYA,VANCHITSAMAJ INSAAF PARTY,645,0.06,Lost
Uttar Pradesh,Bareilly,RABIYA AKHTAR,Khusro Sena Party,687,0.06,Lost
Uttar Pradesh,Bareilly,LAEEK AHMAD MANSOORI,Naitik Party,851,0.08,Lost
Uttar Pradesh,Bareilly,SAMAN TAHIR,Pragatishil Samajwadi Party (Lohia),2488,0.23,Lost
Uttar Pradesh,Bareilly,USHA AGARWAL,Independent,1072,0.1,Lost
Uttar Pradesh,Bareilly,ZAVED KHAN,Independent,2789,0.26,Lost
Uttar Pradesh,Bareilly,NITIN MOHAN,Independent,1193,0.11,Lost
Uttar Pradesh,Bareilly,RAKESH AGARWAL ADVOCATE,Independent,1986,0.19,Lost
Uttar Pradesh,Bareilly,SYED RASHID ALI CHAMAN,Independent,3987,0.37,Lost
Uttar Pradesh,Bareilly,NOTA,None of the Above,3824,0.36,Lost
Uttar Pradesh,Basti,RAJ KISHOR SINGH,Indian National Congress,86920,8.24,Lost
Uttar Pradesh,Basti,RAM PRASAD CHAUDHARY,Bahujan Samaj Party,440808,41.8,Lost
Uttar Pradesh,Basti,HARISH CHANDRA ALIAS HARISH DWIVEDI,Bharatiya Janata Party,471162,44.68,Lost
Uttar Pradesh,Basti,PANKAJ DUBEY,Lok Gathbandhan Party,7345,0.7,Lost
Uttar Pradesh,Basti,PRAMOD SHUKLA,"Rashtrawadi Party of India,",2680,0.25,Lost
Uttar Pradesh,Basti,RAM PRASAD CHAURASIYA,Janhit Kisan Party,3737,0.35,Lost
Uttar Pradesh,Basti,ROHIT KUMAR PATHAK,Hindusthan Nirman Dal,3182,0.3,Lost
Uttar Pradesh,Basti,VINOD KUMAR RAJBHAR,Suheldev Bharatiya Samaj Party,11971,1.14,Lost
Uttar Pradesh,Basti,CHANDRA MANI PANDEY,Independent,3170,0.3,Lost
Uttar Pradesh,Basti,BHAGWANDAS,Independent,5590,0.53,Lost
Uttar Pradesh,Basti,RANGI LAL YADAV,Independent,7639,0.72,Lost
Uttar Pradesh,Basti,NOTA,None of the Above,10335,0.98,Lost
Uttar Pradesh,Bhadohi,Akhilesh,Nationalist Congress Party,4570,0.44,Lost
Uttar Pradesh,Bhadohi,RAMAKANT,Indian National Congress,25604,2.46,Lost
Uttar Pradesh,Bhadohi,RAMESH CHAND,Bharatiya Janata Party,510029,49.07,Lost
Uttar Pradesh,Bhadohi,RANGNATH MISHRA,Bahujan Samaj Party,466414,44.87,Lost
Uttar Pradesh,Bhadohi,Dr Rajesh Kumar Verma,Peoples Party of India (Democratic),4648,0.45,Lost
Uttar Pradesh,Bhadohi,VINOD,Hindusthan Nirman Dal,1943,0.19,Lost
Uttar Pradesh,Bhadohi,KULDEEP,Independent,1646,0.16,Lost
Uttar Pradesh,Bhadohi,RAM SAKHA,Independent,1764,0.17,Lost
Uttar Pradesh,Bhadohi,Satish Bahadur,Independent,1819,0.18,Lost
Uttar Pradesh,Bhadohi,SUSHIL,Independent,4052,0.39,Lost
Uttar Pradesh,Bhadohi,SAIYYAD MOHAMMAD ARIF,Independent,5050,0.49,Lost
Uttar Pradesh,Bhadohi,SANTLAL,Independent,2764,0.27,Lost
Uttar Pradesh,Bhadohi,NOTA,None of the Above,9087,0.87,Lost
Uttar Pradesh,Bijnor,NASIMUDDIN SIDDIQUI,Indian National Congress,25833,2.35,Lost
Uttar Pradesh,Bijnor,RAJA BHARATENDRA SINGH,Bharatiya Janata Party,491104,44.61,Lost
Uttar Pradesh,Bijnor,MALOOK NAGAR,Bahujan Samaj Party,561045,50.97,Lost
Uttar Pradesh,Bijnor,ILAMSINGH,Pragatishil Samajwadi Party (Lohia),3979,0.36,Lost
Uttar Pradesh,Bijnor,ANSH CHAITANYA MAHARAJ,Hindusthan Nirman Dal,1162,0.11,Lost
Uttar Pradesh,Bijnor,PARVEZ AKIL,All India Minorities Front,629,0.06,Lost
Uttar Pradesh,Bijnor,BABLOO RAM,Bharatiya Sarvodaya Kranti Party,829,0.08,Lost
Uttar Pradesh,Bijnor,MANGERAM,Peoples Party of India (Democratic),843,0.08,Lost
Uttar Pradesh,Bijnor,MUKESH KUMAR,All India Forward Bloc,2817,0.26,Lost
Uttar Pradesh,Bijnor,RAJIV CHOUDHARY,Bhartiya Kisan Party,1085,0.1,Lost
Uttar Pradesh,Bijnor,SONU,Jansatta Party,1535,0.14,Lost
Uttar Pradesh,Bijnor,MOHD. ZAHID,Independent,3238,0.29,Lost
Uttar Pradesh,Bijnor,MAHAK SINGH,Independent,2260,0.21,Lost
Uttar Pradesh,Bijnor,NOTA,None of the Above,4404,0.4,Lost
Uttar Pradesh,Bulandshahr,BANSHI SINGH,Indian National Congress,29465,2.62,Lost
Uttar Pradesh,Bulandshahr,BHOLA SINGH,Bharatiya Janata Party,681321,60.64,Lost
Uttar Pradesh,Bulandshahr,YOGESH VERMA,Bahujan Samaj Party,391264,34.82,Lost
Uttar Pradesh,Bulandshahr,PRAMOD KUMAR,Rashtriya Samaj Paksha,3664,0.33,Lost
Uttar Pradesh,Bulandshahr,REENA DEVI,National Bhrashtachar Mukt Party,1453,0.13,Lost
Uttar Pradesh,Bulandshahr,VINAY KUMAR SINGH,Aapki Apni Party (Peoples),917,0.08,Lost
Uttar Pradesh,Bulandshahr,SATISH,Bharatiya Bahujan Parivartan Party,1268,0.11,Lost
Uttar Pradesh,Bulandshahr,MANOJ KUMAR SINGH,Independent,3388,0.3,Lost
Uttar Pradesh,Bulandshahr,RADHIKA DEVI,Independent,5170,0.46,Lost
Uttar Pradesh,Bulandshahr,NOTA,None of the Above,5719,0.51,Lost
Uttar Pradesh,Chandauli,Dr. Mahendra Nath Pandey,Bharatiya Janata Party,510733,47.07,Lost
Uttar Pradesh,Chandauli,Sanjay Singh Chauhan,Samajwadi Party,496774,45.79,Lost
Uttar Pradesh,Chandauli,Arjun Pandey,Atulya Bharat Party,4096,0.38,Lost
Uttar Pradesh,Chandauli,Krishna Pratap Singh,Samagra Utthan Party,2744,0.25,Lost
Uttar Pradesh,Chandauli,Jangbahadur,Bhartiya Manav Samaj Party,1172,0.11,Lost
Uttar Pradesh,Chandauli,Byasmuni,Kanshiram Bahujan Dal,838,0.08,Lost
Uttar Pradesh,Chandauli,Mahendra Pratap Singh,Al-Hind Party,1127,0.1,Lost
Uttar Pradesh,Chandauli,Mahender Yadav,Pragatisheel Manav Samaj Party,4225,0.39,Lost
Uttar Pradesh,Chandauli,Rajesh Vishwakarma,Moulik Adhikar Party,3081,0.28,Lost
Uttar Pradesh,Chandauli,Ramgovind,Suheldev Bharatiya Samaj Party,18985,1.75,Lost
Uttar Pradesh,Chandauli,Shivkanya Kushwaha,Jan Adhikar Party,22291,2.05,Lost
Uttar Pradesh,Chandauli,Shivratri,Prithviraj Janshakti Party,2261,0.21,Lost
Uttar Pradesh,Chandauli,Liyakat Ali,Independent,5416,0.5,Lost
Uttar Pradesh,Chandauli,NOTA,None of the Above,11218,1.03,Lost
Uttar Pradesh,Deoria,NIYAZ AHMED,Indian National Congress,51056,5.03,Lost
Uttar Pradesh,Deoria,BINOD KUMAR JAISWAL,Bahujan Samaj Party,330713,32.57,Lost
Uttar Pradesh,Deoria,RAMAPATI RAM TRIPATHI,Bharatiya Janata Party,580644,57.19,Lost
Uttar Pradesh,Deoria,ISRAR AHAMAD,Bharatiya Aavaam Ekta Party,8164,0.8,Lost
Uttar Pradesh,Deoria,ONKAR SINGH,Samajwadi Samaj Party,2417,0.24,Lost
Uttar Pradesh,Deoria,CHANDAN KUMAR YADAV,Rashtriya Ulama Council,3305,0.33,Lost
Uttar Pradesh,Deoria,JITENDRA,Suheldev Bharatiya Samaj Party,4868,0.48,Lost
Uttar Pradesh,Deoria,BIRJA,Peace Party,3209,0.32,Lost
Uttar Pradesh,Deoria,MANOJ KUMAR MISHRA,Manuvadi Party,3962,0.39,Lost
Uttar Pradesh,Deoria,BRIJENDRA MANI TRIPATHI,Independent,5702,0.56,Lost
Uttar Pradesh,Deoria,RAMASHISH RAI,Independent,7902,0.78,Lost
Uttar Pradesh,Deoria,NOTA,None of the Above,13421,1.32,Lost
Uttar Pradesh,Dhaurahra,ARSHAD ILIYAS SIDDIQUI,Bahujan Samaj Party,352294,33.12,Lost
Uttar Pradesh,Dhaurahra,KUNWAR JITIN PRASADA,Indian National Congress,162856,15.31,Lost
Uttar Pradesh,Dhaurahra,REKHA VERMA,Bharatiya Janata Party,512905,48.21,Lost
Uttar Pradesh,Dhaurahra,ANIL KUMAR ' RAJVANSHI',Bahujan Awam Party,9288,0.87,Lost
Uttar Pradesh,Dhaurahra,BALJEET KAUR,Hindusthan Nirman Dal,3166,0.3,Lost
Uttar Pradesh,Dhaurahra,MALKHAN SINGH RAJPOOT,Pragatishil Samajwadi Party (Lohia),4288,0.4,Lost
Uttar Pradesh,Dhaurahra,MUKESH KUMAR,Shivsena,3556,0.33,Lost
Uttar Pradesh,Dhaurahra,REETU VERMA 'DIDI',Independent,4689,0.44,Lost
Uttar Pradesh,Dhaurahra,NOTA,None of the Above,10798,1.02,Lost
Uttar Pradesh,Domariyaganj,AFTAB ALAM,Bahujan Samaj Party,386932,39.27,Lost
Uttar Pradesh,Domariyaganj,CHANDRASH ALIAS CHANDRESH KUMAR UPADHYAY,Indian National Congress,60549,6.15,Lost
Uttar Pradesh,Domariyaganj,JAGDAMBIKA PAL,Bharatiya Janata Party,492253,49.96,Lost
Uttar Pradesh,Domariyaganj,ARJUN SINGH LODHI,Bahujan Mukti Party,8265,0.84,Lost
Uttar Pradesh,Domariyaganj,KESHARI NANDAN,Sabka Dal United,3066,0.31,Lost
Uttar Pradesh,Domariyaganj,KESHAV RAJBHAR,Suheldev Bharatiya Samaj Party,3809,0.39,Lost
Uttar Pradesh,Domariyaganj,BRIJESH KUMAR,Janhit Kisan Party,4097,0.42,Lost
Uttar Pradesh,Domariyaganj,MOHAMMAD IRFAN,Peace Party,5765,0.59,Lost
Uttar Pradesh,Domariyaganj,SANJAY KUMAR CHAUHAN,Nagrik Ekta Party,5030,0.51,Lost
Uttar Pradesh,Domariyaganj,SHARWAN KUMAR,Independent,3746,0.38,Lost
Uttar Pradesh,Domariyaganj,NOTA,None of the Above,11757,1.19,Lost
Uttar Pradesh,Etah,Ku. Devendra Singh Yadav,Samajwadi Party,422678,42.28,Lost
Uttar Pradesh,Etah,Rajveer Singh (Raju Bhaiya),Bharatiya Janata Party,545348,54.56,Lost
Uttar Pradesh,Etah,Atar Singh,Rashtriya Shoshit Samaj Party,5110,0.51,Lost
Uttar Pradesh,Etah,Anuj Kumar,Subhashwadi Bhartiya Samajwadi Party (Subhas Party),838,0.08,Lost
Uttar Pradesh,Etah,Anand Prakash Singh Rajput,Rashtriya Backward Party,584,0.06,Lost
Uttar Pradesh,Etah,Naresh Chandra,Bhartiya Shakti Chetna Party,482,0.05,Lost
Uttar Pradesh,Etah,Bharat Singh,Rashtriya Kranti Party,666,0.07,Lost
Uttar Pradesh,Etah,Rashmi Yadav,Pragatishil Samajwadi Party (Lohia),1470,0.15,Lost
Uttar Pradesh,Etah,Suraj Singh,Jan Adhikar Party,5126,0.51,Lost
Uttar Pradesh,Etah,Ashok Kumar,Independent,542,0.05,Lost
Uttar Pradesh,Etah,Indrapal,Independent,712,0.07,Lost
Uttar Pradesh,Etah,Parvati Nandan,Independent,1858,0.19,Lost
Uttar Pradesh,Etah,Satendra Kumar Panda,Independent,1577,0.16,Lost
Uttar Pradesh,Etah,Hari Om,Independent,6339,0.63,Lost
Uttar Pradesh,Etah,NOTA,None of the Above,6277,0.63,Lost
Uttar Pradesh,Etawah,ASHOK KUMAR DOHARE,Indian National Congress,16570,1.61,Lost
Uttar Pradesh,Etawah,KAMLESH KUMAR,Samajwadi Party,457682,44.53,Lost
Uttar Pradesh,Etawah,Dr RAM SHANKAR KATHERIA,Bharatiya Janata Party,522119,50.8,Lost
Uttar Pradesh,Etawah,AKSHASH KRISHNA,Pichhra Samaj Party,4073,0.4,Lost
Uttar Pradesh,Etawah,AJAY KUMAR,Bhartiya Jan Nayak Party,855,0.08,Lost
Uttar Pradesh,Etawah,ARUN KUMAR,Jan Samman party,840,0.08,Lost
Uttar Pradesh,Etawah,ARTI DEVI,Mahasankalp Janta Party,1493,0.15,Lost
Uttar Pradesh,Etawah,LALTA PRASAD,Voters Party International,1266,0.12,Lost
Uttar Pradesh,Etawah,SHAMBHU DAYAL DOHARE,Pragatishil Samajwadi Party (Lohia),8675,0.84,Lost
Uttar Pradesh,Etawah,SITA,Bhartiya Shakti Chetna Party,1154,0.11,Lost
Uttar Pradesh,Etawah,DALVEER SINGH,Independent,2112,0.21,Lost
Uttar Pradesh,Etawah,POOJA,Independent,2508,0.24,Lost
Uttar Pradesh,Etawah,SANJAY KUMAR,Independent,2858,0.28,Lost
Uttar Pradesh,Etawah,NOTA,None of the Above,5610,0.55,Lost
Uttar Pradesh,Faizabad,ANAND SEN,Samajwadi Party,463544,42.64,Lost
Uttar Pradesh,Faizabad,NIRMAL KHATRI,Indian National Congress,53386,4.91,Lost
Uttar Pradesh,Faizabad,LALLU SINGH,Bharatiya Janata Party,529021,48.66,Lost
Uttar Pradesh,Faizabad,ASHA DEVI,Lok Dal,6674,0.61,Lost
Uttar Pradesh,Faizabad,KANCHAN YADAV,Moulik Adhikar Party,2768,0.25,Lost
Uttar Pradesh,Faizabad,MAHESH TIWARI,Shivsena,1245,0.11,Lost
Uttar Pradesh,Faizabad,VIJAY SHANKAR PANDEY,Lok Gathbandhan Party,2056,0.19,Lost
Uttar Pradesh,Faizabad,SHER AFGAN,Bharat Prabhat Party,1337,0.12,Lost
Uttar Pradesh,Faizabad,KAMLESH TIWARI,Independent,2739,0.25,Lost
Uttar Pradesh,Faizabad,MANOJ KUMAR MISHRA,Independent,1822,0.17,Lost
Uttar Pradesh,Faizabad,RAJBAHADUR URF RAJAN PANDEY,Independent,7347,0.68,Lost
Uttar Pradesh,Faizabad,LAL MANI TRIPATHI (BHAI SAHAB),Independent,3302,0.3,Lost
Uttar Pradesh,Faizabad,SHARAD KUMAR,Independent,2492,0.23,Lost
Uttar Pradesh,Faizabad,NOTA,None of the Above,9388,0.86,Lost
Uttar Pradesh,Farrukhabad,Manoj Agarwal,Bahujan Samaj Party,348178,34.72,Lost
Uttar Pradesh,Farrukhabad,Mukesh Rajput,Bharatiya Janata Party,569880,56.82,Lost
Uttar Pradesh,Farrukhabad,Salman Khurshid,Indian National Congress,55258,5.51,Lost
Uttar Pradesh,Farrukhabad,Uday pal Singh,Pragatishil Samajwadi Party (Lohia),9701,0.97,Lost
Uttar Pradesh,Farrukhabad,Luxman,Shivsena,1893,0.19,Lost
Uttar Pradesh,Farrukhabad,Vipin Kumar Mishra,Bhartiya Shakti Chetna Party,1312,0.13,Lost
Uttar Pradesh,Farrukhabad,Shri Krishna,Mazdoor Dalit Kisaan Mahila Gareeb Party (Hindustani),1669,0.17,Lost
Uttar Pradesh,Farrukhabad,Rahul Kumar,Independent,3662,0.37,Lost
Uttar Pradesh,Farrukhabad,Sanjay Kumar,Independent,3963,0.4,Lost
Uttar Pradesh,Farrukhabad,NOTA,None of the Above,7437,0.74,Lost
Uttar Pradesh,Fatehpur,NIRANJAN JYOTI,Bharatiya Janata Party,566040,54.24,Lost
Uttar Pradesh,Fatehpur,RAKESH SACHAN,Indian National Congress,66077,6.33,Lost
Uttar Pradesh,Fatehpur,SUKHDEV PRASAD VERMA,Bahujan Samaj Party,367835,35.24,Lost
Uttar Pradesh,Fatehpur,ASHOK KUMAR MISHRA,Janhit Bharat Party,5278,0.51,Lost
Uttar Pradesh,Fatehpur,MAHESH CHANDRA SAHU,Pragatishil Samajwadi Party (Lohia),2718,0.26,Lost
Uttar Pradesh,Fatehpur,RAJKUMAR LODHI,Vikas Insaf Party,2457,0.24,Lost
Uttar Pradesh,Fatehpur,RAMKUMAR,Peoples Party of India (Democratic),2780,0.27,Lost
Uttar Pradesh,Fatehpur,KAMTA PRASAD,Independent,3796,0.36,Lost
Uttar Pradesh,Fatehpur,JUBER AHMAD,Independent,4906,0.47,Lost
Uttar Pradesh,Fatehpur,BENI PRASAD,Independent,7076,0.68,Lost
Uttar Pradesh,Fatehpur,NOTA,None of the Above,14692,1.41,Lost
Uttar Pradesh,Fatehpur Sikri,RAJKUMAR CHAHAR,Bharatiya Janata Party,667147,64.32,Lost
Uttar Pradesh,Fatehpur Sikri,RAJ BABBAR,Indian National Congress,172082,16.59,Lost
Uttar Pradesh,Fatehpur Sikri,SHREEBHAGWAN SHARMA,Bahujan Samaj Party,168043,16.2,Lost
Uttar Pradesh,Fatehpur Sikri,NAWAB GUL CHAMAN SHERWANI,VANCHITSAMAJ INSAAF PARTY,2199,0.21,Lost
Uttar Pradesh,Fatehpur Sikri,MANISHA SINGH,Pragatishil Samajwadi Party (Lohia),1040,0.1,Lost
Uttar Pradesh,Fatehpur Sikri,VIJAY SINGH DHANGAR,Rashtriya Shoshit Samaj Party,1808,0.17,Lost
Uttar Pradesh,Fatehpur Sikri,SATYENDRA BAGHEL,Aam Janta Party (India),965,0.09,Lost
Uttar Pradesh,Fatehpur Sikri,SARVESH KUMAR,Bharatiya Majdoor Janta Party,822,0.08,Lost
Uttar Pradesh,Fatehpur Sikri,SADAB NOOR,Adarsh Samaj Party,621,0.06,Lost
Uttar Pradesh,Fatehpur Sikri,ANIL KUMAR KUSHWAHA,Independent,1443,0.14,Lost
Uttar Pradesh,Fatehpur Sikri,ARTI SHARMA,Independent,994,0.1,Lost
Uttar Pradesh,Fatehpur Sikri,PASTAR THOMSAN MASSY,Independent,1103,0.11,Lost
Uttar Pradesh,Fatehpur Sikri,NARESH KUMAR,Independent,1581,0.15,Lost
Uttar Pradesh,Fatehpur Sikri,PURUSHOTTAM DAS (FAUZI BHAI),Independent,3429,0.33,Lost
Uttar Pradesh,Fatehpur Sikri,RAM BAHORI,Independent,3182,0.31,Lost
Uttar Pradesh,Fatehpur Sikri,NOTA,None of the Above,10692,1.03,Lost
Uttar Pradesh,Firozabad,Akshay Yadav,Samajwadi Party,467038,43.41,Lost
Uttar Pradesh,Firozabad,Dr. Chandra Sen Jadon,Bharatiya Janata Party,495819,46.09,Lost
Uttar Pradesh,Firozabad,Upendra Singh Rajput,Bharatiya Kisan Parivartan Party,9503,0.88,Lost
Uttar Pradesh,Firozabad,Shivpal Singh Yadav,Pragatishil Samajwadi Party (Lohia),91869,8.54,Lost
Uttar Pradesh,Firozabad,Chaudhary Basheer,Independent,2545,0.24,Lost
Uttar Pradesh,Firozabad,Rajveer,Independent,2416,0.22,Lost
Uttar Pradesh,Firozabad,NOTA,None of the Above,6676,0.62,Lost
Uttar Pradesh,Gautam Buddha Nagar,Dr. ARVIND KUMAR SINGH,Indian National Congress,42077,3.02,Lost
Uttar Pradesh,Gautam Buddha Nagar,Dr. MAHESH SHARMA,Bharatiya Janata Party,830812,59.64,Lost
Uttar Pradesh,Gautam Buddha Nagar,SATVEER,Bahujan Samaj Party,493890,35.46,Lost
Uttar Pradesh,Gautam Buddha Nagar,JAGDEEP SINGH,Loktantrik Janshakti Party,2725,0.2,Lost
Uttar Pradesh,Gautam Buddha Nagar,JITENDRA SINGH,Pragatishil Samajwadi Party (Lohia),1862,0.13,Lost
Uttar Pradesh,Gautam Buddha Nagar,DAYARAM,Aapki Apni Party (Peoples),545,0.04,Lost
Uttar Pradesh,Gautam Buddha Nagar,RAGHUVENDRA KUMAR,Subhashwadi Bhartiya Samajwadi Party (Subhas Party),631,0.05,Lost
Uttar Pradesh,Gautam Buddha Nagar,RAM PAL,Rashtriya Samaj Paksha,1294,0.09,Lost
Uttar Pradesh,Gautam Buddha Nagar,VINOD KUMAR NAGAR,Rashtriya Bharatiya Jan Jan Party,1366,0.1,Lost
Uttar Pradesh,Gautam Buddha Nagar,VINOD SHARMA,All Indian Rajiv Congress Party,1282,0.09,Lost
Uttar Pradesh,Gautam Buddha Nagar,SHERSINGH UPADHAYA,Rashtriya Janta Party,1264,0.09,Lost
Uttar Pradesh,Gautam Buddha Nagar,ASHOK KUMAR ADHANA,Independent,3939,0.28,Lost
Uttar Pradesh,Gautam Buddha Nagar,RODASH GUPTA,Independent,2894,0.21,Lost
Uttar Pradesh,Gautam Buddha Nagar,NOTA,None of the Above,8371,0.6,Lost
Uttar Pradesh,Ghaziabad,Dolly Sharma,Indian National Congress,111944,7.34,Lost
Uttar Pradesh,Ghaziabad,Vijay Kumar Singh,Bharatiya Janata Party,944503,61.96,Lost
Uttar Pradesh,Ghaziabad,Suresh Bansal,Samajwadi Party,443003,29.06,Lost
Uttar Pradesh,Ghaziabad,Ashok Sharma,Subhashwadi Bhartiya Samajwadi Party (Subhas Party),2450,0.16,Lost
Uttar Pradesh,Ghaziabad,Divya Yog Maya Saraswati,Rashtriya Bharatiya Jan Jan Party,925,0.06,Lost
Uttar Pradesh,Ghaziabad,Nagendra Kumar,Shivsena,714,0.05,Lost
Uttar Pradesh,Ghaziabad,Mohan Lal,Republican Party of India (A),1150,0.08,Lost
Uttar Pradesh,Ghaziabad,Rakesh Suri,Right to Recall Party,709,0.05,Lost
Uttar Pradesh,Ghaziabad,Mohd. Salim Ahmed,Sabse Achchhi Party,804,0.05,Lost
Uttar Pradesh,Ghaziabad,Sunil Nair,Rashtriya Lok Sarvadhikar Party,3944,0.26,Lost
Uttar Pradesh,Ghaziabad,Sewa Ram Kasana,Pragatishil Samajwadi Party (Lohia),4380,0.29,Lost
Uttar Pradesh,Ghaziabad,Amit Sharma,Independent,2435,0.16,Lost
Uttar Pradesh,Ghaziabad,NOTA,None of the Above,7495,0.49,Lost
Uttar Pradesh,Ghazipur,AJIT PRATAP KUSHAWAHA,Indian National Congress,19834,1.79,Lost
Uttar Pradesh,Ghazipur,AFZAL ANSARI,Bahujan Samaj Party,566082,51.2,Lost
Uttar Pradesh,Ghazipur,BHANU PRAKASH PANDEY,Communist Party of India,7844,0.71,Lost
Uttar Pradesh,Ghazipur,MANOJ SINHA,Bharatiya Janata Party,446690,40.4,Lost
Uttar Pradesh,Ghazipur,ISHWARI PRASAD KUSHWAHA,Communist Party of India (Marxist-Leninist) (Liberation),4946,0.45,Lost
Uttar Pradesh,Ghazipur,BRIJENDRA KUMAR VERMA,Kisan Mazdoor Sangharsh Party,1019,0.09,Lost
Uttar Pradesh,Ghazipur,BHARAT,Janta Raj Party,949,0.09,Lost
Uttar Pradesh,Ghazipur,RAJESH KUMAR YADAV,Pragatisheel Manav Samaj Party,1822,0.16,Lost
Uttar Pradesh,Ghazipur,Dr. RAJESH KUMAR SINGH,Bhartiya Jan Nayak Party,1232,0.11,Lost
Uttar Pradesh,Ghazipur,RAMJI,Suheldev Bharatiya Samaj Party,33877,3.06,Lost
Uttar Pradesh,Ghazipur,RAMPRAVESH SHARMA ALIAS RINKOO,Moulik Adhikar Party,3392,0.31,Lost
Uttar Pradesh,Ghazipur,VED PRAKASH,Nationalist Janshakti Party,2400,0.22,Lost
Uttar Pradesh,Ghazipur,SANTOSH KUMAR YADAV,Pragatishil Samajwadi Party (Lohia),2448,0.22,Lost
Uttar Pradesh,Ghazipur,HRIDAYA NARAYAN SINGH,Independent,6221,0.56,Lost
Uttar Pradesh,Ghazipur,NOTA,None of the Above,6871,0.62,Lost
Uttar Pradesh,Ghosi,ATUL KUMAR SINGH,Communist Party of India,14644,1.28,Lost
Uttar Pradesh,Ghosi,ATUL KUMAR SINGH,Bahujan Samaj Party,573829,50.3,Lost
Uttar Pradesh,Ghosi,BALKRISHNA,Indian National Congress,23812,2.09,Lost
Uttar Pradesh,Ghosi,HARINARAYAN,Bharatiya Janata Party,451261,39.56,Lost
Uttar Pradesh,Ghosi,ABUSHAD,Akhand Samaj Party,4914,0.43,Lost
Uttar Pradesh,Ghosi,KISHAN LAL,Rashtriya Krantikari Samajwadi Party,3535,0.31,Lost
Uttar Pradesh,Ghosi,GEETA,Ambedkar Samaj Party,1367,0.12,Lost
Uttar Pradesh,Ghosi,PARAS,Rashtriya Jantantrik Bharat Vikas Party,1600,0.14,Lost
Uttar Pradesh,Ghosi,MAHENDRA,Suheldev Bharatiya Samaj Party,39860,3.49,Lost
Uttar Pradesh,Ghosi,SHEFKAT TAKI,Peace Party,3960,0.35,Lost
Uttar Pradesh,Ghosi,PRAVEEN KUMAR SINGH,Independent,1230,0.11,Lost
Uttar Pradesh,Ghosi,RAJESH,Independent,3661,0.32,Lost
Uttar Pradesh,Ghosi,SURYA KUMAR,Independent,2159,0.19,Lost
Uttar Pradesh,Ghosi,SURJEET KUMAR,Independent,2886,0.25,Lost
Uttar Pradesh,Ghosi,SANTOSH,Independent,6739,0.59,Lost
Uttar Pradesh,Ghosi,NOTA,None of the Above,5324,0.47,Lost
Uttar Pradesh,Gonda,KIRTI VARDHAN SINGH ALIAS RAJA BHAIYA,Bharatiya Janata Party,508190,55.01,Lost
Uttar Pradesh,Gonda,SMT KRISHNA PATEL,Indian National Congress,25686,2.78,Lost
Uttar Pradesh,Gonda,VINOD KUMAR ALIAS PANDIT SINGH,Samajwadi Party,341830,37.0,Lost
Uttar Pradesh,Gonda,ASMAN DATT MISHRA,Bharat Prabhat Party,3734,0.4,Lost
Uttar Pradesh,Gonda,"QUTUBUDDIN KHAN ""DIMOND""",Pragatishil Samajwadi Party (Lohia),6212,0.67,Lost
Uttar Pradesh,Gonda,MOHD. JAVED ANSARI,"Vishwa Manav Samaj Kalyan Parishad,",1529,0.17,Lost
Uttar Pradesh,Gonda,DHANI RAM CHAUDHRI,Rashtriya Jansambhavna Party,3540,0.38,Lost
Uttar Pradesh,Gonda,PEER ALI KHAN,Kisan Mazdoor Sangharsh Party,1936,0.21,Lost
Uttar Pradesh,Gonda,MUBARAK ALI,All India Forward Bloc,2830,0.31,Lost
Uttar Pradesh,Gonda,RADHEY SHYAM ALIAS PAPPU RAJBHAR,Suheldev Bharatiya Samaj Party,3856,0.42,Lost
Uttar Pradesh,Gonda,HAFIZ ALI,Peace Party,2104,0.23,Lost
Uttar Pradesh,Gonda,MO. ARBI,Independent,2568,0.28,Lost
Uttar Pradesh,Gonda,NARENDRA SINGH,Independent,3265,0.35,Lost
Uttar Pradesh,Gonda,MAHESH SINGH,Independent,5475,0.59,Lost
Uttar Pradesh,Gonda,VINOD KUMAR SINGH,Independent,2643,0.29,Lost
Uttar Pradesh,Gonda,NOTA,None of the Above,8418,0.91,Lost
Uttar Pradesh,Gorakhpur,Dr. Ashish Kumar Singh,Communist Party of India,8172,0.69,Lost
Uttar Pradesh,Gorakhpur,Madhusudan Tripathi,Indian National Congress,22972,1.94,Lost
Uttar Pradesh,Gorakhpur,Ravindra Shyamnarayan Shukla alias Ravi Kishan,Bharatiya Janata Party,717122,60.54,Lost
Uttar Pradesh,Gorakhpur,Rambhual Nishad,Samajwadi Party,415458,35.07,Lost
Uttar Pradesh,Gorakhpur,Abhishek Chand,Suheldev Bharatiya Samaj Party,4319,0.36,Lost
Uttar Pradesh,Gorakhpur,Awadhesh Kumar Singh,Shane Hind Fourm,1306,0.11,Lost
Uttar Pradesh,Gorakhpur,Jai Prakash Mishra,"Rashtrawadi Party of India,",1336,0.11,Lost
Uttar Pradesh,Gorakhpur,Jitendra Kumar,Jwala Dal,1572,0.13,Lost
Uttar Pradesh,Gorakhpur,Shyamnarayan Yadav,Pragatishil Samajwadi Party (Lohia),2708,0.23,Lost
Uttar Pradesh,Gorakhpur,Subhash Chandra Dubey,Socialist Party (India),1982,0.17,Lost
Uttar Pradesh,Gorakhpur,NOTA,None of the Above,7688,0.65,Lost
Uttar Pradesh,Hamirpur,DILIP KUMAR SINGH,Bahujan Samaj Party,326470,29.96,Lost
Uttar Pradesh,Hamirpur,KUNWAR PUSHPENDRA SINGH CHANDEL,Bharatiya Janata Party,575122,52.77,Lost
Uttar Pradesh,Hamirpur,PRITAM SINGH LODHI KISAAN,Indian National Congress,114534,10.51,Lost
Uttar Pradesh,Hamirpur,ARVIND KUMAR PRAJAPATI,Pragatishil Samajwadi Party (Lohia),4251,0.39,Lost
Uttar Pradesh,Hamirpur,ER. KEDARNATH VISHWAKARMA,Bahujan Mukti Party,2851,0.26,Lost
Uttar Pradesh,Hamirpur,SHRIRAM SINGH GAUR,Bhartiya Shakti Chetna Party,2835,0.26,Lost
Uttar Pradesh,Hamirpur,SURESH CHANDRA RAJPUT,Rashtriya Kranti Party,1983,0.18,Lost
Uttar Pradesh,Hamirpur,KAMLESH KUMAR,Independent,2444,0.22,Lost
Uttar Pradesh,Hamirpur,KAMTA PRASAD PRAJAPATI,Independent,2697,0.25,Lost
Uttar Pradesh,Hamirpur,MADHURAJ,Independent,2306,0.21,Lost
Uttar Pradesh,Hamirpur,RAJESH,Independent,4917,0.45,Lost
Uttar Pradesh,Hamirpur,RAM GOPAL,Independent,4206,0.39,Lost
Uttar Pradesh,Hamirpur,SARJOOLAL,Independent,5206,0.48,Lost
Uttar Pradesh,Hamirpur,SANJAY KUMAR SAHU,Independent,24801,2.28,Lost
Uttar Pradesh,Hamirpur,NOTA,None of the Above,15155,1.39,Lost
Uttar Pradesh,Hardoi,Usha Verma,Samajwadi Party,435669,41.2,Lost
Uttar Pradesh,Hardoi,Jai Prakash,Bharatiya Janata Party,568143,53.72,Lost
Uttar Pradesh,Hardoi,Virendra Kumar,Indian National Congress,19972,1.89,Lost
Uttar Pradesh,Hardoi,Mahendra Pal Verma,Bahujan Awam Party,2253,0.21,Lost
Uttar Pradesh,Hardoi,Ram Chandra,Bhartiya Krishak Dal,1130,0.11,Lost
Uttar Pradesh,Hardoi,Sahab Singh,Peoples Party of India (Democratic),1197,0.11,Lost
Uttar Pradesh,Hardoi,Sanjay Bharatiya,Pragatishil Samajwadi Party (Lohia),1802,0.17,Lost
Uttar Pradesh,Hardoi,Avdhesh Kumar,Independent,1373,0.13,Lost
Uttar Pradesh,Hardoi,Chotte Lal,Independent,2041,0.19,Lost
Uttar Pradesh,Hardoi,Bhaiya Lal,Independent,7911,0.75,Lost
Uttar Pradesh,Hardoi,Shive Kumar,Independent,5043,0.48,Lost
Uttar Pradesh,Hardoi,NOTA,None of the Above,11024,1.04,Lost
Uttar Pradesh,Hathras,RAJVIR DILER,Bharatiya Janata Party,684299,59.49,Lost
Uttar Pradesh,Hathras,RAMJI LAL SUMAN,Samajwadi Party,424091,36.87,Lost
Uttar Pradesh,Hathras,TRILOKI RAM,Indian National Congress,23926,2.08,Lost
Uttar Pradesh,Hathras,BHUPENDRA KUMAR,Rashtriya Shoshit Samaj Party,1565,0.14,Lost
Uttar Pradesh,Hathras,RAJARAM,Lok Dal,2305,0.2,Lost
Uttar Pradesh,Hathras,TILAK SINGH,Independent,883,0.08,Lost
Uttar Pradesh,Hathras,DINESH SAI,Independent,1394,0.12,Lost
Uttar Pradesh,Hathras,HARSWAROOP,Independent,3263,0.28,Lost
Uttar Pradesh,Hathras,NOTA,None of the Above,8568,0.74,Lost
Uttar Pradesh,Jalaun,AJAY SINGH (PANKAJ),Bahujan Samaj Party,423386,37.47,Lost
Uttar Pradesh,Jalaun,BRIJLAL KHABRI,Indian National Congress,89606,7.93,Lost
Uttar Pradesh,Jalaun,BHANU PRATAP SINGH VERMA,Bharatiya Janata Party,581763,51.49,Lost
Uttar Pradesh,Jalaun,RAMSINGH,Communist Party of India (Marxist-Leninist) (Liberation),8792,0.78,Lost
Uttar Pradesh,Jalaun,SHRAVAN KUMAR PAL,Rashtriya Shoshit Samaj Party,13894,1.23,Lost
Uttar Pradesh,Jalaun,NOTA,None of the Above,12514,1.11,Lost
Uttar Pradesh,Jaunpur,KRISHNA PRATAP SINGH K.P.,Bharatiya Janata Party,440192,42.3,Lost
Uttar Pradesh,Jaunpur,DEO VRAT MISHRA,Indian National Congress,27185,2.61,Lost
Uttar Pradesh,Jaunpur,SHYAM SINGH YADAV,Bahujan Samaj Party,521128,50.08,Lost
Uttar Pradesh,Jaunpur,AJAY KUMAR SHARMA,Moulik Adhikar Party,6392,0.61,Lost
Uttar Pradesh,Jaunpur,ANIL,Hum Sabki Party,1432,0.14,Lost
Uttar Pradesh,Jaunpur,COM. ASHOK KUMAR KHARWAR,SOCIALIST UNITY CENTRE OF INDIA (COMMUNIST),1593,0.15,Lost
Uttar Pradesh,Jaunpur,BRIJESH KUMAR,Suheldev Bharatiya Samaj Party,5466,0.53,Lost
Uttar Pradesh,Jaunpur,NAVIN,Voters Party International,946,0.09,Lost
Uttar Pradesh,Jaunpur,MOTIUDDIN,Rashtriya Ulama Council,2960,0.28,Lost
Uttar Pradesh,Jaunpur,RAJESH KUMAR,Rashtriya Samaj Paksha,2197,0.21,Lost
Uttar Pradesh,Jaunpur,RUKMNI DEVI,Pragatisheel Manav Samaj Party,2163,0.21,Lost
Uttar Pradesh,Jaunpur,VINOD KUMAR,Andaman & Nicobar Janta Party,2017,0.19,Lost
Uttar Pradesh,Jaunpur,VISHOK KUMAR VISHWAKARMA,Nationalist Janshakti Party,2447,0.24,Lost
Uttar Pradesh,Jaunpur,SHESHMANI MAURYA,Hindusthan Nirman Dal,3840,0.37,Lost
Uttar Pradesh,Jaunpur,SHYAMLAL,Bharat Prabhat Party,1731,0.17,Lost
Uttar Pradesh,Jaunpur,SUNIL KUMAR,Rashtriya Jan Gaurav Party,5768,0.55,Lost
Uttar Pradesh,Jaunpur,SANGEETA DEVI,Pragatishil Samajwadi Party (Lohia),3752,0.36,Lost
Uttar Pradesh,Jaunpur,ASHOK KUMAR,Independent,1187,0.11,Lost
Uttar Pradesh,Jaunpur,PRADEEP KUMAR PANDEY,Independent,4924,0.47,Lost
Uttar Pradesh,Jaunpur,MADHAVENDRA PUSHKAR SINGH,Independent,891,0.09,Lost
Uttar Pradesh,Jaunpur,NOTA,None of the Above,2441,0.23,Lost
Uttar Pradesh,Jhansi,Anurag Sharma,Bharatiya Janata Party,809272,58.61,Lost
Uttar Pradesh,Jhansi,Shyam Sundar Singh,Samajwadi Party,443589,32.12,Lost
Uttar Pradesh,Jhansi,Shivsharan,Indian National Congress,86139,6.24,Lost
Uttar Pradesh,Jhansi,Gaurishankar,"Kisan Raksha Party,",3303,0.24,Lost
Uttar Pradesh,Jhansi,Jagat Vikram Singh,Pragatishil Samajwadi Party (Lohia),2697,0.2,Lost
Uttar Pradesh,Jhansi,Dilshad Ahmed Siddique,Swatantra Jantaraj Party,2264,0.16,Lost
Uttar Pradesh,Jhansi,Shruti Agrawal,Bundelkhand Kranti Dal,1849,0.13,Lost
Uttar Pradesh,Jhansi,Kalpana Khard,Independent,1770,0.13,Lost
Uttar Pradesh,Jhansi,Raja Khateek,Independent,2250,0.16,Lost
Uttar Pradesh,Jhansi,Ramgopal,Independent,3807,0.28,Lost
Uttar Pradesh,Jhansi,Sunil Prajapati,Independent,5711,0.41,Lost
Uttar Pradesh,Jhansi,NOTA,None of the Above,18239,1.32,Lost
Uttar Pradesh,Kairana,Tabassum Begum,Samajwadi Party,474801,42.24,Lost
Uttar Pradesh,Kairana,Pradeep Kumar,Bharatiya Janata Party,566961,50.44,Lost
Uttar Pradesh,Kairana,Harendra Singh Malik,Indian National Congress,69355,6.17,Lost
Uttar Pradesh,Kairana,Manoj Kumar,Aapki Apni Party (Peoples),913,0.08,Lost
Uttar Pradesh,Kairana,Mukesh Devi,Mahasankalp Janta Party,934,0.08,Lost
Uttar Pradesh,Kairana,Yogesh Kumar,Rashtriya Mazdoor Ekta Party,818,0.07,Lost
Uttar Pradesh,Kairana,Rekha,Hindusthan Nirman Dal,615,0.05,Lost
Uttar Pradesh,Kairana,Sheshraj,Bharatrashtra Democratic Party,472,0.04,Lost
Uttar Pradesh,Kairana,Shripal Singh,Sarvjan Lok Shakti Party,1304,0.12,Lost
Uttar Pradesh,Kairana,Imran,Independent,524,0.05,Lost
Uttar Pradesh,Kairana,Mohd Gufran Kazmi,Independent,540,0.05,Lost
Uttar Pradesh,Kairana,Mohd Saleem,Independent,1138,0.1,Lost
Uttar Pradesh,Kairana,Harish Kumar,Independent,2130,0.19,Lost
Uttar Pradesh,Kairana,NOTA,None of the Above,3542,0.32,Lost
Uttar Pradesh,Kaiserganj,Chandradev Ram Yadav,Bahujan Samaj Party,319757,32.58,Lost
Uttar Pradesh,Kaiserganj,Brijbhusan Sharan Singh,Bharatiya Janata Party,581358,59.24,Lost
Uttar Pradesh,Kaiserganj,Vinay Kumar Pandey 'Vinnu',Indian National Congress,37132,3.78,Lost
Uttar Pradesh,Kaiserganj,Umesh Kumar,Rashtriya Jan Adhikar Party (United),5899,0.6,Lost
Uttar Pradesh,Kaiserganj,Chandra Prakash Pandey,Naitik Party,3117,0.32,Lost
Uttar Pradesh,Kaiserganj,Dhananjay Sharma,Pragatishil Samajwadi Party (Lohia),2001,0.2,Lost
Uttar Pradesh,Kaiserganj,Pramod Kumar,Samrat Ashok Sena Party,2214,0.23,Lost
Uttar Pradesh,Kaiserganj,Vajid,Aam Janta Party (India),2036,0.21,Lost
Uttar Pradesh,Kaiserganj,Santosh,Bharat Prabhat Party,2166,0.22,Lost
Uttar Pradesh,Kaiserganj,Om Prakash Mishra,Independent,3089,0.31,Lost
Uttar Pradesh,Kaiserganj,Munni,Independent,4565,0.47,Lost
Uttar Pradesh,Kaiserganj,Shiv Narayan,Independent,4898,0.5,Lost
Uttar Pradesh,Kaiserganj,NOTA,None of the Above,13168,1.34,Lost
Uttar Pradesh,Kannauj,DIMPLE YADAV,Samajwadi Party,550734,48.29,Lost
Uttar Pradesh,Kannauj,SUBRAT PATHAK,Bharatiya Janata Party,563087,49.37,Lost
Uttar Pradesh,Kannauj,ANAND VIKRAM SINGH,Shivsena,4922,0.43,Lost
Uttar Pradesh,Kannauj,RAMA DEVI,Bhartiya Vanchitsamaj Party,984,0.09,Lost
Uttar Pradesh,Kannauj,SATYA RAM,Rashtriya Kranti Party,875,0.08,Lost
Uttar Pradesh,Kannauj,SUBHASH CHANDRA DOHRE,All India Forward Bloc,1337,0.12,Lost
Uttar Pradesh,Kannauj,SANJEEV KUMAR,Rashtriya Samaj Paksha,1203,0.11,Lost
Uttar Pradesh,Kannauj,ANKIT SINGH,Independent,1163,0.1,Lost
Uttar Pradesh,Kannauj,PRATYUSH PATHAK,Independent,3883,0.34,Lost
Uttar Pradesh,Kannauj,SUNIL BHARTI,Independent,4143,0.36,Lost
Uttar Pradesh,Kannauj,NOTA,None of the Above,8165,0.72,Lost
Uttar Pradesh,Kanpur,Ram Kumar,Samajwadi Party,48275,5.73,Lost
Uttar Pradesh,Kanpur,Sriprakash Jaiswal,Indian National Congress,313003,37.13,Lost
Uttar Pradesh,Kanpur,Satyadev Pachauri,Bharatiya Janata Party,468937,55.63,Lost
Uttar Pradesh,Kanpur,Alok Kumar,Sabhi Jan Party,1885,0.22,Lost
Uttar Pradesh,Kanpur,Poonam Shukla,Bhartiya Shakti Chetna Party,1130,0.13,Lost
Uttar Pradesh,Kanpur,Balveer Singh Chandel,Shivsena,591,0.07,Lost
Uttar Pradesh,Kanpur,Mukti Yadav,Bharatiya Rashtriya Morcha,316,0.04,Lost
Uttar Pradesh,Kanpur,Reena Urf Renu,Saaf Party,367,0.04,Lost
Uttar Pradesh,Kanpur,Chandra Bhan Sankhwar,Independent,595,0.07,Lost
Uttar Pradesh,Kanpur,Javed Mohammad Khan,Independent,696,0.08,Lost
Uttar Pradesh,Kanpur,Triveni Narayan Jaiswal,Independent,486,0.06,Lost
Uttar Pradesh,Kanpur,Dilshad Ahmad,Independent,580,0.07,Lost
Uttar Pradesh,Kanpur,Ram Gopal Uttam,Independent,1078,0.13,Lost
Uttar Pradesh,Kanpur,Shivam Kushwaha,Independent,998,0.12,Lost
Uttar Pradesh,Kanpur,NOTA,None of the Above,4057,0.48,Lost
Uttar Pradesh,Kaushambi,INDRAJEET SAROJ,Samajwadi Party,344287,35.33,Lost
Uttar Pradesh,Kaushambi,GIRISH PASI,Indian National Congress,16442,1.69,Lost
Uttar Pradesh,Kaushambi,VINOD KUMAR SONKAR,Bharatiya Janata Party,383009,39.31,Lost
Uttar Pradesh,Kaushambi,BACHACHA LAL,Bhartiya Shakti Chetna Party,6211,0.64,Lost
Uttar Pradesh,Kaushambi,MISHRI LAL,Swatantra Jantaraj Party,3183,0.33,Lost
Uttar Pradesh,Kaushambi,RAJDEV,Pragatishil Samajwadi Party (Lohia),4986,0.51,Lost
Uttar Pradesh,Kaushambi,SHAILENDRA KUMAR PASI,Jansatta Dal Loktantrik,156406,16.05,Lost
Uttar Pradesh,Kaushambi,CHHEDDU,Independent,3566,0.37,Lost
Uttar Pradesh,Kaushambi,PRADEEP KUMAR,Independent,2377,0.24,Lost
Uttar Pradesh,Kaushambi,RAM SUMER,Independent,4224,0.43,Lost
Uttar Pradesh,Kaushambi,SHAILENDRA KUMAR,Independent,26967,2.77,Lost
Uttar Pradesh,Kaushambi,SHAILENDRA KUMAR,Independent,8011,0.82,Lost
Uttar Pradesh,Kaushambi,NOTA,None of the Above,14769,1.52,Lost
Uttar Pradesh,Kheri,Ajay Kumar,Bharatiya Janata Party,609589,53.63,Lost
Uttar Pradesh,Kheri,Zafar Ali Naqvi,Indian National Congress,92155,8.11,Lost
Uttar Pradesh,Kheri,Dr. Purvi Verma,Samajwadi Party,390782,34.38,Lost
Uttar Pradesh,Kheri,Vipnesh Shukla,Communist Party of India,11857,1.04,Lost
Uttar Pradesh,Kheri,Asif Khan,Bhartiya Kisan Party,1626,0.14,Lost
Uttar Pradesh,Kheri,Krishna Kumar Yadav,Lok Jan Sangharsh Party,968,0.09,Lost
Uttar Pradesh,Kheri,Bandana Gupta,Bhartiya Shakti Chetna Party,1017,0.09,Lost
Uttar Pradesh,Kheri,Mahesh Chandra Verma Advocate,Hindusthan Nirman Dal,1002,0.09,Lost
Uttar Pradesh,Kheri,Moh. Mumtaz Raza,Rashtriya Janwadi Party (Socialist),1060,0.09,Lost
Uttar Pradesh,Kheri,Ram Jeevan,Bahujan Awam Party,1078,0.09,Lost
Uttar Pradesh,Kheri,Shrikrishna Verma,Peace Party,1991,0.18,Lost
Uttar Pradesh,Kheri,Ajay Kumar Dixit,Independent,1654,0.15,Lost
Uttar Pradesh,Kheri,Krishna Kumar,Independent,2496,0.22,Lost
Uttar Pradesh,Kheri,Paro Kinner,Independent,5315,0.47,Lost
Uttar Pradesh,Kheri,Manoj Kumar Singh,Independent,5320,0.47,Lost
Uttar Pradesh,Kheri,NOTA,None of the Above,8750,0.77,Lost
Uttar Pradesh,Kushi Nagar,N.P. KUSHWAHA ALIAS NATHUNI PRASAD KUSHWAHA,Samajwadi Party,259479,24.64,Lost
Uttar Pradesh,Kushi Nagar,KUNWER RATANJIT PRATAP NARAYAN SINGH,Indian National Congress,146151,13.88,Lost
Uttar Pradesh,Kushi Nagar,VIJAY KUMAR DUBEY,Bharatiya Janata Party,597039,56.69,Lost
Uttar Pradesh,Kushi Nagar,AMIRUDDIN,Apna Dal United Party,8541,0.81,Lost
Uttar Pradesh,Kushi Nagar,ARVIND YADAV,Communist Party of India (Marxist-Leninist) Red Star,1406,0.13,Lost
Uttar Pradesh,Kushi Nagar,UMESH SINGH,Bhartiya Shakti Chetna Party,1605,0.15,Lost
Uttar Pradesh,Kushi Nagar,USMAN,Peace Party,2715,0.26,Lost
Uttar Pradesh,Kushi Nagar,P.C. KUREEL,Indian National League,3072,0.29,Lost
Uttar Pradesh,Kushi Nagar,DR GANESH,Akhil Bhartiya Gondwana Party,1831,0.17,Lost
Uttar Pradesh,Kushi Nagar,RAJIV,Suheldev Bharatiya Samaj Party,8454,0.8,Lost
Uttar Pradesh,Kushi Nagar,RAM PRATAP,Purvanchal Mahapanchayat,2369,0.22,Lost
Uttar Pradesh,Kushi Nagar,LALITA,Akhil Bhartiya Navnirman Party,2759,0.26,Lost
Uttar Pradesh,Kushi Nagar,GUDDI KINNAR,Independent,5881,0.56,Lost
Uttar Pradesh,Kushi Nagar,SHIV KUMAR,Independent,3518,0.33,Lost
Uttar Pradesh,Kushi Nagar,NOTA,None of the Above,8297,0.79,Lost
Uttar Pradesh,Lalganj,Trilokinath,Communist Party of India,8843,0.92,Lost
Uttar Pradesh,Lalganj,Neelam Sonker,Bharatiya Janata Party,357223,37.19,Lost
Uttar Pradesh,Lalganj,Pankaj Mohan Sonkar,Indian National Congress,17630,1.84,Lost
Uttar Pradesh,Lalganj,Sangeeta Azad,Bahujan Samaj Party,518820,54.01,Lost
Uttar Pradesh,Lalganj,Engineer Ajeet Sonkar,Aam Aadmi Party,4520,0.47,Lost
Uttar Pradesh,Lalganj,Chandrashekhar,Bharat Prabhat Party,1608,0.17,Lost
Uttar Pradesh,Lalganj,Dr. Deelip Kumar Saroj,Suheldev Bharatiya Samaj Party,17927,1.87,Lost
Uttar Pradesh,Lalganj,Pintoo,Kanshiram Bahujan Dal,1642,0.17,Lost
Uttar Pradesh,Lalganj,Radheshyam Gautam,Rashtriya Ulama Council,6093,0.63,Lost
Uttar Pradesh,Lalganj,Lcchiman Kannooizya,Prithviraj Janshakti Party,1880,0.2,Lost
Uttar Pradesh,Lalganj,Hemraj Paswan,Pragatishil Samajwadi Party (Lohia),2320,0.24,Lost
Uttar Pradesh,Lalganj,Akhilesh,Independent,3232,0.34,Lost
Uttar Pradesh,Lalganj,Ramchandar,Independent,7325,0.76,Lost
Uttar Pradesh,Lalganj,Santosh Kumar,Independent,3163,0.33,Lost
Uttar Pradesh,Lalganj,Subash Saroj,Independent,3282,0.34,Lost
Uttar Pradesh,Lalganj,NOTA,None of the Above,5060,0.53,Lost
Uttar Pradesh,Lucknow,Poonam Shatrughan Sinha,Samajwadi Party,285724,25.59,Lost
Uttar Pradesh,Lucknow,Acharya Pramod Krishnam,Indian National Congress,180011,16.12,Lost
Uttar Pradesh,Lucknow,Rajnath Singh,Bharatiya Janata Party,633026,56.7,Lost
Uttar Pradesh,Lucknow,Amar Kumar Raizada,Akhil Bharatiya Jan Sangh,2104,0.19,Lost
Uttar Pradesh,Lucknow,Kapil Mohan,Mera Adhikaar Rashtriya Dal,474,0.04,Lost
Uttar Pradesh,Lucknow,Ganesh Chaudhari,Saaf Party,515,0.05,Lost
Uttar Pradesh,Lucknow,Girish Narain Pande,Sarvodaya Bharat Party,569,0.05,Lost
Uttar Pradesh,Lucknow,Haji Faheem Siddiqui,Indian National League,572,0.05,Lost
Uttar Pradesh,Lucknow,Professor D.N.N.S. Yadav,Peoples Party of India (Democratic),675,0.06,Lost
Uttar Pradesh,Lucknow,Ramesh,All India Forward Bloc,739,0.07,Lost
Uttar Pradesh,Lucknow,Ram Sagar Pal,Awami Samta Party,1251,0.11,Lost
Uttar Pradesh,Lucknow,Shamim Khan,Nagrik Ekta Party,935,0.08,Lost
Uttar Pradesh,Lucknow,Avinash Chandra Jain,Independent,594,0.05,Lost
Uttar Pradesh,Lucknow,Jimidar Singh Yadav,Independent,859,0.08,Lost
Uttar Pradesh,Lucknow,Sanjay Singh Rana,Independent,981,0.09,Lost
Uttar Pradesh,Lucknow,NOTA,None of the Above,7416,0.66,Lost
Uttar Pradesh,Machhlishahr,Tribhuvan Ram (T.Ram),Bahujan Samaj Party,488216,47.17,Lost
Uttar Pradesh,Machhlishahr,Bholanath (B.P. Saroj),Bharatiya Janata Party,488397,47.19,Lost
Uttar Pradesh,Machhlishahr,Dr. Amarnath Paswan,Jan Adhikar Party,7622,0.74,Lost
Uttar Pradesh,Machhlishahr,Garib,Mahamukti Dal,2477,0.24,Lost
Uttar Pradesh,Machhlishahr,Chanchal Kumar,Rashtriya Samaj Paksha,2620,0.25,Lost
Uttar Pradesh,Machhlishahr,Jitendra,Bhartiya Manav Samaj Party,1425,0.14,Lost
Uttar Pradesh,Machhlishahr,Dasharath,Prithviraj Janshakti Party,1310,0.13,Lost
Uttar Pradesh,Machhlishahr,Deep Chand Ram Urf B.D.O Sahab,Kanshiram Bahujan Dal,2814,0.27,Lost
Uttar Pradesh,Machhlishahr,Nandlal,Bharat Prabhat Party,1491,0.14,Lost
Uttar Pradesh,Machhlishahr,Brijesh Kumar,Republican Party of India,1999,0.19,Lost
Uttar Pradesh,Machhlishahr,Rajkeshar,Sajag Samaj Party,2041,0.2,Lost
Uttar Pradesh,Machhlishahr,Raj Nath,Suheldev Bharatiya Samaj Party,11223,1.08,Lost
Uttar Pradesh,Machhlishahr,Ram Naresh,Moulik Adhikar Party,4273,0.41,Lost
Uttar Pradesh,Machhlishahr,Gangaram,Independent,3168,0.31,Lost
Uttar Pradesh,Machhlishahr,"Deepak Kumar ""Nanhe""",Independent,5019,0.48,Lost
Uttar Pradesh,Machhlishahr,NOTA,None of the Above,10830,1.05,Lost
Uttar Pradesh,Maharajganj,AKHILESH,Samajwadi Party,385925,31.45,Lost
Uttar Pradesh,Maharajganj,PANKAJ CHOUDHARY,Bharatiya Janata Party,726349,59.2,Lost
Uttar Pradesh,Maharajganj,SUPRIYA SHRINATE,Indian National Congress,72516,5.91,Lost
Uttar Pradesh,Maharajganj,PAPPU CHAUHAN,Satya Kranti Party,2857,0.23,Lost
Uttar Pradesh,Maharajganj,MANISH,Bahujan Mukti Party,1534,0.13,Lost
Uttar Pradesh,Maharajganj,MANOJ KUMAR RANA,Bhartiya Kisan Union Samaj Party,1786,0.15,Lost
Uttar Pradesh,Maharajganj,SHIV CHARAN,Jai Hind Samaj Party,1431,0.12,Lost
Uttar Pradesh,Maharajganj,SUMIT,Janhit Kisan Party,5183,0.42,Lost
Uttar Pradesh,Maharajganj,ANEEL KUMAR,Independent,2042,0.17,Lost
Uttar Pradesh,Maharajganj,AMARJEET,Independent,2254,0.18,Lost
Uttar Pradesh,Maharajganj,PANNELAL,Independent,3872,0.32,Lost
Uttar Pradesh,Maharajganj,PRAMOD KUMAR,Independent,2236,0.18,Lost
Uttar Pradesh,Maharajganj,MOHANKUMAR,Independent,3066,0.25,Lost
Uttar Pradesh,Maharajganj,LALDHARI YADAV,Independent,5387,0.44,Lost
Uttar Pradesh,Maharajganj,NOTA,None of the Above,10478,0.85,Lost
Uttar Pradesh,Mainpuri,PREM SINGH SHAKYA,Bharatiya Janata Party,430537,44.09,Lost
Uttar Pradesh,Mainpuri,MULAYAM SINGH YADAV,Samajwadi Party,524926,53.75,Lost
Uttar Pradesh,Mainpuri,OMBEER LODHI,Jan Seva Sahayak Party,2580,0.26,Lost
Uttar Pradesh,Mainpuri,KULDEEP KUMAR,Bhartiya Kisan Party,1195,0.12,Lost
Uttar Pradesh,Mainpuri,CHAKRAPAN,Jan Adesh Akshuni Sena,1812,0.19,Lost
Uttar Pradesh,Mainpuri,TEJ PRATAP SINGH JATAV,Moulik Adhikar Party,1730,0.18,Lost
Uttar Pradesh,Mainpuri,RAJAT KUMAR,Bhartiya Jan Nayak Party,623,0.06,Lost
Uttar Pradesh,Mainpuri,RAVINDRA SINGH KATAR,Bhartiya Navodaya Party,619,0.06,Lost
Uttar Pradesh,Mainpuri,SHYAM SINGH,Swatantra Jantaraj Party,1053,0.11,Lost
Uttar Pradesh,Mainpuri,HARIRAM SHAKYA,Voters Party International,1121,0.11,Lost
Uttar Pradesh,Mainpuri,RAVINDRA SINGH YADAV,Independent,980,0.1,Lost
Uttar Pradesh,Mainpuri,SAVENDRA SINGH,Independent,2631,0.27,Lost
Uttar Pradesh,Mainpuri,NOTA,None of the Above,6711,0.69,Lost
Uttar Pradesh,Mathura,KUNWAR NARENDRA SINGH,Rashtriya Lok Dal,377822,34.26,Lost
Uttar Pradesh,Mathura,MAHESH PATHAK,Indian National Congress,28084,2.55,Lost
Uttar Pradesh,Mathura,HEMA MALINI,Bharatiya Janata Party,671293,60.88,Lost
Uttar Pradesh,Mathura,OMPRAKASH,Swatantra Jantaraj Party,5095,0.46,Lost
Uttar Pradesh,Mathura,CHATTAR alias CHATRAPAL SINGH NISHAD,Bahujan Mukti Party,794,0.07,Lost
Uttar Pradesh,Mathura,JAGVIR SINGH,Pragatishil Samajwadi Party (Lohia),470,0.04,Lost
Uttar Pradesh,Mathura,JASVANT SINGH BAGHEL,Rashtriya Shoshit Samaj Party,1245,0.11,Lost
Uttar Pradesh,Mathura,JASVEER SINGH,Rashtriya Naujawan Dal,1630,0.15,Lost
Uttar Pradesh,Mathura,DINESH GAUTAM,Bhartiya Anarakshit Party,2363,0.21,Lost
Uttar Pradesh,Mathura,RAMDEV GAUTAM,Bhartiya Lok Seva Dal,1261,0.11,Lost
Uttar Pradesh,Mathura,PRAMOD KRISHNA,Independent,1490,0.14,Lost
Uttar Pradesh,Mathura,PHAKKAD BABA,Independent,4086,0.37,Lost
Uttar Pradesh,Mathura,RAMDAS TYAGI,Independent,1298,0.12,Lost
Uttar Pradesh,Mathura,NOTA,None of the Above,5800,0.53,Lost
Uttar Pradesh,Meerut,HAJI MOHAMMAD YAQOOB,Bahujan Samaj Party,581455,47.8,Lost
Uttar Pradesh,Meerut,RAJENDRA AGARWAL,Bharatiya Janata Party,586184,48.19,Lost
Uttar Pradesh,Meerut,HARENDRA AGARWAL,Indian National Congress,34479,2.83,Lost
Uttar Pradesh,Meerut,AFZAL,Bahujan Maha Party,882,0.07,Lost
Uttar Pradesh,Meerut,ARTI AGARWAL,Shivsena,957,0.08,Lost
Uttar Pradesh,Meerut,KIRAN R. C. JATAV,Kartavya Rashtriya Party,512,0.04,Lost
Uttar Pradesh,Meerut,DHARMENDRA,Bhartiya Janta Dal,489,0.04,Lost
Uttar Pradesh,Meerut,NASIR ALI KHAN,Pragatishil Samajwadi Party (Lohia),921,0.08,Lost
Uttar Pradesh,Meerut,RAJESH GIRI,Sarvodaya Bharat Party,978,0.08,Lost
Uttar Pradesh,Meerut,SHRAVAN KUMAR AGARWAL,Independent,1025,0.08,Lost
Uttar Pradesh,Meerut,SAHANSAR PAL SINGH,Independent,2215,0.18,Lost
Uttar Pradesh,Meerut,NOTA,None of the Above,6316,0.52,Lost
Uttar Pradesh,Mirzapur,Ramcharitra Nishad,Samajwadi Party,359556,32.42,Lost
Uttar Pradesh,Mirzapur,Lalitesh Pati Tripathi,Indian National Congress,91501,8.25,Lost
Uttar Pradesh,Mirzapur,Archana Mishra,Satya Bahumat Party,9206,0.83,Lost
Uttar Pradesh,Mirzapur,Anupriya Singh Patel,Apna Dal (Soneylal),591564,53.34,Lost
Uttar Pradesh,Mirzapur,Adesh Tyagi,Bharat Prabhat Party,7921,0.71,Lost
Uttar Pradesh,Mirzapur,Ashish Kumar Tripathi,Pragatishil Samajwadi Party (Lohia),4024,0.36,Lost
Uttar Pradesh,Mirzapur,Jeera Devi,Communist Party of India (Marxist-Leninist) (Liberation),8553,0.77,Lost
Uttar Pradesh,Mirzapur,Dinesh Kumar Pal,Rashtriya Samaj Paksha,7145,0.64,Lost
Uttar Pradesh,Mirzapur,Radheshyam Inshan,Bhartiya Republican Party (Insan),14142,1.28,Lost
Uttar Pradesh,Mirzapur,NOTA,None of the Above,15353,1.38,Lost
Uttar Pradesh,Misrikh,Ashok Kumar Rawat,Bharatiya Janata Party,534429,52.05,Lost
Uttar Pradesh,Misrikh,Dr Neelu Satyarthi,Bahujan Samaj Party,433757,42.25,Lost
Uttar Pradesh,Misrikh,Manjari Rahi,Indian National Congress,26505,2.58,Lost
Uttar Pradesh,Misrikh,Arun Kumari Kori,Pragatishil Samajwadi Party (Lohia),2442,0.24,Lost
Uttar Pradesh,Misrikh,Nagendra Kumar,Rashtrawadi Shramjeevi Dal,1548,0.15,Lost
Uttar Pradesh,Misrikh,Beerendra Kanaujiya,Hindusthan Nirman Dal,1557,0.15,Lost
Uttar Pradesh,Misrikh,Rahul Kumar,Bhartiya Krishak Dal,911,0.09,Lost
Uttar Pradesh,Misrikh,Arpit,Independent,1002,0.1,Lost
Uttar Pradesh,Misrikh,Arvind Kumar,Independent,939,0.09,Lost
Uttar Pradesh,Misrikh,Akash Niraj,Independent,1939,0.19,Lost
Uttar Pradesh,Misrikh,Raju Verma,Independent,1303,0.13,Lost
Uttar Pradesh,Misrikh,Rampal,Independent,2221,0.22,Lost
Uttar Pradesh,Misrikh,Shripal Verma,Independent,7934,0.77,Lost
Uttar Pradesh,Misrikh,NOTA,None of the Above,10181,0.99,Lost
Uttar Pradesh,Mohanlalganj,Kaushal Kishore,Bharatiya Janata Party,629748,49.62,Lost
Uttar Pradesh,Mohanlalganj,R. K. Chaudhary,Indian National Congress,60061,4.73,Lost
Uttar Pradesh,Mohanlalganj,C. L. Verma,Bahujan Samaj Party,539519,42.51,Lost
Uttar Pradesh,Mohanlalganj,Ganesh Rawat,Pragatishil Samajwadi Party (Lohia),7975,0.63,Lost
Uttar Pradesh,Mohanlalganj,Jagdish Prasad Gautam,Manavtawadi Samaj Party,1443,0.11,Lost
Uttar Pradesh,Mohanlalganj,Radha Ambedkar,Peoples Party of India (Democratic),1219,0.1,Lost
Uttar Pradesh,Mohanlalganj,Ram Sagar Paasi,Samdarshi Samaj Party,1515,0.12,Lost
Uttar Pradesh,Mohanlalganj,Shatrohan Lal Rawat,Lok Dal,2633,0.21,Lost
Uttar Pradesh,Mohanlalganj,Sushil Kumar,Aadarsh Sangram Party,4281,0.34,Lost
Uttar Pradesh,Mohanlalganj,Jagdish Rawat,Independent,3062,0.24,Lost
Uttar Pradesh,Mohanlalganj,Prabhawati Devi,Independent,4332,0.34,Lost
Uttar Pradesh,Mohanlalganj,Ramesh Kumar,Independent,2462,0.19,Lost
Uttar Pradesh,Mohanlalganj,NOTA,None of the Above,10790,0.85,Lost
Uttar Pradesh,Moradabad,IMRAN PRATAPGARHI,Indian National Congress,59198,4.62,Lost
Uttar Pradesh,Moradabad,KUNWAR SARVESH KUMAR,Bharatiya Janata Party,551538,43.01,Lost
Uttar Pradesh,Moradabad,Dr. S.T. HASAN,Samajwadi Party,649416,50.65,Lost
Uttar Pradesh,Moradabad,MOHD. ASLAM URF PASHA,Jan Shakti Dal,4594,0.36,Lost
Uttar Pradesh,Moradabad,Tej Singh Seny,Rashtriya Samanta Dal,762,0.06,Lost
Uttar Pradesh,Moradabad,DILERAM,Bhartiya Harit Party,1886,0.15,Lost
Uttar Pradesh,Moradabad,NADIR ALI MANSOORI,Peace Party,1051,0.08,Lost
Uttar Pradesh,Moradabad,BHISHM JIT SINGH,Fauji Janta Party,564,0.04,Lost
Uttar Pradesh,Moradabad,ROOPCHAND SINGH,Bharatiya Bahujan Samta Party,948,0.07,Lost
Uttar Pradesh,Moradabad,AKEEL,Independent,890,0.07,Lost
Uttar Pradesh,Moradabad,NARESH KUMAR SAINI,Independent,912,0.07,Lost
Uttar Pradesh,Moradabad,PRINCE KUMAR SHARMA,Independent,2273,0.18,Lost
Uttar Pradesh,Moradabad,MUSARRAT HUSAIN,Independent,2417,0.19,Lost
Uttar Pradesh,Moradabad,NOTA,None of the Above,5757,0.45,Lost
Uttar Pradesh,Muzaffarnagar,Ajit Singh,Rashtriya Lok Dal,567254,48.9,Lost
Uttar Pradesh,Muzaffarnagar,Sanjeev Kumar Balyan,Bharatiya Janata Party,573780,49.46,Lost
Uttar Pradesh,Muzaffarnagar,Krishan Pal Singh,Bharat Lok Sewak Party,2422,0.21,Lost
Uttar Pradesh,Muzaffarnagar,S.S.K.S. Gangwal,Bharatiya Bahujan Samta Party,1262,0.11,Lost
Uttar Pradesh,Muzaffarnagar,Jaipal Singh Saini,Jansatta Party,949,0.08,Lost
Uttar Pradesh,Muzaffarnagar,Mangeram Kashyap,Majdoor Kisan Union Party,687,0.06,Lost
Uttar Pradesh,Muzaffarnagar,Ashok,Independent,458,0.04,Lost
Uttar Pradesh,Muzaffarnagar,Ankit,Independent,557,0.05,Lost
Uttar Pradesh,Muzaffarnagar,Neel Kumar,Independent,4887,0.42,Lost
Uttar Pradesh,Muzaffarnagar,Yajpal Singh Rathi,Independent,2705,0.23,Lost
Uttar Pradesh,Muzaffarnagar,NOTA,None of the Above,5110,0.44,Lost
Uttar Pradesh,Nagina,OMVATI DEVI,Indian National Congress,20046,1.99,Lost
Uttar Pradesh,Nagina,GIRISH CHANDRA,Bahujan Samaj Party,568378,56.31,Lost
Uttar Pradesh,Nagina,DR. YASHWANT SINGH,Bharatiya Janata Party,401546,39.78,Lost
Uttar Pradesh,Nagina,AMICHAND,Rashtriya Samanta Dal,6156,0.61,Lost
Uttar Pradesh,Nagina,KAMESH KUMAR,Peoples Party of India (Democratic),1752,0.17,Lost
Uttar Pradesh,Nagina,TEJ SINGH,Ambedkar Samaj Party,2169,0.21,Lost
Uttar Pradesh,Nagina,CHARAN SINGH,Independent,2881,0.29,Lost
Uttar Pradesh,Nagina,NOTA,None of the Above,6528,0.65,Lost
Uttar Pradesh,Phulpur,Keshari Devi Patel,Bharatiya Janata Party,544701,55.68,Lost
Uttar Pradesh,Phulpur,Pandhari Yadav,Samajwadi Party,372733,38.1,Lost
Uttar Pradesh,Phulpur,Pankaj Patel,Indian National Congress,32761,3.35,Lost
Uttar Pradesh,Phulpur,Atul Kumar Dwivedi,Lok Gathbandhan Party,1406,0.14,Lost
Uttar Pradesh,Phulpur,Kamala Prasad,Ambedkar Yug Party,921,0.09,Lost
Uttar Pradesh,Phulpur,Dakkhini Prasad Kushwaha,Rashtriya Garib Dal,975,0.1,Lost
Uttar Pradesh,Phulpur,Priya Singh Paul Alias Priyadarshini Gandhi,Pragatishil Samajwadi Party (Lohia),1607,0.16,Lost
Uttar Pradesh,Phulpur,Ramnath Priydarshi Suman,Rashtriya Janmat Party,2058,0.21,Lost
Uttar Pradesh,Phulpur,Dr. Ramlakhan Chaurasiya,Moulik Adhikar Party,1966,0.2,Lost
Uttar Pradesh,Phulpur,Srichandra Kesarwani (Advocate),Baliraja Party,1262,0.13,Lost
Uttar Pradesh,Phulpur,Sunil Kumar Maurya,Pragatisheel Samaj Party,2189,0.22,Lost
Uttar Pradesh,Phulpur,Sanjeev Kumar Mishra,Yuva Vikas Party,2858,0.29,Lost
Uttar Pradesh,Phulpur,Rishabh Pandey,Independent,1945,0.2,Lost
Uttar Pradesh,Phulpur,Dr. Neeraj,Independent,2972,0.3,Lost
Uttar Pradesh,Phulpur,NOTA,None of the Above,7882,0.81,Lost
Uttar Pradesh,Pilibhit,Feroze Varun Gandhi,Bharatiya Janata Party,704549,59.38,Lost
Uttar Pradesh,Pilibhit,Hemraj Verma,Samajwadi Party,448922,37.83,Lost
Uttar Pradesh,Pilibhit,Anita Tripathi,Shivsena,3974,0.33,Lost
Uttar Pradesh,Pilibhit,Dr. Bharat,Janata Dal (United),1624,0.14,Lost
Uttar Pradesh,Pilibhit,Dr. Sita Ram Rajput,Sabka Dal United,1098,0.09,Lost
Uttar Pradesh,Pilibhit,Sanjay Kumar Bharti,Naitik Party,696,0.06,Lost
Uttar Pradesh,Pilibhit,Md. Hanif,Pragatishil Samajwadi Party (Lohia),1276,0.11,Lost
Uttar Pradesh,Pilibhit,Urvashi Singh,Independent,864,0.07,Lost
Uttar Pradesh,Pilibhit,Kaif Raza Khan,Independent,926,0.08,Lost
Uttar Pradesh,Pilibhit,Jafri Begum,Independent,1633,0.14,Lost
Uttar Pradesh,Pilibhit,Munesh Singh,Independent,2129,0.18,Lost
Uttar Pradesh,Pilibhit,Varun Gandhi,Independent,4483,0.38,Lost
Uttar Pradesh,Pilibhit,Surendra Kumar Gupta,Independent,4442,0.37,Lost
Uttar Pradesh,Pilibhit,NOTA,None of the Above,9973,0.84,Lost
Uttar Pradesh,Pratapgarh,ASHOK TRIPATHI,Bahujan Samaj Party,318539,34.83,Lost
Uttar Pradesh,Pratapgarh,RAJKUMARI RATNA SINGH,Indian National Congress,77096,8.43,Lost
Uttar Pradesh,Pratapgarh,SANGAM LAL GUPTA,Bharatiya Janata Party,436291,47.7,Lost
Uttar Pradesh,Pratapgarh,AKSHAY PRATAP SINGH ALIAS GOPAL JI,Jansatta Dal Loktantrik,46963,5.13,Lost
Uttar Pradesh,Pratapgarh,M. IRSHAD,Sarvodaya Bharat Party,5559,0.61,Lost
Uttar Pradesh,Pratapgarh,RAM BAHADUR SHARMA,Moulik Adhikar Party,5578,0.61,Lost
Uttar Pradesh,Pratapgarh,SHESHNATH TIWARI,SOCIALIST UNITY CENTRE OF INDIA (COMMUNIST),4528,0.5,Lost
Uttar Pradesh,Pratapgarh,DR. B. L. VERMA,Independent,7952,0.87,Lost
Uttar Pradesh,Pratapgarh,NOTA,None of the Above,12159,1.33,Lost
Uttar Pradesh,Rae Bareli,DINESH PRATAP SINGH,Bharatiya Janata Party,367740,38.36,Lost
Uttar Pradesh,Rae Bareli,SONIA GANDHI,Indian National Congress,534918,55.8,Lost
Uttar Pradesh,Rae Bareli,ASHOK PRATAP MAURYA,Aajad Bharat Party (Democratic),9459,0.99,Lost
Uttar Pradesh,Rae Bareli,KIRAN CHAUDHARY,Bahujan Mukti Party,2651,0.28,Lost
Uttar Pradesh,Rae Bareli,RAM NARAYAN,Voters Party International,1728,0.18,Lost
Uttar Pradesh,Rae Bareli,RAM SINGH YADAV,Pragatishil Samajwadi Party (Lohia),2305,0.24,Lost
Uttar Pradesh,Rae Bareli,RAMESHVAR LODHI,Sabka Dal United,2119,0.22,Lost
Uttar Pradesh,Rae Bareli,SUNEEL KUMAR,Peace Party,1771,0.18,Lost
Uttar Pradesh,Rae Bareli,HORI LAL,Pragatisheel Samaj Party,3296,0.34,Lost
Uttar Pradesh,Rae Bareli,NAIMISH PRATAP NARAYAN SINGH,Independent,1765,0.18,Lost
Uttar Pradesh,Rae Bareli,PRAMENDRA KUMAR,Independent,2888,0.3,Lost
Uttar Pradesh,Rae Bareli,PRAMOD KUREEL,Independent,3459,0.36,Lost
Uttar Pradesh,Rae Bareli,VIJAY BAHADUR SINGH,Independent,2814,0.29,Lost
Uttar Pradesh,Rae Bareli,SARTAJ KHAN,Independent,3333,0.35,Lost
Uttar Pradesh,Rae Bareli,SURENDRA BAHADUR SINGH,Independent,8058,0.84,Lost
Uttar Pradesh,Rae Bareli,NOTA,None of the Above,10252,1.07,Lost
Uttar Pradesh,Rampur,Jayaprada Nahata,Bharatiya Janata Party,449180,42.34,Lost
Uttar Pradesh,Rampur,Mohammad Azam Khan,Samajwadi Party,559177,52.71,Lost
Uttar Pradesh,Rampur,Sanjay Kapoor,Indian National Congress,35009,3.3,Lost
Uttar Pradesh,Rampur,Arshad Warsi,Minorities Democratic Party,1070,0.1,Lost
Uttar Pradesh,Rampur,Ishrat Khan,All India Minorities Front,499,0.05,Lost
Uttar Pradesh,Rampur,Mohd. Khushi,United Democratic Front Secular,451,0.04,Lost
Uttar Pradesh,Rampur,Saroj,Peoples Party of India (Democratic),652,0.06,Lost
Uttar Pradesh,Rampur,Javed Khan,Independent,1963,0.19,Lost
Uttar Pradesh,Rampur,Naim,Independent,1518,0.14,Lost
Uttar Pradesh,Rampur,Sameena Begum,Independent,2122,0.2,Lost
Uttar Pradesh,Rampur,Haneef Khan,Independent,2703,0.25,Lost
Uttar Pradesh,Rampur,NOTA,None of the Above,6577,0.62,Lost
Uttar Pradesh,Robertsganj,ASHOK KUMAR KANAUJIYA,Communist Party of India,17466,1.77,Lost
Uttar Pradesh,Robertsganj,BHAGWATI PRASAD CHAUDHARI,Indian National Congress,35269,3.57,Lost
Uttar Pradesh,Robertsganj,BHAI LAL,Samajwadi Party,393578,39.82,Lost
Uttar Pradesh,Robertsganj,ANITA KOL,Janata Dal (United),6683,0.68,Lost
Uttar Pradesh,Robertsganj,ANUJ KUMAR KANAUJIA,Bhartiya Lokmat Rashtrwadi Party,18338,1.86,Lost
Uttar Pradesh,Robertsganj,KAILASH NATH,Suheldev Bharatiya Samaj Party,4817,0.49,Lost
Uttar Pradesh,Robertsganj,S R DARAPURI,All India Peoples' Front (Radical),11032,1.12,Lost
Uttar Pradesh,Robertsganj,PAKAURI LAL KOL,Apna Dal (Soneylal),447914,45.32,Lost
Uttar Pradesh,Robertsganj,RUBY PRASAD,Pragatishil Samajwadi Party (Lohia),9130,0.92,Lost
Uttar Pradesh,Robertsganj,Sunil Kumar,Bharat Prabhat Party,5793,0.59,Lost
Uttar Pradesh,Robertsganj,PRABHUDAYAL,Independent,8358,0.85,Lost
Uttar Pradesh,Robertsganj,Vidya Prakash Kureel,Independent,8791,0.89,Lost
Uttar Pradesh,Robertsganj,NOTA,None of the Above,21118,2.14,Lost
Uttar Pradesh,Saharanpur,IMRAN MASOOD,Indian National Congress,207068,16.81,Lost
Uttar Pradesh,Saharanpur,HAJI FAZLUR REHMAN,Bahujan Samaj Party,514139,41.74,Lost
Uttar Pradesh,Saharanpur,RAGHAV LAKHANPAL,Bharatiya Janata Party,491722,39.92,Lost
Uttar Pradesh,Saharanpur,MOHD. UVAIS,Pragatishil Samajwadi Party (Lohia),2438,0.2,Lost
Uttar Pradesh,Saharanpur,PAWAN KUMAR,Aapki Apni Party (Peoples),727,0.06,Lost
Uttar Pradesh,Saharanpur,BRAJPAL SINGH,Hindusthan Nirman Dal,1225,0.1,Lost
Uttar Pradesh,Saharanpur,YOGESH DAHIYA,Aam Aadmi Party,1449,0.12,Lost
Uttar Pradesh,Saharanpur,RAVINDER KUMAR,Inqalab Vikas Dal,718,0.06,Lost
Uttar Pradesh,Saharanpur,AMAR BAHADUR,Independent,1091,0.09,Lost
Uttar Pradesh,Saharanpur,INDU DEVI,Independent,2199,0.18,Lost
Uttar Pradesh,Saharanpur,SHABNAM,Independent,4686,0.38,Lost
Uttar Pradesh,Saharanpur,NOTA,None of the Above,4284,0.35,Lost
Uttar Pradesh,Salempur,R S KUSHWAHA,Bahujan Samaj Party,354764,38.52,Lost
Uttar Pradesh,Salempur,RAVINDER,Bharatiya Janata Party,467241,50.73,Lost
Uttar Pradesh,Salempur,RAJESH KUMAR MISHRA,Indian National Congress,27288,2.96,Lost
Uttar Pradesh,Salempur,AJIMULLAH,Peace Party,2204,0.24,Lost
Uttar Pradesh,Salempur,KAILASH CHAUHAN,Janta Kranti Party (Rashtravadi),2413,0.26,Lost
Uttar Pradesh,Salempur,KRIPA SHANKAR PRASAD,Bharatiya Samta Samaj Party,1299,0.14,Lost
Uttar Pradesh,Salempur,PUJA PANDEY,Pragatishil Samajwadi Party (Lohia),1752,0.19,Lost
Uttar Pradesh,Salempur,RAJARAM,Suheldev Bharatiya Samaj Party,33520,3.64,Lost
Uttar Pradesh,Salempur,RAMJI PRATAP JIGYASU,Hindusthan Nirman Dal,1594,0.17,Lost
Uttar Pradesh,Salempur,MOHD SAROOR ALI,Janata Congress,1563,0.17,Lost
Uttar Pradesh,Salempur,SUMESHWAR NATH TIWARI,RASHTRIYA VIKLANG PARTY,3836,0.42,Lost
Uttar Pradesh,Salempur,CHHOTELAL,Independent,2283,0.25,Lost
Uttar Pradesh,Salempur,VIDYA SHANKER PANDEY,Independent,2430,0.26,Lost
Uttar Pradesh,Salempur,VISHRAM,Independent,4813,0.52,Lost
Uttar Pradesh,Salempur,SUNIL KUMAR PANDEY,Independent,6267,0.68,Lost
Uttar Pradesh,Salempur,NOTA,None of the Above,7799,0.85,Lost
Uttar Pradesh,Sambhal,MAJOR JAGAT PAL SINGH,Indian National Congress,12105,1.02,Lost
Uttar Pradesh,Sambhal,PARAMESHVAR LAL SAINI,Bharatiya Janata Party,483180,40.83,Lost
Uttar Pradesh,Sambhal,DR. SHAFIQUR REHMAN BARQ,Samajwadi Party,658006,55.6,Lost
Uttar Pradesh,Sambhal,ILYAS,Bhartiya Hind Fauj,4081,0.34,Lost
Uttar Pradesh,Sambhal,KARAN SINGH YADAV,Pragatishil Samajwadi Party (Lohia),4198,0.35,Lost
Uttar Pradesh,Sambhal,BHOJRAJ,Swatantra Jantaraj Party,746,0.06,Lost
Uttar Pradesh,Sambhal,RAM CHANDRA,Bharat Prabhat Party,645,0.05,Lost
Uttar Pradesh,Sambhal,SHAHLA WAJID,Ambedkar Samaj Party,1048,0.09,Lost
Uttar Pradesh,Sambhal,HASAN RAZA,Rashtriya Ulama Council,1227,0.1,Lost
Uttar Pradesh,Sambhal,FIROZ KHAN,Independent,2734,0.23,Lost
Uttar Pradesh,Sambhal,MOHD. MASROOR,Independent,3628,0.31,Lost
Uttar Pradesh,Sambhal,VIRENDRA KUMAR PRAJAPATI,Independent,4641,0.39,Lost
Uttar Pradesh,Sambhal,NOTA,None of the Above,7230,0.61,Lost
Uttar Pradesh,Sant Kabir Nagar,PRAVEEN KUMAR NISHAD,Bharatiya Janata Party,467543,43.97,Lost
Uttar Pradesh,Sant Kabir Nagar,BHAL CHANDRA YADAV,Indian National Congress,128506,12.08,Lost
Uttar Pradesh,Sant Kabir Nagar,BHEESHMA SHANKAR,Bahujan Samaj Party,431794,40.61,Lost
Uttar Pradesh,Sant Kabir Nagar,AKHILESH KUMAR,Moulik Adhikar Party,8025,0.75,Lost
Uttar Pradesh,Sant Kabir Nagar,ANAND KUMAR GAUTAM,Bahujan Mukti Party,3987,0.37,Lost
Uttar Pradesh,Sant Kabir Nagar,RAJENDRA YADAV,Independent,6932,0.65,Lost
Uttar Pradesh,Sant Kabir Nagar,LOTAN,Independent,3972,0.37,Lost
Uttar Pradesh,Sant Kabir Nagar,NOTA,None of the Above,12631,1.19,Lost
Uttar Pradesh,Shahjahanpur,Amar Chandra Jauhar,Bahujan Samaj Party,420572,35.46,Lost
Uttar Pradesh,Shahjahanpur,Arun Kumar Sagar,Bharatiya Janata Party,688990,58.09,Lost
Uttar Pradesh,Shahjahanpur,Brahm Swaroop Sagar,Indian National Congress,35283,2.97,Lost
Uttar Pradesh,Shahjahanpur,Manish Chandra Kori,Communist Party of India,9464,0.8,Lost
Uttar Pradesh,Shahjahanpur,Kishan Lal,Sanyukt Vikas Party,2250,0.19,Lost
Uttar Pradesh,Shahjahanpur,Kuwar Pal Singh Gautam,Jan Seva Sahayak Party,1151,0.1,Lost
Uttar Pradesh,Shahjahanpur,Dharmvir Balmiki,Bhartiya Bhaichara Party,1159,0.1,Lost
Uttar Pradesh,Shahjahanpur,Narveer Fauji,Pragatishil Samajwadi Party (Lohia),2104,0.18,Lost
Uttar Pradesh,Shahjahanpur,Manohar Lal Saroj,Netaji Subhash Chander Bose Rashtriya Azad Party,2342,0.2,Lost
Uttar Pradesh,Shahjahanpur,Ramesh Chandra Verma,Manav Kranti Party,1344,0.11,Lost
Uttar Pradesh,Shahjahanpur,Sohan Pal alias Sonpal,Bhartiya Krishak Dal,1712,0.14,Lost
Uttar Pradesh,Shahjahanpur,Arun Kumar,Independent,2837,0.24,Lost
Uttar Pradesh,Shahjahanpur,Vineet,Independent,2604,0.22,Lost
Uttar Pradesh,Shahjahanpur,Shyamacharan,Independent,5308,0.45,Lost
Uttar Pradesh,Shahjahanpur,NOTA,None of the Above,9037,0.76,Lost
Uttar Pradesh,Shrawasti,DADDAN MISHRA,Bharatiya Janata Party,436451,43.78,Lost
Uttar Pradesh,Shrawasti,DHIRENDRA PRATAP SINGH,Indian National Congress,58042,5.82,Lost
Uttar Pradesh,Shrawasti,NABBAN KHAN,Communist Party of India,12662,1.27,Lost
Uttar Pradesh,Shrawasti,RAM SHIROMANI,Bahujan Samaj Party,441771,44.31,Lost
Uttar Pradesh,Shrawasti,RAJWANT SINGH,Shivsena,7479,0.75,Lost
Uttar Pradesh,Shrawasti,RAM KUMAR PANDEY,Hindusthan Nirman Dal,4325,0.43,Lost
Uttar Pradesh,Shrawasti,HANOMAN PRASAD MISHRA,Kisan Mazdoor Sangharsh Party,3165,0.32,Lost
Uttar Pradesh,Shrawasti,ARJUN,Independent,3509,0.35,Lost
Uttar Pradesh,Shrawasti,UGRASEN SINGH,Independent,7064,0.71,Lost
Uttar Pradesh,Shrawasti,BALMUKUND,Independent,5431,0.54,Lost
Uttar Pradesh,Shrawasti,NOTA,None of the Above,17108,1.72,Lost
Uttar Pradesh,Sitapur,Qaiser Jahan,Indian National Congress,96018,9.02,Lost
Uttar Pradesh,Sitapur,Nakul Dubey,Bahujan Samaj Party,413695,38.86,Lost
Uttar Pradesh,Sitapur,Rajesh Verma,Bharatiya Janata Party,514528,48.33,Lost
Uttar Pradesh,Sitapur,Anil Singh,Aam Janta Party (India),7532,0.71,Lost
Uttar Pradesh,Sitapur,Abu bakar,Bharat Prabhat Party,1828,0.17,Lost
Uttar Pradesh,Sitapur,Geeta Devi,Bahujan Awam Party,1441,0.14,Lost
Uttar Pradesh,Sitapur,Mahendra Kumar,Awami Samta Party,2332,0.22,Lost
Uttar Pradesh,Sitapur,Vijay Kumar Mishra,Pragatishil Samajwadi Party (Lohia),1742,0.16,Lost
Uttar Pradesh,Sitapur,Turab Ali,Independent,4508,0.42,Lost
Uttar Pradesh,Sitapur,Pyare Lal Bhargva,Independent,4448,0.42,Lost
Uttar Pradesh,Sitapur,Vinod Kumar,Independent,4083,0.38,Lost
Uttar Pradesh,Sitapur,Shuchita Kumar,Independent,3493,0.33,Lost
Uttar Pradesh,Sitapur,NOTA,None of the Above,8873,0.83,Lost
Uttar Pradesh,Sultanpur,"CHANDRA BHADRA SINGH ""SSONU""",Bahujan Samaj Party,444670,44.45,Lost
Uttar Pradesh,Sultanpur,MANEKA SANJAI GANDHI,Bharatiya Janata Party,459196,45.91,Lost
Uttar Pradesh,Sultanpur,Dr. SANJAY SINH,Indian National Congress,41681,4.17,Lost
Uttar Pradesh,Sultanpur,RISHABH SHRIVASTAVA,Bhartiya Hind Fauj,2427,0.24,Lost
Uttar Pradesh,Sultanpur,KAMLA DEVI,Pragatishil Samajwadi Party (Lohia),11494,1.15,Lost
Uttar Pradesh,Sultanpur,NASIR ALI,Bharat Prabhat Party,1246,0.12,Lost
Uttar Pradesh,Sultanpur,FIROJ AHAMAD,Kanshiram Bahujan Dal,1592,0.16,Lost
Uttar Pradesh,Sultanpur,MANJU LATA PAL,Aam Janta Party (India),2148,0.21,Lost
Uttar Pradesh,Sultanpur,SUNITA RAJBHAR,Suheldev Bharatiya Samaj Party,4271,0.43,Lost
Uttar Pradesh,Sultanpur,HARI LAL,Rastriya Insaaf Party,3265,0.33,Lost
Uttar Pradesh,Sultanpur,AKHILESH,Independent,1828,0.18,Lost
Uttar Pradesh,Sultanpur,ABU UMAIMA,Independent,1577,0.16,Lost
Uttar Pradesh,Sultanpur,MATHURA,Independent,2226,0.22,Lost
Uttar Pradesh,Sultanpur,RAJ KUMAR,Independent,5756,0.58,Lost
Uttar Pradesh,Sultanpur,VIRENDRA,Independent,7168,0.72,Lost
Uttar Pradesh,Sultanpur,NOTA,None of the Above,9771,0.98,Lost
Uttar Pradesh,Unnao,Annu Tandon,Indian National Congress,185634,15.01,Lost
Uttar Pradesh,Unnao,Arun Shanker Shukla,Samajwadi Party,302551,24.46,Lost
Uttar Pradesh,Unnao,Swami Sakshi Ji Maharaj,Bharatiya Janata Party,703507,56.87,Lost
Uttar Pradesh,Unnao,Umar Khan,Nagrik Ekta Party,11123,0.9,Lost
Uttar Pradesh,Unnao,Chedi Lal,Bharat Prabhat Party,3090,0.25,Lost
Uttar Pradesh,Unnao,Deepak Chaurasia,Janhit Kisan Party,5715,0.46,Lost
Uttar Pradesh,Unnao,Shailesh Kushwaha,Aajad Bharat Party (Democratic),3550,0.29,Lost
Uttar Pradesh,Unnao,Satish Kumar Shukla,Pragatishil Samajwadi Party (Lohia),6711,0.54,Lost
Uttar Pradesh,Unnao,Satyendra Nath Gaur,Independent,4005,0.32,Lost
Uttar Pradesh,Unnao,NOTA,None of the Above,11190,0.9,Lost
Uttar Pradesh,Varanasi,AJAY RAI,Indian National Congress,152548,14.38,Lost
Uttar Pradesh,Varanasi,NARENDRA MODI,Bharatiya Janata Party,674664,63.62,Lost
Uttar Pradesh,Varanasi,SHALINI YADAV,Samajwadi Party,195159,18.4,Lost
Uttar Pradesh,Varanasi,ANIL KUMAR CHAURASIYA,Janhit Kisan Party,2758,0.26,Lost
Uttar Pradesh,Varanasi,AMRESH MISHRA,Bharat Prabhat Party,555,0.05,Lost
Uttar Pradesh,Varanasi,AASHIN U. S.,Indian Gandhiyan Party,504,0.05,Lost
Uttar Pradesh,Varanasi,ASHUTOSH KUMAR PANDEY,Mera Adhikaar Rashtriya Dal,499,0.05,Lost
Uttar Pradesh,Varanasi,UMESH CHANDRA KATIYAR,Al-Hind Party,637,0.06,Lost
Uttar Pradesh,Varanasi,TIRBHUWAN SHARMA,Bharatiya Rashtravadi Samanta Party,1695,0.16,Lost
Uttar Pradesh,Varanasi,ADVOCATE PREM NATH SHARMA,Moulik Adhikar Party,1606,0.15,Lost
Uttar Pradesh,Varanasi,BRAJENDRA DUTT TRIPATHI,Adarshwaadi Congress Party,838,0.08,Lost
Uttar Pradesh,Varanasi,Dr. RAKESH PRATAP,Bharatiya Jan Kranti Dal (Democratic),907,0.09,Lost
Uttar Pradesh,Varanasi,RAJESH BHARTI SURYA,Rashtriya Ambedkar Dal,1258,0.12,Lost
Uttar Pradesh,Varanasi,RAMSHARAN,Vikas Insaf Party,1237,0.12,Lost
Uttar Pradesh,Varanasi,Dr. SHEKH SIRAJ BABA,Rashtriya Matadata Party,1771,0.17,Lost
Uttar Pradesh,Varanasi,SURENDRA RAJBHAR,Suheldev Bharatiya Samaj Party,8892,0.84,Lost
Uttar Pradesh,Varanasi,HARI BHAI PATEL,Aam Janta Party (India),1340,0.13,Lost
Uttar Pradesh,Varanasi,HEENA SHAHID,Janhit Bharat Party,1914,0.18,Lost
Uttar Pradesh,Varanasi,ATEEK AHMAD,Independent,855,0.08,Lost
Uttar Pradesh,Varanasi,ISHWAR DAYAL SINGH SETH,Independent,657,0.06,Lost
Uttar Pradesh,Varanasi,CHANDRIKA PRASAD,Independent,331,0.03,Lost
Uttar Pradesh,Varanasi,MANISH SHRIVASTAVA,Independent,350,0.03,Lost
Uttar Pradesh,Varanasi,MANOHAR ANANDRAO PATIL,Independent,2134,0.2,Lost
Uttar Pradesh,Varanasi,MAANAV,Independent,1435,0.14,Lost
Uttar Pradesh,Varanasi,SUNNAM ISTARI,Independent,798,0.08,Lost
Uttar Pradesh,Varanasi,SUNIL KUMAR,Independent,1097,0.1,Lost
Uttar Pradesh,Varanasi,NOTA,None of the Above,4037,0.38,Lost
Uttarakhand,Almora,Ajay Tamta,Bharatiya Janata Party,444651,64.03,Lost
Uttarakhand,Almora,Pradeep Tamta,Indian National Congress,211665,30.48,Lost
Uttarakhand,Almora,Sunder Dhoni (Advocate),Bahujan Samaj Party,10190,1.47,Lost
Uttarakhand,Almora,K.L. Arya,Uttarakhand Kranti Dal,4060,0.58,Lost
Uttarakhand,Almora,Dropadi Verma,Uttarakhand Kranti Dal (Democratic),3050,0.44,Lost
Uttarakhand,Almora,Advocate Vimla Arya,UTTARAKHAND PARIVARTAN PARTY,5351,0.77,Lost
Uttarakhand,Almora,NOTA,None of the Above,15505,2.23,Lost
Uttarakhand,Garhwal,Tirath Singh Rawat,Bharatiya Janata Party,506980,68.25,Lost
Uttarakhand,Garhwal,Manish Khanduri,Indian National Congress,204311,27.51,Lost
Uttarakhand,Garhwal,Dilendrr Pal Singh,Uttarakhand Kranti Dal (Democratic),5283,0.71,Lost
Uttarakhand,Garhwal,Dr. Mukesh Semwal,SOCIALIST UNITY CENTRE OF INDIA (COMMUNIST),1437,0.19,Lost
Uttarakhand,Garhwal,Shanti Prasad Bhatt,Uttarakhand Kranti Dal,1951,0.26,Lost
Uttarakhand,Garhwal,Anandmani Dutt Joshi,Independent,1453,0.2,Lost
Uttarakhand,Garhwal,Bhagwat Prasad,Independent,1601,0.22,Lost
Uttarakhand,Garhwal,Dr. Ramendra Singh Bhandari,Independent,2190,0.29,Lost
Uttarakhand,Garhwal,Vinod Prasad Notiyal,Independent,5302,0.71,Lost
Uttarakhand,Garhwal,NOTA,None of the Above,12276,1.65,Lost
Uttarakhand,Hardwar,Dr. Antriksh Saini,Bahujan Samaj Party,173528,13.65,Lost
Uttarakhand,Hardwar,Ambrish Kumar,Indian National Congress,406945,32.02,Lost
Uttarakhand,Hardwar,Ramesh Pokhriyal 'Nishank',Bharatiya Janata Party,665674,52.37,Lost
Uttarakhand,Hardwar,Tribirendra Singh Rawat,Uttarakhand Kranti Dal (Democratic),3573,0.28,Lost
Uttarakhand,Hardwar,Narendra Chauhan,Bhartiya Sarvodaya Party,937,0.07,Lost
Uttarakhand,Hardwar,Furkan Ali Advocate,Pragatishil Samajwadi Party (Lohia),707,0.06,Lost
Uttarakhand,Hardwar,Bhanpal Singh,Bahujan Mukti Party,803,0.06,Lost
Uttarakhand,Hardwar,Reenu,Hindusthan Nirman Dal,897,0.07,Lost
Uttarakhand,Hardwar,Lalit Kumar,Peoples Party of India (Democratic),738,0.06,Lost
Uttarakhand,Hardwar,Surendra Kumar Upadhayay,Uttarakhand Kranti Dal,1662,0.13,Lost
Uttarakhand,Hardwar,Aadil,Independent,1319,0.1,Lost
Uttarakhand,Hardwar,Dharmendra,Independent,1134,0.09,Lost
Uttarakhand,Hardwar,Bachi Singh,Independent,1367,0.11,Lost
Uttarakhand,Hardwar,"Thakur Manish Singh (Verma) ""Swabhimani""",Independent,2913,0.23,Lost
Uttarakhand,Hardwar,Shishupal Singh,Independent,2552,0.2,Lost
Uttarakhand,Hardwar,NOTA,None of the Above,6281,0.49,Lost
Uttarakhand,Nainital-udhamsingh Nagar,Ajay Bhatt,Bharatiya Janata Party,772195,61.35,Lost
Uttarakhand,Nainital-udhamsingh Nagar,Er. Navneet Agarwal,Bahujan Samaj Party,28455,2.26,Lost
Uttarakhand,Nainital-udhamsingh Nagar,Harish Rawat,Indian National Congress,433099,34.41,Lost
Uttarakhand,Nainital-udhamsingh Nagar,Comrade Dr. Kailash Pandey,Communist Party of India (Marxist-Leninist) (Liberation),5488,0.44,Lost
Uttarakhand,Nainital-udhamsingh Nagar,Er. Jyoti Prakash Tamta,Bahujan Mukti Party,2053,0.16,Lost
Uttarakhand,Nainital-udhamsingh Nagar,Prem Prasad Arya,Pragatisheel Lok Manch,3339,0.27,Lost
Uttarakhand,Nainital-udhamsingh Nagar,Sukumar Vishvas,Independent,3333,0.26,Lost
Uttarakhand,Nainital-udhamsingh Nagar,NOTA,None of the Above,10608,0.84,Lost
Uttarakhand,Tehri Garhwal,PRITAM SINGH,Indian National Congress,264747,30.22,Lost
Uttarakhand,Tehri Garhwal,MALA RAJYA LAXMI SHAH,Bharatiya Janata Party,565333,64.53,Lost
Uttarakhand,Tehri Garhwal,RAJENDRA PUROHIT,Communist Party of India (Marxist),6626,0.76,Lost
Uttarakhand,Tehri Garhwal,SATYAPAL,Bahujan Samaj Party,4582,0.52,Lost
Uttarakhand,Tehri Garhwal,ANU PANT,Uttarakhand Kranti Dal (Democratic),723,0.08,Lost
Uttarakhand,Tehri Garhwal,GAUTAM SINGH BISHT,Sarv Vikas Party,688,0.08,Lost
Uttarakhand,Tehri Garhwal,JAY PRAKASH UPADHYAY,Uttarakhand Kranti Dal,1157,0.13,Lost
Uttarakhand,Tehri Garhwal,(CA) SANJAY KUNDALIYA,Uttarakhand Pragatisheel Party,1098,0.13,Lost
Uttarakhand,Tehri Garhwal,GOPAL MANI,Independent,10686,1.22,Lost
Uttarakhand,Tehri Garhwal,DAULAT KUNWAR,Independent,1399,0.16,Lost
Uttarakhand,Tehri Garhwal,BRIJ BHUSHAN KARANWAL,Independent,1962,0.22,Lost
Uttarakhand,Tehri Garhwal,BARHM DEV JHA,Independent,1446,0.17,Lost
Uttarakhand,Tehri Garhwal,MADHU SHAH,Independent,1483,0.17,Lost
Uttarakhand,Tehri Garhwal,SANJAY GOYAL,Independent,2406,0.27,Lost
Uttarakhand,Tehri Garhwal,SARDAR KHAN (PAPPU),Independent,5457,0.62,Lost
Uttarakhand,Tehri Garhwal,NOTA,None of the Above,6276,0.72,Lost
West Bengal,Alipurduars,JOHN BARLA,Bharatiya Janata Party,750804,54.4,Lost
West Bengal,Alipurduars,DASRATH TIRKEY,All India Trinamool Congress,506815,36.72,Lost
West Bengal,Alipurduars,MILI ORAON,Revolutionary Socialist Party,54010,3.91,Lost
West Bengal,Alipurduars,MOHANLAL BASUMATA,Indian National Congress,27427,1.99,Lost
West Bengal,Alipurduars,RABICHAN RABHA,SOCIALIST UNITY CENTRE OF INDIA (COMMUNIST),4165,0.3,Lost
West Bengal,Alipurduars,GERGORY TRIKEY,Independent,4303,0.31,Lost
West Bengal,Alipurduars,PRASEN JAYANT KINDO,Independent,11518,0.83,Lost
West Bengal,Alipurduars,NOTA,None of the Above,21175,1.53,Lost
West Bengal,Arambagh,APARUPA PODDAR (AFRIN ALI),All India Trinamool Congress,649929,44.15,Lost
West Bengal,Arambagh,JYOTI KUMARI DAS,Indian National Congress,25128,1.71,Lost
West Bengal,Arambagh,TAPAN KUMAR RAY,Bharatiya Janata Party,648787,44.08,Lost
West Bengal,Arambagh,SAKTI MOHAN MALIK,Communist Party of India (Marxist),100520,6.83,Lost
West Bengal,Arambagh,SAMIR MITRA,Bahujan Samaj Party,4714,0.32,Lost
West Bengal,Arambagh,JHANTU LAL PAKRE,Bharatiya Nyay-Adhikar Raksha Party,2618,0.18,Lost
West Bengal,Arambagh,PROSANTA MALIK,SOCIALIST UNITY CENTRE OF INDIA (COMMUNIST),3473,0.24,Lost
West Bengal,Arambagh,BINAY KUMAR MALIK,Rashtriya Janadhikar Suraksha Party,8669,0.59,Lost
West Bengal,Arambagh,CHITTARANJAN MALLICK,Independent,7648,0.52,Lost
West Bengal,Arambagh,NOTA,None of the Above,20495,1.39,Lost
West Bengal,Asansol,GOURANGA CHATTERJEE,Communist Party of India (Marxist),87608,7.08,Lost
West Bengal,Asansol,BABUL SUPRIYO,Bharatiya Janata Party,633378,51.16,Lost
West Bengal,Asansol,BISWARUP MONDAL,Indian National Congress,21038,1.7,Lost
West Bengal,Asansol,MOON MOON SEN,All India Trinamool Congress,435741,35.19,Lost
West Bengal,Asansol,SANDIP SARKAR,Bahujan Samaj Party,7860,0.63,Lost
West Bengal,Asansol,ABHISHEKH KUMAR SINGH,Shivsena,5761,0.47,Lost
West Bengal,Asansol,AMARNATH CHOWDHURY,SOCIALIST UNITY CENTRE OF INDIA (COMMUNIST),4383,0.35,Lost
West Bengal,Asansol,MD. ZAHIR ALAM,Bahujan Mukti Party,12677,1.02,Lost
West Bengal,Asansol,KAJAL BANERJEE,Independent,5176,0.42,Lost
West Bengal,Asansol,Swaraj Das (BAPI),Independent,10066,0.81,Lost
West Bengal,Asansol,NOTA,None of the Above,14447,1.17,Lost
West Bengal,Baharampur,ADHIR RANJAN CHOWDHURY,Indian National Congress,591106,45.47,Lost
West Bengal,Baharampur,APURBA SARKAR (DAVID),All India Trinamool Congress,510410,39.26,Lost
West Bengal,Baharampur,ID MOHAMMAD,Revolutionary Socialist Party,13362,1.03,Lost
West Bengal,Baharampur,KUSHADHAJ BALA,Bahujan Samaj Party,2914,0.22,Lost
West Bengal,Baharampur,KRISHNA JOYARDAR,Bharatiya Janata Party,143038,11.0,Lost
West Bengal,Baharampur,ANISUL AMBIA,SOCIALIST UNITY CENTRE OF INDIA (COMMUNIST),2642,0.2,Lost
West Bengal,Baharampur,ASISH SINGHA,Shivsena,1217,0.09,Lost
West Bengal,Baharampur,KASHINATH DUTTA,Republican Party of India (A),1803,0.14,Lost
West Bengal,Baharampur,MD EZARUDDIN,Jamat-E-Seratul Mustakim,3046,0.23,Lost
West Bengal,Baharampur,DURBADAL DAS,Independent,2691,0.21,Lost
West Bengal,Baharampur,SAMIR BISWAS,Independent,13682,1.05,Lost
West Bengal,Baharampur,NOTA,None of the Above,14086,1.08,Lost
West Bengal,Balurghat,Arpita Ghosh,All India Trinamool Congress,506024,42.24,Lost
West Bengal,Balurghat,Abdus Sadek Sarkar,Indian National Congress,36783,3.07,Lost
West Bengal,Balurghat,Nalin Chandra Murmu,Bahujan Samaj Party,3320,0.28,Lost
West Bengal,Balurghat,Ranen Barman,Revolutionary Socialist Party,72990,6.09,Lost
West Bengal,Balurghat,Sukanta Majumdar,Bharatiya Janata Party,539317,45.02,Lost
West Bengal,Balurghat,Naran Tudu,Jharkhand Mukti Morcha,6387,0.53,Lost
West Bengal,Balurghat,Nubash Chandra Barman,Kamatapur Peoples Party (United),1763,0.15,Lost
West Bengal,Balurghat,Biren Mahanta,SOCIALIST UNITY CENTRE OF INDIA (COMMUNIST),1526,0.13,Lost
West Bengal,Balurghat,Manas Chakraborty,Communist Party of India (Marxist-Leninist) Red Star,1349,0.11,Lost
West Bengal,Balurghat,Ranjit Kumar Mohanta,Shivsena,3300,0.28,Lost
West Bengal,Balurghat,Ranendra Nath Mali,Bahujan Mukti Party,2007,0.17,Lost
West Bengal,Balurghat,Bibhuti Tudu,Independent,4719,0.39,Lost
West Bengal,Balurghat,Muslima Khatun,Independent,4950,0.41,Lost
West Bengal,Balurghat,NOTA,None of the Above,13414,1.12,Lost
West Bengal,Bangaon,ALAKESH DAS,Communist Party of India (Marxist),90122,6.4,Lost
West Bengal,Bangaon,CHANDAN MALLICK,Bahujan Samaj Party,4707,0.33,Lost
West Bengal,Bangaon,MAMATA THAKUR,All India Trinamool Congress,576028,40.92,Lost
West Bengal,Bangaon,SHANTANU THAKUR,Bharatiya Janata Party,687622,48.85,Lost
West Bengal,Bangaon,SOURAV PROSAD,Indian National Congress,22618,1.61,Lost
West Bengal,Bangaon,SAMARESH BISWAS,Party for Democratic Socialism,1913,0.14,Lost
West Bengal,Bangaon,SUBRATA BISWAS,Bahujan Mukti Party,1291,0.09,Lost
West Bengal,Bangaon,SWAPAN MONDAL,SOCIALIST UNITY CENTRE OF INDIA (COMMUNIST),4544,0.32,Lost
West Bengal,Bangaon,ANIMESH CHANDRA HALDER,Independent,9524,0.68,Lost
West Bengal,Bangaon,SWAPAN KUMAR ROY,Independent,1859,0.13,Lost
West Bengal,Bangaon,NOTA,None of the Above,7530,0.53,Lost
West Bengal,Bankura,AMIYA PATRA,Communist Party of India (Marxist),100282,7.31,Lost
West Bengal,Bankura,MAHADEB BAURI,Bahujan Samaj Party,6707,0.49,Lost
West Bengal,Bankura,SUBRATA MUKHERJEE,All India Trinamool Congress,500986,36.52,Lost
West Bengal,Bankura,DR. SUBHAS SARKAR,Bharatiya Janata Party,675319,49.23,Lost
West Bengal,Bankura,ANIMESH MAL,Bharatiya Nyay-Adhikar Raksha Party,9123,0.67,Lost
West Bengal,Bankura,ANANDA KUMAR SAREN,Rashtriya Janadhikar Suraksha Party,3228,0.24,Lost
West Bengal,Bankura,GOUR CHANDRA (AKHAN) HEMBRAM,Jharkhand People's Party,2220,0.16,Lost
West Bengal,Bankura,DR. TANMAY MANDAL,SOCIALIST UNITY CENTRE OF INDIA (COMMUNIST),5679,0.41,Lost
West Bengal,Bankura,PRABIR BANERJEE,Jharkhand Anushilan Party,4164,0.3,Lost
West Bengal,Bankura,SUKCHAND SAREN,Communist Party of India (Marxist-Leninist) Red Star,2889,0.21,Lost
West Bengal,Bankura,SUBHASH SARKAR,Shivsena,9072,0.66,Lost
West Bengal,Bankura,ABDUL RAHIM MALLIK,Independent,5819,0.42,Lost
West Bengal,Bankura,BIBHUTI SARDAR,Independent,12372,0.9,Lost
West Bengal,Bankura,MILAN MANDI,Independent,14942,1.09,Lost
West Bengal,Bankura,SHYAMAL KUMAR PALIT,Independent,5034,0.37,Lost
West Bengal,Bankura,NOTA,None of the Above,14019,1.02,Lost
West Bengal,Barasat,Dr. Kakoli Ghoshdastidar,All India Trinamool Congress,648084,46.47,Lost
West Bengal,Barasat,Mrinal Kanti Debnath,Bharatiya Janata Party,538101,38.58,Lost
West Bengal,Barasat,Sukumar Bala,Bahujan Samaj Party,9740,0.7,Lost
West Bengal,Barasat,Subrata Dutta,Indian National Congress,37271,2.67,Lost
West Bengal,Barasat,Haripada Biswas,All India Forward Bloc,123974,8.89,Lost
West Bengal,Barasat,Oli Mahammad Mallick,Communist Party of India (Marxist-Leninist) Red Star,1306,0.09,Lost
West Bengal,Barasat,Tushar Ghosh,SOCIALIST UNITY CENTRE OF INDIA (COMMUNIST),1754,0.13,Lost
West Bengal,Barasat,Dipankar Baidya,Rashtriya Janasachetan Party (R.J.P.),1277,0.09,Lost
West Bengal,Barasat,Debasish Biswas,Amra Bangalee,2348,0.17,Lost
West Bengal,Barasat,Bani Chakraborty,Shivsena,3116,0.22,Lost
West Bengal,Barasat,Saurav Basu,Rashtriya Janadhikar Suraksha Party,4425,0.32,Lost
West Bengal,Barasat,Mrinal Kanti Bhattacharjee,Independent,5601,0.4,Lost
West Bengal,Barasat,NOTA,None of the Above,17769,1.27,Lost
West Bengal,Bardhaman Durgapur,S.S AHLUWALIA,Bharatiya Janata Party,598376,41.76,Lost
West Bengal,Bardhaman Durgapur,ABHAS RAY CHAUDHURI,Communist Party of India (Marxist),161329,11.26,Lost
West Bengal,Bardhaman Durgapur,DR. MAMTAZ SANGHAMITA,All India Trinamool Congress,595937,41.59,Lost
West Bengal,Bardhaman Durgapur,RANAJIT MUKHERJEE,Indian National Congress,38516,2.69,Lost
West Bengal,Bardhaman Durgapur,RAMKRISHNA MALIK (DEV),Bahujan Samaj Party,13766,0.96,Lost
West Bengal,Bardhaman Durgapur,SUCHETA KUNDU(BANERJEE),SOCIALIST UNITY CENTRE OF INDIA (COMMUNIST),6543,0.46,Lost
West Bengal,Bardhaman Durgapur,NOTA,None of the Above,18540,1.29,Lost
West Bengal,Bardhaman Purba,ISWAR CHANDRA DAS,Communist Party of India (Marxist),175920,12.22,Lost
West Bengal,Bardhaman Purba,PARESH CHANDRA DAS,Bharatiya Janata Party,551523,38.32,Lost
West Bengal,Bardhaman Purba,MUKUL BISWAS,Bahujan Samaj Party,8862,0.62,Lost
West Bengal,Bardhaman Purba,SIDDHARTHA MAJUMDAR,Indian National Congress,38472,2.67,Lost
West Bengal,Bardhaman Purba,SUNIL KUMAR MONDAL,All India Trinamool Congress,640834,44.52,Lost
West Bengal,Bardhaman Purba,NIRMAL MAJHI,SOCIALIST UNITY CENTRE OF INDIA (COMMUNIST),6419,0.45,Lost
West Bengal,Bardhaman Purba,BIPLAB MISTRI,Bharatiya Nyay-Adhikar Raksha Party,6496,0.45,Lost
West Bengal,Bardhaman Purba,NOTA,None of the Above,10760,0.75,Lost
West Bengal,Barrackpore,ARJUN SINGH,Bharatiya Janata Party,472994,42.82,Lost
West Bengal,Barrackpore,GARGI CHATTERJEE,Communist Party of India (Marxist),117456,10.63,Lost
West Bengal,Barrackpore,Tapash Sarkar,Bahujan Samaj Party,3838,0.35,Lost
West Bengal,Barrackpore,DINESH TRIVEDI,All India Trinamool Congress,458137,41.48,Lost
West Bengal,Barrackpore,MD. ALAM,Indian National Congress,15816,1.43,Lost
West Bengal,Barrackpore,Pradip Chaudhuri,SOCIALIST UNITY CENTRE OF INDIA (COMMUNIST),1632,0.15,Lost
West Bengal,Barrackpore,UDAY VEER CHOUDHURY,Independent,670,0.06,Lost
West Bengal,Barrackpore,Kundan Singh,Independent,713,0.06,Lost
West Bengal,Barrackpore,KRISHANPAL BALMIKI,Independent,858,0.08,Lost
West Bengal,Barrackpore,GANESH DAS,Independent,1705,0.15,Lost
West Bengal,Barrackpore,GOPAL RAUT,Independent,1042,0.09,Lost
West Bengal,Barrackpore,MD. SHYEAD AHAMED,Independent,2984,0.27,Lost
West Bengal,Barrackpore,RAMU MANDI,Independent,8136,0.74,Lost
West Bengal,Barrackpore,SHAMPA SIL,Independent,2271,0.21,Lost
West Bengal,Barrackpore,Sourav Singh,Independent,3534,0.32,Lost
West Bengal,Barrackpore,NOTA,None of the Above,12731,1.15,Lost
West Bengal,Basirhat,Abul Kashem Dhali,Bahujan Samaj Party,4680,0.33,Lost
West Bengal,Basirhat,Quazi Abdur Rahim,Indian National Congress,104183,7.27,Lost
West Bengal,Basirhat,Nusrat Jahan Ruhi,All India Trinamool Congress,782078,54.56,Lost
West Bengal,Basirhat,Pallab Sengupta,Communist Party of India,68316,4.77,Lost
West Bengal,Basirhat,Sayantan Basu,Bharatiya Janata Party,431709,30.12,Lost
West Bengal,Basirhat,Ajay Kumar Bain,SOCIALIST UNITY CENTRE OF INDIA (COMMUNIST),3824,0.27,Lost
West Bengal,Basirhat,Imamul Hasan Mallik,Bharatiya Nyay-Adhikar Raksha Party,1609,0.11,Lost
West Bengal,Basirhat,Md. Tabarok Hossain Molla,All India Labour Party,2707,0.19,Lost
West Bengal,Basirhat,Mizanoor Rahaman,Independent,2375,0.17,Lost
West Bengal,Basirhat,Amiya Sarkar,Independent,4065,0.28,Lost
West Bengal,Basirhat,Abdul Hannan Sardar,Independent,3433,0.24,Lost
West Bengal,Basirhat,Parimal Mistri,Independent,10953,0.76,Lost
West Bengal,Basirhat,Subhasis Kumar Bhowmik,Independent,4301,0.3,Lost
West Bengal,Basirhat,NOTA,None of the Above,9106,0.64,Lost
West Bengal,Birbhum,IMAM HOSSAIN,Indian National Congress,75546,5.21,Lost
West Bengal,Birbhum,KARIM REZAUL,Communist Party of India (Marxist),96763,6.68,Lost
West Bengal,Birbhum,DUDH KUMAR MONDAL,Bharatiya Janata Party,565153,38.99,Lost
West Bengal,Birbhum,PRABIR MUKHOPADHYAY,Bahujan Samaj Party,9467,0.65,Lost
West Bengal,Birbhum,SATABDI ROY,All India Trinamool Congress,654077,45.13,Lost
West Bengal,Birbhum,AHAMED FARUK,Rashtravadi Janata Party,15171,1.05,Lost
West Bengal,Birbhum,AYESHA KHATUN,SOCIALIST UNITY CENTRE OF INDIA (COMMUNIST),6000,0.41,Lost
West Bengal,Birbhum,MD. FIROJ ALI,Bharatiya National Janta Dal,9400,0.65,Lost
West Bengal,Birbhum,CHITTARANJAN HANSDA,Independent,5528,0.38,Lost
West Bengal,Birbhum,NOTA,None of the Above,12318,0.85,Lost
West Bengal,Bishnupur,KHAN NARAYAN CHANDRA,Indian National Congress,17932,1.26,Lost
West Bengal,Bishnupur,KHAN SUNIL,Communist Party of India (Marxist),102615,7.22,Lost
West Bengal,Bishnupur,KHAN SAUMITRA,Bharatiya Janata Party,657019,46.25,Lost
West Bengal,Bishnupur,SHYAMAL SANTRA,All India Trinamool Congress,578972,40.75,Lost
West Bengal,Bishnupur,AJIT KUMAR BAURI,SOCIALIST UNITY CENTRE OF INDIA (COMMUNIST),11225,0.79,Lost
West Bengal,Bishnupur,JITENDRA NATH ROY,Communist Party of India (Marxist-Leninist) Red Star,6438,0.45,Lost
West Bengal,Bishnupur,BASUDEB SIKARI,Bahujan Mukti Party,13545,0.95,Lost
West Bengal,Bishnupur,TARANI ROY,Independent,11070,0.78,Lost
West Bengal,Bishnupur,SANJIT KHAN,Independent,7396,0.52,Lost
West Bengal,Bishnupur,NOTA,None of the Above,14436,1.02,Lost
West Bengal,Bolpur,ABHIJIT SAHA,Indian National Congress,30112,2.06,Lost
West Bengal,Bolpur,ASIT KUMAR MAL,All India Trinamool Congress,699171,47.85,Lost
West Bengal,Bolpur,DAS RAMPRASAD,Bharatiya Janata Party,592769,40.57,Lost
West Bengal,Bolpur,DAS SAMIRAN,Bahujan Samaj Party,9165,0.63,Lost
West Bengal,Bolpur,RAM CHANDRA DOME,Communist Party of India (Marxist),91964,6.29,Lost
West Bengal,Bolpur,BIJOY DOLUI,SOCIALIST UNITY CENTRE OF INDIA (COMMUNIST),8797,0.6,Lost
West Bengal,Bolpur,SIMANTA MONDAL,Rashtravadi Janata Party,17013,1.16,Lost
West Bengal,Bolpur,NOTA,None of the Above,12278,0.84,Lost
West Bengal,Cooch behar,ADHIKARY PARESH CHANDRA,All India Trinamool Congress,677363,44.43,Lost
West Bengal,Cooch behar,GOBINDA CHANDRA ROY,All India Forward Bloc,46810,3.07,Lost
West Bengal,Cooch behar,NISITH PRAMANIK,Bharatiya Janata Party,731594,47.98,Lost
West Bengal,Cooch behar,PIYA ROY CHOWDHURY,Indian National Congress,28215,1.85,Lost
West Bengal,Cooch behar,KANGSA RAJ BARMAN,Kamatapur Peoples Party (United),2078,0.14,Lost
West Bengal,Cooch behar,DHANANJOY BARMAN,Welfare Party Of India,1733,0.11,Lost
West Bengal,Cooch behar,PRABHAT ROY,SOCIALIST UNITY CENTRE OF INDIA (COMMUNIST),3174,0.21,Lost
West Bengal,Cooch behar,SUBODH BARMAN,Amra Bangalee,1935,0.13,Lost
West Bengal,Cooch behar,NARESH CHANDRA ROY,Independent,4077,0.27,Lost
West Bengal,Cooch behar,NIRMAL KUMAR ROY,Independent,7069,0.46,Lost
West Bengal,Cooch behar,HAREKRISHNA SARKAR,Independent,6145,0.4,Lost
West Bengal,Cooch behar,NOTA,None of the Above,14490,0.95,Lost
West Bengal,Darjeeling,AMAR SINGH RAI,All India Trinamool Congress,336624,26.56,Lost
West Bengal,Darjeeling,RAJU BISTA,Bharatiya Janata Party,750067,59.19,Lost
West Bengal,Darjeeling,Sankar Malakar,Indian National Congress,65186,5.14,Lost
West Bengal,Darjeeling,SAMAN PATHAK,Communist Party of India (Marxist),50524,3.99,Lost
West Bengal,Darjeeling,SUDIP MANDAL,Bahujan Samaj Party,2259,0.18,Lost
West Bengal,Darjeeling,CHRISTOPHER GAHATRAJ,Indian Democratic Republican Front,1678,0.13,Lost
West Bengal,Darjeeling,TANMAY DUTTA,SOCIALIST UNITY CENTRE OF INDIA (COMMUNIST),1449,0.11,Lost
West Bengal,Darjeeling,DIPAK KUMAR ROY,Kamatapur Peoples Party (United),1539,0.12,Lost
West Bengal,Darjeeling,BHARAT DONG,Gorkha Rashtriya Congress,2952,0.23,Lost
West Bengal,Darjeeling,SUNIL PANDIT,Rashtriya Janasachetan Party (R.J.P.),1505,0.12,Lost
West Bengal,Darjeeling,HARKA BAHADUR CHHETRI,All India Jana Andolan Party,6495,0.51,Lost
West Bengal,Darjeeling,AJAY DAHAL,Independent,2199,0.17,Lost
West Bengal,Darjeeling,RESEEKA CHETTRI,Independent,3359,0.27,Lost
West Bengal,Darjeeling,DIGBIJAY MANDAL,Independent,4117,0.32,Lost
West Bengal,Darjeeling,NIRODE CHANDRA ADHIKARY,Independent,10719,0.85,Lost
West Bengal,Darjeeling,RAJESH SINGH,Independent,15973,1.26,Lost
West Bengal,Darjeeling,NOTA,None of the Above,10625,0.84,Lost
West Bengal,Diamond harbour,ABHISHEK BANERJEE,All India Trinamool Congress,791127,56.15,Lost
West Bengal,Diamond harbour,NILANJAN ROY,Bharatiya Janata Party,470533,33.39,Lost
West Bengal,Diamond harbour,Dr. FUAD HALIM,Communist Party of India (Marxist),93941,6.67,Lost
West Bengal,Diamond harbour,MD. GORIBULLA MOLLA,Bahujan Samaj Party,2911,0.21,Lost
West Bengal,Diamond harbour,SOUMYA AICH ROY,Indian National Congress,19828,1.41,Lost
West Bengal,Diamond harbour,AJAY GHOSH,SOCIALIST UNITY CENTRE OF INDIA (COMMUNIST),1846,0.13,Lost
West Bengal,Diamond harbour,SANTOSH KUMAR,Shivsena,2252,0.16,Lost
West Bengal,Diamond harbour,SWARNALATA SARKAR,Bharatiya Nyay-Adhikar Raksha Party,2018,0.14,Lost
West Bengal,Diamond harbour,PRABIR SARKAR,Independent,2744,0.19,Lost
West Bengal,Diamond harbour,SUBRATA BOSE,Independent,5555,0.39,Lost
West Bengal,Diamond harbour,NOTA,None of the Above,16247,1.15,Lost
West Bengal,Dum dum,NARESH CHANDRA BARUI,Bahujan Samaj Party,4974,0.41,Lost
West Bengal,Dum dum,NEPALDEB BHATTACHARYA,Communist Party of India (Marxist),167590,13.91,Lost
West Bengal,Dum dum,SAMIK BHATTACHARYA,Bharatiya Janata Party,459060,38.11,Lost
West Bengal,Dum dum,SOUGATA RAY,All India Trinamool Congress,512062,42.51,Lost
West Bengal,Dum dum,SAURAV SAHA,Indian National Congress,29097,2.42,Lost
West Bengal,Dum dum,AMIT SENGUPTA,Rashtriya Janasachetan Party (R.J.P.),1186,0.1,Lost
West Bengal,Dum dum,INDRANIL BANERJEE,Shivsena,2395,0.2,Lost
West Bengal,Dum dum,JHUMA SAHA,Party for Democratic Socialism,1705,0.14,Lost
West Bengal,Dum dum,TARUN KUMAR DAS,SOCIALIST UNITY CENTRE OF INDIA (COMMUNIST),2437,0.2,Lost
West Bengal,Dum dum,SHANKAR DAS,Communist Party of India (Marxist-Leninist) Red Star,4379,0.36,Lost
West Bengal,Dum dum,SATYA BRATA BANDYOPADHYAY,Rashtriya Janadhikar Suraksha Party,2964,0.25,Lost
West Bengal,Dum dum,SUBIR DAS,New Democratic Party of India,2320,0.19,Lost
West Bengal,Dum dum,NOTA,None of the Above,14491,1.2,Lost
West Bengal,Ghatal,ADHIKARI DEEPAK (DEV),All India Trinamool Congress,717959,48.22,Lost
West Bengal,Ghatal,KHANDAKAR MD. SAIFULLAH (SAIFUL),Indian National Congress,32839,2.21,Lost
West Bengal,Ghatal,TAPAN GANGULI,Communist Party of India,97060,6.52,Lost
West Bengal,Ghatal,BHARATI GHOSH,Bharatiya Janata Party,609986,40.97,Lost
West Bengal,Ghatal,SURAJIT SENAPATI,Bahujan Samaj Party,7650,0.51,Lost
West Bengal,Ghatal,UJJWAL KUMAR GHATAK,Shivsena,4213,0.28,Lost
West Bengal,Ghatal,DINESH MAIKAP,SOCIALIST UNITY CENTRE OF INDIA (COMMUNIST),5301,0.36,Lost
West Bengal,Ghatal,NOTA,None of the Above,13810,0.93,Lost
West Bengal,Hooghly,PRATUL CHANDRA SAHA,Indian National Congress,25374,1.74,Lost
West Bengal,Hooghly,PRADIP SAHA,Communist Party of India (Marxist),121588,8.34,Lost
West Bengal,Hooghly,VIJAY KUMAR MAHATO,Bahujan Samaj Party,5138,0.35,Lost
West Bengal,Hooghly,DR. RATNA DE (NAG),All India Trinamool Congress,598086,41.03,Lost
West Bengal,Hooghly,LOCKET CHATTERJEE,Bharatiya Janata Party,671448,46.06,Lost
West Bengal,Hooghly,BHASKAR GHOSH,SOCIALIST UNITY CENTRE OF INDIA (COMMUNIST),8082,0.55,Lost
West Bengal,Hooghly,SAJAL ADHIKARI,Communist Party of India (Marxist-Leninist) (Liberation),8012,0.55,Lost
West Bengal,Hooghly,DULAL CH. HEMBRAM,Independent,3080,0.21,Lost
West Bengal,Hooghly,NOOR HOSSAIN MONDAL,Independent,3509,0.24,Lost
West Bengal,Hooghly,NOTA,None of the Above,13525,0.93,Lost
West Bengal,Howrah,Prasun Banerjee,All India Trinamool Congress,576711,47.18,Lost
West Bengal,Howrah,Rantidev Sengupta,Bharatiya Janata Party,473016,38.7,Lost
West Bengal,Howrah,SUVRA GHOSH,Indian National Congress,32107,2.63,Lost
West Bengal,Howrah,Sumitro Adhikary,Communist Party of India (Marxist),105547,8.64,Lost
West Bengal,Howrah,GAUTAM KUMAR SHAW,Purvanchal Janta Party (Secular),1379,0.11,Lost
West Bengal,Howrah,CHANDRA SEKHAR JHA,Shivsena,1840,0.15,Lost
West Bengal,Howrah,Md. Shanawaz,SOCIALIST UNITY CENTRE OF INDIA (COMMUNIST),1120,0.09,Lost
West Bengal,Howrah,Sudarsan Manna,Samajtantric Party of India,730,0.06,Lost
West Bengal,Howrah,ASHRAF ALI,Independent,975,0.08,Lost
West Bengal,Howrah,IMTIAZ AHMED MOLLAH,Independent,1323,0.11,Lost
West Bengal,Howrah,Kanai Sit,Independent,1003,0.08,Lost
West Bengal,Howrah,KASHI NATH MALICK,Independent,1014,0.08,Lost
West Bengal,Howrah,Debasish Mandal,Independent,1347,0.11,Lost
West Bengal,Howrah,PANKAJ GAR,Independent,1179,0.1,Lost
West Bengal,Howrah,SISIR SAMANTA,Independent,3555,0.29,Lost
West Bengal,Howrah,SEKHAR MONDAL,Independent,6447,0.53,Lost
West Bengal,Howrah,SHAILENDRA KUMAR JAISWAL,Independent,3949,0.32,Lost
West Bengal,Howrah,SHYAM PRASAD RAM,Independent,2028,0.17,Lost
West Bengal,Howrah,Samir Mondal,Independent,686,0.06,Lost
West Bengal,Howrah,NOTA,None of the Above,6337,0.52,Lost
West Bengal,Jadavpur,ANUPAM HAZRA,Bharatiya Janata Party,393233,27.37,Lost
West Bengal,Jadavpur,BIKASH RANJAN BHATTACHARYYA,Communist Party of India (Marxist),302264,21.04,Lost
West Bengal,Jadavpur,BIMAL KRISHNA MANDAL,Bahujan Samaj Party,5114,0.36,Lost
West Bengal,Jadavpur,MIMI CHAKRABORTY,All India Trinamool Congress,688472,47.91,Lost
West Bengal,Jadavpur,ANURADHA PUTATUNDA,Party for Democratic Socialism,5549,0.39,Lost
West Bengal,Jadavpur,GOPAL NASKAR,Rashtriya Janasachetan Party (R.J.P.),1343,0.09,Lost
West Bengal,Jadavpur,DR NAZRUL ISLAM,Mulnibasi Party of India,1605,0.11,Lost
West Bengal,Jadavpur,RUPA KHAN,Bharatiya Nyay-Adhikar Raksha Party,1667,0.12,Lost
West Bengal,Jadavpur,SUJATA BANERJEE,SOCIALIST UNITY CENTRE OF INDIA (COMMUNIST),4354,0.3,Lost
West Bengal,Jadavpur,ATANU CHATTERJEE,Independent,2345,0.16,Lost
West Bengal,Jadavpur,KARTIK KAYAL,Independent,9378,0.65,Lost
West Bengal,Jadavpur,KARTICK NASKAR,Independent,2554,0.18,Lost
West Bengal,Jadavpur,MANGAL KUMAR SARDAR,Independent,3475,0.24,Lost
West Bengal,Jadavpur,NOTA,None of the Above,15541,1.08,Lost
West Bengal,Jalpaiguri,Dr. JAYANTA KUMAR ROY,Bharatiya Janata Party,760145,50.65,Lost
West Bengal,Jalpaiguri,JIBAN KRISHNA MAJUMDER,Bahujan Samaj Party,8134,0.54,Lost
West Bengal,Jalpaiguri,BIJOY CHANDRA BARMAN,All India Trinamool Congress,576141,38.39,Lost
West Bengal,Jalpaiguri,BHAGIRATH CHANDRA ROY,Communist Party of India (Marxist),76166,5.07,Lost
West Bengal,Jalpaiguri,MANI KUMAR DARNAL,Indian National Congress,28562,1.9,Lost
West Bengal,Jalpaiguri,KHUSHI RANJAN MONDAL,Amra Bangalee,2205,0.15,Lost
West Bengal,Jalpaiguri,RANJIT KUMAR ROY,Samajwadi Jan Parishad,1899,0.13,Lost
West Bengal,Jalpaiguri,SUBAL CHANDRA ROY,Kamatapur Peoples Party (United),2685,0.18,Lost
West Bengal,Jalpaiguri,HARIBHAKTA SARDAR,SOCIALIST UNITY CENTRE OF INDIA (COMMUNIST),4692,0.31,Lost
West Bengal,Jalpaiguri,SACHIMOHAN BARMAN,Independent,3413,0.23,Lost
West Bengal,Jalpaiguri,SUBHASH BISWAS,Independent,10857,0.72,Lost
West Bengal,Jalpaiguri,HAREKRISHNA SARKAR,Independent,6095,0.41,Lost
West Bengal,Jalpaiguri,NOTA,None of the Above,19928,1.33,Lost
West Bengal,Jangipur,ABHIJIT MUKHERJEE,Indian National Congress,255836,19.61,Lost
West Bengal,Jangipur,KHALILUR RAHAMAN,All India Trinamool Congress,562838,43.15,Lost
West Bengal,Jangipur,MAFUJA KHATUN,Bharatiya Janata Party,317056,24.3,Lost
West Bengal,Jangipur,MD. ZULFIKAR ALI,Communist Party of India (Marxist),95501,7.32,Lost
West Bengal,Jangipur,SHAMIMUL ISLAM,Bahujan Samaj Party,3498,0.27,Lost
West Bengal,Jangipur,DR. S.Q.R. ILYAS,Welfare Party Of India,21302,1.63,Lost
West Bengal,Jangipur,TAIEDUL ISLAM,SOCIAL DEMOCRATIC PARTY OF INDIA,11696,0.9,Lost
West Bengal,Jangipur,DHANANJOY BANERJEE,Purvanchal Janta Party (Secular),2936,0.23,Lost
West Bengal,Jangipur,SAMIRUDDIN,SOCIALIST UNITY CENTRE OF INDIA (COMMUNIST),3857,0.3,Lost
West Bengal,Jangipur,AVIJIT KHAMARU,Independent,5790,0.44,Lost
West Bengal,Jangipur,PRASAD HALDER,Independent,12839,0.98,Lost
West Bengal,Jangipur,NOTA,None of the Above,11355,0.87,Lost
West Bengal,Jhargram,Ashok Kumar Murmu,Bahujan Samaj Party,11324,0.81,Lost
West Bengal,Jhargram,Kunar Hembram,Bharatiya Janata Party,626583,44.56,Lost
West Bengal,Jhargram,Deblina Hembram,Communist Party of India (Marxist),75680,5.38,Lost
West Bengal,Jhargram,Birbaha Saren,All India Trinamool Congress,614816,43.72,Lost
West Bengal,Jhargram,Jageswar Hembram,Indian National Congress,20754,1.48,Lost
West Bengal,Jhargram,Birbaha Hansda,Jharkhand Party (Naren),11204,0.8,Lost
West Bengal,Jhargram,Maheswar Hembram,Akhil Bhartiya Jharkhand Party,8484,0.6,Lost
West Bengal,Jhargram,SUSHIL MANDI,SOCIALIST UNITY CENTRE OF INDIA (COMMUNIST),6449,0.46,Lost
West Bengal,Jhargram,NARENDRA NATH HEMBRAM,Independent,13228,0.94,Lost
West Bengal,Jhargram,NOTA,None of the Above,17692,1.26,Lost
West Bengal,Joynagar,DR. ASHOK KANDARY,Bharatiya Janata Party,444427,32.77,Lost
West Bengal,Joynagar,TAPAN MONDAL,Indian National Congress,18758,1.38,Lost
West Bengal,Joynagar,PRATIMA MONDAL,All India Trinamool Congress,761202,56.13,Lost
West Bengal,Joynagar,SANKAR DEB MONDAL,Bahujan Samaj Party,8533,0.63,Lost
West Bengal,Joynagar,SUBHAS NASKAR,Revolutionary Socialist Party,67913,5.01,Lost
West Bengal,Joynagar,ASHOKE BAIRAGI,New Democratic Party of India,3267,0.24,Lost
West Bengal,Joynagar,JAYKRISHNA HALDAR,SOCIALIST UNITY CENTRE OF INDIA (COMMUNIST),38261,2.82,Lost
West Bengal,Joynagar,SWAPAN KUMAR MANDAL,Rashtriya Janasachetan Party (R.J.P.),3298,0.24,Lost
West Bengal,Joynagar,NOTA,None of the Above,10443,0.77,Lost
West Bengal,Kanthi,Adhikari Sisir,All India Trinamool Congress,711872,49.98,Lost
West Bengal,Kanthi,Dipak Kumar Das,Indian National Congress,16851,1.18,Lost
West Bengal,Kanthi,Dr. Debasish Samanta,Bharatiya Janata Party,600204,42.14,Lost
West Bengal,Kanthi,Paritosh Pattanayak,Communist Party of India (Marxist),76185,5.35,Lost
West Bengal,Kanthi,Barman Khokan,Bahujan Samaj Party,3004,0.21,Lost
West Bengal,Kanthi,Kenaram Misra,Shivsena,4147,0.29,Lost
West Bengal,Kanthi,Manas Pradhan,SOCIALIST UNITY CENTRE OF INDIA (COMMUNIST),3297,0.23,Lost
West Bengal,Kanthi,NOTA,None of the Above,8687,0.61,Lost
West Bengal,Kolkata Dakshin,Chandra Kumar Bose,Bharatiya Janata Party,417927,34.64,Lost
West Bengal,Kolkata Dakshin,Mala Roy,All India Trinamool Congress,573119,47.5,Lost
West Bengal,Kolkata Dakshin,Mita Chakraborty,Indian National Congress,42618,3.53,Lost
West Bengal,Kolkata Dakshin,Nandini Mukherjee,Communist Party of India (Marxist),140275,11.63,Lost
West Bengal,Kolkata Dakshin,Sarfaraz Khan,Bahujan Samaj Party,2360,0.2,Lost
West Bengal,Kolkata Dakshin,Debabrata Bera,SOCIALIST UNITY CENTRE OF INDIA (COMMUNIST),2391,0.2,Lost
West Bengal,Kolkata Dakshin,Sridhar Chandra Bagari,Shivsena,1697,0.14,Lost
West Bengal,Kolkata Dakshin,Badal Mondal,Independent,801,0.07,Lost
West Bengal,Kolkata Dakshin,Gautam Mitra,Independent,701,0.06,Lost
West Bengal,Kolkata Dakshin,Kashinath Das,Independent,1253,0.1,Lost
West Bengal,Kolkata Dakshin,Niraj Agarwal,Independent,1658,0.14,Lost
West Bengal,Kolkata Dakshin,Rita Dutta,Independent,2457,0.2,Lost
West Bengal,Kolkata Dakshin,Santanu Roy,Independent,4564,0.38,Lost
West Bengal,Kolkata Dakshin,NOTA,None of the Above,14824,1.23,Lost
West Bengal,Kolkata Uttar,BANDYOPADHYAY SUDIP,All India Trinamool Congress,474891,49.96,Lost
West Bengal,Kolkata Uttar,KANINIKA BOSE (GHOSH),Communist Party of India (Marxist),71080,7.48,Lost
West Bengal,Kolkata Uttar,OMPRAKASH PRAJAPATI,Bahujan Samaj Party,2597,0.27,Lost
West Bengal,Kolkata Uttar,RAHUL (BISWAJIT) SINHA,Bharatiya Janata Party,347796,36.59,Lost
West Bengal,Kolkata Uttar,SYED SHAHID IMAM,Indian National Congress,26093,2.74,Lost
West Bengal,Kolkata Uttar,BIJNAN KUMAR BERA,SOCIALIST UNITY CENTRE OF INDIA (COMMUNIST),1315,0.14,Lost
West Bengal,Kolkata Uttar,JOYDEB DAS,Bharateeya Manavadhikar party,480,0.05,Lost
West Bengal,Kolkata Uttar,MANAS MAJUMDER,Shivsena,901,0.09,Lost
West Bengal,Kolkata Uttar,MANMOHAN GARODIA,Rashtriya Ahinsa Manch,440,0.05,Lost
West Bengal,Kolkata Uttar,MD IMTIAZ KHAN,Bharat Prabhat Party,418,0.04,Lost
West Bengal,Kolkata Uttar,MIR TIPU SULTAN ALI,Party for Democratic Socialism,503,0.05,Lost
West Bengal,Kolkata Uttar,NARESH KR SINGH,Jan Sangh Party,712,0.07,Lost
West Bengal,Kolkata Uttar,RATHINDRA NATH ROY,Purvanchal Janta Party (Secular),1602,0.17,Lost
West Bengal,Kolkata Uttar,RINKU GUPTA,Pyramid Party of India,965,0.1,Lost
West Bengal,Kolkata Uttar,SUBHASH VERMA,Jan Sangharsh Virat Party,1301,0.14,Lost
West Bengal,Kolkata Uttar,ANUJIT KUMAR NAN,Independent,5737,0.6,Lost
West Bengal,Kolkata Uttar,DEBJIT ROY CHOWDHURY,Independent,3713,0.39,Lost
West Bengal,Kolkata Uttar,KALIPADA JANA,Independent,924,0.1,Lost
West Bengal,Kolkata Uttar,PANNA LAL SHAW,Independent,599,0.06,Lost
West Bengal,Kolkata Uttar,SUMANTA BHOWMICK,Independent,1301,0.14,Lost
West Bengal,Kolkata Uttar,UTPAL BISWAS,Independent,509,0.05,Lost
West Bengal,Kolkata Uttar,NOTA,None of the Above,6736,0.71,Lost
West Bengal,Krishnanagar,INTAJ ALI SHAH,Indian National Congress,38305,2.8,Lost
West Bengal,Krishnanagar,UDDHAB ROY,Bahujan Samaj Party,4199,0.31,Lost
West Bengal,Krishnanagar,KALYAN CHAUBEY,Bharatiya Janata Party,551654,40.37,Lost
West Bengal,Krishnanagar,JHA SHANTANU,Communist Party of India (Marxist),120222,8.8,Lost
West Bengal,Krishnanagar,MAHUA MOITRA,All India Trinamool Congress,614872,45.0,Lost
West Bengal,Krishnanagar,KHODABOX SHAIKH,SOCIALIST UNITY CENTRE OF INDIA (COMMUNIST),8112,0.59,Lost
West Bengal,Krishnanagar,JAYANTO DEBNATH,Aihra National Party,2225,0.16,Lost
West Bengal,Krishnanagar,SUBIMAL SENGUPTA,Communist Party of India (Marxist-Leninist) (Liberation),7585,0.56,Lost
West Bengal,Krishnanagar,ASHOK AGARWALA (LALU DA),Independent,2967,0.22,Lost
West Bengal,Krishnanagar,NIRAPADA MODAK,Independent,6512,0.48,Lost
West Bengal,Krishnanagar,BHASKAR PAUL,Independent,2282,0.17,Lost
West Bengal,Krishnanagar,NOTA,None of the Above,7508,0.55,Lost
West Bengal,Maldaha Dakshin,ABU HASEM KHAN CHOWDHURY (DALU),Indian National Congress,444270,34.73,Lost
West Bengal,Maldaha Dakshin,FULCHAND MANDAL,Bahujan Samaj Party,6190,0.48,Lost
West Bengal,Maldaha Dakshin,MD. MOAZZEM HOSSAIN,All India Trinamool Congress,351353,27.47,Lost
West Bengal,Maldaha Dakshin,SREERUPA MITRA CHAUDHURY,Bharatiya Janata Party,436048,34.09,Lost
West Bengal,Maldaha Dakshin,ANGSHUDHAR MANDAL,SOCIALIST UNITY CENTRE OF INDIA (COMMUNIST),5605,0.44,Lost
West Bengal,Maldaha Dakshin,NASMUL HOQUE,Party for Democratic Socialism,2417,0.19,Lost
West Bengal,Maldaha Dakshin,PAPPU AHAMED,Aihra National Party,2415,0.19,Lost
West Bengal,Maldaha Dakshin,MANJUR ALAHI MUNSHI,Independent,5543,0.43,Lost
West Bengal,Maldaha Dakshin,RATAN MANDAL,Independent,9430,0.74,Lost
West Bengal,Maldaha Dakshin,HASIM AKHTAR,Independent,3869,0.3,Lost
West Bengal,Maldaha Dakshin,NOTA,None of the Above,12062,0.94,Lost
West Bengal,Maldaha Uttar,ISHA KHAN CHOUDHURY,Indian National Congress,305270,22.53,Lost
West Bengal,Maldaha Uttar,KHAGEN MURMU,Bharatiya Janata Party,509524,37.61,Lost
West Bengal,Maldaha Uttar,NITISH KUMAR MANDAL,Bahujan Samaj Party,6347,0.47,Lost
West Bengal,Maldaha Uttar,BISWANATH GHOSH,Communist Party of India (Marxist),50401,3.72,Lost
West Bengal,Maldaha Uttar,MAUSAM NOOR,All India Trinamool Congress,425236,31.39,Lost
West Bengal,Maldaha Uttar,ARJUN KESHARI,Shivsena,4985,0.37,Lost
West Bengal,Maldaha Uttar,NITYA DAS,Aihra National Party,1470,0.11,Lost
West Bengal,Maldaha Uttar,MONATAN HEMBRAM,Bahujan Mukti Party,5985,0.44,Lost
West Bengal,Maldaha Uttar,JOSEPH KISKU,Jharkhand Mukti Morcha,1920,0.14,Lost
West Bengal,Maldaha Uttar,SUBHASH BARMAN,Kamatapur Peoples Party (United),1642,0.12,Lost
West Bengal,Maldaha Uttar,SUBHASH SARKAR,SOCIALIST UNITY CENTRE OF INDIA (COMMUNIST),2030,0.15,Lost
West Bengal,Maldaha Uttar,AL MONOWARA BEGAM,Independent,7225,0.53,Lost
West Bengal,Maldaha Uttar,ALAM NOORSED,Independent,2535,0.19,Lost
West Bengal,Maldaha Uttar,NIMAI BESARA,Independent,3090,0.23,Lost
West Bengal,Maldaha Uttar,MD. DULAL HOQUE,Independent,5534,0.41,Lost
West Bengal,Maldaha Uttar,MOHAN HASDA,Independent,13473,0.99,Lost
West Bengal,Maldaha Uttar,NOTA,None of the Above,8039,0.59,Lost
West Bengal,Mathurapur,KRITTIBAS SARDAR,Indian National Congress,32324,2.31,Lost
West Bengal,Mathurapur,CHOUDHURY MOHAN JATUA,All India Trinamool Congress,726828,51.84,Lost
West Bengal,Mathurapur,DR. SARAT CHANDRA HALDAR,Communist Party of India (Marxist),92417,6.59,Lost
West Bengal,Mathurapur,SHYAMAPRASAD HALDER,Bharatiya Janata Party,522854,37.29,Lost
West Bengal,Mathurapur,SOUMEN SARKAR,Bahujan Samaj Party,4634,0.33,Lost
West Bengal,Mathurapur,AMITAV NASKAR,New Democratic Party of India,1494,0.11,Lost
West Bengal,Mathurapur,PURNA CHANDRA NAIYA,SOCIALIST UNITY CENTRE OF INDIA (COMMUNIST),6692,0.48,Lost
West Bengal,Mathurapur,ASIT KUMAR HALDAR,Independent,1752,0.12,Lost
West Bengal,Mathurapur,PRONAB KUMAR JATUA,Independent,6048,0.43,Lost
West Bengal,Mathurapur,NOTA,None of the Above,6910,0.49,Lost
West Bengal,Medinipur,Dilip Ghosh,Bharatiya Janata Party,685433,48.62,Lost
West Bengal,Medinipur,Biplab Bhatta,Communist Party of India,62319,4.42,Lost
West Bengal,Medinipur,Manas Ranjan Bhunia,All India Trinamool Congress,596481,42.31,Lost
West Bengal,Medinipur,Ramkrishna Sarkar,Bahujan Samaj Party,7568,0.54,Lost
West Bengal,Medinipur,Sambhunath Chattapadhyay,Indian National Congress,20807,1.48,Lost
West Bengal,Medinipur,Ashoke Sarkar,Shivsena,3093,0.22,Lost
West Bengal,Medinipur,Tushar Jana,SOCIALIST UNITY CENTRE OF INDIA (COMMUNIST),6603,0.47,Lost
West Bengal,Medinipur,Rabindra Nath Bera,Amra Bangalee,8570,0.61,Lost
West Bengal,Medinipur,Tapas Kumar Kar,Independent,4183,0.3,Lost
West Bengal,Medinipur,NOTA,None of the Above,14758,1.05,Lost
West Bengal,Murshidabad,ABU TAHER KHAN,All India Trinamool Congress,604346,41.57,Lost
West Bengal,Murshidabad,"ABU HENA, S/O - LATE ABDUS SATTAR",Indian National Congress,377929,26.0,Lost
West Bengal,Murshidabad,BADARUDDOZA KHAN,Communist Party of India (Marxist),180793,12.44,Lost
West Bengal,Murshidabad,MIJANUL HAQUE,Bahujan Samaj Party,4521,0.31,Lost
West Bengal,Murshidabad,HUMAYUN KABIR,Bharatiya Janata Party,247809,17.05,Lost
West Bengal,Murshidabad,KAMARUJJAMAN (BAKUL) KHANDEKAR,SOCIALIST UNITY CENTRE OF INDIA (COMMUNIST),5655,0.39,Lost
West Bengal,Murshidabad,DHANANJOY SARKAR,Bahujan Mukti Party,1115,0.08,Lost
West Bengal,Murshidabad,MD. HABIBUR RAHAMAN,Jamat-E-Seratul Mustakim,2839,0.2,Lost
West Bengal,Murshidabad,"ABU HENA, S/O - SAZZAD ALI",Independent,2503,0.17,Lost
West Bengal,Murshidabad,MD. JALALUDDIN MONDAL,Independent,4040,0.28,Lost
West Bengal,Murshidabad,HUMAYUN KABIR SEKH,Independent,7180,0.49,Lost
West Bengal,Murshidabad,NOTA,None of the Above,15025,1.03,Lost
West Bengal,Purulia,ANANDI TUDU,Bahujan Samaj Party,11202,0.83,Lost
West Bengal,Purulia,JYOTIRMAY SINGH MAHATO,Bharatiya Janata Party,668107,49.3,Lost
West Bengal,Purulia,NEPAL MAHATA,Indian National Congress,84477,6.23,Lost
West Bengal,Purulia,BIR SINGH MAHATO,All India Forward Bloc,68434,5.05,Lost
West Bengal,Purulia,Dr. MRIGANKA MAHATO,All India Trinamool Congress,463375,34.19,Lost
West Bengal,Purulia,UTTAM TANTUBAY,Bharateeya Manavadhikar party,6031,0.45,Lost
West Bengal,Purulia,JAWAHARLAL MAHATO,Mulnibasi Party of India,2452,0.18,Lost
West Bengal,Purulia,DIPENDU MAHATO,Jharkhand Mukti Morcha,1798,0.13,Lost
West Bengal,Purulia,RANGALAL KUMAR,SOCIALIST UNITY CENTRE OF INDIA (COMMUNIST),4369,0.32,Lost
West Bengal,Purulia,RAJIB MAHATO,Shivsena,1661,0.12,Lost
West Bengal,Purulia,LAXMIKANTA MAHATA,Amra Bangalee,3503,0.26,Lost
West Bengal,Purulia,SEKH FATIK,Bharatiya Nyay-Adhikar Raksha Party,7777,0.57,Lost
West Bengal,Purulia,UMA CHARAN MAHATO,Independent,3876,0.29,Lost
West Bengal,Purulia,BARJURAM SINGH SARDAR,Independent,6516,0.48,Lost
West Bengal,Purulia,MRITYUNJOY MAHATO,Independent,10336,0.76,Lost
West Bengal,Purulia,NOTA,None of the Above,11322,0.84,Lost
West Bengal,Raiganj,AGARWAL KANAIALAL,All India Trinamool Congress,451078,35.32,Lost
West Bengal,Raiganj,CHURKA MURMU,Bahujan Samaj Party,4091,0.32,Lost
West Bengal,Raiganj,DEEPA DASMUNSI,Indian National Congress,83662,6.55,Lost
West Bengal,Raiganj,DEBASREE CHAUDHURI,Bharatiya Janata Party,511652,40.06,Lost
West Bengal,Raiganj,MD. SALIM,Communist Party of India (Marxist),182035,14.25,Lost
West Bengal,Raiganj,AKIK HOSSAIN CHOWDHURY,Kamatapur Peoples Party (United),2959,0.23,Lost
West Bengal,Raiganj,LAKSHMAN MURMU,Ambedkarite Party of India,3269,0.26,Lost
West Bengal,Raiganj,SANTHAPAN HASDAK,Jharkhand Mukti Morcha,2831,0.22,Lost
West Bengal,Raiganj,SUJAN KRISHNA PAUL,SOCIALIST UNITY CENTRE OF INDIA (COMMUNIST),1632,0.13,Lost
West Bengal,Raiganj,ADVOCATE ANJAY DEBSARMA,Independent,2371,0.19,Lost
West Bengal,Raiganj,KUMARESH SARKAR,Independent,3163,0.25,Lost
West Bengal,Raiganj,BINOY KUMAR DAS,Independent,6925,0.54,Lost
West Bengal,Raiganj,MD. SAHAJAN BADSHA,Independent,5054,0.4,Lost
West Bengal,Raiganj,RAJU PAUL,Independent,2638,0.21,Lost
West Bengal,Raiganj,NOTA,None of the Above,13749,1.08,Lost
West Bengal,Ranaghat,GAUTAM RAY,Bahujan Samaj Party,8569,0.58,Lost
West Bengal,Ranaghat,JAGANNATH SARKAR,Bharatiya Janata Party,783253,52.78,Lost
West Bengal,Ranaghat,BISWAS RAMA,Communist Party of India (Marxist),97771,6.59,Lost
West Bengal,Ranaghat,MINATI BISWAS,Indian National Congress,23297,1.57,Lost
West Bengal,Ranaghat,RUPALI BISWAS,All India Trinamool Congress,549825,37.05,Lost
West Bengal,Ranaghat,HALDAR PARESH,SOCIALIST UNITY CENTRE OF INDIA (COMMUNIST),6454,0.43,Lost
West Bengal,Ranaghat,BIDYUT BISWAS,Independent,5729,0.39,Lost
West Bengal,Ranaghat,NOTA,None of the Above,9137,0.62,Lost
West Bengal,Srerampur,KALYAN BANERJEE,All India Trinamool Congress,637707,45.5,Lost
West Bengal,Srerampur,TIRTHANKAR RAY,Communist Party of India (Marxist),152281,10.86,Lost
West Bengal,Srerampur,DEBJIT SARKAR,Bharatiya Janata Party,539171,38.47,Lost
West Bengal,Srerampur,DEBABRATA BISWAS,Indian National Congress,32509,2.32,Lost
West Bengal,Srerampur,LACHMAN RAJAK,Bahujan Samaj Party,2593,0.18,Lost
West Bengal,Srerampur,KASHINATH MURMU,Indian Unity Centre,1664,0.12,Lost
West Bengal,Srerampur,PRADYUT CHOWDHURI,SOCIALIST UNITY CENTRE OF INDIA (COMMUNIST),1886,0.13,Lost
West Bengal,Srerampur,PRABHASH CHANDRA KAR,Rashtriya Janadhikar Suraksha Party,1772,0.13,Lost
West Bengal,Srerampur,AVASH MUNSHI,Independent,2272,0.16,Lost
West Bengal,Srerampur,MANGAL SARKAR,Independent,5092,0.36,Lost
West Bengal,Srerampur,SWAPAN MANNA,Independent,4257,0.3,Lost
West Bengal,Srerampur,NOTA,None of the Above,20501,1.46,Lost
West Bengal,Tamluk,Adhikari Dibyendu,All India Trinamool Congress,724433,50.08,Lost
West Bengal,Tamluk,Makhan Mahapatra,Bahujan Samaj Party,4496,0.31,Lost
West Bengal,Tamluk,Lakshman Chandra Seth,Indian National Congress,16001,1.11,Lost
West Bengal,Tamluk,Sidharthashankar Naskar,Bharatiya Janata Party,534268,36.94,Lost
West Bengal,Tamluk,Sk Ibrahim Ali,Communist Party of India (Marxist),136129,9.41,Lost
West Bengal,Tamluk,Motyar Rahaman,Bharat Prabhat Party,1341,0.09,Lost
West Bengal,Tamluk,Madhusudan Bera,SOCIALIST UNITY CENTRE OF INDIA (COMMUNIST),6008,0.42,Lost
West Bengal,Tamluk,Sankar Mondal,Rashtriya Jan Adhikar Party,1226,0.08,Lost
West Bengal,Tamluk,Satadal Metya,Shivsena,3197,0.22,Lost
West Bengal,Tamluk,Adak Sukomal,Independent,2486,0.17,Lost
West Bengal,Tamluk,Dhananjoy Dalai,Independent,1631,0.11,Lost
West Bengal,Tamluk,Marphat Ali Khan,Independent,4750,0.33,Lost
West Bengal,Tamluk,NOTA,None of the Above,10533,0.73,Lost
West Bengal,Uluberia,JOY BANERJEE,Bharatiya Janata Party,479586,36.58,Lost
West Bengal,Uluberia,MAKSUDA KHATUN,Communist Party of India (Marxist),81314,6.2,Lost
West Bengal,Uluberia,SAJDA AHMED,All India Trinamool Congress,694945,53.0,Lost
West Bengal,Uluberia,Shoma Ranisree Roy,Indian National Congress,27568,2.1,Lost
West Bengal,Uluberia,ALIMUDDIN NAZIR,Rashtriya Janadhikar Suraksha Party,2519,0.19,Lost
West Bengal,Uluberia,MINATI SARKAR,SOCIALIST UNITY CENTRE OF INDIA (COMMUNIST),1697,0.13,Lost
West Bengal,Uluberia,SIMAL SAREN,Indian Unity Centre,2339,0.18,Lost
West Bengal,Uluberia,Amal Barman,Independent,1885,0.14,Lost
West Bengal,Uluberia,DURGADAS HAJRA,Independent,6770,0.52,Lost
West Bengal,Uluberia,SUSANTA KUMAR DALUI,Independent,3077,0.23,Lost
West Bengal,Uluberia,NOTA,None of the Above,9399,0.72,Lost
