Text,Date,No_of_likes,No_of_comments,Year,Clean_Text,Sentiment,Confidence
"South India 2024 Loksabha Opinion Poll 132 seats (C-Voter) INDIA 78 BJP 22 OTH 32 INDIA is polling 40% votes in this survey while BJP is at 19%. They are overestimating the BJP as it can only win seats in either Karnataka or maybe in Telangana. Others include YSR, TDP, AIADMK & BRS with 41% votes.",2023-12-25 12:05:00,324,27,2024,"South India 2024 Loksabha Opinion Poll 132 seats (C-Voter) INDIA 78 BJP 22 OTH 32 INDIA is polling 40% votes in this survey while BJP is at 19%. They are overestimating the BJP as it can only win seats in either Karnataka or maybe in Telangana. Others include YSR, TDP, AIADMK & BRS with 41% votes.",neutral,0.7234167456626892
"Veteran actor Nana Patekar says, ""There is no alternative to BJP. They will easily get 350-375+ seats in 2024 Lok Sabha elections due to their outstanding work."" @nanagpatekar #NanaPatekar #BJPGovernment #2024Elections",2023-12-25 13:00:00,0,0,2024,"Veteran actor Nana Patekar says, ""There is no alternative to BJP. They will easily get 350-375+ seats in 2024 Lok Sabha elections due to their outstanding work."" NanaPatekar BJPGovernment 2024Elections",positive,0.8434032797813416
"South India BJP 2019 Loksabha Karnataka 25 Telangana 04 Andhra Pradesh 00 Tamil Nadu 00 Kerala 00 They have won 29 seats out of 130 seats, only Congress can drag them below 15 as the rest of the states are irrelevant for BJP apart from KA & TG. Anything above 20 will be an achievement for BJP and they won't complain about that.",2023-12-25 12:21:00,142,18,2024,"South India BJP 2019 Loksabha Karnataka 25 Telangana 04 Andhra Pradesh 00 Tamil Nadu 00 Kerala 00 They have won 29 seats out of 130 seats, only Congress can drag them below 15 as the rest of the states are irrelevant for BJP apart from KA & TG. Anything above 20 will be an achievement for BJP and they won't complain about that.",neutral,0.6290333867073059
Issh baar 357 seats in Loksabha election.,2023-12-25 13:00:00,0,0,2024,Issh baar 357 seats in Loksabha election.,neutral,0.8397156596183777
"Total number of times MMS won his own lok sabha seat - ZERO Hence He was just a ramu kaka of Gandys Modi has not lost an election, has won two general elections with highest number of MPs in last 40 years and has highest approval ratings amongst all the world leaders Hence he is the strongest PM",2023-12-25 08:19:00,589,80,2024,"Total number of times MMS won his own lok sabha seat - ZERO Hence He was just a ramu kaka of Gandys Modi has not lost an election, has won two general elections with highest number of MPs in last 40 years and has highest approval ratings amongst all the world leaders Hence he is the strongest PM",positive,0.49992769956588745
Let’s deliver Tenkasi Lok Sabha seat to strengthen the hands of Honourable @PMOIndia Shri. @narendramodi Let Tenkasi transform like Kasi (Varanasi). Man on a Mission Shri. @annamalai_k,2023-12-25 10:00:00,307,5,2024,Let’s deliver Tenkasi Lok Sabha seat to strengthen the hands of Honourable Shri. Let Tenkasi transform like Kasi (Varanasi). Man on a Mission Shri.,positive,0.5904743671417236
"""NDA alliance will break before the Lok Sabha) elections..."" . - DK Shivkumar 🔥",2023-12-25 08:26:00,698,84,2024,"""NDA alliance will break before the Lok Sabha) elections..."" . - DK Shivkumar 🔥",neutral,0.806120753288269
"I am not unhappy or upset with anyone, my party stands with the INDIA alliance and we will fight 2024 Loksabha together. We strongly believe our alliance will stay & everyone will help defeating BJP. -Nitish Kumar refuses all the rumors of jumping out 👍",2023-12-25 08:47:00,882,49,2024,"I am not unhappy or upset with anyone, my party stands with the INDIA alliance and we will fight 2024 Loksabha together. We strongly believe our alliance will stay & everyone will help defeating BJP. -Nitish Kumar refuses all the rumors of jumping out 👍",positive,0.7782663702964783
No Alternative to BJP. They will easily get 350-375+ seats in 2024 Lok Sabha elections due to their outstanding work. -Vetran Actor Nana Patekar 📹 credits - Zee business,2023-12-25 09:14:00,4950,43,2024,No Alternative to BJP. They will easily get 350-375+ seats in 2024 Lok Sabha elections due to their outstanding work. -Vetran Actor Nana Patekar 📹 credits - Zee business,positive,0.7507479190826416
"The BJP MP from Mysuru, Pratap Simha, says that his voters will decide whether he is a patriot or not when the Lok Sabha polls will be held. But the question he’s running away from is very simple. Why and how did he facilitate entry of two youth who caused a huge security breach in the Lok Sabha on December 13th? Isn’t this a serious matter that needs investigation and explanation? These youth have after all been booked under UAPA. Mr. Simha and the BJP are diverting attention from this main issue. The signal being given to the nation by the Prime Minister and the Home Minister is that BJP and anyone associated with the party is above all accountability.",2023-12-24 16:44:00,2755,209,2024,"The BJP MP from Mysuru, Pratap Simha, says that his voters will decide whether he is a patriot or not when the Lok Sabha polls will be held. But the question he’s running away from is very simple. Why and how did he facilitate entry of two youth who caused a huge security breach in the Lok Sabha on December 13th? Isn’t this a serious matter that needs investigation and explanation? These youth have after all been booked under UAPA. Mr. Simha and the BJP are diverting attention from this main issue. The signal being given to the nation by the Prime Minister and the Home Minister is that BJP and anyone associated with the party is above all accountability.",neutral,0.531490683555603
"#WATCH | Delhi: Prime Minister Narendra Modi, Lok Sabha Speaker Om Birla, Rajya Sabha Deputy Chairman Harivansh, Defence Minister Rajnath Singh, BJP national president JP Nadda and other leaders pay tribute to Pandit Madan Mohan Malaviya at Central Hall in the Parliament, on his birth anniversary.",2023-12-25 05:46:00,2299,13,2024,"WATCH | Delhi: Prime Minister Narendra Modi, Lok Sabha Speaker Om Birla, Rajya Sabha Deputy Chairman Harivansh, Defence Minister Rajnath Singh, BJP national president JP Nadda and other leaders pay tribute to Pandit Madan Mohan Malaviya at Central Hall in the Parliament, on his birth anniversary.",neutral,0.7424097061157227
"Thank you very much dear #RajeevGowda Sir for visiting us at our home today. Christmas this year has become very special. @rajeevgowda will be our new Lok Sabha MP from Bangalore North constituency (I live here). Sir is the Vice Chairman, Planning Commission, Govt of Karnataka. Professor is also the National Spokesperson and Chairman, AICC Research Department, Ex MP- Rajyasabha, Ex Director RBI and Ex Professor IIM Bangalore.",2023-12-25 08:05:00,324,54,2024,"Thank you very much dear RajeevGowda Sir for visiting us at our home today. Christmas this year has become very special. will be our new Lok Sabha MP from Bangalore North constituency (I live here). Sir is the Vice Chairman, Planning Commission, Govt of Karnataka. Professor is also the National Spokesperson and Chairman, AICC Research Department, Ex MP- Rajyasabha, Ex Director RBI and Ex Professor IIM Bangalore.",positive,0.9741584658622742
"VIDEO | “When a Speaker of the Lok Sabha is elected, he should not act as a member of a political party. Constitutionally, he should be bipartisan because when he is sitting on that chair, he represents the House and the will of the House,” says Rajya Sabha MP @KapilSibal in response to a media query on suspension of MPs from Lok Sabha and Rajya Sabha.",2023-12-25 06:39:00,1089,9,2024,"VIDEO | “When a Speaker of the Lok Sabha is elected, he should not act as a member of a political party. Constitutionally, he should be bipartisan because when he is sitting on that chair, he represents the House and the will of the House,” says Rajya Sabha MP in response to a media query on suspension of MPs from Lok Sabha and Rajya Sabha.",neutral,0.882211446762085
"VIDEO | “If you don’t want opposition at all there, which I think is the intent of this government, you might as well suspend everybody. You might as well suspend me for talking to the press,” says Rajya Sabha MP @KapilSibal on suspension of MPs from Lok Sabha and Rajya Sabha.",2023-12-25 07:10:00,270,6,2024,"VIDEO | “If you don’t want opposition at all there, which I think is the intent of this government, you might as well suspend everybody. You might as well suspend me for talking to the press,” says Rajya Sabha MP on suspension of MPs from Lok Sabha and Rajya Sabha.",negative,0.6347521543502808
When your effort to make upcoming Lok Sabha elections a Hindu-Muslim issue fails ! Must watch,2023-12-25 04:48:00,2142,23,2024,When your effort to make upcoming Lok Sabha elections a Hindu-Muslim issue fails ! Must watch,negative,0.7489020228385925
Actor Nana Patekar's prediction on upcoming Lok Sabha Elections is a shocker for those who are predicting 300 seats for BJP.,2023-12-25 12:04:00,115,4,2024,Actor Nana Patekar's prediction on upcoming Lok Sabha Elections is a shocker for those who are predicting 300 seats for BJP.,neutral,0.6924377083778381
Lol..no difficulty in Karnataka..Maharashtra is also smooth sailing..,2023-12-25 12:59:00,0,0,2024,Lol..no difficulty in Karnataka..Maharashtra is also smooth sailing..,positive,0.5089468955993652
"Today, 5.00 pm Warm Room programme on @publictvnews was too good. Congrats to anchor Mr Arun Badiger. With Loksabha elections around, cover lot of issues like this, but not the full day on Carona as mutated virus is getting weaker- though spreads but does not cause severe disease",2023-12-25 12:59:00,0,0,2024,"Today, 5.00 pm Warm Room programme on was too good. Congrats to anchor Mr Arun Badiger. With Loksabha elections around, cover lot of issues like this, but not the full day on Carona as mutated virus is getting weaker- though spreads but does not cause severe disease",positive,0.903754711151123
NDA alliance will break before Lok Sabha elections - Deputy Chief Minister Dk Shivakumar,2023-12-25 08:35:00,850,10,2024,NDA alliance will break before Lok Sabha elections - Deputy Chief Minister Dk Shivakumar,neutral,0.8487747311592102
"Below is the Times now ETG survey conducted before the announcement of the alliance if all parties contest individually. Times group is YCP-favored but a big takeaway from this JSP has doubled its vote share in Lok Sabha. If you interpolate to assembly, it will be 12% - 14%.",2023-12-25 12:23:00,29,2,2024,"Below is the Times now ETG survey conducted before the announcement of the alliance if all parties contest individually. Times group is YCP-favored but a big takeaway from this JSP has doubled its vote share in Lok Sabha. If you interpolate to assembly, it will be 12% - 14%.",neutral,0.6243127584457397
Nana Patekar : “There is no alternative to the BJP in 2024 Lok Sabha elections. They will come back to power with 350 seats.”,2023-12-25 09:28:00,2675,14,2024,Nana Patekar : “There is no alternative to the BJP in 2024 Lok Sabha elections. They will come back to power with 350 seats.”,neutral,0.7911503314971924
"VIDEO | Lok Sabha Speaker Om Birla, Union Minister Rajnath Singh and yoga guru Baba Ramdev attended Divine Spiritual Festival in Haridwar.",2023-12-25 12:58:00,10,0,2024,"VIDEO | Lok Sabha Speaker Om Birla, Union Minister Rajnath Singh and yoga guru Baba Ramdev attended Divine Spiritual Festival in Haridwar.",neutral,0.8378481864929199
"#NayaJammuKashmir Many people living in Kashmir for decades could cast their vote in Lok Sabha polls, but not in J&K’s assembly & local polls. They are the ones who came to India post Partition. Should we have allowed such injustice to exist? via NaMo App",2023-12-25 12:58:00,0,0,2024,"NayaJammuKashmir Many people living in Kashmir for decades could cast their vote in Lok Sabha polls, but not in J&K’s assembly & local polls. They are the ones who came to India post Partition. Should we have allowed such injustice to exist? via NaMo App",neutral,0.5286697149276733
लोकसभेच्या 132 जागा असलेल्या दक्षिण भारतात भाजप मुसंडी मारणार? एबीपी-सी व्होटर सर्वेचा अंदाज काय? https://marathi.abplive.com/news/india/abp-c-voter-survey-lok-sabha-election-2024-south-india-132-lok-sabha-seats-how-much-bjp-nda-will-won-seats-abpp-1240919 #ABPCVoter #LokSabhaElection #LoksabhaElection2024 #Elections2024 #LokSabha #INDIAAlliance #NDA #SouthIndia,2023-12-25 12:58:00,0,0,2024,लोकसभेच्या 132 जागा असलेल्या दक्षिण भारतात भाजप मुसंडी मारणार? एबीपी-सी व्होटर सर्वेचा अंदाज काय? ABPCVoter LokSabhaElection LoksabhaElection2024 Elections2024 LokSabha INDIAAlliance NDA SouthIndia,neutral,0.8254250884056091
"VIDEO | ""In democracy, it is the people who decide the government and the opposition. However, we cannot imagine a Parliament where there is no opposition,"" says RJD MP @manojkjhadu on suspension of MPs from Lok Sabha and Rajya Sabha.",2023-12-25 07:22:00,163,7,2024,"VIDEO | ""In democracy, it is the people who decide the government and the opposition. However, we cannot imagine a Parliament where there is no opposition,"" says RJD MP on suspension of MPs from Lok Sabha and Rajya Sabha.",neutral,0.7770562767982483
Before Lok sabha elections,2023-12-25 12:58:00,0,0,2024,Before Lok sabha elections,neutral,0.882786750793457
Lok sabha INDIA - 28 NDA - 20 Assembly elections MVA Aillance wins 2024 !,2023-12-25 09:02:00,100,2,2024,Lok sabha INDIA - 28 NDA - 20 Assembly elections MVA Aillance wins 2024 !,neutral,0.5688662528991699
"Not INDIA, but NDA will break down before 2024 Loksabha. -DK Shivakumar hits back at ANI journalist 🔥",2023-12-25 09:50:00,1279,39,2024,"Not INDIA, but NDA will break down before 2024 Loksabha. -DK Shivakumar hits back at ANI journalist 🔥",neutral,0.6167928576469421
"Deepender Hooda has started the preparations for both Loksabha & Vidhansabha 2024 Haryana elections. Keep an eye on him, one of the finest leaders who will be around the center stage for a long time to come.🔥 Today he pulled lakhs of people to give tributes to 750 farmers who lost their lives because of Farm laws by BJP.",2023-12-24 18:21:00,2088,28,2024,"Deepender Hooda has started the preparations for both Loksabha & Vidhansabha 2024 Haryana elections. Keep an eye on him, one of the finest leaders who will be around the center stage for a long time to come.🔥 Today he pulled lakhs of people to give tributes to 750 farmers who lost their lives because of Farm laws by BJP.",positive,0.8980393409729004
"In Assam Senior Cong leaders are only wanting to contest Lok Sabha Seats where there is significant minority voters. In constituencies where majority Santani voters are there , they are afraid to contest.",2023-12-25 08:25:00,86,8,2024,"In Assam Senior Cong leaders are only wanting to contest Lok Sabha Seats where there is significant minority voters. In constituencies where majority Santani voters are there , they are afraid to contest.",neutral,0.5154317617416382
Contentious CEC Bill passed in Lok Sabha. @nalinisharma_ with more details. #News #LokSabha @nabilajamal_,2023-12-21 08:59:00,7,1,2024,Contentious CEC Bill passed in Lok Sabha. with more details. News LokSabha,positive,0.6311413049697876
"Bihar Loksabha 2024 Opinion Poll (C-Voter) INDIA 23 (43%) NDA 16 (39%) OTH 01 (18%) BJP is getting a dent of 4 seats considering their alliance holds their Loksabha. Maharashtra, WB, Bihar, Telangana all states showing trends of BJP losing few seats. It is all up to the campaign & seat sharing of INDIA in these states to shape up the 2024.",2023-12-24 14:37:00,1279,165,2024,"Bihar Loksabha 2024 Opinion Poll (C-Voter) INDIA 23 (43%) NDA 16 (39%) OTH 01 (18%) BJP is getting a dent of 4 seats considering their alliance holds their Loksabha. Maharashtra, WB, Bihar, Telangana all states showing trends of BJP losing few seats. It is all up to the campaign & seat sharing of INDIA in these states to shape up the 2024.",neutral,0.8121766448020935
Aam Aadmi Party National Organization General Secretary and Gujarat In-charge @SandeepPathak04 will visit Gujarat tomorrow on 26/12/2023 as part of preparations for the upcoming Lok Sabha elections.,2023-12-25 10:30:00,26,0,2024,Aam Aadmi Party National Organization General Secretary and Gujarat In-charge will visit Gujarat tomorrow on 26/12/2023 as part of preparations for the upcoming Lok Sabha elections.,neutral,0.9142394065856934
Loksabha ke bhi declare ho jane chaiye,2023-12-25 12:53:00,0,0,2024,Loksabha ke bhi declare ho jane chaiye,neutral,0.8057770729064941
@ICMAICMA @theicai @icsi_cs #bjp4india #icmai @loksabhatv @PMOIndia @FinMinIndia @IncomeTaxIndia @MCA21India @MIB_India @minmsme Gratitude to Lok Sabha Speaker Sh Om Birla ji for attending the NIRC CMA Student Convention and emphasizing the vital role of CMA in nation-building.,2023-12-24 03:09:00,27,0,2024,bjp4india icmai Gratitude to Lok Sabha Speaker Sh Om Birla ji for attending the NIRC CMA Student Convention and emphasizing the vital role of CMA in nation-building.,positive,0.9082046747207642
Warm birthday greetings to the Loksabha MP Shri @manoj_kotak Ji. I pray for your good health and long life.,2023-12-25 12:52:00,3,0,2024,Warm birthday greetings to the Loksabha MP Shri Ji. I pray for your good health and long life.,positive,0.9784533977508545
"संविधान एवं अधिकार के रक्षा हेतु संविधान हितैषी पार्टी का चयन करना होगा और आप जानते हैं देश में दलितों, पिछड़ो, उपेक्षितों, आदिवासी एवं महिलाओं के अधिकार की बात आपकी अपनी पार्टी में संभव है। 1/2 #Mayavati #Sanvidhan #Ambedkar #Loksabha #Bahujansamajparty #Bahujansamaj #AnilKumar",2023-12-25 03:42:00,150,2,2024,"संविधान एवं अधिकार के रक्षा हेतु संविधान हितैषी पार्टी का चयन करना होगा और आप जानते हैं देश में दलितों, पिछड़ो, उपेक्षितों, आदिवासी एवं महिलाओं के अधिकार की बात आपकी अपनी पार्टी में संभव है। 1/2 Mayavati Sanvidhan Ambedkar Loksabha Bahujansamajparty Bahujansamaj AnilKumar",neutral,0.7792064547538757
"“When a Speaker of the Lok Sabha is elected, he should not act as a member of a political party. Constitutionally, he should be bipartisan because when he is sitting on that chair, he represents the House and the will of the House,” says Rajya Sabha MP @KapilSibal",2023-12-25 10:31:00,15,0,2024,"“When a Speaker of the Lok Sabha is elected, he should not act as a member of a political party. Constitutionally, he should be bipartisan because when he is sitting on that chair, he represents the House and the will of the House,” says Rajya Sabha MP",neutral,0.8849338293075562
#Daily1State #Goa • Capital-Panaji • Established-30.5.1987 • Area rank-28 • Population rank-26 • Density-390/km2 • Literacy-88.70% • Language-Konkani • Legislature-Unicameral (40seats) • Parliamentary constituency - Rajya Sabha 1 - Lok Sabha 2 • Sex Ratio-973♀/1000♂,2021-12-03 05:24:00,111,0,2024,Daily1State Goa • Capital-Panaji • Established-30.5.1987 • Area rank-28 • Population rank-26 • Density-390/km2 • Literacy-88.70% • Language-Konkani • Legislature-Unicameral (40seats) • Parliamentary constituency - Rajya Sabha 1 - Lok Sabha 2 • Sex Ratio-973♀/1000♂,neutral,0.9266189336776733
Not loksabha... Vidhansabha,2023-12-25 12:51:00,0,0,2024,Not loksabha... Vidhansabha,neutral,0.7390893697738647
"Yatnal had talks with Kharge , will be joining congress and contesting for Loksabha . What a big boost to congress 🔥😂",2023-12-25 12:51:00,0,0,2024,"Yatnal had talks with Kharge , will be joining congress and contesting for Loksabha . What a big boost to congress 🔥😂",positive,0.9065025448799133
Pollsters predicting Loksabha numbers before 22nd Jan 2024 are guilty of engagement farming from the cuckoo's land 🥲,2023-12-25 12:50:00,17,2,2024,Pollsters predicting Loksabha numbers before 22nd Jan 2024 are guilty of engagement farming from the cuckoo's land 🥲,negative,0.7551574110984802
"#Daily1State #Chhattisgarh • Capital - Raipur • Formation - 1-11-2000 • Area rank - 9 • Population rank - 17 • Density - 220/km2 • Literacy - 71.04% • Language- Hindi, Chhattisgarhi • Constituencies - Rajya Sabha (5seats) - Lok Sabha (11seats) • Legislature- Unicameral",2021-12-02 07:19:00,121,5,2024,"Daily1State Chhattisgarh • Capital - Raipur • Formation - 1-11-2000 • Area rank - 9 • Population rank - 17 • Density - 220/km2 • Literacy - 71.04% • Language- Hindi, Chhattisgarhi • Constituencies - Rajya Sabha (5seats) - Lok Sabha (11seats) • Legislature- Unicameral",neutral,0.9380359649658203
#Daily1State #Manipur • Capital : Imphal • Area rank : 23rd • Population rank : 23rd • Language : Manipuri • Governor : La. Ganesan • Chief Minister : N. Biren Singh • Legislature : Unicameral (60 seats) • Parliamentary constituency - Rajya Sabha (1) - Lok Sabha (2),2021-12-15 13:53:00,120,1,2024,Daily1State Manipur • Capital : Imphal • Area rank : 23rd • Population rank : 23rd • Language : Manipuri • Governor : La. Ganesan • Chief Minister : N. Biren Singh • Legislature : Unicameral (60 seats) • Parliamentary constituency - Rajya Sabha (1) - Lok Sabha (2),neutral,0.9540414810180664
No Alternative To PM Modi In 2024 Lok Sabha Polls: Ajit Pawar https://www.ndtv.com/india-news/no-alternative-to-pm-narendra-modi-in-2024-lok-sabha-polls-ajit-pawar-4738366,2023-12-25 09:29:00,29,4,2024,No Alternative To PM Modi In 2024 Lok Sabha Polls: Ajit Pawar,neutral,0.8753761649131775
"VIDEO | “Recently in a meeting, I said that the seat-sharing formula for every state should be decided at the earliest so that we can fight elections together. I have no issues with it,” says Bihar CM @NitishKumar INDIA alliance's seat-sharing formula for 2024 Lok Sabha elections.",2023-12-25 07:25:00,309,2,2024,"VIDEO | “Recently in a meeting, I said that the seat-sharing formula for every state should be decided at the earliest so that we can fight elections together. I have no issues with it,” says Bihar CM INDIA alliance's seat-sharing formula for 2024 Lok Sabha elections.",neutral,0.6386141180992126
#Daily1State #MadhyaPradesh • Capital-Bhopal • Formation-1-11-1956 • Language-Hindi • Area rank-2nd • Population rank-5th • Literacy-70.6% • Sex ratio-931/1000 • Legislature Unicameral (230 seats) • Parliamentary constituency Lok Sabha (29seats) Rajya Sabha (11 seats),2021-12-13 08:59:00,97,3,2024,Daily1State MadhyaPradesh • Capital-Bhopal • Formation-1-11-1956 • Language-Hindi • Area rank-2nd • Population rank-5th • Literacy-70.6% • Sex ratio-931/1000 • Legislature Unicameral (230 seats) • Parliamentary constituency Lok Sabha (29seats) Rajya Sabha (11 seats),neutral,0.9318040609359741
"#WATCH | Congress General Secretary in-charge Communications, Jairam Ramesh says, ""...There will be a mega rally in Nagpur on 28th December with the name 'Hai Tayyar Hum'. Congress will blow the conch for the Lok Sabha elections 2024 during the rally. Party president Mallikarjun Kharge and MP Rahul Gandhi clearly stated that we are ready for seat sharing and want the INDIA alliance to be united and strong. Congress will do everything possible to win...""",2023-12-25 09:03:00,319,24,2024,"WATCH | Congress General Secretary in-charge Communications, Jairam Ramesh says, ""...There will be a mega rally in Nagpur on 28th December with the name 'Hai Tayyar Hum'. Congress will blow the conch for the Lok Sabha elections 2024 during the rally. Party president Mallikarjun Kharge and MP Rahul Gandhi clearly stated that we are ready for seat sharing and want the INDIA alliance to be united and strong. Congress will do everything possible to win...""",positive,0.5537877082824707
Bhai sahab loksabha chunav ko dekhte hue,2023-12-25 12:49:00,0,0,2024,Bhai sahab loksabha chunav ko dekhte hue,neutral,0.7688902020454407
I think more votes are added to BJP & more seats to Lok Sabha from Kerala. 1st wish is ruined No communal violence after 2014 2nd wish is lost Many opposition leaders are convicted 3rd wish too will be unfulfilled. Consult a Psychiatrist to stay healthy.,2023-12-25 12:48:00,0,0,2024,I think more votes are added to BJP & more seats to Lok Sabha from Kerala. 1st wish is ruined No communal violence after 2014 2nd wish is lost Many opposition leaders are convicted 3rd wish too will be unfulfilled. Consult a Psychiatrist to stay healthy.,negative,0.6829701066017151
"सर्व्हे काहीही असो, देशात फक्त मोदींचीच हवा, आम्ही 40 च्या वर जाणार म्हणजे जाणारच; देवेंद्र फडणवीसांचा विश्वास https://marathi.abplive.com/news/maharashtra/devendra-fadanvis-on-lok-sabha-election-2024-opinion-poll-abp-c-voter-survey-maharashtra-1240915 #LokSabha #Election #ABPCvotersurvey #OpinionPoll #DevendraFadanvis",2023-12-25 12:48:00,4,1,2024,"सर्व्हे काहीही असो, देशात फक्त मोदींचीच हवा, आम्ही 40 च्या वर जाणार म्हणजे जाणारच; देवेंद्र फडणवीसांचा विश्वास LokSabha Election ABPCvotersurvey OpinionPoll DevendraFadanvis",neutral,0.7946454286575317
A total of 264 questions raised by suspended Opposition MPs were deleted from the list of queries in both the Lok Sabha and the Rajya Sabha in three days during the recently-concluded winter session of Parliament. This was due to the suspension of 146 MPs https://www.hindustantimes.com/india-news/264-questions-raised-by-suspended-opposition-mps-deleted-from-records-101703272812489.html,2023-12-25 04:47:00,29,2,2024,A total of 264 questions raised by suspended Opposition MPs were deleted from the list of queries in both the Lok Sabha and the Rajya Sabha in three days during the recently-concluded winter session of Parliament. This was due to the suspension of 146 MPs,neutral,0.5234842300415039
Lok sabha elections vargu madro.. nange gothu nivu appithappinu Shivaji Nagar Frazer Town DJ Halli kade ಕನ್ನಡ antha usiru ethalla antha,2023-12-25 12:47:00,0,0,2024,Lok sabha elections vargu madro.. nange gothu nivu appithappinu Shivaji Nagar Frazer Town DJ Halli kade ಕನ್ನಡ antha usiru ethalla antha,neutral,0.8467168211936951
Congress is IMPOSSIBLE TO DEAL WITH!!! They have no idea what it means to have a dignified debate. Watch for yourself. Their lame objections against today's big CRPC and IPC bills passed in #LokSabha and #RajyaSabha .... https://invidious.perennialte.ch/live/TR5_Olhu-Vo?si=RIcUqY234hvsFgDo,2023-12-21 16:42:00,160,11,2024,Congress is IMPOSSIBLE TO DEAL WITH!!! They have no idea what it means to have a dignified debate. Watch for yourself. Their lame objections against today's big CRPC and IPC bills passed in LokSabha and RajyaSabha ....,negative,0.9243373274803162
आज दीननगर शेख़पुर में “संविधान बचाओ कार्यक्रम” में ...,2023-12-25 12:47:00,11,0,2024,आज दीननगर शेख़पुर में “संविधान बचाओ कार्यक्रम” में ...,neutral,0.7964887619018555
ABP- C Voter Opinion Poll Loksabha Elections ; Bihar (40 Seats) * NDA - 16-18 Seats * INDIA - 21-23 Seats * Oth -0-2 Seats It's looking that NDA is going to face a huge loss in Bihar while opposition is doing very good.,2023-12-24 14:42:00,395,25,2024,ABP- C Voter Opinion Poll Loksabha Elections ; Bihar (40 Seats) * NDA - 16-18 Seats * INDIA - 21-23 Seats * Oth -0-2 Seats It's looking that NDA is going to face a huge loss in Bihar while opposition is doing very good.,neutral,0.6284210085868835
Please don't alliance with AAP party in Punjab! Congress winning 7-8 seats Lok sabha without ally with AAP! AAP suitation very bad in Punjab! People very angry with AAP party! That by AAP want alliance with Congress in Punjab became Own benifit!,2023-12-24 13:25:00,304,6,2024,Please don't alliance with AAP party in Punjab! Congress winning 7-8 seats Lok sabha without ally with AAP! AAP suitation very bad in Punjab! People very angry with AAP party! That by AAP want alliance with Congress in Punjab became Own benifit!,negative,0.8741639852523804
"Congress ko sirf Rajasthan, Madhya Pradesh, Chhattisgarh, Haryana mein Focus karna hai Loksabha mein ! 4-7 seats Congress Kam kar deti ! Game changer ho sakta hai !",2023-12-24 15:16:00,607,15,2024,"Congress ko sirf Rajasthan, Madhya Pradesh, Chhattisgarh, Haryana mein Focus karna hai Loksabha mein ! 4-7 seats Congress Kam kar deti ! Game changer ho sakta hai !",neutral,0.7913873195648193
"मौर्या जी को बर्बाद करके मानेंगे योगी जी, पहले पल्लवी जी से हरवा कर स्टूल पर बिठाया, अब धर्मेंद्र जी से हरवा कर सीधे घर बिठा देंगे मौर्या जी को।",2023-12-25 11:49:00,26,0,2024,"मौर्या जी को बर्बाद करके मानेंगे योगी जी, पहले पल्लवी जी से हरवा कर स्टूल पर बिठाया, अब धर्मेंद्र जी से हरवा कर सीधे घर बिठा देंगे मौर्या जी को।",neutral,0.7983589172363281
Chapa Chapa Guj Uthaega BJP MODI MODI MODI MODI HAI MUMKIN HAI. DEKH LENA RAHUL GANDHI BJP HI FULL BAHUMAT AYEGI IS BAAR LOKSABHA ELECTION MAI CHARSO YA PONI CHAROSO.,2023-12-25 12:45:00,0,0,2024,Chapa Chapa Guj Uthaega BJP MODI MODI MODI MODI HAI MUMKIN HAI. DEKH LENA RAHUL GANDHI BJP HI FULL BAHUMAT AYEGI IS BAAR LOKSABHA ELECTION MAI CHARSO YA PONI CHAROSO.,neutral,0.8060922026634216
"Maharashtra Loksabha 2024 Opinion Poll (C-Voter) MVA 28 NDA 19 OTH 01 Congress is gaining big in Maharashtra especially in Vidharbha, making a comeback after 15 years.🔥 This survey should hold results, then Vidhansabha would be relatively better for MVA led by Thakrey, Pawar & Congress. Remember, Maharashtra is the second largest state of India politically after Uttar Pradesh.",2023-12-24 13:17:00,1210,178,2024,"Maharashtra Loksabha 2024 Opinion Poll (C-Voter) MVA 28 NDA 19 OTH 01 Congress is gaining big in Maharashtra especially in Vidharbha, making a comeback after 15 years.🔥 This survey should hold results, then Vidhansabha would be relatively better for MVA led by Thakrey, Pawar & Congress. Remember, Maharashtra is the second largest state of India politically after Uttar Pradesh.",positive,0.7825078964233398
"#LoksabhaElection2024 Those who say that if Kharge becomes the PM face of the opposition alliance for the 2024 Lok Sabha elections, then most of the SC voters will vote for the opposition alliance, are probably not fully aware of politics. In the 2019 Lok Sabha elections,",2023-12-25 09:33:00,168,1,2024,"LoksabhaElection2024 Those who say that if Kharge becomes the PM face of the opposition alliance for the 2024 Lok Sabha elections, then most of the SC voters will vote for the opposition alliance, are probably not fully aware of politics. In the 2019 Lok Sabha elections,",neutral,0.8643189668655396
"South and North line was originally the mind game was created by Rahul Gandhi. Waynad and Amethi was the reason during Lok Sabha election's. Dayanidhi Maran, you just dare to say same about Arbi, Pharsi, urdu speaking population.",2023-12-25 12:45:00,0,0,2024,"South and North line was originally the mind game was created by Rahul Gandhi. Waynad and Amethi was the reason during Lok Sabha election's. Dayanidhi Maran, you just dare to say same about Arbi, Pharsi, urdu speaking population.",neutral,0.6209887266159058
"This is high time Congress gets active in Amethi & Raebareily for Loksabha 2024 Need Rahul Gandhi and Priyanka Gandhi regular visits from now onwards, to reclaim the bastion.",2023-12-24 15:59:00,1238,189,2024,"This is high time Congress gets active in Amethi & Raebareily for Loksabha 2024 Need Rahul Gandhi and Priyanka Gandhi regular visits from now onwards, to reclaim the bastion.",neutral,0.6477033495903015
Nana Patekar : “There is no alternative to BJP in the 2024 Lok Sabha elections. I wouldn't be surprised if they come back to power with 350-375 seats.”,2023-12-25 10:17:00,100,1,2024,Nana Patekar : “There is no alternative to BJP in the 2024 Lok Sabha elections. I wouldn't be surprised if they come back to power with 350-375 seats.”,neutral,0.6922016739845276
"The MP of Serampore Lok Sabha Constituency; Kalyan Banerjee distastefully mocked the Hon'ble Vice President of India; Shri Jagdeep Dhankhar Ji in the Parliament premises. Today I marched alongside @BJP4Bengal Karyakartas in Serampore; Hooghly district, to register our protest against the disgusting behavior of the local MP towards the Former Governor of WB, who is the Son of a Farmer and belongs to the OBC Community. The public sentiment indicate that the people of the Serampore Lok Sabha Constituency not only disapprove their MP's utterly shameful behavior but are also eager to teach him a lesson in the upcoming Lok Sabha Elections. @VPIndia",2023-12-23 14:21:00,1349,304,2024,"The MP of Serampore Lok Sabha Constituency; Kalyan Banerjee distastefully mocked the Hon'ble Vice President of India; Shri Jagdeep Dhankhar Ji in the Parliament premises. Today I marched alongside Karyakartas in Serampore; Hooghly district, to register our protest against the disgusting behavior of the local MP towards the Former Governor of WB, who is the Son of a Farmer and belongs to the OBC Community. The public sentiment indicate that the people of the Serampore Lok Sabha Constituency not only disapprove their MP's utterly shameful behavior but are also eager to teach him a lesson in the upcoming Lok Sabha Elections.",negative,0.6238598227500916
"""The Government has created a new category of Ex-#Agniveer in the #recruitment to the post of Constable (General Duty)/ Rifleman in Central #Armed #Police #Forces and Assam Rifles (CAPFs & AR) with some exceptions"": MoS Home #NityanandRai in a written reply in #LokSabha पूर्व-#अग्निवीरों के लिए सीएपीएफ में होगी एक नई श्रेणी, #गृहराज्यमंत्री ने #लोकसभा में जानकारी दी। गृह राज्य मंत्री नित्यानंद राय ने लोकसभा में एक सवाल के लिखित जवाब में कहा है कि सरकार ने कुछ अपवादों के साथ केंद्रीय सशस्त्र पुलिस बलों और असम राइफल्स (सीएपीएफ और एआर) में कांस्टेबल (जनरल ड्यूटी)/राइफलमैन के पद पर भर्ती में पूर्व-अग्निवीर की एक नई श्रेणी बनाई है। #wintervolliefde #jjk246 #IPLAuction #iplauction2024 #NFFC #CivilWar #SupremeCourt #फौज #Armed",2023-12-20 06:51:00,7,0,2024,"""The Government has created a new category of Ex-Agniveer in the recruitment to the post of Constable (General Duty)/ Rifleman in Central Armed Police Forces and Assam Rifles (CAPFs & AR) with some exceptions"": MoS Home NityanandRai in a written reply in LokSabha पूर्व-अग्निवीरों के लिए सीएपीएफ में होगी एक नई श्रेणी, गृहराज्यमंत्री ने लोकसभा में जानकारी दी। गृह राज्य मंत्री नित्यानंद राय ने लोकसभा में एक सवाल के लिखित जवाब में कहा है कि सरकार ने कुछ अपवादों के साथ केंद्रीय सशस्त्र पुलिस बलों और असम राइफल्स (सीएपीएफ और एआर) में कांस्टेबल (जनरल ड्यूटी)/राइफलमैन के पद पर भर्ती में पूर्व-अग्निवीर की एक नई श्रेणी बनाई है। wintervolliefde jjk246 IPLAuction iplauction2024 NFFC CivilWar SupremeCourt फौज Armed",neutral,0.92857426404953
Andhra was congress bastion till 2014. 33 /40 Lok Sabha seats and huge majority in assembly in 2009. Remaining states u wait and watch.,2023-12-25 12:41:00,0,1,2024,Andhra was congress bastion till 2014. 33 /40 Lok Sabha seats and huge majority in assembly in 2009. Remaining states u wait and watch.,neutral,0.7880728244781494
ABP News C Voters Opinion poll for Punjab Lok Sabha Cong - 7 AAP - 4 SAD - 1 BJP - 1 Congress party set to retain its seats in Punjab in Lok Sabha in 2024 elections. Rahul Gandhi emerges as most popular national leader in Punjab and rest of India,2023-12-25 01:32:00,77,21,2024,ABP News C Voters Opinion poll for Punjab Lok Sabha Cong - 7 AAP - 4 SAD - 1 BJP - 1 Congress party set to retain its seats in Punjab in Lok Sabha in 2024 elections. Rahul Gandhi emerges as most popular national leader in Punjab and rest of India,neutral,0.5254306197166443
2024 Loksabha result most likely🔥 Madhya Pradesh : BJP 27-29 : INC : 0-2 Ram Mandir Captain Rohit Sharma कैलाश विजयवर्गीय #XmasWithDunki #AliaBhatt,2023-12-25 12:41:00,0,0,2024,2024 Loksabha result most likely🔥 Madhya Pradesh : BJP 27-29 : INC : 0-2 Ram Mandir Captain Rohit Sharma कैलाश विजयवर्गीय XmasWithDunki AliaBhatt,neutral,0.8876028060913086
"Birthday wishes to Shri Deepak(Dev) Adhikari Ji, Lok Sabha MP from Ghatal(West Bengal). Praying for your long and healthy life. @idevadhikari",2023-12-25 03:08:00,36,6,2024,"Birthday wishes to Shri Deepak(Dev) Adhikari Ji, Lok Sabha MP from Ghatal(West Bengal). Praying for your long and healthy life.",positive,0.9606388807296753
KARNATAKA LOKSABHA: #EXCLUSIVE: A BREATH OF FRESH AIR IN COASTAL CONG LEADERSHIP.! CONG is becoming more aggressive in #CoastalKarnataka; to the credit of its new revival in organisations— CONG is addressing meetings and reaching out to voters at the block level. IMPRESSIVE.!,2023-12-25 07:49:00,436,12,2024,KARNATAKA LOKSABHA: EXCLUSIVE: A BREATH OF FRESH AIR IN COASTAL CONG LEADERSHIP.! CONG is becoming more aggressive in CoastalKarnataka; to the credit of its new revival in organisations— CONG is addressing meetings and reaching out to voters at the block level. IMPRESSIVE.!,positive,0.6966291666030884
अरे ऐसी शुभ -शुभ बातें से कही स्टूल न खिसक जाये 😇,2023-12-25 12:39:00,0,0,2024,अरे ऐसी शुभ -शुभ बातें से कही स्टूल न खिसक जाये 😇,neutral,0.8028144836425781
"Yes, the limitation in words as per rules of Lok Sabha restricted me in raising more points on this grave issue but I tried hard to let the voices, feelings, emotions of millions of men & women against the alarming rise in male-suicides in India reach the ears of GOI. #SaveMenToo",2023-12-24 19:35:00,296,25,2024,"Yes, the limitation in words as per rules of Lok Sabha restricted me in raising more points on this grave issue but I tried hard to let the voices, feelings, emotions of millions of men & women against the alarming rise in male-suicides in India reach the ears of GOI. SaveMenToo",negative,0.518981397151947
"Yeh sahi kiya, atleast loksabha chanav rak to chalni he chahiye ye scheme",2023-12-25 12:39:00,3,1,2024,"Yeh sahi kiya, atleast loksabha chanav rak to chalni he chahiye ye scheme",neutral,0.7673729062080383
"#NayaJammuKashmir Many people living in Kashmir for decades could cast their vote in Lok Sabha polls, but not in J&K’s assembly & local polls. They are the ones who came to India post Partition. Should we have allowed such injustice to exist? via NaMo App",2023-12-25 12:39:00,0,0,2024,"NayaJammuKashmir Many people living in Kashmir for decades could cast their vote in Lok Sabha polls, but not in J&K’s assembly & local polls. They are the ones who came to India post Partition. Should we have allowed such injustice to exist? via NaMo App",neutral,0.5286697745323181
"VIDEO | “We have no hesitation for an alliance with BJP (for 2024 Lok Sabha elections), but SAD is the bigger partner in Punjab. If they (BJP) agree to the clauses that were put forward by Lt. Parkash Singh Badal earlier, we are ready to join hands with them. Meanwhile, we have decided to form a unit of Akali Dal in Mumbai. We also have in the pipeline the formation of Akali Dal Bihar and Jharkhand,” says Shiromani Akali Dal (SAD) Delhi State president @ParamjitSSarna on the merger of Shiromani Akali Dal (Sanyukt) into Shiromani Akali Dal and the possibility of an alliance with BJP ahead of 2024 Lok Sabha polls.",2023-12-25 12:24:00,43,5,2024,"VIDEO | “We have no hesitation for an alliance with BJP (for 2024 Lok Sabha elections), but SAD is the bigger partner in Punjab. If they (BJP) agree to the clauses that were put forward by Lt. Parkash Singh Badal earlier, we are ready to join hands with them. Meanwhile, we have decided to form a unit of Akali Dal in Mumbai. We also have in the pipeline the formation of Akali Dal Bihar and Jharkhand,” says Shiromani Akali Dal (SAD) Delhi State president on the merger of Shiromani Akali Dal (Sanyukt) into Shiromani Akali Dal and the possibility of an alliance with BJP ahead of 2024 Lok Sabha polls.",neutral,0.6764104962348938
"The latest reports suggest that #Pawankalyan has put forth a fresh demand before #ChandrababuNaidu, asking for 45 assembly seats and five Lok Sabha seats. Read @greatandhranews Story | https://www.greatandhra.com/politics/andhra-news/pawan-raised-his-stakes-after-lokesh-statement-134559 #TDP",2023-12-25 09:55:00,24,7,2024,"The latest reports suggest that Pawankalyan has put forth a fresh demand before ChandrababuNaidu, asking for 45 assembly seats and five Lok Sabha seats. Read Story | TDP",neutral,0.9348602890968323
Exoberantly. Other airlines are not offering and lower fares and try to match indigo fare. I wish all point this to avation minIstet. Before the loksabha 2024 election please see that they reduce the fare be customer friendly and be responsive. If all feel this corect then retwet,2023-12-25 12:36:00,0,0,2024,Exoberantly. Other airlines are not offering and lower fares and try to match indigo fare. I wish all point this to avation minIstet. Before the loksabha 2024 election please see that they reduce the fare be customer friendly and be responsive. If all feel this corect then retwet,negative,0.6062360405921936
Pardon sprayers of gas in Lok Sabha https://www.mid-day.com/news/opinion/article/pardon-sprayers-of-gas-in-lok-sabha-23326530,2023-12-25 10:44:00,29,1,2024,Pardon sprayers of gas in Lok Sabha,negative,0.5644659996032715
"#WATCH | On Union Minister Anurag Thakur's statement regarding the INDIA alliance, Karnataka Deputy CM DK Shivakumar says ""NDA alliance will break before (Lok Sabha) elections...""",2023-12-25 08:07:00,322,23,2024,"WATCH | On Union Minister Anurag Thakur's statement regarding the INDIA alliance, Karnataka Deputy CM DK Shivakumar says ""NDA alliance will break before (Lok Sabha) elections...""",neutral,0.86209636926651
"Maharashtra 2024 Lok Sabha ABP C voters Opinion Poll INDIA ( Cong + NCP + SS ) - 29 NDA ( BJP + Eknath + Ajit ) - 19 INDIA takes a massive lead in Maharashtra compared to 2019 when it got 5/48, NDA down from 42 to 19 in India's Second largest state.",2023-12-24 13:25:00,1227,123,2024,"Maharashtra 2024 Lok Sabha ABP C voters Opinion Poll INDIA ( Cong + NCP + SS ) - 29 NDA ( BJP + Eknath + Ajit ) - 19 INDIA takes a massive lead in Maharashtra compared to 2019 when it got 5/48, NDA down from 42 to 19 in India's Second largest state.",neutral,0.8922553062438965
"Lok Sabha Passes Maternity Benifits (Ammendment) Bill, 2016 https://www.narendramodi.in/gu/category/infographics via NaMo App",2023-12-25 12:34:00,0,0,2024,"Lok Sabha Passes Maternity Benifits (Ammendment) Bill, 2016 via NaMo App",neutral,0.9318997263908386
Home Minister #AmitShah will be coming in tonight for org meets & to also oversee preparations for next year's Lok Sabha Elections.,2023-12-25 11:34:00,42,2,2024,Home Minister AmitShah will be coming in tonight for org meets & to also oversee preparations for next year's Lok Sabha Elections.,neutral,0.9202006459236145
"#WATCH | Delhi: On BJP's target of achieving more than 50% votes in the Lok Sabha elections in 2024, Delhi Minister Saurabh Bharadwaj says, ""The vote share of the BJP till now was less than 40%. If the whole opposition is united and INDIA Bloc contests united elections, then the BJP has no way. If the BJP does not get more than 50% votes, then it will lose... In the 3 state elections, the total of Congress' votes was more than the BJP. In such a situation, how the BJP will win the Lok Sabha elections, is a huge challenge for them.""",2023-12-24 08:04:00,350,91,2024,"WATCH | Delhi: On BJP's target of achieving more than 50% votes in the Lok Sabha elections in 2024, Delhi Minister Saurabh Bharadwaj says, ""The vote share of the BJP till now was less than 40%. If the whole opposition is united and INDIA Bloc contests united elections, then the BJP has no way. If the BJP does not get more than 50% votes, then it will lose... In the 3 state elections, the total of Congress' votes was more than the BJP. In such a situation, how the BJP will win the Lok Sabha elections, is a huge challenge for them.""",neutral,0.8067909479141235
"J.P. Nadda , Rajnath Singh Lok Sabha Speaker Om Birla , Harivansh Narayan Singh and other leaders pay floral tribute to former Prime Minister Atal Bihari Vajpayee at 'Sadaiv Atal' memorial, on his birth anniversary. @JPNadda @rajnathsingh @ombirlakota @harivansh1956",2023-12-25 04:19:00,20,0,2024,"J.P. Nadda , Rajnath Singh Lok Sabha Speaker Om Birla , Harivansh Narayan Singh and other leaders pay floral tribute to former Prime Minister Atal Bihari Vajpayee at 'Sadaiv Atal' memorial, on his birth anniversary.",neutral,0.7471302151679993
Lok Sabha Election 2024 : పార్లమెంటుకు అభ్యర్థులను ఖరారుచేస్తున్న బీఆర్ఎస్ - TV9 #loksabhaelection2024 #BRS #TSPolitics,2023-12-25 09:53:00,49,0,2024,Lok Sabha Election 2024 : పార్లమెంటుకు అభ్యర్థులను ఖరారుచేస్తున్న బీఆర్ఎస్ - TV9 loksabhaelection2024 BRS TSPolitics,neutral,0.8428651094436646
No Alternative to BJP. They will easily get 350-375+ seats in 2024 Lok Sabha elections due to their outstanding work. -Vetran Actor Nana Patekar,2023-12-25 09:31:00,62,0,2024,No Alternative to BJP. They will easily get 350-375+ seats in 2024 Lok Sabha elections due to their outstanding work. -Vetran Actor Nana Patekar,positive,0.7163210511207581
Lok sabha ಚುನಾವಣೆ barli. Thiga oduskolthira.,2023-12-25 12:31:00,0,1,2024,Lok sabha ಚುನಾವಣೆ barli. Thiga oduskolthira.,neutral,0.7890015244483948
Got some first hand feedback.. even some BRS party members are in favour you in upcoming Loksabha elections in pargi assembly segment ! Its time to intensify the campaign for better results !!,2023-12-25 12:31:00,2,1,2024,Got some first hand feedback.. even some BRS party members are in favour you in upcoming Loksabha elections in pargi assembly segment ! Its time to intensify the campaign for better results !!,positive,0.8835040926933289
"Mangalagiri Constituency: 2009: PRP in Assembly : 24.7% votes, 39,823 2019: JSP in Lok Sabha: 7.1% votes, 16,304 CPI in Assembly: 4.4% votes, 10,135",2023-12-25 06:05:00,26,1,2024,"Mangalagiri Constituency: 2009: PRP in Assembly : 24.7% votes, 39,823 2019: JSP in Lok Sabha: 7.1% votes, 16,304 CPI in Assembly: 4.4% votes, 10,135",neutral,0.901324450969696
"Nana Patekar, a veteran actor, predicts that due to their exceptional performance, the BJP will likely secure 350-375+ seats in the 2024 Lok Sabha elections with no viable alternative.",2023-12-25 12:30:00,4,0,2024,"Nana Patekar, a veteran actor, predicts that due to their exceptional performance, the BJP will likely secure 350-375+ seats in the 2024 Lok Sabha elections with no viable alternative.",positive,0.789995551109314
"#WATCH | ""Kya Rape Sirf Mahilaon Ka Hota Hai, Mardon Ka Nahi Hota?"" | @asadowaisi in Lok Sabha ▪️Other MPs: ""Ha Ha Ha..."" #VoiceForMen Bharatiya Nyaya (Second) Sanhita, 2023 bill Bharatiya Nagarik Suraksha (Second) Sanhita, 2023 Bharatiya Sakshya (Second) Bill (BSB) 2023",2023-12-21 10:38:00,1356,93,2024,"WATCH | ""Kya Rape Sirf Mahilaon Ka Hota Hai, Mardon Ka Nahi Hota?"" | in Lok Sabha ▪️Other MPs: ""Ha Ha Ha..."" VoiceForMen Bharatiya Nyaya (Second) Sanhita, 2023 bill Bharatiya Nagarik Suraksha (Second) Sanhita, 2023 Bharatiya Sakshya (Second) Bill (BSB) 2023",neutral,0.9045858383178711
Lok Sabha Passes Tax Laws (Second Amendment) Bill 2016 https://www.narendramodi.in/category/infographics via NaMo App,2023-12-25 12:28:00,0,0,2024,Lok Sabha Passes Tax Laws (Second Amendment) Bill 2016 via NaMo App,neutral,0.9288421869277954
No Alternative to BJP. They will easily get 350-375+ seats in 2024 Lok Sabha elections due to their outstanding work. -Vetran Actor Nana Patekar,2023-12-25 12:28:00,5,0,2024,No Alternative to BJP. They will easily get 350-375+ seats in 2024 Lok Sabha elections due to their outstanding work. -Vetran Actor Nana Patekar,positive,0.7163211703300476
"#NayaJammuKashmir Many people living in Kashmir for decades could cast their vote in Lok Sabha polls, but not in J&K’s assembly & local polls. They are the ones who came to India post Partition. Should we have allowed such injustice to exist? via NaMo App",2023-12-25 12:28:00,0,0,2024,"NayaJammuKashmir Many people living in Kashmir for decades could cast their vote in Lok Sabha polls, but not in J&K’s assembly & local polls. They are the ones who came to India post Partition. Should we have allowed such injustice to exist? via NaMo App",neutral,0.5286698341369629
'There will be dictatorship in India if...': Uddhav Thackeray ahead of Lok Sabha polls https://dhunt.in/RAh2e By India Today via Dailyhunt,2023-12-25 12:28:00,0,0,2024,'There will be dictatorship in India if...': Uddhav Thackeray ahead of Lok Sabha polls By India Today via Dailyhunt,neutral,0.6007870435714722
Will contest Lok Sabha polls against @sajadlone . have started electioneering from Bandipora.,2023-12-25 12:28:00,0,0,2024,Will contest Lok Sabha polls against . have started electioneering from Bandipora.,neutral,0.7208724021911621
#WATCH | Defence Minister Rajnath Singh and Lok Sabha Speaker Om Birla arrived in Haridwar; received by Uttarakhand Chief Minister Pushkar Singh Dhami,2023-12-25 08:19:00,182,3,2024,WATCH | Defence Minister Rajnath Singh and Lok Sabha Speaker Om Birla arrived in Haridwar; received by Uttarakhand Chief Minister Pushkar Singh Dhami,neutral,0.9354338645935059
Bengal News - Home Minister Amit Shah will arrive in Kolkata today for two days visit. Shah will offer prayers at Kalighat Temple & MG Road Gurudwara tomorrow. He will interact with party functionaries and evaluate party’s position ahead of Lok Sabha elections.,2023-12-25 04:56:00,1048,3,2024,Bengal News - Home Minister Amit Shah will arrive in Kolkata today for two days visit. Shah will offer prayers at Kalighat Temple & MG Road Gurudwara tomorrow. He will interact with party functionaries and evaluate party’s position ahead of Lok Sabha elections.,neutral,0.8995116353034973
Ho Dada kahihi karu shakta.. .. 2019 loksabha election (maval) parth pawar.,2023-12-25 12:27:00,0,0,2024,Ho Dada kahihi karu shakta.. .. 2019 loksabha election (maval) parth pawar.,neutral,0.9186062216758728
South India 2024 Loksabha Opinion Poll 132 seats (C-Voter) INDIA 78 BJP 22 OTH 32,2023-12-25 12:11:00,46,2,2024,South India 2024 Loksabha Opinion Poll 132 seats (C-Voter) INDIA 78 BJP 22 OTH 32,neutral,0.9182993173599243
"Yes, Congress will be swept in 2024 loksabha elections",2023-12-25 12:25:00,0,0,2024,"Yes, Congress will be swept in 2024 loksabha elections",neutral,0.7241867184638977
"South India BJP 2019 Loksabha Karnataka 25 Telangana 04 Andhra Pradesh 00 Tamil Nadu 00 Kerala 00 They have won 29 seats out of 130 seats, only Congress can drag them below 15 as the rest of the states are irrelevant for BJP apart from KA & TG.",2023-12-25 12:25:00,1,1,2024,"South India BJP 2019 Loksabha Karnataka 25 Telangana 04 Andhra Pradesh 00 Tamil Nadu 00 Kerala 00 They have won 29 seats out of 130 seats, only Congress can drag them below 15 as the rest of the states are irrelevant for BJP apart from KA & TG.",neutral,0.7536846399307251
"Not INDIA, but NDA will break down before 2024 Loksabha. -DK Shivakumar hits back at ANI journalist",2023-12-25 11:28:00,16,0,2024,"Not INDIA, but NDA will break down before 2024 Loksabha. -DK Shivakumar hits back at ANI journalist",neutral,0.5448106527328491
"Bhagat Singh Jan Adhikar Yatra, Phase II, Summary of Day 15 Ahmednagar, Maharashtra #rojgar #shikha #berozgar #employment #GodiMedia #Elections2024 #LokSabha #BoycottGodiMedia #ModiMurdabad #fascism #maharashtra",2023-12-25 06:07:00,9,1,2024,"Bhagat Singh Jan Adhikar Yatra, Phase II, Summary of Day 15 Ahmednagar, Maharashtra rojgar shikha berozgar employment GodiMedia Elections2024 LokSabha BoycottGodiMedia ModiMurdabad fascism maharashtra",neutral,0.6383498907089233
"We are going to win almost all seats in Punjab,Kerala & Telangana Their is only Congress Vs BJP no third party in Loksabha & BJP is not in the condition to get 20% votes in these states 🙏🙏",2023-12-24 12:53:00,366,8,2024,"We are going to win almost all seats in Punjab,Kerala & Telangana Their is only Congress Vs BJP no third party in Loksabha & BJP is not in the condition to get 20% votes in these states 🙏🙏",positive,0.6091529130935669
"Congress Party lined up Marathon Meetings in Next two days for Loksabha Polls Preparedness with State Units (26/12/23) Bihar Congress Leaders to meet Congress President Kharge, Rahul Gandhi, KC Venugopal ,then J & K Congress Leaders later on Punjab Cong Leaders in the Evening On 27/12/23 Andhra Pradesh Congress Himachal Congress Leaders meeting",2023-12-25 08:38:00,109,1,2024,"Congress Party lined up Marathon Meetings in Next two days for Loksabha Polls Preparedness with State Units (26/12/23) Bihar Congress Leaders to meet Congress President Kharge, Rahul Gandhi, KC Venugopal ,then J & K Congress Leaders later on Punjab Cong Leaders in the Evening On 27/12/23 Andhra Pradesh Congress Himachal Congress Leaders meeting",neutral,0.9203077554702759
లోక్ సభ ఎన్నికలపై ఫోకస్ పెట్టిన బీజేపీ | BJP Focused On Lok Sabha Elections | Prime9 News #LokSabhaElection2024 #bjpparty #BJP4IND #BreakingNews #LatestNews #LokSabha #TeluguNews #elections #Prime9News Watch Video >>https://fb.watch/p9bkB3OnXw/,2023-12-25 12:21:00,0,0,2024,లోక్ సభ ఎన్నికలపై ఫోకస్ పెట్టిన బీజేపీ | BJP Focused On Lok Sabha Elections | Prime9 News LokSabhaElection2024 bjpparty BJP4IND BreakingNews LatestNews LokSabha TeluguNews elections Prime9News Watch Video >>,neutral,0.8839132189750671
Thread. DMK was not keen on enjoying power at Centre until 1989 when they had a chance to get a berth in VP Singh’s Govt even though they had 0 MP’s in Lok Sabha Karunanidhi knew that his brand of politics didn’t suit him to share power at Centre But he made a conscious decision,2023-12-24 15:00:00,350,6,2024,Thread. DMK was not keen on enjoying power at Centre until 1989 when they had a chance to get a berth in VP Singh’s Govt even though they had 0 MP’s in Lok Sabha Karunanidhi knew that his brand of politics didn’t suit him to share power at Centre But he made a conscious decision,neutral,0.5077263712882996
If bjp gets concentrated 20% votes..it can get few seats in Kerala,2023-12-25 12:20:00,0,0,2024,If bjp gets concentrated 20% votes..it can get few seats in Kerala,neutral,0.7710574269294739
"The Congress show in Sirsa, Haryana. Congress party will gain massive in Haryana in upcoming Lok Sabha and assembly elections.",2023-12-24 18:29:00,1213,18,2024,"The Congress show in Sirsa, Haryana. Congress party will gain massive in Haryana in upcoming Lok Sabha and assembly elections.",positive,0.7917026281356812
"चलो नागपूर...... चलो नागपूर..... ''है तैयार हम"" 139 वां काँग्रेस स्थापना दिन 28 डिसेंबर 2023 दोपहर 1 बजे भारत जोड़ो मैदान, दिघोरी नाका, उमरेड रोड नागपुर।",2023-12-25 12:18:00,6,0,2024,"चलो नागपूर...... चलो नागपूर..... ''है तैयार हम"" 139 वां काँग्रेस स्थापना दिन 28 डिसेंबर 2023 दोपहर 1 बजे भारत जोड़ो मैदान, दिघोरी नाका, उमरेड रोड नागपुर।",neutral,0.8274387717247009
BJP में जाने की तैयारी में Acharya Pramod Krishnam?Akhilesh Yadav | LokSabha Elections | SHRESHTH UP https://invidious.perennialte.ch/shorts/89RRHjKwsVM #BJP #shreshthuttarpradesh #Loksabha #acharya #pramodkrishnam #shorts,2023-12-25 10:57:00,1,0,2024,BJP में जाने की तैयारी में Acharya Pramod Krishnam?Akhilesh Yadav | LokSabha Elections | SHRESHTH UP BJP shreshthuttarpradesh Loksabha acharya pramodkrishnam shorts,neutral,0.8989547491073608
No Alternative to BJP. They will easily get 350-375+ seats in 2024 Lok Sabha elections due to their outstanding work. -Vetran Actor Nana Patekar,2023-12-25 12:03:00,8,0,2024,No Alternative to BJP. They will easily get 350-375+ seats in 2024 Lok Sabha elections due to their outstanding work. -Vetran Actor Nana Patekar,positive,0.7163210511207581
BJP will easily win Kanyakumari & Coimbatore LS seats in Tamil Nadu . In fact DMK was pushed to No 3 position in 8 seats at TN in 2014 Lok Sabha polls by BJP+. In 2024 polls BJP momentum at TN is higher than 2014 . BJP is already ruling Pondicherry in an alliance,2023-12-25 12:18:00,1,9,2024,BJP will easily win Kanyakumari & Coimbatore LS seats in Tamil Nadu . In fact DMK was pushed to No 3 position in 8 seats at TN in 2014 Lok Sabha polls by BJP+. In 2024 polls BJP momentum at TN is higher than 2014 . BJP is already ruling Pondicherry in an alliance,positive,0.6084697246551514
कोरोना वापस आलाय सर्वांनी काळजी घ्या..! आता काही मुख्यमंत्री उद्धव ठाकरे आणि आरोग्य मंत्री राजेश टोपे नाहीये. आता आरोग्य मंत्री तानाजी सावंत आणि मुख्यमंत्री शिंदे आहे...... 😂,2023-12-22 13:11:00,1998,104,2024,कोरोना वापस आलाय सर्वांनी काळजी घ्या..! आता काही मुख्यमंत्री उद्धव ठाकरे आणि आरोग्य मंत्री राजेश टोपे नाहीये. आता आरोग्य मंत्री तानाजी सावंत आणि मुख्यमंत्री शिंदे आहे...... 😂,neutral,0.774732232093811
"Akhilesh Yadav needs to come better this Loksabha election for INDIA in Uttar Pradesh, he has responsibility to deal with. It will take sacrifices in seat sharing, making negotiations but there's no other way out especially looking at BJP getting the narrative of Ram Mandir. Samajwadi with Congress & RLD needs to be smart with their target in UP. Going berserk on all 80 won't give anything better than focusing on 45 odd seats and putting all the resources. Without Uttar Pradesh bringing down the BJP tally, they will get another free pass. INDIA lost around 14 seats with margin less than 5% votes, picking them and working tirelessly can do the needed trick.",2023-12-24 17:51:00,827,56,2024,"Akhilesh Yadav needs to come better this Loksabha election for INDIA in Uttar Pradesh, he has responsibility to deal with. It will take sacrifices in seat sharing, making negotiations but there's no other way out especially looking at BJP getting the narrative of Ram Mandir. Samajwadi with Congress & RLD needs to be smart with their target in UP. Going berserk on all 80 won't give anything better than focusing on 45 odd seats and putting all the resources. Without Uttar Pradesh bringing down the BJP tally, they will get another free pass. INDIA lost around 14 seats with margin less than 5% votes, picking them and working tirelessly can do the needed trick.",neutral,0.5396509766578674
"if someone wanted to contest Loksabha election, let them resign Governor post immediately and then contest",2023-12-25 12:16:00,1,0,2024,"if someone wanted to contest Loksabha election, let them resign Governor post immediately and then contest",neutral,0.7369471192359924
"Warm Birthday Wishes to Shri @manoj_kotak Ji, Hon'ble LokSabha MP from Mumbai North East.",2023-12-25 12:15:00,0,0,2024,"Warm Birthday Wishes to Shri Ji, Hon'ble LokSabha MP from Mumbai North East.",positive,0.9357303380966187
హుస్నాబాద్ పల్లె ప్రాంతం నుండి టూర్ కోసం హైదరాబాద్ విచ్చేసిన హుస్నాబాద్ ప్రాంత విద్యార్థులకు రాష్ట్ర సచివాలయం సందర్శన చేపించిన రవాణా మరియు బీసీ సంక్షేమ శాఖల మంత్రి వర్యులు శ్రీ పొన్నం ప్రభాకర్ గారు.,2023-12-24 14:08:00,417,2,2024,హుస్నాబాద్ పల్లె ప్రాంతం నుండి టూర్ కోసం హైదరాబాద్ విచ్చేసిన హుస్నాబాద్ ప్రాంత విద్యార్థులకు రాష్ట్ర సచివాలయం సందర్శన చేపించిన రవాణా మరియు బీసీ సంక్షేమ శాఖల మంత్రి వర్యులు శ్రీ పొన్నం ప్రభాకర్ గారు.,neutral,0.7526171803474426
హుస్నాబాద్ పల్లె ప్రాంతం నుండి టూర్ కోసం హైదరాబాద్ విచ్చేసిన హుస్నాబాద్ ప్రాంత విద్యార్థులకు రాష్ట్ర సచివాలయం సందర్శన చేపించడం జరిగింది! @INCTelangana @INCIndia,2023-12-24 13:55:00,1054,55,2024,హుస్నాబాద్ పల్లె ప్రాంతం నుండి టూర్ కోసం హైదరాబాద్ విచ్చేసిన హుస్నాబాద్ ప్రాంత విద్యార్థులకు రాష్ట్ర సచివాలయం సందర్శన చేపించడం జరిగింది!,neutral,0.7453018426895142
South India 2024 Loksabha Opinion Poll 132 seats (C-Voter) INDIA 78 BJP 22 OTH 32,2023-12-25 12:15:00,2,0,2024,South India 2024 Loksabha Opinion Poll 132 seats (C-Voter) INDIA 78 BJP 22 OTH 32,neutral,0.9182993173599243
HUGE - PM Modi heading for sweep in 2024 election as per ABP CVoter 2024 Loksabha Opinion Poll 🔥🔥 Madhya Pradesh : 29 BJP : 27-29 INC : 0-2 Karnataka : 28 BJP+ : 22-24 INC : 4-6 Rajasthan : 25 BJP : 23-25 INC : 0-2 Telangana : 17 BJP : 1-3 INC : 9-11 BRS : 3-5 Chhattisgarh : 11 BJP : 9-11 INC : 0-2 PM Modi to create history in 2024 🔥,2023-12-23 14:56:00,11002,309,2024,HUGE - PM Modi heading for sweep in 2024 election as per ABP CVoter 2024 Loksabha Opinion Poll 🔥🔥 Madhya Pradesh : 29 BJP : 27-29 INC : 0-2 Karnataka : 28 BJP+ : 22-24 INC : 4-6 Rajasthan : 25 BJP : 23-25 INC : 0-2 Telangana : 17 BJP : 1-3 INC : 9-11 BRS : 3-5 Chhattisgarh : 11 BJP : 9-11 INC : 0-2 PM Modi to create history in 2024 🔥,positive,0.6779318451881409
ABV with 303 in the Lok Sabha would be:,2023-12-25 11:30:00,4,5,2024,ABV with 303 in the Lok Sabha would be:,neutral,0.9360663294792175
Merry Christmas Mam we miss you in the Lok Sabha.. Your fearless speech India loves it...,2023-12-25 12:14:00,0,0,2024,Merry Christmas Mam we miss you in the Lok Sabha.. Your fearless speech India loves it...,positive,0.972942054271698
"This is loksabha election, voters vote differently from Assembly elections. Hence there is every possibilty KA voting for BJP.",2023-12-25 12:13:00,0,0,2024,"This is loksabha election, voters vote differently from Assembly elections. Hence there is every possibilty KA voting for BJP.",neutral,0.8501302003860474
Merry Christmas Mam we miss you in the Lok Sabha.. Your fearless speech India loves it...,2023-12-25 12:13:00,0,0,2024,Merry Christmas Mam we miss you in the Lok Sabha.. Your fearless speech India loves it...,positive,0.972942054271698
South India 2024 Loksabha Opinion Poll 132 seats (C-Voter) INDIA 78 BJP 22 OTH 32 INDIA is polling 40% votes in this survey while BJP is at 19%. #Elections2024,2023-12-25 12:09:00,3,1,2024,South India 2024 Loksabha Opinion Poll 132 seats (C-Voter) INDIA 78 BJP 22 OTH 32 INDIA is polling 40% votes in this survey while BJP is at 19%. Elections2024,neutral,0.8921506404876709
"Home Minister Dr G Parameshwara, meanwhile on Sunday, alleged that BJP is trying to use these issues as a weapon during the Lok Sabha elections. “But it will not work,” he commented.  @swaraj76 https://www.newindianexpress.com/states/karnataka/2023/dec/25/karnataka-hijab-religious-issues-to-take-centrestage-in-ls-polls-2644648.html",2023-12-25 12:11:00,0,1,2024,"Home Minister Dr G Parameshwara, meanwhile on Sunday, alleged that BJP is trying to use these issues as a weapon during the Lok Sabha elections. “But it will not work,” he commented.",negative,0.6367311477661133
LIVE: Union Home Minister Shri @AmitShah speaks in the Lok Sabha. #NayeBharatKeNayeKanoon https://nitter.perennialte.ch/i/broadcasts/1lDGLPENaeyGm,2023-12-20 09:45:00,1982,42,2024,LIVE: Union Home Minister Shri speaks in the Lok Sabha. NayeBharatKeNayeKanoon,neutral,0.9317622184753418
Merry xmas and all is fine… but how do u feel after being thrown out of Lok sabha??? Pls reply honestly🤣,2023-12-25 12:03:00,1,0,2024,Merry xmas and all is fine… but how do u feel after being thrown out of Lok sabha??? Pls reply honestly🤣,neutral,0.49625641107559204
Lok sabha election people will decide whether opportunist or not ..,2023-12-25 12:10:00,0,0,2024,Lok sabha election people will decide whether opportunist or not ..,neutral,0.7264718413352966
Janta Janardan will be with the congress in 2024 and congress will win Loksabha elections.,2023-12-03 15:22:00,8,1,2024,Janta Janardan will be with the congress in 2024 and congress will win Loksabha elections.,neutral,0.6985489130020142
"🗳️ #AnalyzerChronicles: In a twist of fate, BJP, once with less than 1% votes, now stands in a powerful position as TDP & YSR Congress vie for its support before the 2024 Lok Sabha elections. - A political strategist's visit to meet CBN's son, facilitated by a BJP MP, adds intrigue to the unfolding scenario✈️ Sources reveal TDP prefers an alliance with BJP while YSRCP prefers for BJP going solo👀",2023-12-24 15:49:00,535,5,2024,"🗳️ AnalyzerChronicles: In a twist of fate, BJP, once with less than 1% votes, now stands in a powerful position as TDP & YSR Congress vie for its support before the 2024 Lok Sabha elections. - A political strategist's visit to meet CBN's son, facilitated by a BJP MP, adds intrigue to the unfolding scenario✈️ Sources reveal TDP prefers an alliance with BJP while YSRCP prefers for BJP going solo👀",neutral,0.7514586448669434
South India 2024 Loksabha Opinion Poll 132 seats (C-Voter) INDIA 78 BJP 22 OTH 32 INDIA is polling 40% votes in this survey while BJP is at 19%.,2023-12-25 12:06:00,11,1,2024,South India 2024 Loksabha Opinion Poll 132 seats (C-Voter) INDIA 78 BJP 22 OTH 32 INDIA is polling 40% votes in this survey while BJP is at 19%.,neutral,0.8934892416000366
"#NayaJammuKashmir Many people living in Kashmir for decades could cast their vote in Lok Sabha polls, but not in J&K’s assembly & local polls. They are the ones who came to India post Partition. Should we have allowed such injustice to exist? via NaMo App",2023-12-25 12:07:00,0,0,2024,"NayaJammuKashmir Many people living in Kashmir for decades could cast their vote in Lok Sabha polls, but not in J&K’s assembly & local polls. They are the ones who came to India post Partition. Should we have allowed such injustice to exist? via NaMo App",neutral,0.5286697745323181
"1/2 Took the opportunity, amid the LokSabha disruption, to thank ⁦@nitin_gadkari⁩ for his excellent cooperation in completing work on the NH66 from Kazhakuttam to Karode (which will one day offer a 4-lane link from Thiruvananthapuram to Kanyakumari).I initiated this project",2023-12-19 06:03:00,4822,155,2024,"1/2 Took the opportunity, amid the LokSabha disruption, to thank ⁦⁩ for his excellent cooperation in completing work on the NH66 from Kazhakuttam to Karode (which will one day offer a 4-lane link from Thiruvananthapuram to Kanyakumari).I initiated this project",positive,0.896712064743042
"Nearly two weeks after the Parliament security breach, where his name surfaced for issuing passes to intruders, Mysuru-Kodagu MP Pratap Simha on Sunday said people will decide if he is a patriot or traitor in the upcoming Lok Sabha elections https://www.newindianexpress.com/states/karnataka/2023/dec/25/im-a-patriotor-a-traitor-people-will-decide-bjp-mp-pratap-simha-2644662.html",2023-12-25 12:07:00,0,0,2024,"Nearly two weeks after the Parliament security breach, where his name surfaced for issuing passes to intruders, Mysuru-Kodagu MP Pratap Simha on Sunday said people will decide if he is a patriot or traitor in the upcoming Lok Sabha elections",neutral,0.6382869482040405
69000 शिक्षक भर्ती आरक्षण मामला: नियुक्ति की मांग को लेकर भूख हड़ताल पर बैठे अभ्यर्थी. नियुक्ति पाने से वंचित दलित पिछड़े वर्ग के अभ्यर्थियों ने सोमवार से धरना स्थल इको गार्डन में भूख हड़ताल शुरू कर दी है. @myogiadityanath @BhimArmyChief,2023-12-25 11:15:00,183,3,2024,69000 शिक्षक भर्ती आरक्षण मामला: नियुक्ति की मांग को लेकर भूख हड़ताल पर बैठे अभ्यर्थी. नियुक्ति पाने से वंचित दलित पिछड़े वर्ग के अभ्यर्थियों ने सोमवार से धरना स्थल इको गार्डन में भूख हड़ताल शुरू कर दी है.,neutral,0.836821436882019
"Mahagathbandhan in Bihar 2015 vs 2024 Key differences in the scenario in 2015 vs today and why It would be difficult for this Gathbandhan to replicate its 2015 performance in the upcoming Lok Sabha elections. 1. Reservation Backdrop - 2015 elections were fought at the backdrop of Reservation Issue. RJD milked the full toss given by Mohan Bhagwat to the fullest and created a perception that BJP/RSS will snatch reservation benefits. BJP tried to undo the damage but it was too late. As a result, sections of OBC groups favoured RJD-JDU combine and UCs and Dalits and some OBC groups favoured BJP but it was not enough. BJP also did not get one sided UC vote as some 20% - 30% UCs sided with RJD due to Point 4 explained below. The alliance had a decisive 6% swing in its favour and that was enough to win a 3/4th majority. 2. BJP's strength and Modi's stature - The 2015 BJP was not as strong as it is today and Modi, despite the PM was not as well respected. 1 BJP MP himself called Modi as a 'Badbola'. Today no BJP MP or MLA would dare to use such language and everyone of them starts their day with ""Thank You Modi ji"". Due to his stature and old guard, he could not the full BJP to consolidate behind him. Separately some BJP workers were diffident and underconfident and gave up even before the fight while some others had a soft corner for Nitish due to this being Assembly Polls and canvassed for Nitish Kumar. This is not the case in the current time. 3. JDU's Kabaddi flips - Back in 2015 JDU and Nitish had an aura around them and they commanded a solid 16% vote share. Since then Nitish's multiple flip flops dented his credibility. His age and a lacklustre 3rd and 4th terms only decimated his popularity. In particular, Chirag Paswan dented his image beyond repair in the 2020 campaign trail. For the 1st time since 2000 elections, JDU won less than 50 seats. This is the image Nitish carries into the 2024 elections 4. BJP-RJD hegemony - Like many other states some RJD leaders helped BJP in the 2014 Lok Sabha while BJP leaders returned the favour in 2015. These BJP MPs, some of who ensured that RJD got even UC votes, have mostly either left the party and joined Congress/TMC or they have been sidelined and 1 of them passed away. The current situation is very different with the BJP MPs and a bunch of JDU MPs too being big time Modi loyalists. Infact it would not be a surprise if many of the 16 siting Lok Sabha MPs of JDU switch to the BJP along with hordes of workers. 5. Nitish Anti Incumbency - The 2015 elections were also fought on the face of Nitish Kumar. BJP had no credible alternative to present against him and only relied on Narendra Modi. So naturally the 'Bihari vs Bahari' campaign clicked with a section of voters. This is the National Poll though and hence there will be corrosion in JDU and RJD votebase due to this factor. Secondly as Narendra Modi's popularity in India and particularly in Bihar has gone up notches since 2015, the popularity of Nitish has come down significantly. Thirdly, RJD workers are also wary of Nitish and may not want to gift him a lot of seats. So there would be some amount of cross voting from RJD supporters in seats where JDU contest and they would vote to defeat BJP. This will not be the case in seats where RJD, Congress and CPIML contest. All these factors would further undermine the Mahagathbandhan. 6. Bihari Toilet Cleaners - An underrated aspect of this campaign would also be the whatsapp groups in Bihar flooded by videos and utterances of hateful politicians from DMK and other leaders abusing Biharis, dehumanizing them. The whisper campaign is gaining momentum and could prove to be costly for DMK's allies JDU and RJD. This was not the case in 2015 so the alliance starts on a defensive note. Caste census survey and job distribution are 2 positives that have happened from Mahaghathbandhan' point of view. However BJP supported an unethical Bill increasing reservation so unlike 2015 Reservation fiasco by Bhagwat, this move would be neutral and not benefit or dent either of the alliances. The job letters for teachers may helped RJD in some seats but the above 5 factors will dominate over the incremental benefits RJD may get via this move. Stay tuned for my Bihar' projected forecast for 2024",2023-12-25 09:21:00,79,10,2024,"Mahagathbandhan in Bihar 2015 vs 2024 Key differences in the scenario in 2015 vs today and why It would be difficult for this Gathbandhan to replicate its 2015 performance in the upcoming Lok Sabha elections. 1. Reservation Backdrop - 2015 elections were fought at the backdrop of Reservation Issue. RJD milked the full toss given by Mohan Bhagwat to the fullest and created a perception that BJP/RSS will snatch reservation benefits. BJP tried to undo the damage but it was too late. As a result, sections of OBC groups favoured RJD-JDU combine and UCs and Dalits and some OBC groups favoured BJP but it was not enough. BJP also did not get one sided UC vote as some 20% - 30% UCs sided with RJD due to Point 4 explained below. The alliance had a decisive 6% swing in its favour and that was enough to win a 3/4th majority. 2. BJP's strength and Modi's stature - The 2015 BJP was not as strong as it is today and Modi, despite the PM was not as well respected. 1 BJP MP himself called Modi as a 'Badbola'. Today no BJP MP or MLA would dare to use such language and everyone of them starts their day with ""Thank You Modi ji"". Due to his stature and old guard, he could not the full BJP to consolidate behind him. Separately some BJP workers were diffident and underconfident and gave up even before the fight while some others had a soft corner for Nitish due to this being Assembly Polls and canvassed for Nitish Kumar. This is not the case in the current time. 3. JDU's Kabaddi flips - Back in 2015 JDU and Nitish had an aura around them and they commanded a solid 16% vote share. Since then Nitish's multiple flip flops dented his credibility. His age and a lacklustre 3rd and 4th terms only decimated his popularity. In particular, Chirag Paswan dented his image beyond repair in the 2020 campaign trail. For the 1st time since 2000 elections, JDU won less than 50 seats. This is the image Nitish carries into the 2024 elections 4. BJP-RJD hegemony - Like many other states some RJD leaders helped BJP in the 2014 Lok Sabha while BJP leaders returned the favour in 2015. These BJP MPs, some of who ensured that RJD got even UC votes, have mostly either left the party and joined Congress/TMC or they have been sidelined and 1 of them passed away. The current situation is very different with the BJP MPs and a bunch of JDU MPs too being big time Modi loyalists. Infact it would not be a surprise if many of the 16 siting Lok Sabha MPs of JDU switch to the BJP along with hordes of workers. 5. Nitish Anti Incumbency - The 2015 elections were also fought on the face of Nitish Kumar. BJP had no credible alternative to present against him and only relied on Narendra Modi. So naturally the 'Bihari vs Bahari' campaign clicked with a section of voters. This is the National Poll though and hence there will be corrosion in JDU and RJD votebase due to this factor. Secondly as Narendra Modi's popularity in India and particularly in Bihar has gone up notches since 2015, the popularity of Nitish has come down significantly. Thirdly, RJD workers are also wary of Nitish and may not want to gift him a lot of seats. So there would be some amount of cross voting from RJD supporters in seats where JDU contest and they would vote to defeat BJP. This will not be the case in seats where RJD, Congress and CPIML contest. All these factors would further undermine the Mahagathbandhan. 6. Bihari Toilet Cleaners - An underrated aspect of this campaign would also be the whatsapp groups in Bihar flooded by videos and utterances of hateful politicians from DMK and other leaders abusing Biharis, dehumanizing them. The whisper campaign is gaining momentum and could prove to be costly for DMK's allies JDU and RJD. This was not the case in 2015 so the alliance starts on a defensive note. Caste census survey and job distribution are 2 positives that have happened from Mahaghathbandhan' point of view. However BJP supported an unethical Bill increasing reservation so unlike 2015 Reservation fiasco by Bhagwat, this move would be neutral and not benefit or dent either of the alliances. The job letters for teachers may helped RJD in some seats but the above 5 factors will dominate over the incremental benefits RJD may get via this move. Stay tuned for my Bihar' projected forecast for 2024",neutral,0.6199980974197388
#Rashtravad: 'इस्लाम में जो दाखिल होते हैं वो अपनी मर्जी से होते हैं..'- #AIMIM प्रवक्ता आदिल हसन @rrakesh_pandey #BJP #RSS #SP #Congress #Loksabha #CMYogi,2023-12-25 11:55:00,10,0,2024,Rashtravad: 'इस्लाम में जो दाखिल होते हैं वो अपनी मर्जी से होते हैं..'- AIMIM प्रवक्ता आदिल हसन BJP RSS SP Congress Loksabha CMYogi,neutral,0.8311553001403809
"#BrijBhushanSingh distances self from #wrestling body, says 'only focusing on 2024 #LokSabha polls' | https://tinyurl.com/nhfzr78u",2023-12-25 12:03:00,8,0,2024,"BrijBhushanSingh distances self from wrestling body, says 'only focusing on 2024 LokSabha polls' |",neutral,0.9060815572738647
"Vajpayee remained an MP for 47 years — elected 11 times to Lok Sabha, and twice to Rajya Sabha — leaving behind an enduring legacy. We take a look. https://indianexpress.com/article/explained/explained-politics/atal-bihari-vajpayee-legacy-9082273/",2023-12-25 11:59:00,10,0,2024,"Vajpayee remained an MP for 47 years — elected 11 times to Lok Sabha, and twice to Rajya Sabha — leaving behind an enduring legacy. We take a look.",neutral,0.6797890663146973
अनपढ़ को उपमुख्यमंत्री भी बना दिया गया है 🤣,2023-12-25 12:04:00,0,0,2024,अनपढ़ को उपमुख्यमंत्री भी बना दिया गया है 🤣,neutral,0.7561672329902649
"@Preetam_M_Rao and the biggest problem is, such ""protests"" etc will only increase as lok sabha elections come closer. Kannadigas are nice people but such incidents will surely create differences",2023-12-25 12:03:00,0,0,2024,"and the biggest problem is, such ""protests"" etc will only increase as lok sabha elections come closer. Kannadigas are nice people but such incidents will surely create differences",negative,0.8710947632789612
KARNATAKA POLITICAL BREAKING: #WATCH: Stalwart HD Devegowda becomes Political Opportunist— DILUTES IDEOLOGY.! #DEVEGOWDA: Now the question in front of is that to face the forthcoming Loksabha Polls we've to slightly loosen the way we fought earlier Elections against the BJP. We have decided to join forces with the BJP TO FIGHT AGAINST THE CONGRESS. There is no cover-up.!,2023-12-25 08:47:00,85,3,2024,KARNATAKA POLITICAL BREAKING: WATCH: Stalwart HD Devegowda becomes Political Opportunist— DILUTES IDEOLOGY.! DEVEGOWDA: Now the question in front of is that to face the forthcoming Loksabha Polls we've to slightly loosen the way we fought earlier Elections against the BJP. We have decided to join forces with the BJP TO FIGHT AGAINST THE CONGRESS. There is no cover-up.!,neutral,0.7935356497764587
"'Prove you aren't against Hindus, Hindi-speaking states': BRS leader K Kavitha attacked Congress leader Rahul Gandhi over the controversial comments made by some leaders of DMK. She demanded him to clear his stance as the Lok Sabha election was nearing. https://www.indiatoday.in/india/story/k-kavitha-congress-rahul-gandhi-dmk-dayanidhi-maran-toilet-remark-bharat-jodo-yatra-2480135-2023-12-25",2023-12-25 12:03:00,0,0,2024,"'Prove you aren't against Hindus, Hindi-speaking states': BRS leader K Kavitha attacked Congress leader Rahul Gandhi over the controversial comments made by some leaders of DMK. She demanded him to clear his stance as the Lok Sabha election was nearing.",neutral,0.4981876313686371
"#Rashtravad: 'इस्लाम में महिला का कोई सम्मान नहीं है..'- देखिए, ऐसा क्यों बोले महामंडलेश्वर महंत नवल किशोर दास @rrakesh_pandey #BJP #RSS #SP #Congress #Loksabha #CMYogi",2023-12-25 12:03:00,5,0,2024,"Rashtravad: 'इस्लाम में महिला का कोई सम्मान नहीं है..'- देखिए, ऐसा क्यों बोले महामंडलेश्वर महंत नवल किशोर दास BJP RSS SP Congress Loksabha CMYogi",neutral,0.7904068827629089
"Honourable @AmitShah ji addressing the #LokSabha on the revolutionary three new criminal law bills, replacing archaic, 150-year-old colonial laws. A momentous step towards a legal framework aligned with the spirit of our constitution! #NayeBharatKeNayeKanoon",2023-12-20 15:29:00,446,0,2024,"Honourable ji addressing the LokSabha on the revolutionary three new criminal law bills, replacing archaic, 150-year-old colonial laws. A momentous step towards a legal framework aligned with the spirit of our constitution! NayeBharatKeNayeKanoon",positive,0.8421750068664551
"I m a fan of #pankajtripathi and various iconic roles he played , but his attempt at playing #BharatRatna #AtalBihariVajpayeeJi is no where close to Atalji's giant personality. The iconic speech at Lok Sabha felt really flat in the scene of the released trailer.",2023-12-25 12:02:00,1,0,2024,"I m a fan of pankajtripathi and various iconic roles he played , but his attempt at playing BharatRatna AtalBihariVajpayeeJi is no where close to Atalji's giant personality. The iconic speech at Lok Sabha felt really flat in the scene of the released trailer.",neutral,0.474139928817749
@INCIndia @RahulGandhi Congress should tie up at State level only for LoK Sabha Election and no make INDIA where two are fighting with each others. Its a suggestion.,2023-12-25 12:01:00,0,0,2024,Congress should tie up at State level only for LoK Sabha Election and no make INDIA where two are fighting with each others. Its a suggestion.,neutral,0.6946760416030884
If BJP not use their EVM power in WB BJP not in a condition to win 5 seats against INDIA 🇮🇳 alliance in 2024 Loksabha,2023-12-24 15:26:00,100,3,2024,If BJP not use their EVM power in WB BJP not in a condition to win 5 seats against INDIA 🇮🇳 alliance in 2024 Loksabha,neutral,0.5040138959884644
Merry Christmas — warm regards and best wishes!,2023-12-25 02:21:00,2496,184,2024,Merry Christmas — warm regards and best wishes!,positive,0.9806104898452759
"Sanjay Raut on Loksabha Elections: ""काही प्रमुख लोक मविआमध्ये प्रवेश करतील""; राऊतांची भविष्यवाणी #sanjayraut #shivsenaubt #loksabhaelection2024 https://invidious.perennialte.ch/watch?v=G8bUvDvxNSU",2023-12-25 12:00:00,1,0,2024,"Sanjay Raut on Loksabha Elections: ""काही प्रमुख लोक मविआमध्ये प्रवेश करतील""; राऊतांची भविष्यवाणी sanjayraut shivsenaubt loksabhaelection2024",neutral,0.8462322354316711
"In India, Brahmins constitute about 3% of the population, yet check their numbers in temples, media, Lok Sabha, Rajya Sabha, Brahmin governors, and secretaries in ministries.",2023-12-22 17:03:00,1472,250,2024,"In India, Brahmins constitute about 3% of the population, yet check their numbers in temples, media, Lok Sabha, Rajya Sabha, Brahmin governors, and secretaries in ministries.",neutral,0.829731285572052
Uttar Pradesh Lok Sabha 2024 BJP prosects. Listen in to this Muslim Congress supporting journalist. Says BJP will find it tough to win 8-10 seats. Not sure what weird substance he has consumed.,2023-12-25 09:28:00,10,4,2024,Uttar Pradesh Lok Sabha 2024 BJP prosects. Listen in to this Muslim Congress supporting journalist. Says BJP will find it tough to win 8-10 seats. Not sure what weird substance he has consumed.,negative,0.643834114074707
#Rashtravad: 'मोदी सरकार ने तीन तलाक का खात्मा किया.. #Hijab से मुक्ति दिलाई है.. लेकिन कुछ कट्टरपंथी असामाजिक गतिविधि करना चाहते हैं..'- राजनीतिक विश्लेषक @Surya_Maithil @rrakesh_pandey #BJP #RSS #SP #Congress #Loksabha #CMYogi,2023-12-25 11:59:00,2,0,2024,Rashtravad: 'मोदी सरकार ने तीन तलाक का खात्मा किया.. Hijab से मुक्ति दिलाई है.. लेकिन कुछ कट्टरपंथी असामाजिक गतिविधि करना चाहते हैं..'- राजनीतिक विश्लेषक BJP RSS SP Congress Loksabha CMYogi,neutral,0.8186636567115784
Policy continuity as BJP likely to retain power in 2024 Lok Sabha elections: Fitch Ratings https://indianexpress.com/article/business/economy/policy-continuity-as-bjp-likely-to-retain-power-in-2024-lok-sabha-elections-fitch-ratings-9065682/ via NaMo App,2023-12-25 11:56:00,0,0,2024,Policy continuity as BJP likely to retain power in 2024 Lok Sabha elections: Fitch Ratings via NaMo App,neutral,0.8029016256332397
"फिर से सताने लगा डर | भारत में Covid-19 के लगभग 2300 एक्टिव मरीज, 40 देशों में फैल चुका है कोविड का नया JN.1 वेरिएंट, जानें https://boltikhabrenews.in/?p=30090 #LokSabha",2023-12-20 15:04:00,3,0,2024,"फिर से सताने लगा डर | भारत में Covid-19 के लगभग 2300 एक्टिव मरीज, 40 देशों में फैल चुका है कोविड का नया JN.1 वेरिएंट, जानें LokSabha",neutral,0.7742415070533752
When your effort to make upcoming Lok Sabha elections a Hindu-Muslim issue fails ! Must watch,2023-12-25 07:19:00,88,1,2024,When your effort to make upcoming Lok Sabha elections a Hindu-Muslim issue fails ! Must watch,negative,0.7489020228385925
"No alternative to PM Narendra Modi in 2024 Lok Sabha polls, says Ajit Pawar https://trib.al/CrL7OaV",2023-12-25 11:45:00,44,5,2024,"No alternative to PM Narendra Modi in 2024 Lok Sabha polls, says Ajit Pawar",neutral,0.850398600101471
Bihar 2019 Loksabha result :- NDA :- 39 । VS :- 53.35% UPA :- 1 । VS :- 23.57% Bihar 2024 Loksabha result prediction :- NDA :- 27-30 । VS :- 45% UPA :- 9-13 । VS :- 38%,2023-12-25 11:54:00,2,1,2024,Bihar 2019 Loksabha result :- NDA :- 39 । VS :- 53.35% UPA :- 1 । VS :- 23.57% Bihar 2024 Loksabha result prediction :- NDA :- 27-30 । VS :- 45% UPA :- 9-13 । VS :- 38%,neutral,0.9235807657241821
"उत्तराखंड पहुंचे लोक सभा अध्यक्ष और रक्षा मंत्री, मुख्यमंत्री ने भेंट की पुस्तक https://swadeshtoday.com/lok-sabha-speaker-and-defense-minister-reached-uttarakhand-chief-minister-presented-book/ #Uttrakhand #pushkarsinghdhami #rajnathsingh #LokSabha @pushkardhami @OfficeofDhami @rajnathsingh @ombirlakota",2023-12-25 11:54:00,0,0,2024,"उत्तराखंड पहुंचे लोक सभा अध्यक्ष और रक्षा मंत्री, मुख्यमंत्री ने भेंट की पुस्तक Uttrakhand pushkarsinghdhami rajnathsingh LokSabha",neutral,0.8027451634407043
#BREAKING Aam Aadmi Party National Organization General Secretary and Gujarat In-charge @SandeepPathak04 will visit Gujarat tomorrow on 26/12/2023 as part of preparations for the upcoming Lok Sabha elections.,2023-12-25 11:15:00,16,0,2024,BREAKING Aam Aadmi Party National Organization General Secretary and Gujarat In-charge will visit Gujarat tomorrow on 26/12/2023 as part of preparations for the upcoming Lok Sabha elections.,neutral,0.8923160433769226
"To remain in power Narendra Modi can go to any lengths , the sacrifice of a few men and women do not matter to the perpetrator of Gujarat 2002 & New Delhi Pogrom 2020 . For the fascist Narendra Modi a Bahubali Brij Bhushan Sharan Singh may get him 2 odd lok sabha seats in 2024 . PM Modi is blinded to stay in power for a third term in the PM's office. But he is unaware God has something else in store for him in 2024 . #INDIAalliance @RahulGandhi",2023-12-25 06:42:00,20,1,2024,"To remain in power Narendra Modi can go to any lengths , the sacrifice of a few men and women do not matter to the perpetrator of Gujarat 2002 & New Delhi Pogrom 2020 . For the fascist Narendra Modi a Bahubali Brij Bhushan Sharan Singh may get him 2 odd lok sabha seats in 2024 . PM Modi is blinded to stay in power for a third term in the PM's office. But he is unaware God has something else in store for him in 2024 . INDIAalliance",negative,0.6564145684242249
#Rashtravad: 'मुसलमान महिलाओं को #Dictatorship के अंदर रखने का सिलसिला आज से नहीं 1450 सालों से चल रहा है..'- राजनीतिक विश्लेषक @NaziaElahiKhan1 @rrakesh_pandey #BJP #RSS #SP #Congress #Loksabha #CMYogi,2023-12-25 11:52:00,3,0,2024,Rashtravad: 'मुसलमान महिलाओं को Dictatorship के अंदर रखने का सिलसिला आज से नहीं 1450 सालों से चल रहा है..'- राजनीतिक विश्लेषक BJP RSS SP Congress Loksabha CMYogi,neutral,0.7886815071105957
".@RAJAGOPALAN1951 (R Rajagopalan) #Live at 10 AM IST on Siddaramaiah's U-Turn on Hijab, the Family Feud between Rahul and Priyanka, Amit Shah's wish to get over 50% popular vote in 2024 and much more! https://invidious.perennialte.ch/live/B8-BoHZ9Vyo?feature=share #LokSabha #LokSabhaElections2024",2023-12-25 02:45:00,12,1,2024,". (R Rajagopalan) Live at 10 AM IST on Siddaramaiah's U-Turn on Hijab, the Family Feud between Rahul and Priyanka, Amit Shah's wish to get over 50% popular vote in 2024 and much more! LokSabha LokSabhaElections2024",neutral,0.8840510249137878
"Watch | बिहार में C Voter के ओपिनियन पोल में बड़ा खुलासा, जानिए @vivekstake | @rajendradev6 | @kumarprakash4u https://abplive.com/live-tv #AbpCVoter #OponionPolls #Loksabha #Bihar",2023-12-25 04:54:00,13,1,2024,"Watch | बिहार में C Voter के ओपिनियन पोल में बड़ा खुलासा, जानिए | | AbpCVoter OponionPolls Loksabha Bihar",neutral,0.876516580581665
Mysore BJP MP Pratap simha target of Karnataka Congress Govt. BJP Lok Sabha MP Pratap Simha's brother Vikram Simha has been booked by the authorities in Karnataka's Hassan district for allegedly chopping 120 trees without permission. https://www.indiatoday.in/india/video/karnataka-bjp-mp-pratap-simhas-brother-booked-for-cutting-trees-smuggling-wood-2480174-2023-12-25,2023-12-25 09:23:00,13,2,2024,Mysore BJP MP Pratap simha target of Karnataka Congress Govt. BJP Lok Sabha MP Pratap Simha's brother Vikram Simha has been booked by the authorities in Karnataka's Hassan district for allegedly chopping 120 trees without permission.,neutral,0.6005135774612427
‘BJP UP mein 80/80 seats bhi jeet sakti hai. Sonia Gandhi ka is baar Rae Bareilly jeetna mushkil’ - Pradeep Bhandari Watch full video here:- invidious.perennialte.ch/I4mvGoJiJTA #Modi #BJP #LokSabha #JagdeepDhankar #RahulGandhi @jankibaat1 @narendramodi @BJP4India @pushkardhami,2023-12-25 10:22:00,0,0,2024,‘BJP UP mein 80/80 seats bhi jeet sakti hai. Sonia Gandhi ka is baar Rae Bareilly jeetna mushkil’ - Pradeep Bhandari Watch full video here:- invidious.perennialte.ch/I4mvGoJiJTA Modi BJP LokSabha JagdeepDhankar RahulGandhi,neutral,0.8121756911277771
"#Rashtravad: कोई महिला भगवा रंग का #Hijab पहन सकती है? देखिए, इस सवाल पर क्या बोले इस्लामिक स्कॉलर मौलाना साजिद रशीदी @rrakesh_pandey #BJP #RSS #SP #Congress #Loksabha #CMYogi",2023-12-25 11:49:00,5,0,2024,"Rashtravad: कोई महिला भगवा रंग का Hijab पहन सकती है? देखिए, इस सवाल पर क्या बोले इस्लामिक स्कॉलर मौलाना साजिद रशीदी BJP RSS SP Congress Loksabha CMYogi",neutral,0.8001313805580139
बिना मास्क के एक बार घूमा दिया होता साहब को बस अड्डा,2023-12-25 11:48:00,1,0,2024,बिना मास्क के एक बार घूमा दिया होता साहब को बस अड्डा,neutral,0.7502180933952332
#AmitShah to visit #Telangana as #BJP eyes 10 seats in Lok Sabha polls 2024 https://www.siasat.com/amit-shah-to-visit-telangana-as-bjp-eyes-10-seats-in-lok-sabha-polls-2024-2941330/,2023-12-25 11:40:00,0,0,2024,AmitShah to visit Telangana as BJP eyes 10 seats in Lok Sabha polls 2024,neutral,0.6743155717849731
⚡️🚀Lok Sabha Election को लेकर ये क्या कह गए Nana Patekar? लोकसभा चुनाव में BJP को लेकर नाना की भविष्यवाणी ? #BJP4IND #Elections2024 @iamdeepak_ @AnchorDeepak_ @nanagpatekar,2023-12-22 15:34:00,298,6,2024,⚡️🚀Lok Sabha Election को लेकर ये क्या कह गए Nana Patekar? लोकसभा चुनाव में BJP को लेकर नाना की भविष्यवाणी ? BJP4IND Elections2024,neutral,0.9161750674247742
BREAKING: చేవెళ్ల పార్లమెంట్ BRS అభ్యర్థి ఫిక్స్.. మూన్నెళ్ల ముందే ఖన్ఫామ్ చేసిన అధిష్టానం..! @DrRanjithReddy #LokSabha @BRSparty #Telangana @KTRBRS https://www.dishadaily.com/telangana/chevella-parliament-brs-candidate-fix-283756,2023-12-25 10:58:00,0,0,2024,BREAKING: చేవెళ్ల పార్లమెంట్ BRS అభ్యర్థి ఫిక్స్.. మూన్నెళ్ల ముందే ఖన్ఫామ్ చేసిన అధిష్టానం..! LokSabha Telangana,neutral,0.839911937713623
"#Rashtravad: भगवा से ऐसा डर..सीधे धर्म से ही बेदखल? लड़की ने भगवा पहना..मौलाना आगबबूला? @rrakesh_pandey के साथ देखिए, 'राष्ट्रवाद' #BJP #RSS #SP #Congress #Loksabha #CMYogi",2023-12-25 11:46:00,3,0,2024,"Rashtravad: भगवा से ऐसा डर..सीधे धर्म से ही बेदखल? लड़की ने भगवा पहना..मौलाना आगबबूला? के साथ देखिए, 'राष्ट्रवाद' BJP RSS SP Congress Loksabha CMYogi",neutral,0.8407188057899475
"The Opinion Poll for Punjab Loksabha 2024 (C-Voter) INC 07 AAP 04 SAD 01 BJP 01 There is absolutely no logic in allying with AAP in Punjab for Congress, Rahul Gandhi & INC are nationwide options for every anti BJP voter. Congress won 08 seats in Punjab in 2019, and there are all the possibilities to repeat that this time.",2023-12-24 12:45:00,1330,140,2024,"The Opinion Poll for Punjab Loksabha 2024 (C-Voter) INC 07 AAP 04 SAD 01 BJP 01 There is absolutely no logic in allying with AAP in Punjab for Congress, Rahul Gandhi & INC are nationwide options for every anti BJP voter. Congress won 08 seats in Punjab in 2019, and there are all the possibilities to repeat that this time.",neutral,0.59617018699646
"yeh bakwaas lok sabha elections ke hone tak har roz sunne ko milegi, azad se kaho ek muslim ladki se shaadi kare magar khud apna dharam Parivartan na kare",2023-12-25 11:44:00,1,0,2024,"yeh bakwaas lok sabha elections ke hone tak har roz sunne ko milegi, azad se kaho ek muslim ladki se shaadi kare magar khud apna dharam Parivartan na kare",neutral,0.6473609805107117
“No Alternative to BJP. They will easily get 350-375+ seats in 2024 Lok Sabha elections due to their outstanding work.” :- Vetran Actor @nanagpatekar,2023-12-25 09:28:00,26,0,2024,“No Alternative to BJP. They will easily get 350-375+ seats in 2024 Lok Sabha elections due to their outstanding work.” :- Vetran Actor,positive,0.8498501181602478
"Lok Sabha MP from Mumbai North East, standing Committee member for Finance Sh. Manoj Korak ji Heartiest congratulations on your Birthday. Wish for your long and healthy life. @manoj_kotak #SocialMediaVibhagBJPHaryana",2023-12-25 04:55:00,0,0,2024,"Lok Sabha MP from Mumbai North East, standing Committee member for Finance Sh. Manoj Korak ji Heartiest congratulations on your Birthday. Wish for your long and healthy life. SocialMediaVibhagBJPHaryana",positive,0.9671638011932373
"#NayaJammuKashmir Many people living in Kashmir for decades could cast their vote in Lok Sabha polls, but not in J&K’s assembly & local polls. They are the ones who came to India post Partition. Should we have allowed such injustice to exist? via NaMo App",2023-12-25 11:42:00,0,0,2024,"NayaJammuKashmir Many people living in Kashmir for decades could cast their vote in Lok Sabha polls, but not in J&K’s assembly & local polls. They are the ones who came to India post Partition. Should we have allowed such injustice to exist? via NaMo App",neutral,0.5286697745323181
Ahead of Lok Sabha Elections,2023-12-25 11:41:00,0,0,2024,Ahead of Lok Sabha Elections,neutral,0.8979994654655457
"Nana Patekar predicts that in the 2024 Lok Sabha elections, the BJP is the unrivaled choice, foreseeing their return to power with 350 seats. #NanaPatekar #BJP #PMModi #NarendraModi",2023-12-25 11:41:00,5,0,2024,"Nana Patekar predicts that in the 2024 Lok Sabha elections, the BJP is the unrivaled choice, foreseeing their return to power with 350 seats. NanaPatekar BJP PMModi NarendraModi",positive,0.6330599784851074
"Loksabha Election 2024 के लिए अभियान के शंखनाद की तारीख हुई तय, I.N.D.I गठबंधन में इस फॉर्मूला से सीट बंटवारा करेगी कांग्रेस https://ind24.tv/b2e2f776-8459-438e-9fe2-dc70687e9d45 #LokSabhaElections2024 #JairamRamesh #priyankagandhi",2023-12-25 11:41:00,0,0,2024,"Loksabha Election 2024 के लिए अभियान के शंखनाद की तारीख हुई तय, I.N.D.I गठबंधन में इस फॉर्मूला से सीट बंटवारा करेगी कांग्रेस LokSabhaElections2024 JairamRamesh priyankagandhi",neutral,0.8060560822486877
Congress mps are not resigning from lok sabha to protest against suspensions bcz they will have to pay toll on roads and you expect them to protest on roads.,2023-12-25 11:40:00,0,0,2024,Congress mps are not resigning from lok sabha to protest against suspensions bcz they will have to pay toll on roads and you expect them to protest on roads.,neutral,0.5067576169967651
"VIDEO | BJP president JP Nadda, Defence minister Rajnath Singh, Lok Sabha Speaker Om Birla and Union Finance minister Nirmala Sitharaman pay tributes to former PM Atal Bihari Vajpayee at Sadaiv Atal in Delhi on his birth anniversary.",2023-12-25 04:11:00,168,0,2024,"VIDEO | BJP president JP Nadda, Defence minister Rajnath Singh, Lok Sabha Speaker Om Birla and Union Finance minister Nirmala Sitharaman pay tributes to former PM Atal Bihari Vajpayee at Sadaiv Atal in Delhi on his birth anniversary.",neutral,0.7692469954490662
🎉 Join us in celebrating Atal Bihari Vajpayee Ji's birthday at the grand finale of the Modi Kabaddi Cup in Bangalore North Lok Sabha constituency! 🏆🤼♂️ Head to the Keshav Kabaddi Sports Complex at 6 pm for an electrifying tournament promoting youth sports.,2023-12-25 11:39:00,0,1,2024,🎉 Join us in celebrating Atal Bihari Vajpayee Ji's birthday at the grand finale of the Modi Kabaddi Cup in Bangalore North Lok Sabha constituency! 🏆🤼♂️ Head to the Keshav Kabaddi Sports Complex at 6 pm for an electrifying tournament promoting youth sports.,positive,0.9644790887832642
Watch | महाराष्ट्र के ओपिनियन पोल पर BJP का बयान BJP नेता किरीट सोमैया ने किया बड़ा दावा @vivekstake | @rajendradev6 | @rajeshtripath1 https://abplive.com/live-tv #AbpCVoter #OponionPolls #Loksabha #Maharashtra,2023-12-25 04:53:00,20,1,2024,Watch | महाराष्ट्र के ओपिनियन पोल पर BJP का बयान BJP नेता किरीट सोमैया ने किया बड़ा दावा | | AbpCVoter OponionPolls Loksabha Maharashtra,neutral,0.8737612962722778
Will Insaf Yatra impact Lok Sabha elections?,2023-12-23 03:22:00,66,15,2024,Will Insaf Yatra impact Lok Sabha elections?,neutral,0.9036926031112671
Pardon sprayers of gas in Lok Sabha- Ajaz Ashraf https://www.mid-day.com/news/opinion/article/pardon-sprayers-of-gas-in-lok-sabha-23326530,2023-12-25 09:56:00,10,0,2024,Pardon sprayers of gas in Lok Sabha- Ajaz Ashraf,neutral,0.7457867860794067
LokSabha Election 2024 : ಮಂಡ್ಯದಿಂದಲೇ ಮತ್ತೆ ಕಣಕ್ಕಿಳಿಯುತ್ತಾರಾ ಸಂಸದೆ ಸುಮಲತಾ.? ಸುಮಲತಾ ಅಂಬರೀಶ್ ಸ್ಪರ್ಧೆ ಸುಳಿವು ಕೊಟ್ಟ ನಟ ದರ್ಶನ್.. @dasadarshan @sumalathaA #DarshanThoogudeepa #SumalathaAmbareesh #LokSabhaElection #LokSabha2024 #Mandya #NewsFirstLive #NewsFirstKannada,2023-12-25 07:35:00,31,1,2024,LokSabha Election 2024 : ಮಂಡ್ಯದಿಂದಲೇ ಮತ್ತೆ ಕಣಕ್ಕಿಳಿಯುತ್ತಾರಾ ಸಂಸದೆ ಸುಮಲತಾ.? ಸುಮಲತಾ ಅಂಬರೀಶ್ ಸ್ಪರ್ಧೆ ಸುಳಿವು ಕೊಟ್ಟ ನಟ ದರ್ಶನ್.. DarshanThoogudeepa SumalathaAmbareesh LokSabhaElection LokSabha2024 Mandya NewsFirstLive NewsFirstKannada,neutral,0.8346211910247803
Afsos Loksabha chunav a gaye aur Congress party ne aapko Chhattisgarh bhej diya kya Rajasthan mein Loksabha chunav ki taiyari nahin karni hai,2023-12-25 11:35:00,0,0,2024,Afsos Loksabha chunav a gaye aur Congress party ne aapko Chhattisgarh bhej diya kya Rajasthan mein Loksabha chunav ki taiyari nahin karni hai,neutral,0.7749014496803284
"""Vice President and the pride of the Jat community, Jagdeep Dhankhar has been mocked. The Jat community will definitely take account of this mockery in the coming Lok Sabha elections."" tweets The Jat Association",2023-12-19 11:25:00,9410,423,2024,"""Vice President and the pride of the Jat community, Jagdeep Dhankhar has been mocked. The Jat community will definitely take account of this mockery in the coming Lok Sabha elections."" tweets The Jat Association",negative,0.8548292517662048
भारत के उपराष्ट्रपति का मखौल उड़ाना बिल्कुल गलत है इसे किसी कीमत पर उचित नहीं ठहराया जा सकता: @AcharyaPramodk - कांग्रेस #AarPaar #INDIAAlliance #Elections2024 #Congress #BJP #ParliamentWinterSession #LokSabha #KalyanBanerjee @AMISHDEVGAN,2023-12-21 14:07:00,126,14,2024,भारत के उपराष्ट्रपति का मखौल उड़ाना बिल्कुल गलत है इसे किसी कीमत पर उचित नहीं ठहराया जा सकता: - कांग्रेस AarPaar INDIAAlliance Elections2024 Congress BJP ParliamentWinterSession LokSabha KalyanBanerjee,neutral,0.8037490844726562
As a BJD supporter I don't think Shreemayee madam is a suitable candidate for Bhubaneswar Lok Sabha seat. BJD must give a ticket to one candidate who has their own face value among Public.But In this case she depends heavily on MLAs to get the vote.Which might create challenges.,2023-12-25 11:33:00,0,1,2024,As a BJD supporter I don't think Shreemayee madam is a suitable candidate for Bhubaneswar Lok Sabha seat. BJD must give a ticket to one candidate who has their own face value among Public.But In this case she depends heavily on MLAs to get the vote.Which might create challenges.,negative,0.587576150894165
Ha ha ha ...नाच न जाने आंगन टेढ़ा @kpmaurya1,2023-12-25 11:32:00,4,1,2024,Ha ha ha ...नाच न जाने आंगन टेढ़ा,neutral,0.7331511974334717
REGIONAL PARTIES SUPPORT INC IN POWER IN RAJSABHA/LOKSABHA BECAUSE 'WAIVE OFF OF STATE GOVT DEBTS'.,2023-12-25 11:31:00,0,0,2024,REGIONAL PARTIES SUPPORT INC IN POWER IN RAJSABHA/LOKSABHA BECAUSE 'WAIVE OFF OF STATE GOVT DEBTS'.,neutral,0.665657639503479
ABP C-Voter Lok Sabha Survey : मोदींना कोणी अडवू शकणार नाही - Hasan Mushrif #MyMahanagar #MaharashtraNews #ABPCVoter #LokSabhaSurvey #HasanMushrif @mrhasanmushrif https://www.mymahanagar.com/maharashtra/abp-c-voter-lok-sabha-survey-no-one-can-stop-modi-hasan-mushrif-ag/685261/,2023-12-25 11:30:00,0,0,2024,ABP C-Voter Lok Sabha Survey : मोदींना कोणी अडवू शकणार नाही - Hasan Mushrif MyMahanagar MaharashtraNews ABPCVoter LokSabhaSurvey HasanMushrif,neutral,0.882349967956543
"TMC MP Kalyan Banerjee mocked the Honourable Vice President Of India, while Rahul Gandhi lustily cheered him on. #KalyanBanerjee #LokSabha #Loksabha2024",2023-12-19 18:22:00,1263,43,2024,"TMC MP Kalyan Banerjee mocked the Honourable Vice President Of India, while Rahul Gandhi lustily cheered him on. KalyanBanerjee LokSabha Loksabha2024",neutral,0.5401850938796997
"लोकसभा अध्यक्ष ओम बिरला पहुंचे देहरादून, केंद्रीय रक्षा मंत्री राजनाथ सिंह भी साथ मौजूद, BHEL हेलीपैड पर सीएम धामी ने किया स्वागत #LokSabha #FirstIndiaNews @ombirlakota @pushkardhami",2023-12-25 10:36:00,15,0,2024,"लोकसभा अध्यक्ष ओम बिरला पहुंचे देहरादून, केंद्रीय रक्षा मंत्री राजनाथ सिंह भी साथ मौजूद, BHEL हेलीपैड पर सीएम धामी ने किया स्वागत LokSabha FirstIndiaNews",neutral,0.7823691368103027
Loksabha elections mai Janta bata degi,2023-12-25 11:29:00,0,0,2024,Loksabha elections mai Janta bata degi,neutral,0.8120893239974976
टीएमसी सांसद ने की संसद परिसर में राज्यसभा सभापति जगदीप धनखड़ की मिमिक्री ◆ कल्याण बनर्जी ने संसद परिसर में की नक़ल ◆ बाकी सांसदों ने बनाया नक़ल का वीडियो #JagdeepDhankhar #KalyanBanerjee | #LokSabha,2023-12-19 07:49:00,5849,384,2024,टीएमसी सांसद ने की संसद परिसर में राज्यसभा सभापति जगदीप धनखड़ की मिमिक्री ◆ कल्याण बनर्जी ने संसद परिसर में की नक़ल ◆ बाकी सांसदों ने बनाया नक़ल का वीडियो JagdeepDhankhar KalyanBanerjee | LokSabha,neutral,0.8175389766693115
2024 Loksabha Is far more important than all other issues,2023-12-25 08:32:00,3,0,2024,2024 Loksabha Is far more important than all other issues,neutral,0.5263231992721558
"Most Congress era ""heroes"" are overrated, including T N Seshan T N Seshan was Chief Election Commissioner till 1996 In 1999, he joined Congress and got Lok Sabha ticket from Gandhinagar This is extremely bad optics...",2023-12-23 12:24:00,60,0,2024,"Most Congress era ""heroes"" are overrated, including T N Seshan T N Seshan was Chief Election Commissioner till 1996 In 1999, he joined Congress and got Lok Sabha ticket from Gandhinagar This is extremely bad optics...",negative,0.7807546257972717
"During her Lok Sabha speech, Hema Malini praised Amit Shah by reciting #akshaykumar's dialogue with a twist😂🔥... @akshaykumar is everywhere😂🔥",2023-12-20 16:34:00,476,1,2024,"During her Lok Sabha speech, Hema Malini praised Amit Shah by reciting akshaykumar's dialogue with a twist😂🔥... is everywhere😂🔥",positive,0.7991063594818115
Pardon sprayers of gas in Lok Sabha a well argued point https://www.mid-day.com/news/opinion/article/pardon-sprayers-of-gas-in-lok-sabha-23326530,2023-12-25 11:25:00,0,0,2024,Pardon sprayers of gas in Lok Sabha a well argued point,neutral,0.7501770257949829
"If, attending 'n' number of press conferences was the parameter of 'Strongness' of Person, Rahul Gandhi would have Not lost Amethi & Congress would Not have scored back to back double digit Lok Sabha seat tally #NarendraModi",2023-12-25 11:25:00,0,0,2024,"If, attending 'n' number of press conferences was the parameter of 'Strongness' of Person, Rahul Gandhi would have Not lost Amethi & Congress would Not have scored back to back double digit Lok Sabha seat tally NarendraModi",neutral,0.7686037421226501
"17 April 1999, the BJP coalition Govt led by PM Vajpayee failed to win a confidence vote in the Lok Sabha by a single vote due to the withdrawal of one of the government's coalition partners – the ADMK.",2023-12-25 11:24:00,0,0,2024,"17 April 1999, the BJP coalition Govt led by PM Vajpayee failed to win a confidence vote in the Lok Sabha by a single vote due to the withdrawal of one of the government's coalition partners – the ADMK.",negative,0.6009898781776428
"#NayaJammuKashmir Many people living in Kashmir for decades could cast their vote in Lok Sabha polls, but not in J&K’s assembly & local polls. They are the ones who came to India post Partition. Should we have allowed such injustice to exist? via NaMo App",2023-12-25 11:24:00,0,0,2024,"NayaJammuKashmir Many people living in Kashmir for decades could cast their vote in Lok Sabha polls, but not in J&K’s assembly & local polls. They are the ones who came to India post Partition. Should we have allowed such injustice to exist? via NaMo App",neutral,0.5286697745323181
I want Malkajgiri loksabha Ticket😍 @narendramodi @rajnathsingh @AmitShah @JPNadda,2023-12-25 08:25:00,24,8,2024,I want Malkajgiri loksabha Ticket😍,positive,0.8387017250061035
"A Great leader with no comparison ,a poet, all alone fighting with Congress, no partiality ,a tremendous speaker in loksabha. Salute my beloved Leader made base of BJP with Hindu sentiments 🌹🪔🙏",2023-12-25 11:22:00,0,0,2024,"A Great leader with no comparison ,a poet, all alone fighting with Congress, no partiality ,a tremendous speaker in loksabha. Salute my beloved Leader made base of BJP with Hindu sentiments 🌹🪔🙏",positive,0.9344185590744019
#BJP will win 400 plus seats in 2024 #LokSabha elections: #GajendraSinghShekhawat | https://tinyurl.com/nhfzr78u,2023-12-25 11:22:00,6,2,2024,BJP will win 400 plus seats in 2024 LokSabha elections: GajendraSinghShekhawat |,neutral,0.5438888072967529
अधिकार हमारा आरक्षण हम छीन कर लेगे आरक्षण संघर्ष का 558 वा दिन #69000_शिक्षक_भर्ती_आरक्षण_घोटाला,2023-12-25 09:09:00,147,2,2024,अधिकार हमारा आरक्षण हम छीन कर लेगे आरक्षण संघर्ष का 558 वा दिन 69000_शिक्षक_भर्ती_आरक्षण_घोटाला,neutral,0.7880741357803345
"Comparison should be about 2015 & 2025, not 2024. Lok Sabha & Assembly elex r two completely different events. 2019 LS & 2020 AS- NDA got 39/40 in '19 but barely managed to win '20 (evn widout covid result wud hv bn pretty similar). 2024 nos wud b similar to 2014 (for BJP).",2023-12-25 11:19:00,0,0,2024,"Comparison should be about 2015 & 2025, not 2024. Lok Sabha & Assembly elex r two completely different events. 2019 LS & 2020 AS- NDA got 39/40 in '19 but barely managed to win '20 (evn widout covid result wud hv bn pretty similar). 2024 nos wud b similar to 2014 (for BJP).",neutral,0.5968606472015381
"#NayaJammuKashmir Many people living in Kashmir for decades could cast their vote in Lok Sabha polls, but not in J&K’s assembly & local polls. They are the ones who came to India post Partition. Should we have allowed such injustice to exist? via NaMo App",2023-12-25 11:17:00,0,0,2024,"NayaJammuKashmir Many people living in Kashmir for decades could cast their vote in Lok Sabha polls, but not in J&K’s assembly & local polls. They are the ones who came to India post Partition. Should we have allowed such injustice to exist? via NaMo App",neutral,0.5286697745323181
"The youth who sprayed harmless yellow gas in Lok Sabha are our kids. They’re not terrorists. They wanted to talk about their bleak future. Listen to them, don’t punish them",2023-12-25 11:16:00,0,0,2024,"The youth who sprayed harmless yellow gas in Lok Sabha are our kids. They’re not terrorists. They wanted to talk about their bleak future. Listen to them, don’t punish them",negative,0.6546680927276611
"J&K Congress leaders to meet Kharge, discuss Lok Sabha election preparations https://newsbulletin.news/jk-congress-leaders-to-meet-kharge-discuss-lok-sabha-election-preparations/",2023-12-25 11:15:00,0,0,2024,"J&K Congress leaders to meet Kharge, discuss Lok Sabha election preparations",neutral,0.9501651525497437
Lok Sabha Election 2024 Nitesh Kumar & India Alliance #indiaalliance #Niteshkumar #PMNiteshkumar #bjp #loksabh #election2024,2023-12-25 11:14:00,0,0,2024,Lok Sabha Election 2024 Nitesh Kumar & India Alliance indiaalliance Niteshkumar PMNiteshkumar bjp loksabh election2024,neutral,0.8769980072975159
Aam Aadmi Party National Organization General Secretary and Gujarat In-charge @SandeepPathak04 will visit Gujarat tomorrow on 26/12/2023 as part of preparations for the upcoming Lok Sabha elections.,2023-12-25 11:14:00,5,0,2024,Aam Aadmi Party National Organization General Secretary and Gujarat In-charge will visit Gujarat tomorrow on 26/12/2023 as part of preparations for the upcoming Lok Sabha elections.,neutral,0.9142394065856934
"Amit Shah, JP Nadda to hold organizational meeting of Bengal BJP unit ahead of Lok Sabha elections 2024 https://www.thelocalreport.in/amit-shah-jp-nadda-to-hold-organizational-meeting-of-bengal-bjp-unit-ahead-of-lok-sabha-elections-2024/ Follow @thelocalreport8",2023-12-25 11:14:00,0,0,2024,"Amit Shah, JP Nadda to hold organizational meeting of Bengal BJP unit ahead of Lok Sabha elections 2024 Follow",neutral,0.9253032803535461
PM Modi & Lok Sabha Speaker Om Birla led Parliamentarians in paying floral tributes at portraits of Pt. Madan Mohan Malaviya & former PM Atal Bihari Vajpayee https://newsonair.gov.in/News?title=PM-Modi-%26-Lok-Sabha-Speaker-Om-Birla-led-Parliamentarians-in-paying-floral-tributes-at-portraits-of-Pt.-Madan-Mohan-Malaviya-%26-former-PM-Atal-Bihari-Vajpayee&id=473950,2023-12-25 11:13:00,0,0,2024,PM Modi & Lok Sabha Speaker Om Birla led Parliamentarians in paying floral tributes at portraits of Pt. Madan Mohan Malaviya & former PM Atal Bihari Vajpayee,neutral,0.8099744319915771
"What respect ?? MMS did not stand Lok Sabha elections & not selected by people.. Then why you all gave respect ?? Only for Kaasu, Panam, Dhuddu money money Isn’t it ??? True colours of DS gang",2023-12-25 11:13:00,0,1,2024,"What respect ?? MMS did not stand Lok Sabha elections & not selected by people.. Then why you all gave respect ?? Only for Kaasu, Panam, Dhuddu money money Isn’t it ??? True colours of DS gang",negative,0.8002221584320068
Idhar mere side to km hori inki popularity... loksabha me shayad hi kuch hona,2023-12-25 11:12:00,0,1,2024,Idhar mere side to km hori inki popularity... loksabha me shayad hi kuch hona,neutral,0.8095031380653381
"""I am from Tamil Nadu. I don't know #Ram"": #Congress Lok Sabha MP Jothimani Sennimalai from Karur, Tamil Nadu",2023-12-22 06:15:00,51,4,2024,"""I am from Tamil Nadu. I don't know Ram"": Congress Lok Sabha MP Jothimani Sennimalai from Karur, Tamil Nadu",neutral,0.7455514073371887
FOLLOW OUR HANDLE FOR 2024 LOKSABHA ELECTION UPDATES 🙏 We were accurate in Rajasthan & also correctly predicted difficult Madhya Pradesh election. Rajasthan Results - BJP : 115 & INC : 69 which totally matches with our numbers. We don't believe in predicting in range. Previous predictions above this thread.,2023-12-03 18:09:00,510,19,2024,FOLLOW OUR HANDLE FOR 2024 LOKSABHA ELECTION UPDATES 🙏 We were accurate in Rajasthan & also correctly predicted difficult Madhya Pradesh election. Rajasthan Results - BJP : 115 & INC : 69 which totally matches with our numbers. We don't believe in predicting in range. Previous predictions above this thread.,positive,0.5162774324417114
I still think we won’t get even 1 Lok sabha. Vidhan sabha 2-3 mil gaye to badhiya.,2023-12-25 11:11:00,0,1,2024,I still think we won’t get even 1 Lok sabha. Vidhan sabha 2-3 mil gaye to badhiya.,negative,0.6834884881973267
#DebateLive में आज का सवाल क्या उपराष्ट्रपति का अपमान 2024 में विपक्षी गठबंधन पर भारी पड़ेगा ? #DebateLive देखिए शाम 5 बजे @anuragdixit2005 के साथ #VicePresidentOfIndia #BJP #Congress #LoksabhaElection2024 #Loksabha,2023-12-25 10:36:00,1,0,2024,DebateLive में आज का सवाल क्या उपराष्ट्रपति का अपमान 2024 में विपक्षी गठबंधन पर भारी पड़ेगा ? DebateLive देखिए शाम 5 बजे के साथ VicePresidentOfIndia BJP Congress LoksabhaElection2024 Loksabha,neutral,0.8680275678634644
"The two-day @BJP4India Leadership Meeting in Delhi concluded, chaired by National President Shri @JPNadda Ji and inaugurated by Prime Minister Shri. @narendramodi Ji. The meeting reviewed preparations for the upcoming Lok Sabha elections and discussed the current political situation across the nation. Home Minister Shri. @AmitShah Ji and other senior leaders took part in the sessions.",2023-12-24 13:28:00,159,4,2024,"The two-day Leadership Meeting in Delhi concluded, chaired by National President Shri Ji and inaugurated by Prime Minister Shri. Ji. The meeting reviewed preparations for the upcoming Lok Sabha elections and discussed the current political situation across the nation. Home Minister Shri. Ji and other senior leaders took part in the sessions.",neutral,0.8367102742195129
Aam Aadmi Party National Organization General Secretary and Gujarat In-charge @SandeepPathak04 will visit Gujarat tomorrow on 26/12/2023 as part of preparations for the upcoming Lok Sabha elections.,2023-12-25 11:11:00,4,0,2024,Aam Aadmi Party National Organization General Secretary and Gujarat In-charge will visit Gujarat tomorrow on 26/12/2023 as part of preparations for the upcoming Lok Sabha elections.,neutral,0.9142394065856934
Join me on NaMo App in the journey to transform India. Click https://n-m4.in/aNz1 & enter code 822Z3O-F,2023-12-25 11:10:00,0,0,2024,Join me on NaMo App in the journey to transform India. Click & enter code 822Z3O-F,positive,0.7293574213981628
"Mallu logic is cock eyed. One was a servant doing the bidding of the NG khandan, the other is a true blue politicians who has won lok sabha elections for his party so popular mandate....",2023-12-25 11:10:00,1,1,2024,"Mallu logic is cock eyed. One was a servant doing the bidding of the NG khandan, the other is a true blue politicians who has won lok sabha elections for his party so popular mandate....",neutral,0.6069977879524231
"Veteran actor Nana Patekar predicts a resounding victory for the BJP in the 2024 Lok Sabha elections, attributing their expected 350-375+ seats to outstanding work. 📹 Credits - Zee Business #NanaPatekar #MadanMohanMalaviya #RahaKapoor #RanbirKapoor #AliaBhatt #mpcabinet",2023-12-25 11:08:00,0,0,2024,"Veteran actor Nana Patekar predicts a resounding victory for the BJP in the 2024 Lok Sabha elections, attributing their expected 350-375+ seats to outstanding work. 📹 Credits - Zee Business NanaPatekar MadanMohanMalaviya RahaKapoor RanbirKapoor AliaBhatt mpcabinet",positive,0.9125617742538452
"#PMForMazdooronKaHit PM Modi addressed the 'Mazdooron Ka Hit, Mazdooron ko Samarpit' event in Indore, Madhya Pradesh via NaMo App",2023-12-25 11:08:00,0,0,2024,"PMForMazdooronKaHit PM Modi addressed the 'Mazdooron Ka Hit, Mazdooron ko Samarpit' event in Indore, Madhya Pradesh via NaMo App",neutral,0.7936533689498901
to tere hisab se miya akhilesh pathan banega pm .ek name to bata jo loksabha seat jeet sake.,2023-12-25 11:08:00,0,0,2024,to tere hisab se miya akhilesh pathan banega pm .ek name to bata jo loksabha seat jeet sake.,neutral,0.777531087398529
West Bengal Loksabha 2024 Opinion Poll (C-Voter) TMC 24 (44%) BJP 16 (39%) INC 02 (10%) This survey is done considering that Congress & TMC contest separately and there is no INDIA alliance in WB. Loss of 2 seats projected for BJP as per Yashwant Deshmukh. No gain for Congress though. Mamata Banerjee holding ground.,2023-12-24 13:43:00,601,66,2024,West Bengal Loksabha 2024 Opinion Poll (C-Voter) TMC 24 (44%) BJP 16 (39%) INC 02 (10%) This survey is done considering that Congress & TMC contest separately and there is no INDIA alliance in WB. Loss of 2 seats projected for BJP as per Yashwant Deshmukh. No gain for Congress though. Mamata Banerjee holding ground.,neutral,0.7653579711914062
"Lok Sabha Election 2024 Mayawati, Akhilesh Yadav & India Alliance #indiaalliance #mayawati #Akhileshyadav #bjp #loksabh #election2024",2023-12-25 11:08:00,0,0,2024,"Lok Sabha Election 2024 Mayawati, Akhilesh Yadav & India Alliance indiaalliance mayawati Akhileshyadav bjp loksabh election2024",neutral,0.904916524887085
"Lok Sabha Election: बाबू रामनारायण सिंह से जयंत सिन्हा तक, ये हैं हजारीबाग के सांसद #LoksabhaElection2024 #JharkhandNews https://www.prabhatkhabar.com/election/lok-sabha-elections/lok-sabha-members-of-hazaribagh-parliamentary-constituency-jharkhand-babu-ramnarayan-singh-to-jayant-sinha-mtj",2023-12-25 11:05:00,2,0,2024,"Lok Sabha Election: बाबू रामनारायण सिंह से जयंत सिन्हा तक, ये हैं हजारीबाग के सांसद LoksabhaElection2024 JharkhandNews",neutral,0.8160954713821411
"Iske liye reservation in admissions & jobs, pre-matric and post-matric scholarships, fellowships, entrepreneurial support aur innovation support chahiye jo @BJP4India govt nahi degi. Also, the biggest political party failed to make one Muslim MP either from Loksabha/Rajyasabha and there is no Muslim MLA from BJP in the entire India. Recently @smritiirani has removed MANF fellowship & here @nitin_gadkari is giving gyaan on socio-economic development of the Muslims. Is it ""Sabka Saath, Sabka Vikaas, Sabka Vishwaas?"" Hypocrisy ki bhi Seema hoti hai!",2023-12-23 20:32:00,9,0,2024,"Iske liye reservation in admissions & jobs, pre-matric and post-matric scholarships, fellowships, entrepreneurial support aur innovation support chahiye jo govt nahi degi. Also, the biggest political party failed to make one Muslim MP either from Loksabha/Rajyasabha and there is no Muslim MLA from BJP in the entire India. Recently has removed MANF fellowship & here is giving gyaan on socio-economic development of the Muslims. Is it ""Sabka Saath, Sabka Vikaas, Sabka Vishwaas?"" Hypocrisy ki bhi Seema hoti hai!",neutral,0.5129245519638062
8 Vidhan Sabha Aana Mtlb Bohot badi baat hogi 8 Lok Sabha toh kahin YSRCP ki toh na ginre🤔 Bcoz TDP-JS is making a comeback,2023-12-25 11:03:00,0,1,2024,8 Vidhan Sabha Aana Mtlb Bohot badi baat hogi 8 Lok Sabha toh kahin YSRCP ki toh na ginre🤔 Bcoz TDP-JS is making a comeback,neutral,0.8834412097930908
Brijbhushan Sharan Singh will stay away from Wrestling Game politics as he wants to focus on Lok Sabha elections. He announced this decision after meeting JP Nadda.,2023-12-24 11:11:00,3611,15,2024,Brijbhushan Sharan Singh will stay away from Wrestling Game politics as he wants to focus on Lok Sabha elections. He announced this decision after meeting JP Nadda.,neutral,0.9060325026512146
"#Nifty may log 17% gains in Lok Sabha election year; levels of 24,000 likely in 2024 toi.in/wjiXNZ/a24gk",2023-12-25 10:45:00,14,0,2024,"Nifty may log 17% gains in Lok Sabha election year; levels of 24,000 likely in 2024 toi.in/wjiXNZ/a24gk",positive,0.5067834854125977
"#WATCH | Delhi: Former President Ram Nath Kovind, BJP national president JP Nadda, Defence Minister Rajnath Singh, Lok Sabha Speaker Om Birla, Rajya Sabha Deputy Chairman Harivansh and other leaders pay floral tribute to former Prime Minister Atal Bihari Vajpayee at 'Sadaiv Atal' memorial, on his birth anniversary.",2023-12-25 04:08:00,517,9,2024,"WATCH | Delhi: Former President Ram Nath Kovind, BJP national president JP Nadda, Defence Minister Rajnath Singh, Lok Sabha Speaker Om Birla, Rajya Sabha Deputy Chairman Harivansh and other leaders pay floral tribute to former Prime Minister Atal Bihari Vajpayee at 'Sadaiv Atal' memorial, on his birth anniversary.",neutral,0.8048431277275085
దేశవ్యాప్తంగా వేడిక్కిన రాజకీయం.. అయోధ్య నిర్మాణమే ఎన్నికల అస్త్రంగా బీజేపీ? |Lok Sabha Polls | hmtv https://invidious.perennialte.ch/watch?v=6HIq9Fxhheo #hmtvnews #hmtv,2023-12-25 11:01:00,0,0,2024,దేశవ్యాప్తంగా వేడిక్కిన రాజకీయం.. అయోధ్య నిర్మాణమే ఎన్నికల అస్త్రంగా బీజేపీ? |Lok Sabha Polls | hmtv hmtvnews hmtv,neutral,0.752426266670227
"Visited spoilt Volleyball ground in #Sholinganallur under #SouthChennai Lok Sabha on the request of local youngsters & promised to rebuild the ground at the earliest. #தென்சென்னை எம்.பி தொகுதிக்குட்பட்ட சோழிங்கநல்லூரில் இளைஞர்களின் விளையாட்டு ஆர்வத்தை ஊக்குவிக்கும் வகையில் பழுதடைந்த கைப்பந்தாட்டத் திடலை பார்வையிட்டு, அதை சீரமைத்து தருவதாக உறுதி அளித்துள்ளன்.",2023-12-24 07:18:00,250,3,2024,"Visited spoilt Volleyball ground in Sholinganallur under SouthChennai Lok Sabha on the request of local youngsters & promised to rebuild the ground at the earliest. தென்சென்னை எம்.பி தொகுதிக்குட்பட்ட சோழிங்கநல்லூரில் இளைஞர்களின் விளையாட்டு ஆர்வத்தை ஊக்குவிக்கும் வகையில் பழுதடைந்த கைப்பந்தாட்டத் திடலை பார்வையிட்டு, அதை சீரமைத்து தருவதாக உறுதி அளித்துள்ளன்.",neutral,0.6716858148574829
Loksabha Election 2024 : महाआघाडीत मावळ शिवसेनेकडे; पक्षातील नेत्यांनी ठाकरेंना दिला ‘हा’ शब्द! #Maval #LoksabhaElection2024 #shivsena #UddhavThackeray #SachinAhir https://sarkarnama.esakal.com/mumbai/loksabha-election-2024-in-mahavikas-aghadi-maval-lok-sabha-seat-will-go-to-shiv-sena-vd83,2023-12-25 10:55:00,6,0,2024,Loksabha Election 2024 : महाआघाडीत मावळ शिवसेनेकडे; पक्षातील नेत्यांनी ठाकरेंना दिला ‘हा’ शब्द! Maval LoksabhaElection2024 shivsena UddhavThackeray SachinAhir,neutral,0.8247767686843872
Did the Lok Sabha Follow Due Process While Expelling Mahua Moitra From the House? https://thewire.in/politics/did-the-lok-sabha-follow-due-process-while-expelling-mahua-moitra-from-the-house,2023-12-11 14:17:00,534,111,2024,Did the Lok Sabha Follow Due Process While Expelling Mahua Moitra From the House?,neutral,0.7014894485473633
"Ambala (SC) Loksabha Constituency - The Ambala(SC) parliamentary seat had a total of 1,887,136 voters during the 2019 Assembly Election. Caste Wise Population - SC - 23.6% Khatri - 14% Rajput - 6% Brahmin -12.5% Jat - 10% Sikh - 9.4% Gujjar - 6% Muslim - 5.6%",2023-12-07 09:16:00,83,3,2024,"Ambala (SC) Loksabha Constituency - The Ambala(SC) parliamentary seat had a total of 1,887,136 voters during the 2019 Assembly Election. Caste Wise Population - SC - 23.6% Khatri - 14% Rajput - 6% Brahmin -12.5% Jat - 10% Sikh - 9.4% Gujjar - 6% Muslim - 5.6%",neutral,0.931945264339447
#LokSabha | Speaker @ombirlakota pays floral tributes to #PanditMadanMohanMalaviya in the Central Hall of #SamvidhanSadan on his #BirthAnniversary @loksabhaspeaker,2023-12-25 10:30:00,17,1,2024,LokSabha | Speaker pays floral tributes to PanditMadanMohanMalaviya in the Central Hall of SamvidhanSadan on his BirthAnniversary,neutral,0.5756075382232666
"Sonipat Loksabha Constituency - The Sonipat parliamentary seat had a total of the 16,16,363 voters during the 2019 Assembly Election Caste Wise Population - Jats - 37% Brahmin - 13% Rajput - 5% Ravidas - 10% Baniya - 6.5% Sikh - 8% Valmiki - 4%",2023-12-07 12:21:00,81,3,2024,"Sonipat Loksabha Constituency - The Sonipat parliamentary seat had a total of the 16,16,363 voters during the 2019 Assembly Election Caste Wise Population - Jats - 37% Brahmin - 13% Rajput - 5% Ravidas - 10% Baniya - 6.5% Sikh - 8% Valmiki - 4%",neutral,0.9230200052261353
"Sirsa (SC) Loksabha Seat - The Sirsa(SC) parliamentary seat had a total of 18,30,811 voters during the 2019 Assembly Election. Caste Wise Population - SC - 32% Jat - 18% Sikh - 12% Punjabi (Khatri, Arora, etc) - 6.5% Baniya - 5% Kamboj - 5% Brahmin - 4% OBC - 8%",2023-12-07 17:13:00,31,4,2024,"Sirsa (SC) Loksabha Seat - The Sirsa(SC) parliamentary seat had a total of 18,30,811 voters during the 2019 Assembly Election. Caste Wise Population - SC - 32% Jat - 18% Sikh - 12% Punjabi (Khatri, Arora, etc) - 6.5% Baniya - 5% Kamboj - 5% Brahmin - 4% OBC - 8%",neutral,0.9319609999656677
"2024 lok sabha elections need more than taiyari as results of MP , Chattisgarh, earlier Gujarat elections show. Please do not agree on anything less than 100% vvpat slips or paper ballots",2023-12-25 10:57:00,1,0,2024,"2024 lok sabha elections need more than taiyari as results of MP , Chattisgarh, earlier Gujarat elections show. Please do not agree on anything less than 100% vvpat slips or paper ballots",neutral,0.5772215723991394
"Kurukshetra Loksabha - The Kurukshetra parliamentary seat had a total of the 16,76,407 voters during the 2019 Assembly Election Caste Wise Population - Jats - 25% Sikh - 11% SC - 24% Brahmin - 9% Saini - 7.5% Muslim - 2.4%",2023-12-09 12:55:00,28,1,2024,"Kurukshetra Loksabha - The Kurukshetra parliamentary seat had a total of the 16,76,407 voters during the 2019 Assembly Election Caste Wise Population - Jats - 25% Sikh - 11% SC - 24% Brahmin - 9% Saini - 7.5% Muslim - 2.4%",neutral,0.9326732754707336
"Karnal Loksabha Seat - The Karnal parliamentary seat had a total of the 19,42,614 voters during the 2019 Assembly Election Caste Wise Population - Punjabi - 13% Jat - 12% Brahmin - 9% Rode - 7.5% Sikh - 6% Rajput - 4.5% SC - 20% Muslim - 4.5% Baniya - 3.5%",2023-12-10 10:44:00,36,1,2024,"Karnal Loksabha Seat - The Karnal parliamentary seat had a total of the 19,42,614 voters during the 2019 Assembly Election Caste Wise Population - Punjabi - 13% Jat - 12% Brahmin - 9% Rode - 7.5% Sikh - 6% Rajput - 4.5% SC - 20% Muslim - 4.5% Baniya - 3.5%",neutral,0.9264646172523499
Lok Sabha Elections 2024 : लोकसभा चुनाव को लेकर BJP ने कसी कमर | PM Election 2024 | PM Modi @BJP4India @BJP4UP @narendramodi @PMOIndia WATCH : https://invidious.perennialte.ch/XJiqLLPjWEI?si=QxMoutG6frWPPi0U,2023-12-25 10:57:00,0,0,2024,Lok Sabha Elections 2024 : लोकसभा चुनाव को लेकर BJP ने कसी कमर | PM Election 2024 | PM Modi WATCH :,neutral,0.9112231135368347
"Gurgaon Loksabha Constituency - The Rohtak parliamentary seat had a total of the 22,09,035 voters during the 2019 Assembly Election Caste Wise Population - Muslim - 28.5% Yadav - 25% SC - 13.5% Punjabi - 8% Jat - 7.5% Brahmin - 5% Gujjar - 4.5%",2023-12-10 15:55:00,271,4,2024,"Gurgaon Loksabha Constituency - The Rohtak parliamentary seat had a total of the 22,09,035 voters during the 2019 Assembly Election Caste Wise Population - Muslim - 28.5% Yadav - 25% SC - 13.5% Punjabi - 8% Jat - 7.5% Brahmin - 5% Gujjar - 4.5%",neutral,0.9286237955093384
"Faridabad Loksabha Seat- The Faridabad parliamentary seat had a total of the 21,32,447 voters during the 2019 Assembly Election Caste Wise Population - Jat - 16% Gujjar - 15% Muslim - 12.5% SC - 14% Brahmin - 10% Punjabi - 6% Rajput - 5%",2023-12-11 06:16:00,20,1,2024,"Faridabad Loksabha Seat- The Faridabad parliamentary seat had a total of the 21,32,447 voters during the 2019 Assembly Election Caste Wise Population - Jat - 16% Gujjar - 15% Muslim - 12.5% SC - 14% Brahmin - 10% Punjabi - 6% Rajput - 5%",neutral,0.9417028427124023
130 jeet le n to bdi baat h.. hm congressi h lkn yhi sach h.. 4 month m loksabha h or sb ko dekho koi public k bich m h,2023-12-25 10:57:00,0,0,2024,130 jeet le n to bdi baat h.. hm congressi h lkn yhi sach h.. 4 month m loksabha h or sb ko dekho koi public k bich m h,neutral,0.696665346622467
Degana and merta rajsamand loksabha m aate hai,2023-12-25 10:57:00,0,0,2024,Degana and merta rajsamand loksabha m aate hai,neutral,0.8709352612495422
"Bhiwani - Mahendragarh Loksabha Constituency - The Bhiwani - Mahendragarh parliamentary seat had a total of the 16,82,198 voters during the 2019 Assembly Election Caste Wise Population - Jat - 25% Yadav - 19% Brahmin - 9% Rajput - 6.5% Dhanak - 5% Khati - 3.5% Kumhar - 3%",2023-12-11 09:02:00,34,1,2024,"Bhiwani - Mahendragarh Loksabha Constituency - The Bhiwani - Mahendragarh parliamentary seat had a total of the 16,82,198 voters during the 2019 Assembly Election Caste Wise Population - Jat - 25% Yadav - 19% Brahmin - 9% Rajput - 6.5% Dhanak - 5% Khati - 3.5% Kumhar - 3%",neutral,0.9379031658172607
We should concentrate more on winning #Loksabha election seats in #Karnataka and make sure that all 28 seats goes to #Congress !! That should be our focus right now.,2023-12-25 08:18:00,23,6,2024,We should concentrate more on winning Loksabha election seats in Karnataka and make sure that all 28 seats goes to Congress !! That should be our focus right now.,positive,0.5412575602531433
"J&K Congress leaders to meet Kharge, discuss Lok Sabha election preparations via @kashmirpen https://www.kashmirpen.in/jk-congress-leaders-to-meet-kharge-discuss-lok-sabha-election-preparations/",2023-12-25 10:55:00,0,0,2024,"J&K Congress leaders to meet Kharge, discuss Lok Sabha election preparations via",neutral,0.9570281505584717
"बदायूं लिखना पहले सीखें तो सही.. हवाई अड्डा बनाने में और हवाई बातें करने में फर्क होता है। सैफई में मेडिकल कॉलेज बना , बदायूं में भी बना .. जिस सोच के साथ बदायूं का विकास समाजवादियों ने किया है उसको धूल धूसरित करने की कोई कसर भाजपा सरकार ने नहीं छोड़ी । कौशांबी को पहले देखिए फिर बदायूं पर भी बात हो जाएगी ।",2023-12-25 10:54:00,52,4,2024,"बदायूं लिखना पहले सीखें तो सही.. हवाई अड्डा बनाने में और हवाई बातें करने में फर्क होता है। सैफई में मेडिकल कॉलेज बना , बदायूं में भी बना .. जिस सोच के साथ बदायूं का विकास समाजवादियों ने किया है उसको धूल धूसरित करने की कोई कसर भाजपा सरकार ने नहीं छोड़ी । कौशांबी को पहले देखिए फिर बदायूं पर भी बात हो जाएगी ।",neutral,0.7741163372993469
4 month m loksabha h or frontal organisation ka head x p hi active h sirf... Maharashtra m itna bda leader ko convict kr diya lkn koi leader sadak p to choro bola v nh koi kuch.. ab jeetenge hmlg 2039 m tb tk bday bday khelo,2023-12-25 10:54:00,0,0,2024,4 month m loksabha h or frontal organisation ka head x p hi active h sirf... Maharashtra m itna bda leader ko convict kr diya lkn koi leader sadak p to choro bola v nh koi kuch.. ab jeetenge hmlg 2039 m tb tk bday bday khelo,neutral,0.8108506202697754
Parties ko itne percent vote milen hain ya is lok sabha par itne vote hain.,2023-12-25 10:54:00,0,0,2024,Parties ko itne percent vote milen hain ya is lok sabha par itne vote hain.,neutral,0.8200642466545105
15-foot-long python trying to eat the animals. A young man in Thai Bangkok saved them. #ElectionCommission Hardy #Mohanlal #PrashanthNeel #AkshayKumar #DunkiReview #SakshiMalik #ArbaazKhan #SHEHNAAZGILL #SanjuSamson #SAvIND #INDvsSA #INDvAUS #RajkumarHirani Lok Sabha Beijing,2023-12-21 13:53:00,49,2,2024,15-foot-long python trying to eat the animals. A young man in Thai Bangkok saved them. ElectionCommission Hardy Mohanlal PrashanthNeel AkshayKumar DunkiReview SakshiMalik ArbaazKhan SHEHNAAZGILL SanjuSamson SAvIND INDvsSA INDvAUS RajkumarHirani Lok Sabha Beijing,neutral,0.7207553386688232
"𝑳𝒆𝒂𝒅𝒆𝒓 𝒐𝒇 𝑶𝒑𝒑𝒐𝒔𝒊𝒕𝒊𝒐𝒏 𝒊𝒏 𝑳𝒐𝒌 𝑺𝒂𝒃𝒉𝒂 #AtalBihariVajpayeeJi as the Leader of Opposition, spoke with a fervor against corruption that still echoes in the halls of the Lok Sabha. . #AtalBihariVajpayeeJayanti #IndianPolitics",2023-12-25 09:21:00,3,1,2024,"𝑳𝒆𝒂𝒅𝒆𝒓 𝒐𝒇 𝑶𝒑𝒑𝒐𝒔𝒊𝒕𝒊𝒐𝒏 𝒊𝒏 𝑳𝒐𝒌 𝑺𝒂𝒃𝒉𝒂 AtalBihariVajpayeeJi as the Leader of Opposition, spoke with a fervor against corruption that still echoes in the halls of the Lok Sabha. . AtalBihariVajpayeeJayanti IndianPolitics",neutral,0.7993367314338684
Six : He won from six Lok Sabha (lower house of Indian parliament) constituency.,2023-12-25 10:52:00,0,1,2024,Six : He won from six Lok Sabha (lower house of Indian parliament) constituency.,neutral,0.6125530004501343
If Gender is Reversed = Men would have been arrested for - Outraging women modesty(354) - Eve teasing (509) - Stalking (354D) Thanks to @asadowaisi for raising voice on parliament against Draconian #GenderBiasedLaws when other MPs were just laughing. #MenToo #LokSabha #NewLaw,2023-12-24 03:11:00,95,2,2024,If Gender is Reversed = Men would have been arrested for - Outraging women modesty(354) - Eve teasing (509) - Stalking (354D) Thanks to for raising voice on parliament against Draconian GenderBiasedLaws when other MPs were just laughing. MenToo LokSabha NewLaw,negative,0.5446096062660217
"💥Ahead of Lok Sabha elections, Himachal Youth Congress appoints heads for all 4 parliamentary constituencies 💥 #YouthLeadership #LokSabhaElections2024 #HimachalYouthCongress #TNR @INCHimachal @incyouth Read Full Article👇 https://thenewzradar.com/himachal-pradesh/ahead-of-lok-sabha-elections-himachal-youth-congress-appoints-heads-for-all-4-parliamentary-constituencies/",2023-12-25 10:52:00,0,0,2024,"💥Ahead of Lok Sabha elections, Himachal Youth Congress appoints heads for all 4 parliamentary constituencies 💥 YouthLeadership LokSabhaElections2024 HimachalYouthCongress TNR Read Full Article👇",neutral,0.8013456463813782
"😂😂 you should write: ""NDA alliance will break before the Lok Sabha) elections..."" . - 🍻🥃🥂🍾🍾🍻🍺🍻🥂🍻🍾🍹🍺🍻🍸🥃🍺🍷🥃🍻🥂🍷🍸🍺",2023-12-25 10:52:00,0,0,2024,"😂😂 you should write: ""NDA alliance will break before the Lok Sabha) elections..."" . - 🍻🥃🥂🍾🍾🍻🍺🍻🥂🍻🍾🍹🍺🍻🍸🥃🍺🍷🥃🍻🥂🍷🍸🍺",neutral,0.7442808151245117
"“Baune Duryodhan…” Lok Sabha MP Ramesh Bidhuri rains fire at Opposition with ‘hard-hitting’ facts about their leaders including Nehru ji, and so-called democracy during their rule",2023-12-23 15:56:00,4725,34,2024,"“Baune Duryodhan…” Lok Sabha MP Ramesh Bidhuri rains fire at Opposition with ‘hard-hitting’ facts about their leaders including Nehru ji, and so-called democracy during their rule",neutral,0.6360559463500977
"The Congress will be fully prepared for the 2024 Lok Sabha polls and will take steps to make the Indian National Developmental, Inclusive Alliance (INDIA) an “effective bulwark and force” against the BJP and its allies. https://trib.al/H0XnFTJ",2023-12-21 21:00:00,58,5,2024,"The Congress will be fully prepared for the 2024 Lok Sabha polls and will take steps to make the Indian National Developmental, Inclusive Alliance (INDIA) an “effective bulwark and force” against the BJP and its allies.",neutral,0.5275107622146606
"Prime Minister Narendra Modi, along with Lok Sabha Speaker Om Birla, Defence Minister Rajnath Singh, and other BJP leaders paid heartfelt tributes to eminent freedom fighter and former Congressman Madan Mohan Malviya on the occasion #OmmcomNews https://ommcomnews.com/india-news/pm-modi-others-pay-homage-to-madan-mohan-malviya-on-his-162nd-birth-anniversary",2023-12-25 10:50:00,0,0,2024,"Prime Minister Narendra Modi, along with Lok Sabha Speaker Om Birla, Defence Minister Rajnath Singh, and other BJP leaders paid heartfelt tributes to eminent freedom fighter and former Congressman Madan Mohan Malviya on the occasion OmmcomNews",positive,0.6682751178741455
ఈసారి లోక్ సభ ఎన్నికల్లో తెలంగాణలో కాంగ్రెస్ ఎన్ని స్థానాల్లో గెలుస్తుంది? #CongressParty #Loksabha,2023-12-25 10:49:00,0,0,2024,ఈసారి లోక్ సభ ఎన్నికల్లో తెలంగాణలో కాంగ్రెస్ ఎన్ని స్థానాల్లో గెలుస్తుంది? CongressParty Loksabha,neutral,0.7394858598709106
No Alternative to BJP. They will easily get 350-375+ seats in 2024 Lok Sabha elections due to their outstanding work. -Vetran Actor Nana Patekar,2023-12-25 10:35:00,13,0,2024,No Alternative to BJP. They will easily get 350-375+ seats in 2024 Lok Sabha elections due to their outstanding work. -Vetran Actor Nana Patekar,positive,0.7163210511207581
After Lok Sabha elections he will say EVM’s were hacked.,2023-12-25 10:49:00,0,0,2024,After Lok Sabha elections he will say EVM’s were hacked.,neutral,0.49593430757522583
"Lok Sabha Passes Maternity Benifits (Ammendment) Bill, 2016 https://www.narendramodi.in/category/infographics via NaMo App #ViksitBharatAmbassador #NaMo @narendramodi @JPNaddaji @AmitShah @blsanthosh @Tejasvi_Surya @amitmalviya @MrsGandhi @smritiirani @VanathiBJP @BYVijayendra @SujataPadhyBJP",2023-12-25 10:47:00,0,0,2024,"Lok Sabha Passes Maternity Benifits (Ammendment) Bill, 2016 via NaMo App ViksitBharatAmbassador NaMo",neutral,0.9087730050086975
"Congress demands answers from Home Minister Amit Shah on the breach. Fair point. But Om Birla, the Speaker of Lok Sabha, is already on it with an inquiry committee. Transparency in action – that's what we need, right? #ParliamentAttack #parliamentsuspended",2023-12-25 10:46:00,0,1,2024,"Congress demands answers from Home Minister Amit Shah on the breach. Fair point. But Om Birla, the Speaker of Lok Sabha, is already on it with an inquiry committee. Transparency in action – that's what we need, right? ParliamentAttack parliamentsuspended",neutral,0.8154777884483337
"Chaos in the Lok Sabha: Two intruders, yellow smoke, slogans. Sounds like a movie scene, but it's real. This security breach isn't just a headline; it's a wake-up call. #ParliamentAttack #parliamentsuspended #parliamentseuritybreach",2023-12-25 10:46:00,0,1,2024,"Chaos in the Lok Sabha: Two intruders, yellow smoke, slogans. Sounds like a movie scene, but it's real. This security breach isn't just a headline; it's a wake-up call. ParliamentAttack parliamentsuspended parliamentseuritybreach",negative,0.9110303521156311
जयवर्धन सिंह ने कार्यकर्ताओं का जताया आभार लोकसभा के लिए जी जान से जुटें कांग्रेस जन मीटिंग में न आऊं तो मुझे भी नोटिस जारी करें #Elections2024 #LokSabha #Congress #MadhyaPradesh @INCMP @JVSinghINC https://invidious.perennialte.ch/sPOvcDr1YqQ,2023-12-25 10:45:00,0,0,2024,जयवर्धन सिंह ने कार्यकर्ताओं का जताया आभार लोकसभा के लिए जी जान से जुटें कांग्रेस जन मीटिंग में न आऊं तो मुझे भी नोटिस जारी करें Elections2024 LokSabha Congress MadhyaPradesh,neutral,0.8095378279685974
Sidhi Pathak nhi bniii Hoskta h loksabha election firse ldeee,2023-12-25 10:44:00,1,0,2024,Sidhi Pathak nhi bniii Hoskta h loksabha election firse ldeee,neutral,0.8557077050209045
Ye sab faltu ki baat hain..10 caror abadi hain bengali hindu ki... egypt ki population ke barabar ...aisa bhi kharab conditions nahi hain..,2023-12-25 10:44:00,0,1,2024,Ye sab faltu ki baat hain..10 caror abadi hain bengali hindu ki... egypt ki population ke barabar ...aisa bhi kharab conditions nahi hain..,neutral,0.6749026775360107
चुनाव हार चुकी Congress पर Loksabha Election 2024 से पहले बड़ा संकट!,2023-12-24 11:45:00,202,1,2024,चुनाव हार चुकी Congress पर Loksabha Election 2024 से पहले बड़ा संकट!,neutral,0.8120664358139038
ಸಂಕ್ರಾಂತಿ ನಂತರ ಕಾಂಗ್ರೆಸ್‌ನಲ್ಲಿ ಹೊಸ ಕ್ರಾಂತಿ ಶುರುವಾಗುತ್ತೆ #vistaranews #saleemahmed #congressgovernment #congress #loksabha,2023-12-25 10:43:00,0,0,2024,ಸಂಕ್ರಾಂತಿ ನಂತರ ಕಾಂಗ್ರೆಸ್‌ನಲ್ಲಿ ಹೊಸ ಕ್ರಾಂತಿ ಶುರುವಾಗುತ್ತೆ vistaranews saleemahmed congressgovernment congress loksabha,neutral,0.7624030113220215
Jammu and Kashmir #Congress leaders are scheduled to meet party leadership in the national capital on Tuesday to discuss election preparedness for the 2024 Lok Sabha polls. . #LoksabhaElection2024 #loksabha2024 #JammuKashmir #kashmir #Elections2024,2023-12-25 09:28:00,4,0,2024,Jammu and Kashmir Congress leaders are scheduled to meet party leadership in the national capital on Tuesday to discuss election preparedness for the 2024 Lok Sabha polls. . LoksabhaElection2024 loksabha2024 JammuKashmir kashmir Elections2024,neutral,0.9466264843940735
Chhattisgarh CM Vishnu Deo Sai transfers bonus paddy amount to farmers. This electoral promise was one of the reason for BJP’s victory. Vishnu Deo Sai is a experienced person and he know fulfilling manifesto promises are important for Loksabha elections. Whereas Madhya Pradesh CM due to lack of experience has not started preparations and just acting as a Ujjain MLA right now.,2023-12-25 10:41:00,2,0,2024,Chhattisgarh CM Vishnu Deo Sai transfers bonus paddy amount to farmers. This electoral promise was one of the reason for BJP’s victory. Vishnu Deo Sai is a experienced person and he know fulfilling manifesto promises are important for Loksabha elections. Whereas Madhya Pradesh CM due to lack of experience has not started preparations and just acting as a Ujjain MLA right now.,positive,0.705263078212738
Why should someone reply to a 2 minute attention seeker ? Paying back to the BJP for safeguarding in liquor scam ? Is it an indication that BRS is getting aligned with BJP for upcoming Lok Sabha Election ?? #justAsking,2023-12-25 09:57:00,9,0,2024,Why should someone reply to a 2 minute attention seeker ? Paying back to the BJP for safeguarding in liquor scam ? Is it an indication that BRS is getting aligned with BJP for upcoming Lok Sabha Election ?? justAsking,negative,0.5939163565635681
indore lok sabha ke liye cong ka kaunsa candiddate accha hoga,2023-12-25 10:39:00,0,2,2024,indore lok sabha ke liye cong ka kaunsa candiddate accha hoga,neutral,0.8425876498222351
"Heartfelt congratulations to @DeepaDasmunsi Ji on assuming the role of General Secretary in Telangana. 💐 With your leadership, I am confident that Congress will secure a significant number of seats in the 2024 Lok Sabha elections in Telangana. #Telangana",2023-12-24 04:06:00,392,10,2024,"Heartfelt congratulations to Ji on assuming the role of General Secretary in Telangana. 💐 With your leadership, I am confident that Congress will secure a significant number of seats in the 2024 Lok Sabha elections in Telangana. Telangana",positive,0.9741415977478027
Speaking in the Lok Sabha on two landmark bills related to the Jammu and Kashmir. https://nitter.perennialte.ch/i/broadcasts/1rmxPMjBroXKN,2023-12-06 09:25:00,8623,282,2024,Speaking in the Lok Sabha on two landmark bills related to the Jammu and Kashmir.,neutral,0.8911409974098206
Mp se bhi bura haal hoga haryana mein,2023-12-25 10:36:00,0,0,2024,Mp se bhi bura haal hoga haryana mein,neutral,0.8069466948509216
How many Loksabha seats the BJP will win in next 2024 Loksabha elections?,2023-12-25 09:59:00,4,0,2024,How many Loksabha seats the BJP will win in next 2024 Loksabha elections?,neutral,0.8927388191223145
"Prime Minister #NarendraModi, along with #LokSabha Speaker Om Birla, Defence Minister #RajnathSingh, and other BJP leaders paid heartfelt tributes to eminent freedom fighter and former Congressman #MadanMohanMalviya on occasion of his 162nd birth anniversary at Samvidhan Sadan.",2023-12-25 10:35:00,0,0,2024,"Prime Minister NarendraModi, along with LokSabha Speaker Om Birla, Defence Minister RajnathSingh, and other BJP leaders paid heartfelt tributes to eminent freedom fighter and former Congressman MadanMohanMalviya on occasion of his 162nd birth anniversary at Samvidhan Sadan.",positive,0.6921213865280151
What Rajiv Gandhi said in Lok Sabha when VP Singh govt decided to implement Mandal report reccos: I charge you with this: you have taken the country to the edge of caste wars #CasteCensus #OBCReservation,2023-10-05 08:38:00,1255,41,2024,What Rajiv Gandhi said in Lok Sabha when VP Singh govt decided to implement Mandal report reccos: I charge you with this: you have taken the country to the edge of caste wars CasteCensus OBCReservation,negative,0.5918090343475342
"This winter session of the Loksabha, in which many important bills were to be presented, has been converted to an opposition-free session by suspending two third of the opposition members",2023-12-22 04:07:00,159,0,2024,"This winter session of the Loksabha, in which many important bills were to be presented, has been converted to an opposition-free session by suspending two third of the opposition members",neutral,0.8207058906555176
"HUGE BREAKING - Rajya Sabha passes 3 criminal bills. Yesterday, the bills were passed by loksabha. Home Minister Amit Shah said ""No Sympathy for terrorists 🔥🔥 For the first time, terrorism is defined and included as a separate category in the general crime law"" He said ""This is a pure Indian law after removing all the British imprints"" As per the bill ""The judge has to hold the hearing in seven days and in a maximum time of 120 days, the case would come to trial"". History created 🔥",2023-12-21 15:43:00,24135,155,2024,"HUGE BREAKING - Rajya Sabha passes 3 criminal bills. Yesterday, the bills were passed by loksabha. Home Minister Amit Shah said ""No Sympathy for terrorists 🔥🔥 For the first time, terrorism is defined and included as a separate category in the general crime law"" He said ""This is a pure Indian law after removing all the British imprints"" As per the bill ""The judge has to hold the hearing in seven days and in a maximum time of 120 days, the case would come to trial"". History created 🔥",neutral,0.5941810011863708
Started singing bjp’s tune oh Lok Sabha elections are near and you want to be in alliance with them to defeat congress,2023-12-25 10:34:00,0,0,2024,Started singing bjp’s tune oh Lok Sabha elections are near and you want to be in alliance with them to defeat congress,neutral,0.6347095966339111
"ABP CVoter Lok Sabha Opinion Poll 2024 Uttar Pradesh : 80 seats BJP+ : 73-75 | 49% Vote Share SP+ : 4-6 | 35% BSP : 0-2 | 5% In the 2024 Lok Sabha elections, the vote share of BSP will be around 10% and that of BJP will be more than 50%.",2023-12-24 16:48:00,411,8,2024,"ABP CVoter Lok Sabha Opinion Poll 2024 Uttar Pradesh : 80 seats BJP+ : 73-75 | 49% Vote Share SP+ : 4-6 | 35% BSP : 0-2 | 5% In the 2024 Lok Sabha elections, the vote share of BSP will be around 10% and that of BJP will be more than 50%.",neutral,0.918057918548584
"And the wait is over... Chief Electoral Officer, Gujarat presents Digital Content Competition If you can create that encourage voters to #Vote during Lok Sabha Elections 2024, then the stage is yours.. https://chunavsetu.gujarat.gov.in/DigitalCreator Bring out the best... #ECI #sveep #gujarat",2023-12-24 18:44:00,24,1,2024,"And the wait is over... Chief Electoral Officer, Gujarat presents Digital Content Competition If you can create that encourage voters to Vote during Lok Sabha Elections 2024, then the stage is yours.. Bring out the best... ECI sveep gujarat",positive,0.8865000605583191
No Alternative to BJP. They will easily get 350-375+ seats in 2024 Lok Sabha elections due to their outstanding work. -Vetran Actor Nana Patekar 📹 credits - Zee business,2023-12-25 10:32:00,1,0,2024,No Alternative to BJP. They will easily get 350-375+ seats in 2024 Lok Sabha elections due to their outstanding work. -Vetran Actor Nana Patekar 📹 credits - Zee business,positive,0.7507480382919312
"Yeh jhuth bol raha he Rajstan walo sirf Loksabha election Tak hi yeh chiranjeevi scheme chalegi,pehle rajyasabha me jawab de chuke hai Rajastan me koyi 450 me gass nehi milega",2023-12-25 10:32:00,0,0,2024,"Yeh jhuth bol raha he Rajstan walo sirf Loksabha election Tak hi yeh chiranjeevi scheme chalegi,pehle rajyasabha me jawab de chuke hai Rajastan me koyi 450 me gass nehi milega",neutral,0.8059559464454651
'There will be dictatorship in India if...': Uddhav Thackeray ahead of Lok Sabha polls https://msft.it/6013idOal,2023-12-25 10:32:00,0,0,2024,'There will be dictatorship in India if...': Uddhav Thackeray ahead of Lok Sabha polls,negative,0.5668657422065735
Is opposition mocking vice president bigger question that 200 mp ousted from lok sabha....bevkoof bana rakha hai ....this time I agree with @INCIndia and @RahulGandhi,2023-12-25 10:31:00,0,0,2024,Is opposition mocking vice president bigger question that 200 mp ousted from lok sabha....bevkoof bana rakha hai ....this time I agree with and,neutral,0.5561091303825378
"Prime Minister Narendra Modi, Lok Sabha Speaker Om Birla, Rajya Sabha Deputy Chairman Harivansh, Defence Minister Rajnath Singh, BJP national president JP Nadda and other leaders pay tribute to Pandit Madan Mohan Malaviya at Central Hall in the Parliament, on his birth anniversary.",2023-12-25 07:42:00,58,0,2024,"Prime Minister Narendra Modi, Lok Sabha Speaker Om Birla, Rajya Sabha Deputy Chairman Harivansh, Defence Minister Rajnath Singh, BJP national president JP Nadda and other leaders pay tribute to Pandit Madan Mohan Malaviya at Central Hall in the Parliament, on his birth anniversary.",neutral,0.6104278564453125
Bjp will do better in bengal than bihar..,2023-12-25 10:31:00,8,1,2024,Bjp will do better in bengal than bihar..,positive,0.6845124959945679
Good cabinet in MP ratio of OBC and scst good and allow this ratio in utter Pradesh cabinetextention within week to loksabha election 24 Ok,2023-12-25 10:30:00,0,0,2024,Good cabinet in MP ratio of OBC and scst good and allow this ratio in utter Pradesh cabinetextention within week to loksabha election 24 Ok,positive,0.733174204826355
Degana Nagaur lok sabha me nahi hai,2023-12-25 10:30:00,0,0,2024,Degana Nagaur lok sabha me nahi hai,neutral,0.8403778672218323
"@BJP4India is doing a Christian outreach four months before the Lok Sabha elections, will they fall for it?",2023-12-25 10:30:00,0,0,2024,"is doing a Christian outreach four months before the Lok Sabha elections, will they fall for it?",neutral,0.6580790877342224
He will be in Jail before Lok Sabha elections for the illegal assets case which is still pending.,2023-12-25 10:29:00,2,1,2024,He will be in Jail before Lok Sabha elections for the illegal assets case which is still pending.,negative,0.49947893619537354
"The Prime Minister actually conducted mimicry of the Opposition leaders inside the Lok Sabha, and the video is available and that was not allowed to be discussed.",2023-12-25 04:06:00,19,2,2024,"The Prime Minister actually conducted mimicry of the Opposition leaders inside the Lok Sabha, and the video is available and that was not allowed to be discussed.",neutral,0.6069766879081726
didn't took lessons from the mahua moitra incident. he should be thrown out of the lok sabha.,2023-12-25 10:28:00,2,0,2024,didn't took lessons from the mahua moitra incident. he should be thrown out of the lok sabha.,negative,0.8951586484909058
Nana Patekar on Lok Sabha,2023-12-25 10:26:00,0,0,2024,Nana Patekar on Lok Sabha,neutral,0.8768489956855774
I ND I A ALIGNMENT MUST FOKUS ON INTRODUCTION OF BALLOT PAPER CANCELLING EVM I 2024 LOKSABHA ELECTION -- IMPARTIAL SELECTION COMMITTEE FOR CEC ALSO MOST IMPORTANT NOW --- JOINT BHARAT JODO JATRA SHOULD BE STARTED SOON BY ALL MEMBERS OF I N D I A,2023-12-25 10:26:00,0,0,2024,I ND I A ALIGNMENT MUST FOKUS ON INTRODUCTION OF BALLOT PAPER CANCELLING EVM I 2024 LOKSABHA ELECTION -- IMPARTIAL SELECTION COMMITTEE FOR CEC ALSO MOST IMPORTANT NOW --- JOINT BHARAT JODO JATRA SHOULD BE STARTED SOON BY ALL MEMBERS OF I N D I A,neutral,0.6838784217834473
मैंने आज तक वीरेंद्र पहलवान जितनी कमिटमेंट वाला खिलाड़ी नहीं देखा. सलाम है इस जज़्बे को 🙏,2023-12-25 09:46:00,3316,28,2024,मैंने आज तक वीरेंद्र पहलवान जितनी कमिटमेंट वाला खिलाड़ी नहीं देखा. सलाम है इस जज़्बे को 🙏,neutral,0.7906008362770081
"Sharing some excerpts from my opening remarks in the Congress Working Committee (CWC) Meeting. • We have convened this Congress Working Committee (CWC) meeting to address our preparedness for the imminent Lok Sabha Elections. • The outcomes of the recent Assembly elections in five states, barring Telangana, were disappointing. Along with Rahul Gandhi Ji, I engaged with leaders from each of the four states to conduct a preliminary analysis of the election results and identified the reasons for our disappointing performance. • Despite the results, there are some positive indicators, such as the vote share in these states, that gives us a definite hope that given due attention, we can certainly turn things around. • We have learnt valuable lessons from the mistakes we have made and are committed to avoiding a recurrence of them. • The Fourth meeting of the INDIA Alliance was held on December 19, 2023. In the meeting, it was unanimously agreed that the seat-sharing process must start immediately. • To facilitate this, a 5-member National Alliance Committee has been established to engage with various parties in different states, as needed. • The issue of Electronic Voting Machine (EVM) manipulation was also discussed in the meeting. A resolution was passed in this regard. • Lok Sabha Elections are not too far, we don’t have much time left. I would urge everyone to concentrate on actionable points and the necessary steps that can be taken for the upcoming General elections.",2023-12-21 10:56:00,2568,96,2024,"Sharing some excerpts from my opening remarks in the Congress Working Committee (CWC) Meeting. • We have convened this Congress Working Committee (CWC) meeting to address our preparedness for the imminent Lok Sabha Elections. • The outcomes of the recent Assembly elections in five states, barring Telangana, were disappointing. Along with Rahul Gandhi Ji, I engaged with leaders from each of the four states to conduct a preliminary analysis of the election results and identified the reasons for our disappointing performance. • Despite the results, there are some positive indicators, such as the vote share in these states, that gives us a definite hope that given due attention, we can certainly turn things around. • We have learnt valuable lessons from the mistakes we have made and are committed to avoiding a recurrence of them. • The Fourth meeting of the INDIA Alliance was held on December 19, 2023. In the meeting, it was unanimously agreed that the seat-sharing process must start immediately. • To facilitate this, a 5-member National Alliance Committee has been established to engage with various parties in different states, as needed. • The issue of Electronic Voting Machine (EVM) manipulation was also discussed in the meeting. A resolution was passed in this regard. • Lok Sabha Elections are not too far, we don’t have much time left. I would urge everyone to concentrate on actionable points and the necessary steps that can be taken for the upcoming General elections.",neutral,0.7929770946502686
ABP News C Voters Opinion poll for Punjab Lok Sabha Cong - 7 AAP - 4 SAD - 1 BJP - 1 Congress party set to retain its seats in Punjab in Lok Sabha in 2024 elections. Rahul Gandhi emerges as most popular national leader in Punjab.,2023-12-24 14:32:00,709,20,2024,ABP News C Voters Opinion poll for Punjab Lok Sabha Cong - 7 AAP - 4 SAD - 1 BJP - 1 Congress party set to retain its seats in Punjab in Lok Sabha in 2024 elections. Rahul Gandhi emerges as most popular national leader in Punjab.,neutral,0.5143247842788696
"Jammu & Kashmir Congress leaders to meet Mallikarjun Kharge, discuss Lok Sabha election preparations toi.in/WZP3jZ/a24gk",2023-12-25 10:15:00,5,1,2024,"Jammu & Kashmir Congress leaders to meet Mallikarjun Kharge, discuss Lok Sabha election preparations toi.in/WZP3jZ/a24gk",neutral,0.9492383003234863
"#WATCH | BJP president #JPNadda, Defence minister #RajnathSingh, Lok Sabha Speaker #OmBirla and Union Finance minister #NirmalaSitharaman pay tributes to former PM #AtalBihariVajpayee at Sadaiv Atal in #Delhi on his birth anniversary 📹 ANI",2023-12-25 04:24:00,141,0,2024,"WATCH | BJP president JPNadda, Defence minister RajnathSingh, Lok Sabha Speaker OmBirla and Union Finance minister NirmalaSitharaman pay tributes to former PM AtalBihariVajpayee at Sadaiv Atal in Delhi on his birth anniversary 📹 ANI",neutral,0.8034155368804932
Loksabha chunav ke bad sambandh Ho jaayengi,2023-12-25 10:24:00,1,0,2024,Loksabha chunav ke bad sambandh Ho jaayengi,negative,0.6215595006942749
All I want for Christmas is.. BJP will bring 400 seat in Loksabha Election in 2024 and MODI JI will become Prime Minister of India once again.,2023-12-25 10:23:00,0,0,2024,All I want for Christmas is.. BJP will bring 400 seat in Loksabha Election in 2024 and MODI JI will become Prime Minister of India once again.,positive,0.8784565329551697
I think Congress and Tmc should fight in alliance. Congress on 6 and TMC on 36. Both can win 36 loksabha seats,2023-12-25 10:23:00,0,1,2024,I think Congress and Tmc should fight in alliance. Congress on 6 and TMC on 36. Both can win 36 loksabha seats,neutral,0.5802595615386963
"Lok Sabha 2024 Karnataka. Kolar Lok Sabha seat bordering Tamil Nadu and Andhra Pradesh in East Karnataka has to be the most befuddling constituency , most confusing constituency in this entire country. Last time in 2018 assembly elections, BJP lost all 8 assembly segments, in fact was nowhere in those 8 seats, yet BJP won Lok Sabha 2019 comfortably. This time in 2023 assembly elections too, BJP again managed to lose all 8 assembly segments, marginally improved its vote share though but looks like BJP will again win this crazy Lok Sabha seat in 2024, watch this video. Karnataka people are notorious for completely opposite voting. https://invidious.perennialte.ch/watch?v=WEMRVhLN7No",2023-12-25 10:22:00,14,5,2024,"Lok Sabha 2024 Karnataka. Kolar Lok Sabha seat bordering Tamil Nadu and Andhra Pradesh in East Karnataka has to be the most befuddling constituency , most confusing constituency in this entire country. Last time in 2018 assembly elections, BJP lost all 8 assembly segments, in fact was nowhere in those 8 seats, yet BJP won Lok Sabha 2019 comfortably. This time in 2023 assembly elections too, BJP again managed to lose all 8 assembly segments, marginally improved its vote share though but looks like BJP will again win this crazy Lok Sabha seat in 2024, watch this video. Karnataka people are notorious for completely opposite voting.",negative,0.6443731188774109
Lok Sabha Elections 2024 Survey : इंडिया गठबंधन भाजपा पर पड़ेगा भारी? यूपी में BJP को मिलेंगी कितनी सीटें? https://hindi.oneindia.com/news/uttar-pradesh/lok-sabha-elections-2024-nda-vs-india-how-many-seats-bjp-get-uttar-pradesh-abp-cvoter-survey-864137.html #LokSabhaElection2024,2023-12-25 10:18:00,0,0,2024,Lok Sabha Elections 2024 Survey : इंडिया गठबंधन भाजपा पर पड़ेगा भारी? यूपी में BJP को मिलेंगी कितनी सीटें? LokSabhaElection2024,neutral,0.8669739961624146
"#EXCLUSIVE: ना यादव, ना दलित का, वोट पड़ेगा राम भक्तों का! 'सनातन वोटर्स'..वर्ल्ड रिकॉर्ड बनाने वाले हैं! @jyotimishra999 के साथ देखिए, EXCLUSIVE रिपोर्ट #PMModi #BJP #Loksabha #Elections #Congress @PreritTweet",2023-12-24 15:45:00,110,8,2024,"EXCLUSIVE: ना यादव, ना दलित का, वोट पड़ेगा राम भक्तों का! 'सनातन वोटर्स'..वर्ल्ड रिकॉर्ड बनाने वाले हैं! के साथ देखिए, EXCLUSIVE रिपोर्ट PMModi BJP Loksabha Elections Congress",neutral,0.7992386221885681
What random “historian” with @narendramodi in bio won’t tell you is that Mamta Banerjee has been in active politics since the 70s and was elected to Lok Sabha in 1984 having defeated the veteran Communist leader Somnath Chatterjee. So the NDA allied with her for what …1/n,2023-12-25 10:17:00,0,1,2024,What random “historian” with in bio won’t tell you is that Mamta Banerjee has been in active politics since the 70s and was elected to Lok Sabha in 1984 having defeated the veteran Communist leader Somnath Chatterjee. So the NDA allied with her for what …1/n,neutral,0.8695974349975586
Aage chalkar 2014 me bjp ki lahar me sansad ban gaye fir 2019 me bjp ne loksabha ki ticket nahi di. 🤣🤣🤣,2023-12-25 10:17:00,0,0,2024,Aage chalkar 2014 me bjp ki lahar me sansad ban gaye fir 2019 me bjp ne loksabha ki ticket nahi di. 🤣🤣🤣,neutral,0.6586312651634216
"Lok Sabha Passes Maternity Benifits (Ammendment) Bill, 2016 https://www.narendramodi.in/category/infographics via NaMo App",2023-12-25 10:15:00,0,0,2024,"Lok Sabha Passes Maternity Benifits (Ammendment) Bill, 2016 via NaMo App",neutral,0.9318997263908386
Nana Patekar : “There is no alternative to the BJP in 2024 Lok Sabha elections. They will come back to power with 350 seats.”,2023-12-25 10:14:00,0,0,2024,Nana Patekar : “There is no alternative to the BJP in 2024 Lok Sabha elections. They will come back to power with 350 seats.”,neutral,0.7911503314971924
No Alternative To PM Modi In 2024 Lok Sabha Polls: Ajit Pawar Ajit Pawar was replying to a query by reporters on the opposition parties planning to challenge PM Modi's leadership ahead of the Lok Sabha polls due next year. https://qr.ae/pKZNyl,2023-12-25 10:14:00,0,0,2024,No Alternative To PM Modi In 2024 Lok Sabha Polls: Ajit Pawar Ajit Pawar was replying to a query by reporters on the opposition parties planning to challenge PM Modi's leadership ahead of the Lok Sabha polls due next year.,neutral,0.8996476531028748
Loksabha Election Opinion Poll 2024 https://invidious.perennialte.ch/Y21mXuYhgLY?si=l0r88EqFGcA7euBQ via @YouTube,2023-12-25 10:12:00,0,0,2024,Loksabha Election Opinion Poll 2024 via,neutral,0.9262206554412842
Loksabha election update 2024: चुनावों पर चर्चा के लिए जम्मू-कश्मीर के नेताओं के साथ बैठक करेंगे खड़गे #LoksabhaElection2024 #Congress #RahulGandhi #LatestNews #DailyLine @INCIndia https://dailyline.in/Loksabha-election-update-2024:-Kharge-will-meet-with-leaders-of-Jammu-and-Kashmir-to-discuss-elections,2023-12-25 10:12:00,0,0,2024,Loksabha election update 2024: चुनावों पर चर्चा के लिए जम्मू-कश्मीर के नेताओं के साथ बैठक करेंगे खड़गे LoksabhaElection2024 Congress RahulGandhi LatestNews DailyLine,neutral,0.874798595905304
"Union Minister @ianuragthakur moves The Press and Registration of Periodicals Bill, 2023 in #LokSabha for consideration and passing . #WinterSession2023",2023-12-21 08:26:00,68,0,2024,"Union Minister moves The Press and Registration of Periodicals Bill, 2023 in LokSabha for consideration and passing . WinterSession2023",neutral,0.9290598630905151
Loksabha Election Opinion Poll 2024 https://invidious.perennialte.ch/Y21mXuYhgLY?si=2uLySNAeTUvhiLMU via @YouTube,2023-12-25 10:10:00,0,0,2024,Loksabha Election Opinion Poll 2024 via,neutral,0.9262206554412842
ఎంపీ ఎన్నికలపై బీజేపీ ప్లాన్.. రంగంలోకి దిగిన అమిత్ షా..! | Amit Shah | Lok Sabha Polls | hmtv #hmtvnews #hmtv,2023-12-25 10:09:00,3,0,2024,ఎంపీ ఎన్నికలపై బీజేపీ ప్లాన్.. రంగంలోకి దిగిన అమిత్ షా..! | Amit Shah | Lok Sabha Polls | hmtv hmtvnews hmtv,neutral,0.7887632846832275
"WATCH | ओपिनियन पोल पर JDU की प्रतिक्रिया, JDU ने बिहार के सर्वे को स्वीकार किया देखिए '12 से 2- पॉलिटिकल शो' @vivekstake के साथ https://abplive.com/live-tv #AbpCVoter #OponionPolls #Loksabha #Bihar",2023-12-25 07:21:00,42,1,2024,"WATCH | ओपिनियन पोल पर JDU की प्रतिक्रिया, JDU ने बिहार के सर्वे को स्वीकार किया देखिए '12 से 2- पॉलिटिकल शो' के साथ AbpCVoter OponionPolls Loksabha Bihar",neutral,0.8688221573829651
Plan seems to be afoot to suck India into some kind of a war and confine Modi to Delhi so that he is unable to conduct election tours throughout the country for the 2024 Lok Sabha election. Stop Modi to defeat BJP.,2023-12-25 10:08:00,0,0,2024,Plan seems to be afoot to suck India into some kind of a war and confine Modi to Delhi so that he is unable to conduct election tours throughout the country for the 2024 Lok Sabha election. Stop Modi to defeat BJP.,negative,0.796984076499939
No Alternative to BJP. They will easily get 350-375+ seats in 2024 Lok Sabha elections due to their outstanding work. -Vetran Actor Nana Patekar,2023-12-25 10:06:00,1,0,2024,No Alternative to BJP. They will easily get 350-375+ seats in 2024 Lok Sabha elections due to their outstanding work. -Vetran Actor Nana Patekar,positive,0.7163214087486267
Defence Minister Rajnath Singh and Lok Sabha Speaker Om Birla arrive in Haridwar; received by Uttarakhand Chief Minister Pushkar Singh Dhami,2023-12-25 07:54:00,95,2,2024,Defence Minister Rajnath Singh and Lok Sabha Speaker Om Birla arrive in Haridwar; received by Uttarakhand Chief Minister Pushkar Singh Dhami,neutral,0.9277288913726807
"VIDEO | ""BJP will be winning all the 11 Lok Sabha seats in Chhattisgarh. Congress leader Sachin Pilot has been made the in charge of Chhattisgarh, he will again take the party to margins in the state,"" says BJP leader @brijmohan_ag.",2023-12-24 10:40:00,132,0,2024,"VIDEO | ""BJP will be winning all the 11 Lok Sabha seats in Chhattisgarh. Congress leader Sachin Pilot has been made the in charge of Chhattisgarh, he will again take the party to margins in the state,"" says BJP leader .",positive,0.7211415767669678
"Lok Sabha recorded 74% productivity, says Speaker https://timesofindia.indiatimes.com/india/lok-sabha-recorded-74-productivity-says-speaker/articleshow/106195067.cms",2023-12-22 05:49:00,28,2,2024,"Lok Sabha recorded 74% productivity, says Speaker",neutral,0.5826239585876465
"Birthday wishes to the Speaker of the Lok Sabha, Shri Om Birla Ji. His distinguished leadership and commitment to upholding the parliamentary traditions and democratic values of our nation are truly admirable. As the Presiding officer of the Lok Sabha, he has always focused on ensuring young MPs and women MPs get the opportunity to speak and enrich parliamentary discourse. May this year bring him good health, happiness and continued success in all his endeavors. @ombirlakota",2023-11-23 05:04:00,21598,381,2024,"Birthday wishes to the Speaker of the Lok Sabha, Shri Om Birla Ji. His distinguished leadership and commitment to upholding the parliamentary traditions and democratic values of our nation are truly admirable. As the Presiding officer of the Lok Sabha, he has always focused on ensuring young MPs and women MPs get the opportunity to speak and enrich parliamentary discourse. May this year bring him good health, happiness and continued success in all his endeavors.",positive,0.9695202112197876
"Today, on Good Governance Day, as the nation celebrates the life of former Prime Minister Atal Bihari Vajpayee, we want to emphasize the role of the youth in fostering government awareness among the people. #GoodGovernanceDay #AtalBihariVajpayee #MYBharat",2023-12-25 03:33:00,17,0,2024,"Today, on Good Governance Day, as the nation celebrates the life of former Prime Minister Atal Bihari Vajpayee, we want to emphasize the role of the youth in fostering government awareness among the people. GoodGovernanceDay AtalBihariVajpayee MYBharat",positive,0.9140622615814209
"ABP CVoter Lok Sabha Opinion Poll 2024 Bihar : 40 seats BJP : 16-18 | 39% Vote Share MGB : 21-23 | 43% OTH : 0-2 | 18% It seems that this survey is overestimating the strength of JDU, but in reality MGB will not be able to touch double digits in Bihar in 2024 LS elections.",2023-12-24 16:04:00,413,18,2024,"ABP CVoter Lok Sabha Opinion Poll 2024 Bihar : 40 seats BJP : 16-18 | 39% Vote Share MGB : 21-23 | 43% OTH : 0-2 | 18% It seems that this survey is overestimating the strength of JDU, but in reality MGB will not be able to touch double digits in Bihar in 2024 LS elections.",neutral,0.6641693115234375
"Central Govt. has introduced new Criminal Law Bills in Lok Sabha 1⃣Bharatiya Nyaya (Second) Sanhita, 2023 2⃣Bharatiya Nagarik Suraksha (Second) Sanhita, 2023 3⃣Bharatiya Sakshya (Second) Adhiniyam, 2023 We have merged the pdf files of these bills obtained from the Parliament website (https://sansad.in/ls/legislation/bills ) and shared in our telegram (https://t.me/CiteCase/327 ) and whatsapp groups (https://chat.whatsapp.com/CDJ4AwB28D43oJHb0ngx8G )",2023-12-12 14:15:00,86,9,2024,"Central Govt. has introduced new Criminal Law Bills in Lok Sabha 1⃣Bharatiya Nyaya (Second) Sanhita, 2023 2⃣Bharatiya Nagarik Suraksha (Second) Sanhita, 2023 3⃣Bharatiya Sakshya (Second) Adhiniyam, 2023 We have merged the pdf files of these bills obtained from the Parliament website ( ) and shared in our telegram ( ) and whatsapp groups ( )",neutral,0.9064372181892395
"Telecommunication Bill 2023"" Context- The Lok Sabha on December 20, 2023 passed the Telecom Bill 2023, which replaced existing laws, including the 138 year old Indian Telegraph Act, 1885 & Indian Wireless Telegraphy Act, 1933. Regulation of Telecom Sector The telecom sector in India has been governed under three laws. The Indian Telegraph Act (ITA) 1885. The Indian Wireless Telegraphy Act, (IWTA) 1993 The Telegraph Wires (Unlawful Possession) Act (TWA) 1950.",2023-12-25 06:52:00,31,1,2024,"Telecommunication Bill 2023"" Context- The Lok Sabha on December 20, 2023 passed the Telecom Bill 2023, which replaced existing laws, including the 138 year old Indian Telegraph Act, 1885 & Indian Wireless Telegraphy Act, 1933. Regulation of Telecom Sector The telecom sector in India has been governed under three laws. The Indian Telegraph Act (ITA) 1885. The Indian Wireless Telegraphy Act, (IWTA) 1993 The Telegraph Wires (Unlawful Possession) Act (TWA) 1950.",neutral,0.88582444190979
"The newly passed criminal law bills, ironically, retain their colonial spirit. An edit. #AmitShah #criminallaws #crpc #sedition #ModiGovt #Parliament #LokSabha #RajyaSabha @leo_mukherjee https://www.telegraphindia.com/opinion/old-imprint-editorial-on-the-new-criminal-law-bills-passed-by-the-parliament/cid/1989119",2023-12-25 08:30:00,0,0,2024,"The newly passed criminal law bills, ironically, retain their colonial spirit. An edit. AmitShah criminallaws crpc sedition ModiGovt Parliament LokSabha RajyaSabha",negative,0.5013808608055115
Delusional .. Modi has a cult following and he will win for sure .. The only question is whether he will cross 400 or stay above 300 seats in the Lok Sabha .. জাগো ব্যানার্জী বাবু আজকের বাস্তবতার মুখোমুখি হোন,2023-12-25 09:58:00,0,0,2024,Delusional .. Modi has a cult following and he will win for sure .. The only question is whether he will cross 400 or stay above 300 seats in the Lok Sabha .. জাগো ব্যানার্জী বাবু আজকের বাস্তবতার মুখোমুখি হোন,neutral,0.5637487769126892
"#BREAKING | We saved people from COVID and hunger during the pandemic. We were the only ones to give free vaccines in the world. We never cared about religion or communities, It really hurt me that you linked it to religion: Union Min Anurag Thakur addresses Lok Sabha Tune in - https://invidious.perennialte.ch/WLhOI2OOsdo #Parliament #RajyaSabha #LokSabha #Congress #BJP #AnuragThakur",2023-12-21 10:37:00,126,8,2024,"BREAKING | We saved people from COVID and hunger during the pandemic. We were the only ones to give free vaccines in the world. We never cared about religion or communities, It really hurt me that you linked it to religion: Union Min Anurag Thakur addresses Lok Sabha Tune in - Parliament RajyaSabha LokSabha Congress BJP AnuragThakur",negative,0.6563591361045837
Bihar Loksabha 2024 Opinion Poll (C-Voter) INDIA 23 (43%) NDA 16 (39%) OTH 01 (18%) BJP is getting a dent of 4 seats considering their alliance holds their Loksabha.,2023-12-24 14:52:00,29,1,2024,Bihar Loksabha 2024 Opinion Poll (C-Voter) INDIA 23 (43%) NDA 16 (39%) OTH 01 (18%) BJP is getting a dent of 4 seats considering their alliance holds their Loksabha.,neutral,0.875996470451355
"Yes absolutely, churning of total upheaval,transfer of power will occur during Loksabha elections,BJP will garner more than 23 Lok Sabha seats,TMC will be routed thoroughly.",2023-12-25 09:30:00,3,0,2024,"Yes absolutely, churning of total upheaval,transfer of power will occur during Loksabha elections,BJP will garner more than 23 Lok Sabha seats,TMC will be routed thoroughly.",neutral,0.586247980594635
"Addressed the locals at Lepakshi Gram Panchayat of Hindupur Loksabha constituency as a part of #ViksitBharatSanklapYatra. Met beneficiaries of Modi govt's citizen-centric schemes, witnessing firsthand the impact of 'Modi ki Guarantee vaali gaadi' in spreading awareness.",2023-12-24 10:17:00,42,1,2024,"Addressed the locals at Lepakshi Gram Panchayat of Hindupur Loksabha constituency as a part of ViksitBharatSanklapYatra. Met beneficiaries of Modi govt's citizen-centric schemes, witnessing firsthand the impact of 'Modi ki Guarantee vaali gaadi' in spreading awareness.",positive,0.7024797201156616
"Indigenous production of electronic goods in the country more than doubled to Rs 8.25 lakh crore in 2022-23 from Rs 3.88 lakh crore in 2017-18, MoS for Electronics and IT Rajeev Chandrasekhar in a written reply to the Lok Sabha said",2023-12-25 09:56:00,1,0,2024,"Indigenous production of electronic goods in the country more than doubled to Rs 8.25 lakh crore in 2022-23 from Rs 3.88 lakh crore in 2017-18, MoS for Electronics and IT Rajeev Chandrasekhar in a written reply to the Lok Sabha said",neutral,0.8290398120880127
Brij Bhushan has also won the loksabha seats,2023-12-25 09:55:00,0,0,2024,Brij Bhushan has also won the loksabha seats,neutral,0.7492142915725708
#ParliamentAttack2023 #LokSabhaSecurity The visitor’s pass that was found with one of the attackers has the name #SagarSharma for #LokSabha Public Gallery #Parliament and was allegedly issued from office of #BJP MP #PratapSimha from #Mysuru #Karnataka @ranjona @BhavikaKapoor5,2023-12-13 09:36:00,17,0,2024,ParliamentAttack2023 LokSabhaSecurity The visitor’s pass that was found with one of the attackers has the name SagarSharma for LokSabha Public Gallery Parliament and was allegedly issued from office of BJP MP PratapSimha from Mysuru Karnataka,neutral,0.7618873715400696
1. A new and important telecommunications bill passed in the Lok Sabha on Dec. 20 and in the Rajya Sabha on Dec. 21. This bill paves the way for satellite-based services in India.,2023-12-25 09:55:00,0,1,2024,1. A new and important telecommunications bill passed in the Lok Sabha on Dec. 20 and in the Rajya Sabha on Dec. 21. This bill paves the way for satellite-based services in India.,positive,0.8920021653175354
Two people breached the #Parliament security & entered the #Loksabha house while proceedings were going on in zero hour. They lighted up & threw smoke sticks in the house. #SecurityBreach #ParliamentofIndia #ParliamentAttack #BJPAntiSCSTOBC,2023-12-13 09:29:00,6,0,2024,Two people breached the Parliament security & entered the Loksabha house while proceedings were going on in zero hour. They lighted up & threw smoke sticks in the house. SecurityBreach ParliamentofIndia ParliamentAttack BJPAntiSCSTOBC,negative,0.845511257648468
Lok Sabha Election 2024 : పార్లమెంట్ ఎన్నికల్లో బీజేపీదే గెలుపు : Bandi Sanjay - TV9 #loksabhaelection2024 #bandisanjay #politics,2023-12-25 09:54:00,14,2,2024,Lok Sabha Election 2024 : పార్లమెంట్ ఎన్నికల్లో బీజేపీదే గెలుపు : Bandi Sanjay - TV9 loksabhaelection2024 bandisanjay politics,neutral,0.8678169250488281
MPs are being suspended enmasse ! 14 Lok Sabha MPs have been suspended today by the authoritarian union govt as of now ! #Democracy is being slaughtered in #Parliament 😕,2023-12-14 10:03:00,894,74,2024,MPs are being suspended enmasse ! 14 Lok Sabha MPs have been suspended today by the authoritarian union govt as of now ! Democracy is being slaughtered in Parliament 😕,negative,0.9386972784996033
Mimicry cultural continuity in TMC after Akhil Giri to President of India now Kalyan Banerjee(MP) to Vice President of India and he claim it's his fundamental right. Prof. Ambikesh Mahapatra arrested for a cartoon of CM why not both are arrested. Is he eligible for Lok Sabha???,2023-12-25 09:53:00,0,0,2024,Mimicry cultural continuity in TMC after Akhil Giri to President of India now Kalyan Banerjee(MP) to Vice President of India and he claim it's his fundamental right. Prof. Ambikesh Mahapatra arrested for a cartoon of CM why not both are arrested. Is he eligible for Lok Sabha???,neutral,0.693841814994812
"Congress General Secretary in-charge Communications, @Jairam_Ramesh ji says, ""...There will be a mega rally in Nagpur on 28th December with the name 'Hai Tayyar Hum'. Congress will blow the conch for the Lok Sabha elections 2024 during the rally. Party president Mallikarjun Kharge and MP Rahul Gandhi clearly stated that we are ready for seat sharing and want the INDIA alliance to be united and strong. Congress will do everything possible to win..."" https://nitter.perennialte.ch/ANI/status/1739210274597728667/video/1",2023-12-25 09:53:00,5,0,2024,"Congress General Secretary in-charge Communications, ji says, ""...There will be a mega rally in Nagpur on 28th December with the name 'Hai Tayyar Hum'. Congress will blow the conch for the Lok Sabha elections 2024 during the rally. Party president Mallikarjun Kharge and MP Rahul Gandhi clearly stated that we are ready for seat sharing and want the INDIA alliance to be united and strong. Congress will do everything possible to win...""",positive,0.6486167311668396
"As per reports, BJP is planning to announce candidates for 2024 Lok Sabha elections on many difficult seats in January itself, following the strategy of Madhya Pradesh and Chhattisgarh elections. #LoksabhaElection2024",2023-12-24 10:21:00,353,1,2024,"As per reports, BJP is planning to announce candidates for 2024 Lok Sabha elections on many difficult seats in January itself, following the strategy of Madhya Pradesh and Chhattisgarh elections. LoksabhaElection2024",neutral,0.9214659929275513
"Warm Birthday wishes to Shri Manoj Kishorbhai Kotak Ji, Lok Sabha MP from Mumbai-North-East(Maharashtra). I pray for your long and healthy life.  @manoj_kotak",2023-12-25 04:18:00,10,1,2024,"Warm Birthday wishes to Shri Manoj Kishorbhai Kotak Ji, Lok Sabha MP from Mumbai-North-East(Maharashtra). I pray for your long and healthy life.",positive,0.9563025832176208
LS Speaker #OmBirla pays floral #tribute to former PM #AtalBihariVajpayee on his #birthanniversary #Shorts #LokSabha #BJP #Parliament #VicePresident #PMModi #jagdeepdhankhar #Politics #Reels #Trending #Viral #ShortVideo @ombirlakota @BJP4India @BJP4Rajasthan,2023-12-25 09:52:00,0,0,2024,LS Speaker OmBirla pays floral tribute to former PM AtalBihariVajpayee on his birthanniversary Shorts LokSabha BJP Parliament VicePresident PMModi jagdeepdhankhar Politics Reels Trending Viral ShortVideo,neutral,0.6968313455581665
"📌With Fire Branded Member of Parliment Lok Sabha , Amroha Utter Pardesh & Seasoned Politician Mr. @KDanishAli Bhai who visited flying visit to My City Hyderabad Favourite of #RahulGandhi @RahulGandhi @INCIndia @INCUttarPradesh #DanishAli",2023-12-25 09:51:00,0,0,2024,"📌With Fire Branded Member of Parliment Lok Sabha , Amroha Utter Pardesh & Seasoned Politician Mr. Bhai who visited flying visit to My City Hyderabad Favourite of RahulGandhi DanishAli",neutral,0.6725975275039673
Democracy Suspended! #Dictatorkaal 18th December 2023 will be remembered for #MassSuspension ‘Black Day’ This is not democracy. This is adverse to Parliamentary democracy #ParliamentAttack2023 #ParliamentSecurityBreach #LokSabha #RajyaSabha @ranjona @IndiaAwakened_ @yusufpore,2023-12-18 16:07:00,6,0,2024,Democracy Suspended! Dictatorkaal 18th December 2023 will be remembered for MassSuspension ‘Black Day’ This is not democracy. This is adverse to Parliamentary democracy ParliamentAttack2023 ParliamentSecurityBreach LokSabha RajyaSabha,negative,0.9105634689331055
Defence Minister Rajnath Singh and Lok Sabha Speaker Om Birla arrive in Haridwar; received by Uttarakhand Chief Minister Pushkar Singh Dhami,2023-12-25 09:50:00,0,0,2024,Defence Minister Rajnath Singh and Lok Sabha Speaker Om Birla arrive in Haridwar; received by Uttarakhand Chief Minister Pushkar Singh Dhami,neutral,0.9277288913726807
કર્ણાટકના નાયબ મુખ્યપ્રધાન ડીકે શિવકુમારનો દાવોઃ લોકસભા ચૂંટણી પહેલાં NDA માં ભંગાણ પડશે #BreakingNews #Karnataka #DKShivkumar #LokSabha #LoksabhaElection2024 #Gujarat #gujaratnews #humdekengenews,2023-12-25 09:49:00,0,0,2024,કર્ણાટકના નાયબ મુખ્યપ્રધાન ડીકે શિવકુમારનો દાવોઃ લોકસભા ચૂંટણી પહેલાં NDA માં ભંગાણ પડશે BreakingNews Karnataka DKShivkumar LokSabha LoksabhaElection2024 Gujarat gujaratnews humdekengenews,neutral,0.777823269367218
#LoksabhaElection2024 #LokSabha #BJP #ModiKiGuarantee,2023-12-25 09:49:00,0,0,2024,LoksabhaElection2024 LokSabha BJP ModiKiGuarantee,neutral,0.8260868787765503
टीएमसी सांसद ने की संसद परिसर में राज्यसभा सभापति जगदीप धनखड़ की मिमिक्री ◆ कल्याण बनर्जी ने संसद परिसर में की नक़ल ◆ बाकी सांसदों ने बनाया नक़ल का वीडियो #JagdeepDhankhar #KalyanBanerjee | #LokSabha https://invidious.perennialte.ch/shorts/gMObfglTmQQ?feature=share,2023-12-25 09:49:00,1,0,2024,टीएमसी सांसद ने की संसद परिसर में राज्यसभा सभापति जगदीप धनखड़ की मिमिक्री ◆ कल्याण बनर्जी ने संसद परिसर में की नक़ल ◆ बाकी सांसदों ने बनाया नक़ल का वीडियो JagdeepDhankhar KalyanBanerjee | LokSabha,neutral,0.8175389170646667
Tgt bharti lok sabha election se phle Puri kro,2023-12-25 04:38:00,1,0,2024,Tgt bharti lok sabha election se phle Puri kro,neutral,0.7977215647697449
"छोटे मन से कोई बड़ा नहीं होता । टूटे मन से कोई खड़ा नहीं होता । आज पूर्व प्रधानमंत्री, भारत रत्न श्रद्धेय अटल बिहारी वाजपेयी जी की जन्म-जयंती पर उन्हें श्रद्धांजलि अर्पित किया। #AtalBihariVajpayee @narendramodi @JPNadda @blsanthosh @BJP4India @BJP4Odisha @SamalManmohan7",2023-12-25 09:48:00,6,0,2024,"छोटे मन से कोई बड़ा नहीं होता । टूटे मन से कोई खड़ा नहीं होता । आज पूर्व प्रधानमंत्री, भारत रत्न श्रद्धेय अटल बिहारी वाजपेयी जी की जन्म-जयंती पर उन्हें श्रद्धांजलि अर्पित किया। AtalBihariVajpayee",neutral,0.8163330554962158
Ab Congress chhodke bjp ki chinta karne lage..,2023-12-25 09:48:00,0,0,2024,Ab Congress chhodke bjp ki chinta karne lage..,neutral,0.7620140314102173
#NanaPatekar : “There is no alternative to the BJP in 2024 Lok Sabha elections. They will come back to power with 350 seats.”,2023-12-25 09:46:00,0,0,2024,NanaPatekar : “There is no alternative to the BJP in 2024 Lok Sabha elections. They will come back to power with 350 seats.”,neutral,0.7779669165611267
Winter Session's Snapshot: Record Number of Lok Sabha MPs Suspended; No Bills Sent to Committees @PRSLegislative https://thewire.in/government/winter-session-snapshot-record-number-of-lok-sabha-mps-suspended-no-bills-sent-to-committees,2023-12-25 07:59:00,9,0,2024,Winter Session's Snapshot: Record Number of Lok Sabha MPs Suspended; No Bills Sent to Committees,negative,0.635956346988678
Are yaar north east k liye karna padhta hain,2023-12-25 09:46:00,0,0,2024,Are yaar north east k liye karna padhta hain,neutral,0.8414456248283386
Agar Isko yahi kaam kerna hai to loksabha chod de or bhand giri kare hamara paise kyon barbad ker reha hai ye.,2023-12-25 09:46:00,0,0,2024,Agar Isko yahi kaam kerna hai to loksabha chod de or bhand giri kare hamara paise kyon barbad ker reha hai ye.,neutral,0.6942614912986755
Agar Isko yahi kaam kerna hai to loksabha chod de orbhand giri kare hamara paise kyon barbad ker reha hai ye.,2023-12-25 09:45:00,0,0,2024,Agar Isko yahi kaam kerna hai to loksabha chod de orbhand giri kare hamara paise kyon barbad ker reha hai ye.,neutral,0.6934621930122375
With an eye on kerala & North East during upcoming lok sabha ...,2023-12-25 09:44:00,1,0,2024,With an eye on kerala & North East during upcoming lok sabha ...,neutral,0.9209967851638794
Loksabha ke election tak,2023-12-25 09:43:00,0,0,2024,Loksabha ke election tak,neutral,0.8293447494506836
"Badaun Loksabha Constituency - Badaun parliamentary seat had a total of the 18,90,129 voters during the 2019 Loksabha Election Caste Wise Population - Muslim - 23% SC - 17% Yadav - 21% Maurya, Sakya - 15% Brahmin - 7% Vaishya - 6%",2023-12-24 10:29:00,149,4,2024,"Badaun Loksabha Constituency - Badaun parliamentary seat had a total of the 18,90,129 voters during the 2019 Loksabha Election Caste Wise Population - Muslim - 23% SC - 17% Yadav - 21% Maurya, Sakya - 15% Brahmin - 7% Vaishya - 6%",neutral,0.9283941984176636
Kushwaha voters who voted for jdu in large numbers in 2015 ..are not going to vote jdu this time,2023-12-25 09:42:00,2,0,2024,Kushwaha voters who voted for jdu in large numbers in 2015 ..are not going to vote jdu this time,negative,0.5620239973068237
Nana Patekar : “There is no alternative to the BJP in 2024 Lok Sabha elections. They will come back to power with 350 seats.”,2023-12-25 09:41:00,0,1,2024,Nana Patekar : “There is no alternative to the BJP in 2024 Lok Sabha elections. They will come back to power with 350 seats.”,neutral,0.7911503911018372
Law protecting illegal colonies passed by the Centre with an eye on the seven Lok Sabha seats in Delhi. My take in @TheMornStandard @NewIndianXpress #delhi #election2024 #loksabha https://www.newindianexpress.com/cities/delhi/2023/dec/25/protecting-illegal-colonies-to-consolidate-votes-2644665.html,2023-12-25 06:42:00,3,2,2024,Law protecting illegal colonies passed by the Centre with an eye on the seven Lok Sabha seats in Delhi. My take in delhi election2024 loksabha,neutral,0.8747093677520752
Nana Patekar : “There is no alternative to the BJP in 2024 Lok Sabha elections. They will come back to power with 350 seats.”,2023-12-25 09:41:00,1,0,2024,Nana Patekar : “There is no alternative to the BJP in 2024 Lok Sabha elections. They will come back to power with 350 seats.”,neutral,0.7911503911018372
"Bhai,let them concentrate on Punjab. They will fail to win a single Lok Sabha seat,as of now. Let them get their act together in Punjab, where they have a relevant mandate. Haryana mein to NOTA se muqabla hoga !! Yeh tumhe bhi pata hai.....",2023-12-25 09:40:00,0,0,2024,"Bhai,let them concentrate on Punjab. They will fail to win a single Lok Sabha seat,as of now. Let them get their act together in Punjab, where they have a relevant mandate. Haryana mein to NOTA se muqabla hoga !! Yeh tumhe bhi pata hai.....",negative,0.7188341617584229
Shirur Loksabha : अजितदादांनी कोल्हेंना ‘टार्गेट’ करताच शिरूरसाठी विलास लांडेंनी दंड थोपटले...! #Shirur #LokSabhaElections2024 #mahayuti #NCP #VilasLande #shivajiraoAdhalraoPatil #AjitPawar #AmolKolhe https://sarkarnama.esakal.com/pune/vilas-lande-wants-to-contest-lok-sabha-elections-from-shirur-vd83-uk69,2023-12-25 09:40:00,2,0,2024,Shirur Loksabha : अजितदादांनी कोल्हेंना ‘टार्गेट’ करताच शिरूरसाठी विलास लांडेंनी दंड थोपटले...! Shirur LokSabhaElections2024 mahayuti NCP VilasLande shivajiraoAdhalraoPatil AjitPawar AmolKolhe,neutral,0.826911211013794
Sir lekin apke hisab se to cong sarkar ana chahiye tha..aisa kaise hogaya..,2023-12-25 09:40:00,0,0,2024,Sir lekin apke hisab se to cong sarkar ana chahiye tha..aisa kaise hogaya..,neutral,0.7782108783721924
Best wishes for Christmas Raksha Ramaiah fans Chikkaballapur Lok Sabha Constituency #Christmas #wishes #youthcongress #Congress #karanataka #JesusChrist #JesusIsLord,2023-12-25 09:39:00,0,0,2024,Best wishes for Christmas Raksha Ramaiah fans Chikkaballapur Lok Sabha Constituency Christmas wishes youthcongress Congress karanataka JesusChrist JesusIsLord,positive,0.8386480212211609
Lok Sabha 2024: लोकसभेला पसंती कुणाला? महायुती की महाविकास आघाडी? सर्व्हेची धक्कादायक आकडेवारी समोर https://wp.me/pff4F1-anq,2023-12-25 09:39:00,0,0,2024,Lok Sabha 2024: लोकसभेला पसंती कुणाला? महायुती की महाविकास आघाडी? सर्व्हेची धक्कादायक आकडेवारी समोर,neutral,0.8485534191131592
"BJP will win 300+ Loksabha seats again in 2024 without a single seat from Andhra, Tamilnadu & Keralam. It doesn’t make sense to form alliance for 2-3 seats in the above states. Let BJP contest all seats and grow organically.",2023-12-24 07:50:00,1562,48,2024,"BJP will win 300+ Loksabha seats again in 2024 without a single seat from Andhra, Tamilnadu & Keralam. It doesn’t make sense to form alliance for 2-3 seats in the above states. Let BJP contest all seats and grow organically.",neutral,0.5156762599945068
"In Gujarat— the Dalits & Muslims have decisively voted the Congress in Loksabha. In U.P, people are expecting formidable DALIT FACE— Kharge is a hope. If Yadavs-Muslims-Dalits Consolidate in favour of India Alliance, BJP will lose 30% > of the seats in the U.P",2023-12-24 17:01:00,49,17,2024,"In Gujarat— the Dalits & Muslims have decisively voted the Congress in Loksabha. In U.P, people are expecting formidable DALIT FACE— Kharge is a hope. If Yadavs-Muslims-Dalits Consolidate in favour of India Alliance, BJP will lose 30% > of the seats in the U.P",neutral,0.7330737113952637
Modi hai to mumkin hai. But Mr. MODI is confusing himself and trying to stand equally to LORD SHREE RAMCHANDRA. But photo shows the mentality of BJP to promote HIM for coming General Election of Loksabha in 2024 they want only get benefits only every where.RAMNAAMSATYA.,2023-12-25 09:37:00,1,0,2024,Modi hai to mumkin hai. But Mr. MODI is confusing himself and trying to stand equally to LORD SHREE RAMCHANDRA. But photo shows the mentality of BJP to promote HIM for coming General Election of Loksabha in 2024 they want only get benefits only every where.RAMNAAMSATYA.,neutral,0.6015509963035583
Delighted to address the Pulakunta Gram Panchayat of Hindupur Loksabha Constituency and experience the transformative power of PM @narendramodi ji's leadership. Witnessed how #ViksitBharatSankalpYatra is bringing positive change to the people at the last mile.,2023-12-23 13:57:00,75,6,2024,Delighted to address the Pulakunta Gram Panchayat of Hindupur Loksabha Constituency and experience the transformative power of PM ji's leadership. Witnessed how ViksitBharatSankalpYatra is bringing positive change to the people at the last mile.,positive,0.9725903272628784
Congress walks BJP path ahead of 2024 Lok Sabha elections https://theraisinahills.com/congress-walks-bjp-path-ahead-of-2024-lok-sabha-elections/,2023-12-24 17:22:00,4,0,2024,Congress walks BJP path ahead of 2024 Lok Sabha elections,neutral,0.8039937019348145
"नाथ नगरी के नाम से प्रसिद्ध जनपद बरेली के एयरपोर्ट पर आगमन पर मा0 जनप्रतिनिधियों, पार्टी पदाधिकारियों, देवतुल्य कार्यकर्ताओं द्वारा किए गए स्वागत के प्रति हृदय से आभार व्यक्त करता हूं। @narendramodi @PMOIndia @JPNadda @BJP4India @bjp4up #VisitToBareilly",2023-12-23 07:28:00,669,32,2024,"नाथ नगरी के नाम से प्रसिद्ध जनपद बरेली के एयरपोर्ट पर आगमन पर मा0 जनप्रतिनिधियों, पार्टी पदाधिकारियों, देवतुल्य कार्यकर्ताओं द्वारा किए गए स्वागत के प्रति हृदय से आभार व्यक्त करता हूं। VisitToBareilly",neutral,0.7878681421279907
अटल वंदन!,2023-12-25 07:38:00,89,22,2024,अटल वंदन!,neutral,0.7558522820472717
आज नई दिल्ली स्थित भाजपा केंद्रीय कार्यालय विस्तार में केंद्रीय गृह एवं सहकारिता मंत्री माननीय श्री @AmitShah जी की उपस्थिति में 'राष्ट्रीय पदाधिकारी बैठक' के समापन सत्र को संबोधित किया। 'अंत्योदय' का हमारा संकल्प विभिन्न योजनाओं के माध्यम से जन-जन के जीवन में गुणात्मक परिवर्तन ला रहा है। आदरणीय प्रधानमंत्री श्री @narendramodi जी के नेतृत्व में 'विकसित भारत निर्माण' का लक्ष्य लेकर भाजपा राष्ट्र के गौरव को नया आयाम प्रदान करने हेतु प्रतिबद्ध है।,2023-12-23 14:18:00,4228,140,2024,आज नई दिल्ली स्थित भाजपा केंद्रीय कार्यालय विस्तार में केंद्रीय गृह एवं सहकारिता मंत्री माननीय श्री जी की उपस्थिति में 'राष्ट्रीय पदाधिकारी बैठक' के समापन सत्र को संबोधित किया। 'अंत्योदय' का हमारा संकल्प विभिन्न योजनाओं के माध्यम से जन-जन के जीवन में गुणात्मक परिवर्तन ला रहा है। आदरणीय प्रधानमंत्री श्री जी के नेतृत्व में 'विकसित भारत निर्माण' का लक्ष्य लेकर भाजपा राष्ट्र के गौरव को नया आयाम प्रदान करने हेतु प्रतिबद्ध है।,neutral,0.8209189772605896
पूर्व प्रधानमंत्री 'भारत रत्न' अटल बिहारी वाजपेयी जी की जयंती की पूर्व संध्या पर श्रद्धेय पं. अटल बिहारी वाजपेयी मेमोरियल फाउंडेशन द्वारा आयोजित 'अटल गीत गंगा' कार्यक्रम में सम्मिलित होते #UPCM @myogiadityanath https://nitter.perennialte.ch/i/broadcasts/1LyGBnmNzLnGN,2023-12-24 13:03:00,649,116,2024,पूर्व प्रधानमंत्री 'भारत रत्न' अटल बिहारी वाजपेयी जी की जयंती की पूर्व संध्या पर श्रद्धेय पं. अटल बिहारी वाजपेयी मेमोरियल फाउंडेशन द्वारा आयोजित 'अटल गीत गंगा' कार्यक्रम में सम्मिलित होते UPCM,neutral,0.8239055871963501
"मेरे लिए देश में चार जातियां सबसे बड़ी हैं। ये 4 जातियां हैं - मेरा गरीब, मेरा युवा, मेरी माताएं-बहनें और मेरे किसान भाई-बहन। मध्य प्रदेश की सरकार ने गरीबों का जीवन बदलने के लिए महत्वपूर्ण कदम उठाए हैं। गरीबों की सेवा, श्रमिकों का सम्मान और वंचितों को मान हमारी प्राथमिकता है। हमारा प्रयास है कि देश का श्रमिक सशक्त बने और समृद्ध भारत के निर्माण में अपना योगदान दे। - प्रधानमंत्री श्री @narendramodi पूरा वीडियो देखें : https://invidious.perennialte.ch/Hm-VA2bgLmk",2023-12-25 08:20:00,693,45,2024,"मेरे लिए देश में चार जातियां सबसे बड़ी हैं। ये 4 जातियां हैं - मेरा गरीब, मेरा युवा, मेरी माताएं-बहनें और मेरे किसान भाई-बहन। मध्य प्रदेश की सरकार ने गरीबों का जीवन बदलने के लिए महत्वपूर्ण कदम उठाए हैं। गरीबों की सेवा, श्रमिकों का सम्मान और वंचितों को मान हमारी प्राथमिकता है। हमारा प्रयास है कि देश का श्रमिक सशक्त बने और समृद्ध भारत के निर्माण में अपना योगदान दे। - प्रधानमंत्री श्री पूरा वीडियो देखें :",neutral,0.8208292126655579
"गाँधीनगर के सांसद के रूप में संसदीय क्षेत्र के विकास के साथ-साथ हरियाली और जल संरक्षण बढ़ाने के लिए निरंतर प्रयासरत हूँ। मुझे बहुत हर्ष है कि ये प्रयास फलीभूत हो रहे हैं। 8 अक्टूबर 2021 को पानसर में जिस झील के पुनर्निर्माण और पार्क की नींव रखी थी, आज उसे क्षेत्र की जनता को समर्पित किया। इस झील से क्षेत्र का जलस्तर बढ़ेगा और यह पार्क बच्चों के खेल-कूद के साथ-साथ हर वर्ग के लिए बहुत उपयोगी होगा।",2023-12-24 14:35:00,5031,109,2024,"गाँधीनगर के सांसद के रूप में संसदीय क्षेत्र के विकास के साथ-साथ हरियाली और जल संरक्षण बढ़ाने के लिए निरंतर प्रयासरत हूँ। मुझे बहुत हर्ष है कि ये प्रयास फलीभूत हो रहे हैं। 8 अक्टूबर 2021 को पानसर में जिस झील के पुनर्निर्माण और पार्क की नींव रखी थी, आज उसे क्षेत्र की जनता को समर्पित किया। इस झील से क्षेत्र का जलस्तर बढ़ेगा और यह पार्क बच्चों के खेल-कूद के साथ-साथ हर वर्ग के लिए बहुत उपयोगी होगा।",neutral,0.8315016627311707
"आज अयोध्या धाम में विभिन्न कार्यक्रमों हेतु प्रस्थान करने से पूर्व लखनऊ, कैम्प कार्यालय में प्रदेश के विभिन्न जनपदों से आयी माता- बहनों, बड़े-बुजुर्गों की समस्याओं को सुना और तत्काल प्रभाव से संबंधित अधिकारियों को निस्तारण हेतु निर्देशित किया। @narendramodi @JPNadda @BJP4India @AmitShah @BJP4UP #जनता_दर्शन #JansunwaiDiwas #GrievanceRedressalDay",2023-12-25 06:17:00,273,34,2024,"आज अयोध्या धाम में विभिन्न कार्यक्रमों हेतु प्रस्थान करने से पूर्व लखनऊ, कैम्प कार्यालय में प्रदेश के विभिन्न जनपदों से आयी माता- बहनों, बड़े-बुजुर्गों की समस्याओं को सुना और तत्काल प्रभाव से संबंधित अधिकारियों को निस्तारण हेतु निर्देशित किया। जनता_दर्शन JansunwaiDiwas GrievanceRedressalDay",neutral,0.8152474761009216
भारतीय राजनीति के युगपुरुष एवं हमारे प्रेरणास्रोत पूर्व प्रधानमंत्री ‘भारत रत्न’ श्रद्धेय अटल बिहारी वाजपेयी की जयंती सुशासन दिवस पर कोटि-कोटि नमन। #सुशासनदिवस_अवध,2023-12-25 05:45:00,3,0,2024,भारतीय राजनीति के युगपुरुष एवं हमारे प्रेरणास्रोत पूर्व प्रधानमंत्री ‘भारत रत्न’ श्रद्धेय अटल बिहारी वाजपेयी की जयंती सुशासन दिवस पर कोटि-कोटि नमन। सुशासनदिवस_अवध,neutral,0.8015028238296509
"भाजपा सरकार उत्तर प्रदेश में स्वास्थ्य सेवाओं का लगातार हो रहा विस्तार यूपी बना सर्वाधिक मेडिकल कॉलेज वाला राज्य 65 मेडिकल कॉलेज संचालित, 22 निर्माणाधीन #BJP4IND #BJP4UP #YogiAdityanath",2023-12-25 07:30:00,125,15,2024,"भाजपा सरकार उत्तर प्रदेश में स्वास्थ्य सेवाओं का लगातार हो रहा विस्तार यूपी बना सर्वाधिक मेडिकल कॉलेज वाला राज्य 65 मेडिकल कॉलेज संचालित, 22 निर्माणाधीन BJP4IND BJP4UP YogiAdityanath",neutral,0.7718377113342285
माननीय प्रधानमंत्री श्री @narendramodi जी एवं आदरणीय राष्ट्रीय अध्यक्ष श्री @JPNadda जी ने पूर्व प्रधानमंत्री स्व० अटल बिहारी वाजपेयी जी को दी श्रद्धांजलि। #AtalBihariVajpayee #AtalBihari,2023-12-25 05:09:00,516,21,2024,माननीय प्रधानमंत्री श्री जी एवं आदरणीय राष्ट्रीय अध्यक्ष श्री जी ने पूर्व प्रधानमंत्री स्व० अटल बिहारी वाजपेयी जी को दी श्रद्धांजलि। AtalBihariVajpayee AtalBihari,neutral,0.787627100944519
भारतीय राजनीति के युगपुरुष एवं हमारे प्रेरणास्रोत पूर्व प्रधानमंत्री ‘भारत रत्न’ श्रद्धेय अटल बिहारी वाजपेयी की जयंती सुशासन दिवस पर कोटि-कोटि नमन। #सुशासनदिवस_अवध,2023-12-25 05:44:00,7,0,2024,भारतीय राजनीति के युगपुरुष एवं हमारे प्रेरणास्रोत पूर्व प्रधानमंत्री ‘भारत रत्न’ श्रद्धेय अटल बिहारी वाजपेयी की जयंती सुशासन दिवस पर कोटि-कोटि नमन। सुशासनदिवस_अवध,neutral,0.8015028238296509
आज भारतीय महिला क्रिकेट टीम ने अद्भुत व शानदार खेल कौशल का परिचय देते हुए ऑस्ट्रेलिया को परास्त कर इतिहास रचा है साथ ही वैश्विक पटल पर राष्ट्र का मानवर्धन किया है। भारतीय महिला क्रिकेट टीम की यह गौरवशाली उपलब्धि अनेकानेक खिलाड़ियों के लिए महान प्रेरणा है। देश को अपनी बेटियों पर अत्यंत गर्व है। जय हिंद!,2023-12-24 09:00:00,5688,92,2024,आज भारतीय महिला क्रिकेट टीम ने अद्भुत व शानदार खेल कौशल का परिचय देते हुए ऑस्ट्रेलिया को परास्त कर इतिहास रचा है साथ ही वैश्विक पटल पर राष्ट्र का मानवर्धन किया है। भारतीय महिला क्रिकेट टीम की यह गौरवशाली उपलब्धि अनेकानेक खिलाड़ियों के लिए महान प्रेरणा है। देश को अपनी बेटियों पर अत्यंत गर्व है। जय हिंद!,neutral,0.8218098282814026
"बाधाएँ आती हैं आएँ घिरें प्रलय की घोर घटाएँ, पावों के नीचे अंगारे, सिर पर बरसें यदि ज्वालाएँ, निज हाथों में हँसते-हँसते, आग लगाकर जलना होगा। क़दम मिलाकर चलना होगा। भारत रत्न श्रद्धेय अटलजी की जयंती पर उन्हें कोटि-कोटि नमन।🙏🏻 #AtalBihariVajpayee #GoodGovernanceDay #AtalJiAmarRahen #सुशासन_दिवस",2023-12-25 00:01:00,6311,248,2024,"बाधाएँ आती हैं आएँ घिरें प्रलय की घोर घटाएँ, पावों के नीचे अंगारे, सिर पर बरसें यदि ज्वालाएँ, निज हाथों में हँसते-हँसते, आग लगाकर जलना होगा। क़दम मिलाकर चलना होगा। भारत रत्न श्रद्धेय अटलजी की जयंती पर उन्हें कोटि-कोटि नमन।🙏🏻 AtalBihariVajpayee GoodGovernanceDay AtalJiAmarRahen सुशासन_दिवस",neutral,0.8029358983039856
"देश के पूर्व प्रधानमंत्री एवं ‘भारत रत्न’ श्रद्धेय अटल बिहारी वाजपेयी जी की जयंती के अवसर पर लोक भवन, लखनऊ में मुख्यमंत्री श्री @myogiadityanath, प्रदेश अध्यक्ष श्री @Bhupendraupbjp, उपमुख्यमंत्री द्वय श्री @kpmaurya1 व श्री @brajeshpathakup एवं प्रदेश महामंत्री (संगठन) श्री @idharampalsingh ने उनकी प्रतिमा पर पुष्प अर्पित करते हुए श्रद्धांजलि दी। #AtalBihariVajpayee",2023-12-25 07:46:00,1834,925,2024,"देश के पूर्व प्रधानमंत्री एवं ‘भारत रत्न’ श्रद्धेय अटल बिहारी वाजपेयी जी की जयंती के अवसर पर लोक भवन, लखनऊ में मुख्यमंत्री श्री , प्रदेश अध्यक्ष श्री , उपमुख्यमंत्री द्वय श्री व श्री एवं प्रदेश महामंत्री (संगठन) श्री ने उनकी प्रतिमा पर पुष्प अर्पित करते हुए श्रद्धांजलि दी। AtalBihariVajpayee",neutral,0.823329508304596
भूतपूर्व राष्ट्रपति स्व. ज्ञानी जैल सिंह जी की पुण्यतिथि पर उन्हें श्रद्धापूर्वक नमन!,2023-12-25 03:29:00,105,10,2024,भूतपूर्व राष्ट्रपति स्व. ज्ञानी जैल सिंह जी की पुण्यतिथि पर उन्हें श्रद्धापूर्वक नमन!,neutral,0.8048949837684631
जिस दिन से मध्य प्रदेश के मुख्यमंत्री के रूप में #डाक्टर_मोहन_सिंह_यादव जी ने शपथ लिया है! सपा बहादुर श्री अखिलेश यादव जी का #PDA (परिवार डेवलपमेंट अथॉरिटी) के सदस्य बहुत उखड़े उखड़े हैं! सैफई हवाई अड्डा बन सकता है तो बंदायू में क्यों नहीं!,2023-12-25 02:19:00,608,136,2024,जिस दिन से मध्य प्रदेश के मुख्यमंत्री के रूप में डाक्टर_मोहन_सिंह_यादव जी ने शपथ लिया है! सपा बहादुर श्री अखिलेश यादव जी का PDA (परिवार डेवलपमेंट अथॉरिटी) के सदस्य बहुत उखड़े उखड़े हैं! सैफई हवाई अड्डा बन सकता है तो बंदायू में क्यों नहीं!,neutral,0.7755199670791626
देवभूमि उत्तराखंड में आयोजित ‘आध्यात्मिक महोत्सव’ में संबोधन। https://nitter.perennialte.ch/i/broadcasts/1nAKEajLoDXKL,2023-12-25 08:55:00,600,25,2024,देवभूमि उत्तराखंड में आयोजित ‘आध्यात्मिक महोत्सव’ में संबोधन।,neutral,0.7885000109672546
"आज लखनऊ में भारतीय जनता पार्टी के पितामह,भारतीय राजनीति के अजातशत्रु व हमारे प्रेरणास्रोत पूर्व प्रधानमंत्री 'भारत रत्न' श्रद्धेय अटल बिहारी वाजपेयी जी की जयंती 'सुशासन दिवस' के अवसर पर मा० मुख्यमंत्री श्री @myogiadityanath जी, मा० प्रदेश अध्यक्ष श्री @Bhupendraupbjp जी, मा० उपमुख्यमंत्री श्री @kpmaurya1 जी एवं अन्य वरिष्ठजनों के साथ श्रद्धेय अटल जी की प्रतिमा पर पुष्पांजलि कर उन्हें उन्हें कोटिशः नमन करते हुए।",2023-12-25 05:26:00,191,19,2024,"आज लखनऊ में भारतीय जनता पार्टी के पितामह,भारतीय राजनीति के अजातशत्रु व हमारे प्रेरणास्रोत पूर्व प्रधानमंत्री 'भारत रत्न' श्रद्धेय अटल बिहारी वाजपेयी जी की जयंती 'सुशासन दिवस' के अवसर पर मा० मुख्यमंत्री श्री जी, मा० प्रदेश अध्यक्ष श्री जी, मा० उपमुख्यमंत्री श्री जी एवं अन्य वरिष्ठजनों के साथ श्रद्धेय अटल जी की प्रतिमा पर पुष्पांजलि कर उन्हें उन्हें कोटिशः नमन करते हुए।",neutral,0.8298599123954773
"MP में लोकसभा चुनाव में BJP के खाते में आ सकती हैं बंपर सीटें, जानें ओपिनियन पोल में कैसा होगा कांग्रेस का हाल पूरी खबर पढ़ने के लिए दी गई लिंक पर क्लिक करें। https://thesootr.com/Madhya-Pradesh/bumper-seats-may-come-to-bjps-accounts-in-lok-sabha-elections-in-mp/51146 #LokSabha #LoksabhaElection2024 #Elections2024 #MadhyaPradesh #bjp4mp #NarendraModi #MohanYadav #ShivrajSinghChouhan #MPNews #Latest #HindiNews #TheSootr @BJP4MP @DrMohanYadav51",2023-12-24 03:01:00,1,0,2024,"MP में लोकसभा चुनाव में BJP के खाते में आ सकती हैं बंपर सीटें, जानें ओपिनियन पोल में कैसा होगा कांग्रेस का हाल पूरी खबर पढ़ने के लिए दी गई लिंक पर क्लिक करें। LokSabha LoksabhaElection2024 Elections2024 MadhyaPradesh bjp4mp NarendraModi MohanYadav ShivrajSinghChouhan MPNews Latest HindiNews TheSootr",neutral,0.8288147449493408
Who Should be the Prime Minister of India After the 2024 Lok Sabha Election? https://www.ramanmedianetwork.com/who-should-be-the-prime-minister-of-india-after-the-2024-lok-sabha-election/,2023-12-25 09:32:00,0,0,2024,Who Should be the Prime Minister of India After the 2024 Lok Sabha Election?,neutral,0.9371886849403381
"#WATCH | Madhya Pradesh CM Mohan Yadav meets Lok Sabha Speaker Om Birla, in Delhi",2023-12-24 09:46:00,3219,10,2024,"WATCH | Madhya Pradesh CM Mohan Yadav meets Lok Sabha Speaker Om Birla, in Delhi",neutral,0.9507854580879211
"2024 Lok Sabha ke baad kahoge, Phir ho gaye Bekaar Hum",2023-12-25 09:30:00,0,0,2024,"2024 Lok Sabha ke baad kahoge, Phir ho gaye Bekaar Hum",neutral,0.8636577725410461
"Dear Congressmen/women, We are creating state-wide social media teams for South India (Karnataka, Telangana, Andhra Pradesh, and Tamil Nadu). If you would like to collaborate with us for the next Lok Sabha elections. Kindly dm me the contact info @srivatsayb @MegaMass_01 @mr_mayank @Pranay7even",2023-12-16 16:29:00,768,229,2024,"Dear Congressmen/women, We are creating state-wide social media teams for South India (Karnataka, Telangana, Andhra Pradesh, and Tamil Nadu). If you would like to collaborate with us for the next Lok Sabha elections. Kindly dm me the contact info",neutral,0.7767350673675537
ಅಚ್ಚರಿ ಅಂಕಿಅಂಶ ತೆರೆದಿಟ್ಟಿದೆ ಮತ್ತೊಂದು ಸರ್ವೆ! ಬಿಜೆಪಿ- ಜೆಡಿಎಸ್ ಮೈತ್ರಿಗೆ ಒಲಿಯುತ್ತಾ ಅದೃಷ್ಟ?! #LokSabha #BJP #ABPCCvotersurvey #Suvarnafocus https://kannada.asianetnews.com/video/india-news/abpc-c-voter-survey-says-modi-wins-in-loksabha-nbn-s67uc9,2023-12-25 09:29:00,4,0,2024,ಅಚ್ಚರಿ ಅಂಕಿಅಂಶ ತೆರೆದಿಟ್ಟಿದೆ ಮತ್ತೊಂದು ಸರ್ವೆ! ಬಿಜೆಪಿ- ಜೆಡಿಎಸ್ ಮೈತ್ರಿಗೆ ಒಲಿಯುತ್ತಾ ಅದೃಷ್ಟ?! LokSabha BJP ABPCCvotersurvey Suvarnafocus,neutral,0.7414847016334534
Total number of times MMS won his own lok sabha seat - ZERO,2023-12-25 06:04:00,105,6,2024,Total number of times MMS won his own lok sabha seat - ZERO,neutral,0.7363795638084412
KTR: ఓటమితో కుంగిపోవద్దు.. లోక్‌సభ ఎన్నికలకు సిద్ధం కండి: కేటీఆర్‌ #KTR #LokSabha #elections #parliament #PoliticsNews #TeluguNews https://www.eenadu.net/telugu-news/politics/ktr-review-meeting-with-chevella-mp-constituency-brs-leaders/0500/123238921,2023-12-25 09:26:00,2,2,2024,KTR: ఓటమితో కుంగిపోవద్దు.. లోక్‌సభ ఎన్నికలకు సిద్ధం కండి: కేటీఆర్‌ KTR LokSabha elections parliament PoliticsNews TeluguNews,neutral,0.8242121338844299
"VIDEO | ""Security breach happened in Lok Sabha. The reason behind this is unemployment and inflation due to PM Modi's policies,"" says Congress leader @RahulGandhi.",2023-12-16 07:35:00,2042,174,2024,"VIDEO | ""Security breach happened in Lok Sabha. The reason behind this is unemployment and inflation due to PM Modi's policies,"" says Congress leader .",negative,0.6800344586372375
"Union Minister @ianuragthakur replies after the discussion on The Press and Registration of Periodicals Bill, 2023 in #LokSabha Watch Live : https://invidious.perennialte.ch/RoPjG539AaM",2023-12-21 10:33:00,26,0,2024,"Union Minister replies after the discussion on The Press and Registration of Periodicals Bill, 2023 in LokSabha Watch Live :",neutral,0.9568232297897339
"Delhi से Lucknow तक हलचल, UP में BJP की बड़े फेरबदल की Preparation | Loksabha Election | SHRESHTH UP https://invidious.perennialte.ch/shorts/vb6qmdWFWWo #shreshthuttarpradesh #delhi #election2024 #loksabhaelection2024 #chunav #lucknow #up #bjp #cmyogi #transfer #civil #uppolice",2023-12-21 12:44:00,3,0,2024,"Delhi से Lucknow तक हलचल, UP में BJP की बड़े फेरबदल की Preparation | Loksabha Election | SHRESHTH UP shreshthuttarpradesh delhi election2024 loksabhaelection2024 chunav lucknow up bjp cmyogi transfer civil uppolice",neutral,0.8976687788963318
"West Bengal, Telangana & Odisha in focus as #AmitShah takes charge for #LokSabha polls https://economictimes.indiatimes.com/news/elections/lok-sabha/india/west-bengal-telangana-odisha-in-focus-as-amit-shah-takes-charge-for-lok-sabha-polls/articleshow/106254775.cms",2023-12-25 09:10:00,11,0,2024,"West Bengal, Telangana & Odisha in focus as AmitShah takes charge for LokSabha polls",neutral,0.847913920879364
"Sir whats your view, Do u feel mva has an upper hand in lok sabha and may sweep it ? At present as you say it fully messed up",2023-12-25 09:24:00,0,1,2024,"Sir whats your view, Do u feel mva has an upper hand in lok sabha and may sweep it ? At present as you say it fully messed up",negative,0.7151530385017395
@cpjoshiBJP ji aapne lok sabha Mei rajesthanni bhasa ka muda uthaya uske liye aap ko dil se bahut - bahut dhanyawad ji 🙏🇮🇳🙏,2023-12-24 08:32:00,0,0,2024,ji aapne lok sabha Mei rajesthanni bhasa ka muda uthaya uske liye aap ko dil se bahut - bahut dhanyawad ji 🙏🇮🇳🙏,neutral,0.7597161531448364
"J&K #Congress leaders to meet Kharge, discuss #LokSabha election preparations @INCIndia @INCJammuKashmir",2023-12-25 09:22:00,2,0,2024,"J&K Congress leaders to meet Kharge, discuss LokSabha election preparations",neutral,0.9463356733322144
"Birthday wishes to Shri @AnubhavMohanty_ ji , Lok Sabha MP from Kendrapara(Odisha). May God bestow upon you good health and a long life. Wish you success in all your endeavours as you continue to work for the people of the country. 🎂🎂",2023-12-24 10:30:00,6,1,2024,"Birthday wishes to Shri ji , Lok Sabha MP from Kendrapara(Odisha). May God bestow upon you good health and a long life. Wish you success in all your endeavours as you continue to work for the people of the country. 🎂🎂",positive,0.9787766337394714
"People are in support of corrupt dynasty sister & brother duo to contest Lok Sabha election from UP, because they are eagerly waiting for their defeat so that true democracy of merit or Ganatantra prevail & Rajatantra finished once for all. #ModiKiGurantee #ModiHaiToMumkinHai",2023-12-25 09:21:00,0,0,2024,"People are in support of corrupt dynasty sister & brother duo to contest Lok Sabha election from UP, because they are eagerly waiting for their defeat so that true democracy of merit or Ganatantra prevail & Rajatantra finished once for all. ModiKiGurantee ModiHaiToMumkinHai",negative,0.7568278908729553
Congress won Sikkim lok sabha seat unopposed in 1977 immediately after accession to Bharat. There after only regional parties wins....,2023-12-25 09:21:00,1,0,2024,Congress won Sikkim lok sabha seat unopposed in 1977 immediately after accession to Bharat. There after only regional parties wins....,neutral,0.8465043306350708
#INDIA bloc infighting continues to remain worse. #Politics #TamilNadu #Bihar #UttarPradesh #LokSabha #Election #Mahagathbandhan,2023-12-25 09:20:00,0,0,2024,INDIA bloc infighting continues to remain worse. Politics TamilNadu Bihar UttarPradesh LokSabha Election Mahagathbandhan,negative,0.6875976920127869
"So you believe Pulwama was an inside job? And the central government will kill it's own soldiers, again, to win the next Lok Sabha?",2023-12-25 09:20:00,2,1,2024,"So you believe Pulwama was an inside job? And the central government will kill it's own soldiers, again, to win the next Lok Sabha?",negative,0.8863718509674072
Congress zero...it can relax happily with 35% votes..it is not coming back to power in next 40-50 yrs,2023-12-25 09:19:00,0,1,2024,Congress zero...it can relax happily with 35% votes..it is not coming back to power in next 40-50 yrs,negative,0.5793332457542419
Pls. visit 1000 temples and work with BJP to light the lamp of #SantanaDharma in 1Crore homes in Karnataka before Loksabha polls.,2023-12-25 09:18:00,0,0,2024,Pls. visit 1000 temples and work with BJP to light the lamp of SantanaDharma in 1Crore homes in Karnataka before Loksabha polls.,neutral,0.7862058281898499
ಬೀದರ್ ಲೋಕಸಭೆಗೆ ನಾನು ಟಿಕೆಟ್ ಆಕಾಂಕ್ಷಿ: ಬಿಜೆಪಿ ಮುಖಂಡ ಗುರುನಾಥ ಕೊಳ್ಳುರ್..! https://btvkannada.com/I-am-aspiring-for-Bidar-Lok-Sabha-ticket-BJP-leader-Gurunath-Kollur #KannadaNews #BreakingNews #BreakingNewsinKannada #KannadaLiveTv #LatestNews #KarnatakaNews #aspiring #Bidar #LokSabha #ticket #BJP #leader #Gurunath #Kollur,2023-12-25 09:17:00,0,0,2024,ಬೀದರ್ ಲೋಕಸಭೆಗೆ ನಾನು ಟಿಕೆಟ್ ಆಕಾಂಕ್ಷಿ: ಬಿಜೆಪಿ ಮುಖಂಡ ಗುರುನಾಥ ಕೊಳ್ಳುರ್..! KannadaNews BreakingNews BreakingNewsinKannada KannadaLiveTv LatestNews KarnatakaNews aspiring Bidar LokSabha ticket BJP leader Gurunath Kollur,neutral,0.7743492722511292
Its very clear now that BJP and BRS will be fighting together the loksabha election against Congress in Telangana as BRS also has learnt a lesson from the defeat not to ignore BJP and also consolidation of one community votes in favour of Congress which also led to defeat of BRS,2023-12-25 09:17:00,0,0,2024,Its very clear now that BJP and BRS will be fighting together the loksabha election against Congress in Telangana as BRS also has learnt a lesson from the defeat not to ignore BJP and also consolidation of one community votes in favour of Congress which also led to defeat of BRS,neutral,0.7387331128120422
"नशे में दी गाली, विरोध किया तो गोली मारकर हत्या:बदायूं में मारपीट के दौरान खींचतान में तमंचे से की फायरिंग, हमलावर भी घायल #uttarpradesh #bareilly #aonla #badaun #socialwork #India #advocate #society #change #education #politics #up #Bharat #villages #rural #agriculture",2023-12-25 09:17:00,0,0,2024,"नशे में दी गाली, विरोध किया तो गोली मारकर हत्या:बदायूं में मारपीट के दौरान खींचतान में तमंचे से की फायरिंग, हमलावर भी घायल uttarpradesh bareilly aonla badaun socialwork India advocate society change education politics up Bharat villages rural agriculture",neutral,0.7638829946517944
@narendramodi ji might get over 350 seats in next Lok Sabha elections and states where regional parties were good will be surprised by the results they get because of being with Congress.,2023-12-25 09:15:00,0,0,2024,ji might get over 350 seats in next Lok Sabha elections and states where regional parties were good will be surprised by the results they get because of being with Congress.,neutral,0.6266793608665466
"J&K Congress leaders to meet with Congress leadership tomorrow at AICC HQs to discuss the election preparedness for Lok Sabha, Congress president Mallikarjun Kharge, party leaders Rahul Gandhi, KC Venugopal will be in present in the meeting. #JammuKashmir",2023-12-25 09:15:00,4,0,2024,"J&K Congress leaders to meet with Congress leadership tomorrow at AICC HQs to discuss the election preparedness for Lok Sabha, Congress president Mallikarjun Kharge, party leaders Rahul Gandhi, KC Venugopal will be in present in the meeting. JammuKashmir",neutral,0.913383960723877
Maharashtra Lok Sabha : 2024 ABP-C Voter Survey Maharashtra Maharashtra-48 seats Mahavikas Aghadi 26 to 28 seats Mahayuti 19 to 21 seats Others 0 to 2 seats #Maharashtra Maha Vikas is seen from the front. BJP is on the back foot due to taking on Shinde group and Ajit Pawar.,2023-12-24 13:39:00,8,0,2024,Maharashtra Lok Sabha : 2024 ABP-C Voter Survey Maharashtra Maharashtra-48 seats Mahavikas Aghadi 26 to 28 seats Mahayuti 19 to 21 seats Others 0 to 2 seats Maharashtra Maha Vikas is seen from the front. BJP is on the back foot due to taking on Shinde group and Ajit Pawar.,neutral,0.872813880443573
Ab ki baar 400 paar #LokSabha #bjp,2023-12-25 09:12:00,0,0,2024,Ab ki baar 400 paar LokSabha bjp,neutral,0.7580446600914001
Prakash ambedkar Ji Jay bhim aache jagruti kar rahe ho evidence ke sath God bless you whatsup or call no 9021295833 vanchit bhujan aagadi taluka karjat district ahmednagar Maharashtra India aap please 48seat par loksabha election ladhaye esime aapki bhalahi hai,2023-12-25 09:09:00,1,0,2024,Prakash ambedkar Ji Jay bhim aache jagruti kar rahe ho evidence ke sath God bless you whatsup or call no 9021295833 vanchit bhujan aagadi taluka karjat district ahmednagar Maharashtra India aap please 48seat par loksabha election ladhaye esime aapki bhalahi hai,positive,0.7206640839576721
BJP leaders Amit Shah and JP Nadda to oversee preparations for Lok Sabha polls in Kolkata. SWOT analysis reveals organisational weaknesses but opportunities to tap into public anger with the ruling Trinamool party. @joyincal09 https://swarajyamag.com/politics/what-awaits-amit-shah-in-bengal-as-he-sets-a-target-to-win-35-seats-in-2024,2023-12-25 08:23:00,11,1,2024,BJP leaders Amit Shah and JP Nadda to oversee preparations for Lok Sabha polls in Kolkata. SWOT analysis reveals organisational weaknesses but opportunities to tap into public anger with the ruling Trinamool party.,neutral,0.751516580581665
Maa loksabha nhi ladegi,2023-12-25 09:10:00,1,0,2024,Maa loksabha nhi ladegi,neutral,0.8136282563209534
भवानीपाटना भाजपा कार्यालय मैं अटल बिहारी वाजपेयी जी की जयंती पालन.... Loksabha :Kalahandi Assembly : Bhawanipatna @BJP4Odisha @AmitShah @drsudhayadavBJP @JPNadda @narendramodi @SamalManmohan7 @sunilbansalbjp,2023-12-25 09:09:00,2,0,2024,भवानीपाटना भाजपा कार्यालय मैं अटल बिहारी वाजपेयी जी की जयंती पालन.... Loksabha :Kalahandi Assembly : Bhawanipatna,neutral,0.7984697222709656
My letter yesterday to the Hon Lok Sabha Speaker @ombirlakota on the incident:,2023-12-24 16:50:00,173,14,2024,My letter yesterday to the Hon Lok Sabha Speaker on the incident:,neutral,0.9376015663146973
"I thank AICC President Shri Mallikarjun @kharge for appointing me as a member of the Congress Party's Manifesto Drafting Committee for the upcoming Lok Sabha elections. Today, people across the country recognize our government's 'Karnataka Model' of governance as a non-partisan benchmark. Being given the opportunity in the manifesto drafting is an honor I perceive as AICC's recognition of this 'Karnataka Model of Governance'. A party's manifesto is not just a list of promises to the voters; it is a commitment we make to the people and implementing it is the true essence of governance. Our previous government had implemented more than 95% of the promises in the manifesto, providing equal opportunity and balanced development, thereby earning the trust of the people. The current government is also advancing on the same path. I hope that in the coming days, the people of the country will also benefit from the advantages of the Karnataka Model of Governance. I am thankful to the senior leaders of the party, Smt Sonia Gandhi and Shri @RahulGandhi, for supporting all my welfare and infrastructure initiatives.",2023-12-23 08:27:00,3366,382,2024,"I thank AICC President Shri Mallikarjun for appointing me as a member of the Congress Party's Manifesto Drafting Committee for the upcoming Lok Sabha elections. Today, people across the country recognize our government's 'Karnataka Model' of governance as a non-partisan benchmark. Being given the opportunity in the manifesto drafting is an honor I perceive as AICC's recognition of this 'Karnataka Model of Governance'. A party's manifesto is not just a list of promises to the voters; it is a commitment we make to the people and implementing it is the true essence of governance. Our previous government had implemented more than 95% of the promises in the manifesto, providing equal opportunity and balanced development, thereby earning the trust of the people. The current government is also advancing on the same path. I hope that in the coming days, the people of the country will also benefit from the advantages of the Karnataka Model of Governance. I am thankful to the senior leaders of the party, Smt Sonia Gandhi and Shri , for supporting all my welfare and infrastructure initiatives.",positive,0.915971577167511
But Congress dont have any ideology right Earlier it used to say Na jat padh na dharm padh Vote padegi haath padh.. Now the same Congress is crying about caste census.. So where is the ideology,2023-12-25 09:08:00,0,1,2024,But Congress dont have any ideology right Earlier it used to say Na jat padh na dharm padh Vote padegi haath padh.. Now the same Congress is crying about caste census.. So where is the ideology,negative,0.6566623449325562
बदायूं में डिप्टी सीएम बोले-हवाई अड्डा बनवाएंगे #uttarpradesh #bareilly #aonla #badaun #socialwork #India #advocate #society #change #education #politics #up #Bharat #villages #rural #agriculture #development,2023-12-25 09:07:00,0,0,2024,बदायूं में डिप्टी सीएम बोले-हवाई अड्डा बनवाएंगे uttarpradesh bareilly aonla badaun socialwork India advocate society change education politics up Bharat villages rural agriculture development,neutral,0.7409778237342834
Bjp people left counting centres too early..due to fear of political violence,2023-12-25 09:06:00,1,1,2024,Bjp people left counting centres too early..due to fear of political violence,negative,0.6743134260177612
"Thrilled to share that the Wellness Development Health Camp initiative by Modi ji was successfully held in the Malleswaram Assembly constituency of Bangalore North Lok Sabha constituency, in collaboration with CANS Multispeciality Hospital. #ModiWellnessHealthCamp #Malleswaram",2023-12-25 09:05:00,0,1,2024,"Thrilled to share that the Wellness Development Health Camp initiative by Modi ji was successfully held in the Malleswaram Assembly constituency of Bangalore North Lok Sabha constituency, in collaboration with CANS Multispeciality Hospital. ModiWellnessHealthCamp Malleswaram",positive,0.9618504047393799
"#Loksabha Only two of the 15 Directors on the Board of the National Scheduled Castes Finance and Development Corporation (NSFDC) are from Scheduled Caste communities, house panel bats for representation.",2023-12-25 09:04:00,0,0,2024,"Loksabha Only two of the 15 Directors on the Board of the National Scheduled Castes Finance and Development Corporation (NSFDC) are from Scheduled Caste communities, house panel bats for representation.",neutral,0.8129636645317078
शीतकालीन सत्र में निलंबित सांसदों द्वारा पूछे गए 264 प्रश्न संसद की कार्यवाही से हटाए गए #MPsquestions #LokSabha #ModiGovt #RajyaSabha #सासंदोंकेप्रश्न #लोकसभा #मोदीसरकार #राज्यसभा https://thewirehindi.com/264382/264-questions-raised-by-suspended-opposition-mps-deleted-from-records/,2023-12-24 04:30:00,227,13,2024,शीतकालीन सत्र में निलंबित सांसदों द्वारा पूछे गए 264 प्रश्न संसद की कार्यवाही से हटाए गए MPsquestions LokSabha ModiGovt RajyaSabha सासंदोंकेप्रश्न लोकसभा मोदीसरकार राज्यसभा,neutral,0.7903423309326172
"WATCH | लोकसभा चुनाव को लेकर यूपी का ओपिनियन पोल, जानें यूपी में BJP को मिलेंगी कितनी सीट? देखिए '12 से 2- पॉलिटिकल शो' @vivekstake के साथ https://abplive.com/live-tv #AbpCVoter #OponionPolls #Loksabha #UttarPradesh",2023-12-25 06:51:00,13,2,2024,"WATCH | लोकसभा चुनाव को लेकर यूपी का ओपिनियन पोल, जानें यूपी में BJP को मिलेंगी कितनी सीट? देखिए '12 से 2- पॉलिटिकल शो' के साथ AbpCVoter OponionPolls Loksabha UttarPradesh",neutral,0.8558610081672668
Prakash ambedkar Ji Jay bhim aache jagruti kar rahe ho evidence ke sath God bless you whatsup or call no 9021295833 vanchit bhujan aagadi taluka karjat district ahmednagar Maharashtra India AAP please 48 seat loksabha election ladhaye esime aapki bhalahi hai,2023-12-25 09:01:00,0,0,2024,Prakash ambedkar Ji Jay bhim aache jagruti kar rahe ho evidence ke sath God bless you whatsup or call no 9021295833 vanchit bhujan aagadi taluka karjat district ahmednagar Maharashtra India AAP please 48 seat loksabha election ladhaye esime aapki bhalahi hai,positive,0.7490891218185425
"Birthday wishes to Shri Manoj Kishorbhai Kotak Ji, Lok Sabha MP from Mumbai-North-East(Maharashtra). I pray for your long and healthy life.  लोक सभा खासदार श्री मनोज किशोरभाई कोटक यांना वाढदिवसाच्या हार्दिक शुभेच्छा. मी आपल्या निरामय दीर्घायुष्याची कामना करतो. @manoj_kotak",2023-12-25 03:29:00,9,2,2024,"Birthday wishes to Shri Manoj Kishorbhai Kotak Ji, Lok Sabha MP from Mumbai-North-East(Maharashtra). I pray for your long and healthy life. लोक सभा खासदार श्री मनोज किशोरभाई कोटक यांना वाढदिवसाच्या हार्दिक शुभेच्छा. मी आपल्या निरामय दीर्घायुष्याची कामना करतो.",positive,0.8943850994110107
لوک سبھا میں منظورکردہ تقریباً نصف بلوں پر۲؍ گھنٹے سے بھی کم بحث ہوئی https://www.inquilab.com/news/articles/almost-half-of-the-bills-passed-in-the-lok-sabha-were-debated-for-less-than-2-hours-53192 #InquilabNews #NewsUpdate #LokSabha #UrduNews,2023-12-25 09:00:00,0,0,2024,لوک سبھا میں منظورکردہ تقریباً نصف بلوں پر۲؍ گھنٹے سے بھی کم بحث ہوئی InquilabNews NewsUpdate LokSabha UrduNews,neutral,0.8176818490028381
"The Home Minister’s stubborn refusal to attend the House and speak, even if only to convey in the Lok Sabha what he is currently stating in the press, is at the heart of the current dispute. Had he done so, the dispute would have been resolved, and the crisis defused.",2023-12-25 08:59:00,2,1,2024,"The Home Minister’s stubborn refusal to attend the House and speak, even if only to convey in the Lok Sabha what he is currently stating in the press, is at the heart of the current dispute. Had he done so, the dispute would have been resolved, and the crisis defused.",negative,0.7201436758041382
WATCH | क्या चुनाव से पहले JDU और BJP को साथ देख सकते हैं? वरिष्ठ पत्रकार राकेश शुक्ला से समझिए! देखिए '12 से 2- पॉलिटिकल शो' @vivekstake के साथ https://abplive.com/live-tv #AbpCVoter #OponionPolls #Loksabha #Bihar,2023-12-25 07:26:00,11,3,2024,WATCH | क्या चुनाव से पहले JDU और BJP को साथ देख सकते हैं? वरिष्ठ पत्रकार राकेश शुक्ला से समझिए! देखिए '12 से 2- पॉलिटिकल शो' के साथ AbpCVoter OponionPolls Loksabha Bihar,neutral,0.8067120313644409
When your effort to make upcoming Lok Sabha elections a Hindu-Muslim issue fails ! Must watch,2023-12-25 07:46:00,11,1,2024,When your effort to make upcoming Lok Sabha elections a Hindu-Muslim issue fails ! Must watch,negative,0.7489020228385925
"Likely impact limited to his region, doesn't translate beyond KN & Hyd KN. But Lok Sabha elections very different from Assembly elections, so numbers may not always add up.",2023-12-25 08:56:00,0,1,2024,"Likely impact limited to his region, doesn't translate beyond KN & Hyd KN. But Lok Sabha elections very different from Assembly elections, so numbers may not always add up.",neutral,0.7056937217712402
"""BJP will win 400 plus seats in 2024 Lok Sabha polls"": Union Minister Gajendra Singh Shekhawat Read @ANI Story | https://aninews.in/news/national/politics/bjp-will-win-400-plus-seats-in-2024-lok-sabha-polls-union-minister-gajendra-singh-shekhawat20231224232615/ #BJP #LokSabha #gajendrasinghshekhawat",2023-12-24 23:29:00,279,7,2024,"""BJP will win 400 plus seats in 2024 Lok Sabha polls"": Union Minister Gajendra Singh Shekhawat Read Story | BJP LokSabha gajendrasinghshekhawat",neutral,0.5623689293861389
"लोकसभा अध्यक्ष ओम बिरला आज हरिद्वार दौरे पर हरिद्वार में आध्यात्मिक महोत्सव में सम्मिलित हुए स्पीकर बिरला, हरिहर आश्रम में हो रहा है आध्यात्मिक महोत्सव का आयोजन, कार्यक्रम के बाद आज ही... #LokSabha #FirstIndiaNews @ombirlakota",2023-12-25 08:54:00,16,0,2024,"लोकसभा अध्यक्ष ओम बिरला आज हरिद्वार दौरे पर हरिद्वार में आध्यात्मिक महोत्सव में सम्मिलित हुए स्पीकर बिरला, हरिहर आश्रम में हो रहा है आध्यात्मिक महोत्सव का आयोजन, कार्यक्रम के बाद आज ही... LokSabha FirstIndiaNews",neutral,0.7957738041877747
"#PoliticalPulse | ‘Sabke Ram’ pitch to ‘Akshat’ campaign, Sangh Parivar steps up for Ayodhya Temple as BJP gets Lok Sabha theme song @vikaspathak76 reports https://indianexpress.com/article/political-pulse/ram-temple-ayodhya-sangh-parivar-akshat-campaign-bjp-lok-sabha-theme-song-9082029/",2023-12-25 08:53:00,8,0,2024,"PoliticalPulse | ‘Sabke Ram’ pitch to ‘Akshat’ campaign, Sangh Parivar steps up for Ayodhya Temple as BJP gets Lok Sabha theme song reports",neutral,0.9151573777198792
"J&K Congress leaders to meet with Congress leadership tomorrow at AICC HQs to discuss the election preparedness for Lok Sabha, Congress president Mallikarjun Kharge, party leaders Rahul Gandhi, KC Venugopal will be in present in the meeting.",2023-12-25 04:43:00,46,5,2024,"J&K Congress leaders to meet with Congress leadership tomorrow at AICC HQs to discuss the election preparedness for Lok Sabha, Congress president Mallikarjun Kharge, party leaders Rahul Gandhi, KC Venugopal will be in present in the meeting.",neutral,0.9024076461791992
WATCH | पंजाब के ओपिनियन पोल पर बोले परगट सिंह- 'पंजाब में कांग्रेस की सीट बढ़ेगी' देखिए '12 से 2- पॉलिटिकल शो' @vivekstake के साथ https://abplive.com/live-tv #AbpCVoter #OponionPolls #Loksabha #Punjab,2023-12-25 08:26:00,14,0,2024,WATCH | पंजाब के ओपिनियन पोल पर बोले परगट सिंह- 'पंजाब में कांग्रेस की सीट बढ़ेगी' देखिए '12 से 2- पॉलिटिकल शो' के साथ AbpCVoter OponionPolls Loksabha Punjab,neutral,0.8654874563217163
"Correction | Delhi: Prime Minister Narendra Modi, Lok Sabha Speaker Om Birla, Rajya Sabha Deputy Chairman Harivansh, Defence Minister Rajnath Singh, BJP national president JP Nadda and other leaders pay tribute to Pandit Madan Mohan Malaviya at Samvidhan Sadan*, on his birth anniversary.",2023-12-25 06:17:00,65,0,2024,"Correction | Delhi: Prime Minister Narendra Modi, Lok Sabha Speaker Om Birla, Rajya Sabha Deputy Chairman Harivansh, Defence Minister Rajnath Singh, BJP national president JP Nadda and other leaders pay tribute to Pandit Madan Mohan Malaviya at Samvidhan Sadan*, on his birth anniversary.",neutral,0.863656759262085
2024 Lok Sabha elections ke baad Mimicry ka hi kaam reh jaega. Keep practicing. Congress Mukt Bharat tay hai,2023-12-25 08:51:00,0,0,2024,2024 Lok Sabha elections ke baad Mimicry ka hi kaam reh jaega. Keep practicing. Congress Mukt Bharat tay hai,neutral,0.8311697244644165
"ABP CVoter Lok Sabha Opinion Poll 2024 Uttar Pradesh : 80 seats BJP+ : 73-75 | 49% Vote Share SP+ : 4-6 | 35% BSP : 0-2 | 5% In the 2024 Lok Sabha elections, the vote share of BSP will be around 10% and that of BJP will be more than 50%.@",2023-12-24 21:31:00,5,1,2024,"ABP CVoter Lok Sabha Opinion Poll 2024 Uttar Pradesh : 80 seats BJP+ : 73-75 | 49% Vote Share SP+ : 4-6 | 35% BSP : 0-2 | 5% In the 2024 Lok Sabha elections, the vote share of BSP will be around 10% and that of BJP will be more than 50%.@",neutral,0.9160118103027344
BREAKING Parliament Passes Bill On Election Commissioners Appointment; CJI Dropped From Selection Panel #LokSabha #ElectionCommission,2023-12-21 14:40:00,7,0,2024,BREAKING Parliament Passes Bill On Election Commissioners Appointment; CJI Dropped From Selection Panel LokSabha ElectionCommission,neutral,0.8518446087837219
NDA will break all records this Lok Sabha elections. Abki baar 400 ke paar.,2023-12-25 08:50:00,1,0,2024,NDA will break all records this Lok Sabha elections. Abki baar 400 ke paar.,positive,0.7846462726593018
Lok Sabha Passes Tax Laws (Second Amendment) Bill 2016 https://www.narendramodi.in/category/infographics via NaMo App,2023-12-25 08:49:00,0,0,2024,Lok Sabha Passes Tax Laws (Second Amendment) Bill 2016 via NaMo App,neutral,0.9288421869277954
Niku is irrelevant in politics now..,2023-12-25 08:47:00,0,0,2024,Niku is irrelevant in politics now..,negative,0.612427830696106
Dont vote for bjp..they will give you plenty..this is the trend of current bjp..,2023-12-25 08:45:00,0,2,2024,Dont vote for bjp..they will give you plenty..this is the trend of current bjp..,negative,0.6543603539466858
"95% villages in India have schools within 5 km, government tells Lok Sabha  https://timesofindia.indiatimes.com/india/95-villages-in-india-have-schools-within-5-km-government-tells-lok-sabha/articleshow/90353723.cms via NaMo App",2023-12-25 08:45:00,0,0,2024,"95% villages in India have schools within 5 km, government tells Lok Sabha via NaMo App",neutral,0.81441330909729
ABP CVoter Lok Sabha Opinion Poll 2024 Maharashtra : 48 seats BJP+ : 19-21 | 37% Vote Share MVA : 26-28 | 41% OTH : 0-2 | 22% The survey is underestimating BJP in Maharashtra and seems to be giving more importance to SS(UBT) & NCP(S).,2023-12-24 13:21:00,293,14,2024,ABP CVoter Lok Sabha Opinion Poll 2024 Maharashtra : 48 seats BJP+ : 19-21 | 37% Vote Share MVA : 26-28 | 41% OTH : 0-2 | 22% The survey is underestimating BJP in Maharashtra and seems to be giving more importance to SS(UBT) & NCP(S).,neutral,0.6866398453712463
HM Amit Shah likely to visit Telangana on December 28th and discuss about Lok Sabha Elections with state leaders. The target is to win 10 out of 17 seats in Telangana. Discussion likely to be taken on Legislative Floor Leader in Assembly. #Telangana #Elections2024 #AmitShah,2023-12-25 08:45:00,0,0,2024,HM Amit Shah likely to visit Telangana on December 28th and discuss about Lok Sabha Elections with state leaders. The target is to win 10 out of 17 seats in Telangana. Discussion likely to be taken on Legislative Floor Leader in Assembly. Telangana Elections2024 AmitShah,neutral,0.8671332597732544
🌟Are you a political enthusiast looking to make your mark? The India Elects Fellowship by @isd2047 is YOUR chance to create an impact in the 2024 Lok Sabha #elections!🗳️ 🚨 Deadline: 25 Dec #ApplyNow https://www.villagesquare.in/india-elects-fellowship-isd-2024/ #Fellowship #Elections2024 #LoksabhaElection2024,2023-12-23 06:54:00,1,0,2024,🌟Are you a political enthusiast looking to make your mark? The India Elects Fellowship by is YOUR chance to create an impact in the 2024 Lok Sabha elections!🗳️ 🚨 Deadline: 25 Dec ApplyNow Fellowship Elections2024 LoksabhaElection2024,positive,0.5085628032684326
Wo Om Birla hai jo ki bjp Loksabha speaker hai,2023-12-25 08:43:00,0,0,2024,Wo Om Birla hai jo ki bjp Loksabha speaker hai,neutral,0.8792109489440918
WATCH | सीट शेयरिंग पर नहीं बनेगी बात तो क्या नीतीश बदल लेंगे रुख? देखिए '12 से 2- पॉलिटिकल शो' @vivekstake के साथ https://abplive.com/live-tv | @AshishSinghLIVE #AbpCVoter #OponionPolls #Loksabha #Bihar,2023-12-25 07:12:00,12,0,2024,WATCH | सीट शेयरिंग पर नहीं बनेगी बात तो क्या नीतीश बदल लेंगे रुख? देखिए '12 से 2- पॉलिटिकल शो' के साथ | AbpCVoter OponionPolls Loksabha Bihar,neutral,0.8879934549331665
PM Modi's 'NaMo' App Launches 'Jan Man Survey' Ahead of Lok Sabha Polls https://www.deccanchronicle.com/nation/in-other-news/201223/pm-modis-namo-app-launches-jan-man-survey-ahead-of-lok-sabha-poll.html via NaMo App,2023-12-25 08:42:00,0,0,2024,PM Modi's 'NaMo' App Launches 'Jan Man Survey' Ahead of Lok Sabha Polls via NaMo App,neutral,0.8495508432388306
For 2024 Lok Sabha elections BJP will focus on positive campaigning and avoid mentioning negative topics.,2023-12-24 08:49:00,1851,26,2024,For 2024 Lok Sabha elections BJP will focus on positive campaigning and avoid mentioning negative topics.,neutral,0.523867130279541
दोस्ती के बाद Gehlot पर क्यों भड़के Shekhawat ? Loksabha Election 2024 पर सबसे बड़ा दावा कर दिया!,2023-12-25 08:01:00,19,0,2024,दोस्ती के बाद Gehlot पर क्यों भड़के Shekhawat ? Loksabha Election 2024 पर सबसे बड़ा दावा कर दिया!,neutral,0.8093337416648865
"Lull in Highway Construction Expected in FY25, Flagship Highway Projected Faces 6 Year Delay The shortfall may worsen with the model code of conduct for Lok Sabha elections in effect during January-March 2024. #Governance https://thewire.in/government/lull-in-highway-construction-expected-in-fy25-flagship-highway-projected-faces-6-year-delay",2023-12-25 08:10:00,18,1,2024,"Lull in Highway Construction Expected in FY25, Flagship Highway Projected Faces 6 Year Delay The shortfall may worsen with the model code of conduct for Lok Sabha elections in effect during January-March 2024. Governance",negative,0.6911035180091858
जे बोललो ते करुन दाखवलं #rammandir #AmitShah #AmitShahInLokSabha #LokSabha #jayshreeram,2023-12-21 09:34:00,216,11,2024,जे बोललो ते करुन दाखवलं rammandir AmitShah AmitShahInLokSabha LokSabha jayshreeram,neutral,0.8184133768081665
"Lok Sabha Election Survey | आज निवडणुका झाल्या तर जनतेचा कौल कोणाला? महायुतीला फटका; मविआ जोमात, सर्व्हेचे आकडे धक्कादायक! #LoksabhaElection2024 @Policenama1 @Policenama1  @ShivSenaUBT_ @Shivsenaofc @NCPspeaks @BJP4Maharashtra @INCMaharashtra https://policenama.com/lok-sabha-election-survey-lok-sabha-election-survey-bjp-shiv-sena-grand-alliance-suffers-in-maharashtra-congress-ncp-uddhav-thackeray-group-gains/",2023-12-25 08:39:00,0,0,2024,"Lok Sabha Election Survey | आज निवडणुका झाल्या तर जनतेचा कौल कोणाला? महायुतीला फटका; मविआ जोमात, सर्व्हेचे आकडे धक्कादायक! LoksabhaElection2024",neutral,0.8367144465446472
Lok sabha TV,2023-12-25 08:39:00,0,0,2024,Lok sabha TV,neutral,0.8291530609130859
"The Samajwadi Party alone can win 20-24 seats in 2024 Loksabha elections,their vote share was high in seats of - Saharanpur (India Alliance) -Muzaffarnagar(RLD) -Kairana -Shamli -Bijnor -Nagina -Moradabad -Rampur -Sambhal -Amroha -Baghpat -Banda -Fatehpur -Kaushambhi -Barabanki -Ambedkar Nagar -Basti -Lalganj -Azamgarh -Ghosi -Ballia -Jaunpur -Machhlishahar -Ghazipur -Bhadohi Phulpur, Pratapgarh,Kannauj,Mainpuri, Firozabad,Amethi,Rae Bareli. The tally can go upto 30 seats.",2023-12-24 20:12:00,30,6,2024,"The Samajwadi Party alone can win 20-24 seats in 2024 Loksabha elections,their vote share was high in seats of - Saharanpur (India Alliance) -Muzaffarnagar(RLD) -Kairana -Shamli -Bijnor -Nagina -Moradabad -Rampur -Sambhal -Amroha -Baghpat -Banda -Fatehpur -Kaushambhi -Barabanki -Ambedkar Nagar -Basti -Lalganj -Azamgarh -Ghosi -Ballia -Jaunpur -Machhlishahar -Ghazipur -Bhadohi Phulpur, Pratapgarh,Kannauj,Mainpuri, Firozabad,Amethi,Rae Bareli. The tally can go upto 30 seats.",neutral,0.5257617831230164
"कल्‍याण बनर्जी: अगर कोई खुद को टारगेट समझता है, तो मैं असहाय हूं #KalyanBanerjee #LokSabha #mimicrycontroversy #Parliamentcomplex #politicalnews #9newshindi #latesthindinews #dailynews #newsupdates #breakingnews #9newshindiupdates https://9newshindi.com/kalyan-banerjee-if-someone-considers-himself-a-target-then-i-am-helpless/",2023-12-25 08:35:00,0,0,2024,"कल्‍याण बनर्जी: अगर कोई खुद को टारगेट समझता है, तो मैं असहाय हूं KalyanBanerjee LokSabha mimicrycontroversy Parliamentcomplex politicalnews 9newshindi latesthindinews dailynews newsupdates breakingnews 9newshindiupdates",neutral,0.8034628033638
"@narendramodi और @myogiadityanath का विरोध करते-करते #INDIAAlliance जनता विरोधी भी हो गया, हिन्दू धर्म को टारगेट करना इनका पेशा बन गया, उसके बाद कहेगे की EVM हैक है. असल मे हैक तो इनकी बुद्धि हो चुकी है. #LokSabha चुनावों मे सूपड़ा साफ हो जाएगा indi गैंग का. @yadavakhilesh",2023-12-25 08:33:00,0,0,2024,"और का विरोध करते-करते INDIAAlliance जनता विरोधी भी हो गया, हिन्दू धर्म को टारगेट करना इनका पेशा बन गया, उसके बाद कहेगे की EVM हैक है. असल मे हैक तो इनकी बुद्धि हो चुकी है. LokSabha चुनावों मे सूपड़ा साफ हो जाएगा indi गैंग का.",neutral,0.8301916718482971
"""Exciting! J-K Congress leaders set to meet Kharge to strategize for the upcoming Lok Sabha elections. Check out the details here: buzzindianow.com/cities/j-k-… #JammuAndKashmir #Congress #ElectionPreparations""",2023-12-25 08:33:00,0,0,2024,"""Exciting! J-K Congress leaders set to meet Kharge to strategize for the upcoming Lok Sabha elections. Check out the details here: buzzindianow.com/cities/j-k-… JammuAndKashmir Congress ElectionPreparations""",positive,0.8215488195419312
"https://invidious.perennialte.ch/shorts/syjr5AL9mr0?si=NObnWk5dH9zeNr45 aise hi laat padegi, 🙄🤔🙄😂😂👍 loksabha chunav 2024 please watch and subscribe my you tube channel 🙏🇮🇳🙌🌹❤️🙏 To see more posts like this and join Bharat Jodo Yatra - भारत जोड़ो यात्रा, click here 👇👇 https://kutumbapp.page.link/h2X6Wv5KjMX4Hfgb6",2023-12-25 08:33:00,0,0,2024,"aise hi laat padegi, 🙄🤔🙄😂😂👍 loksabha chunav 2024 please watch and subscribe my you tube channel 🙏🇮🇳🙌🌹❤️🙏 To see more posts like this and join Bharat Jodo Yatra - भारत जोड़ो यात्रा, click here 👇👇",positive,0.7118278741836548
"1)PM: Four castes-poor, youth, women and farmers are very important for me- https://nitter.perennialte.ch/narendramodi/status/1739174912244510788 2)PM Modi and Lok Sabha Speaker Om Birla pay tributes to Madan Mohan Malaviya at Parliament on his birth anniversary. 3)NewsClick case: News portal's HR Head Amit Chakravarty moves Delhi court seeking to turn approver. 4)Media Rpt: A total of 63 JN.1 COVID variant cases reported in country till Dec 24. 34 cases from Goa, 9 from Mah, 8 from Karnataka, 6 from Kerala, 4 from Tamil Nadu and 2 from Telangana. 5)PM lays foundation stone of 60 MW Solar power plant being established in villages Samraj and Ashukhedi of Khargone district by Indore Municipal Corporation. PM also hands over cheques worth about Rs 224 crore dues of the Hukumchand Mill workers, to the official liquidator and heads of Labour Union of Hukumchand Mill, in Indore. 6)COVID in India: 628 fresh cases, active caseload at 4,054. 7)Plane with more than 300 passengers, mostly Indians, from France to land at Mumbai airport. 8)Army chief arrives in Jammu.",2023-12-25 08:32:00,0,0,2024,"1)PM: Four castes-poor, youth, women and farmers are very important for me- 2)PM Modi and Lok Sabha Speaker Om Birla pay tributes to Madan Mohan Malaviya at Parliament on his birth anniversary. 3)NewsClick case: News portal's HR Head Amit Chakravarty moves Delhi court seeking to turn approver. 4)Media Rpt: A total of 63 JN.1 COVID variant cases reported in country till Dec 24. 34 cases from Goa, 9 from Mah, 8 from Karnataka, 6 from Kerala, 4 from Tamil Nadu and 2 from Telangana. 5)PM lays foundation stone of 60 MW Solar power plant being established in villages Samraj and Ashukhedi of Khargone district by Indore Municipal Corporation. PM also hands over cheques worth about Rs 224 crore dues of the Hukumchand Mill workers, to the official liquidator and heads of Labour Union of Hukumchand Mill, in Indore. 6)COVID in India: 628 fresh cases, active caseload at 4,054. 7)Plane with more than 300 passengers, mostly Indians, from France to land at Mumbai airport. 8)Army chief arrives in Jammu.",positive,0.5571424961090088
@yadavakhilesh @samajwadiparty @MPDharmendraYdv @loksabha_badaun 🇧🇾✌️🇧🇾🚲🇧🇾✌️,2023-12-25 08:32:00,2,0,2024,🇧🇾✌️🇧🇾🚲🇧🇾✌️,neutral,0.7966183423995972
Lok Sabha Election 2024: Here's all what ABP's Opinion Poll has to say about BJP's win! | Abp News https://msft.it/6018id3J2,2023-12-25 08:32:00,0,0,2024,Lok Sabha Election 2024: Here's all what ABP's Opinion Poll has to say about BJP's win! | Abp News,neutral,0.7690816521644592
"""தமிழக அரசின் தோல்வி"" #TamilisaiSoundararajan #stalincm #thoothukudiflood",2023-12-25 04:30:00,698,39,2024,"""தமிழக அரசின் தோல்வி"" TamilisaiSoundararajan stalincm thoothukudiflood",neutral,0.7549978494644165
Congress Plans Bharat Jodo Yatra 2.0 Ahead of Lok Sabha Elections httpp://www.instagram.com/p/C1RPAk3PuIk/?igsh=MWJqb2oyZDJwMmd4bw==,2023-12-25 08:31:00,0,0,2024,Congress Plans Bharat Jodo Yatra 2.0 Ahead of Lok Sabha Elections,neutral,0.8785088062286377
தன்மானத்தை இழந்து I.N.D.I கூட்டணியில் தொடரும் திமுக.!,2023-12-25 08:27:00,670,21,2024,தன்மானத்தை இழந்து I.N.D.I கூட்டணியில் தொடரும் திமுக.!,neutral,0.7338571548461914
"Detailed Thread: Congrats HM .@AmitShah Ji for getting 3 Path-breaking bills passed in Lok Sabha to overhaul Criminal Laws. Bharat's got Laws 1st time which're “By Bharatiyas, For Bharatiyas, Of Bharatiyas"" Keeping Emotional Quotient aside, let me give IMPORTANT points. 1/20",2023-12-20 14:40:00,11936,248,2024,"Detailed Thread: Congrats HM . Ji for getting 3 Path-breaking bills passed in Lok Sabha to overhaul Criminal Laws. Bharat's got Laws 1st time which're “By Bharatiyas, For Bharatiyas, Of Bharatiyas"" Keeping Emotional Quotient aside, let me give IMPORTANT points. 1/20",positive,0.9132739901542664
'How MPs are suspended' :Well explained by Sh Arjun Sengupta #Parliament #ParliamentWinterSession #MPsuspended #LokSabha #speaker #RajyaSabha #Chairman #MemberofParliament #suspended #rules #SUSPENSION #Politics #Polity #UPSC Source: IE,2023-12-19 03:13:00,387,0,2024,'How MPs are suspended' :Well explained by Sh Arjun Sengupta Parliament ParliamentWinterSession MPsuspended LokSabha speaker RajyaSabha Chairman MemberofParliament suspended rules SUSPENSION Politics Polity UPSC Source: IE,neutral,0.7621685862541199
"Paid my humble tribute to former PM Shri Atal Bihari Vajpayee ji at 'Sadaiv Atal'. A giant of a man whose words & works, have inspired people for more than half a century and will continue to do so. He will always remain the guiding light for us.",2023-12-25 05:48:00,957,32,2024,"Paid my humble tribute to former PM Shri Atal Bihari Vajpayee ji at 'Sadaiv Atal'. A giant of a man whose words & works, have inspired people for more than half a century and will continue to do so. He will always remain the guiding light for us.",positive,0.9404409527778625
இன்று முன்னாள் பிரதமர் கார்கில் நாயகன் திரு அடல் பிகாரி வாஜ்பாய் அவர்களின் பிறந்தநாளை முன்னிட்டு வட சென்னை கிழக்கு மாவட்டம் ராயபுரம் மத்திய மண்டல்,2023-12-25 08:24:00,4,2,2024,இன்று முன்னாள் பிரதமர் கார்கில் நாயகன் திரு அடல் பிகாரி வாஜ்பாய் அவர்களின் பிறந்தநாளை முன்னிட்டு வட சென்னை கிழக்கு மாவட்டம் ராயபுரம் மத்திய மண்டல்,neutral,0.710150420665741
"Learning a new language expands our knowledge here & gets us closer to that culture, and the students from UP participating in #KashiTamilSangamam today are seen learning our Tamil language. #KashiTamilSangamam was envisioned by our Hon PM Thiru @narendramodi avl to foster the spirit of #EkBharatShreshthaBharat. The enthusiasm of these children to learn Tamil strengthens our Hon PM’s vision!",2023-12-25 06:11:00,3422,84,2024,"Learning a new language expands our knowledge here & gets us closer to that culture, and the students from UP participating in KashiTamilSangamam today are seen learning our Tamil language. KashiTamilSangamam was envisioned by our Hon PM Thiru avl to foster the spirit of EkBharatShreshthaBharat. The enthusiasm of these children to learn Tamil strengthens our Hon PM’s vision!",positive,0.8255103230476379
Chor ucchkao ko loksabha bhejenge darbhanga se SAMASTIPUR se to parinam kya hoga aaj bhi 2004 me 22_24 ghante darbhanga to Delhi wahi speed Aaj hi... ticket kharid mp ko batao 15 saal se darbhanga me one way main road kyu choura nhi hua ... kahi auto stand nhi khel maidan nhi,2023-12-25 08:30:00,0,0,2024,Chor ucchkao ko loksabha bhejenge darbhanga se SAMASTIPUR se to parinam kya hoga aaj bhi 2004 me 22_24 ghante darbhanga to Delhi wahi speed Aaj hi... ticket kharid mp ko batao 15 saal se darbhanga me one way main road kyu choura nhi hua ... kahi auto stand nhi khel maidan nhi,neutral,0.769054114818573
#Tripura | Tripura BJP MP Rebati Tripura begins energetic ‘Jana Sanyog’ drive in East Tripura PC ahead of 2024 Lok Sabha election. #northeasttoday #NortheastTodaymagazine #JanaSanyog #LokSabhaElections #BJP https://www.northeasttoday.in/2023/12/25/tripura-bjp-mp-rebati-tripura-begins-energetic-jana-sanyog-drive-in-east-tripura-pc-ahead-of-2024-lok-sabha-election/,2023-12-25 08:30:00,0,0,2024,Tripura | Tripura BJP MP Rebati Tripura begins energetic ‘Jana Sanyog’ drive in East Tripura PC ahead of 2024 Lok Sabha election. northeasttoday NortheastTodaymagazine JanaSanyog LokSabhaElections BJP,neutral,0.8559099435806274
"Dear @YRDeshmukh, how can conclusions be drawn in Maharashtra from a survey when no party knows which seats they are contesting and who their opponents will be in the Lok Sabha elections?",2023-12-25 07:17:00,15,4,2024,"Dear , how can conclusions be drawn in Maharashtra from a survey when no party knows which seats they are contesting and who their opponents will be in the Lok Sabha elections?",neutral,0.6088544726371765
"Congress will be redu ed to less than 50seats in Loksabha in 2024,no surprise if Rahul looses elections.",2023-12-25 08:29:00,2,0,2024,"Congress will be redu ed to less than 50seats in Loksabha in 2024,no surprise if Rahul looses elections.",neutral,0.4846106171607971
Defence Minister Rajnath Singh and Lok Sabha Speaker Om Birla arrive in Haridwar; received by Uttarakhand Chief Minister Pushkar Singh Dhami #rajnathsingh #ombirla #pushkarsinghdhami,2023-12-25 08:28:00,1,0,2024,Defence Minister Rajnath Singh and Lok Sabha Speaker Om Birla arrive in Haridwar; received by Uttarakhand Chief Minister Pushkar Singh Dhami rajnathsingh ombirla pushkarsinghdhami,neutral,0.92415452003479
"J&K #Congress leaders to meet Kharge, discuss #LokSabha election preparations @INCIndia @INCJammuKashmir https://risingkashmir.com/jk-congress-leaders-to-meet-kharge-discuss-lok-sabha-election-preparations-28145110-4fea-4b78-96e8-bab790887484",2023-12-25 08:27:00,0,0,2024,"J&K Congress leaders to meet Kharge, discuss LokSabha election preparations",neutral,0.9463356733322144
Please make it fast so that congress can get single digit seats in Lok Sabha,2023-12-25 08:27:00,0,0,2024,Please make it fast so that congress can get single digit seats in Lok Sabha,neutral,0.6714262962341309
"Now, BJP is the Single largest Party in the South in terms of Lok Sabha MPs!",2023-12-25 08:26:00,0,0,2024,"Now, BJP is the Single largest Party in the South in terms of Lok Sabha MPs!",neutral,0.5462427735328674
"WATCH | लोकसभा चुनाव को लेकर पंजाब का ओपिनियन पोल, किस पार्टी के साथ जाएगी जनता ? देखिए '12 से 2- पॉलिटिकल शो' @vivekstake के साथ https://abplive.com/live-tv #AbpCVoter #OponionPolls #Loksabha #Punjab",2023-12-25 08:25:00,11,0,2024,"WATCH | लोकसभा चुनाव को लेकर पंजाब का ओपिनियन पोल, किस पार्टी के साथ जाएगी जनता ? देखिए '12 से 2- पॉलिटिकल शो' के साथ AbpCVoter OponionPolls Loksabha Punjab",neutral,0.8631664514541626
திருநெல்வேலிசட்டமன்றத்திற்கு உட்பட்ட பகுதியில் மழை வெள்ளத்தால் பாதிக்கப்பட்ட மக்களோடு மக்களாக @BJP4India @BJP4TamilNadu,2023-12-25 07:32:00,721,12,2024,திருநெல்வேலிசட்டமன்றத்திற்கு உட்பட்ட பகுதியில் மழை வெள்ளத்தால் பாதிக்கப்பட்ட மக்களோடு மக்களாக,neutral,0.7356566190719604
"New criminal law passed in Lok Sabha recently does take adultery, LGBTQ community and sexual crime against men into account. @arjunrammeghwal @MLJ_GoI @narendramodi What is stopping you to be inclusive.",2023-12-25 08:24:00,0,0,2024,"New criminal law passed in Lok Sabha recently does take adultery, LGBTQ community and sexual crime against men into account. What is stopping you to be inclusive.",negative,0.6742810010910034
‘దేశంలో మోదీకి ప్రత్యామ్నయ నేత ఎవరూ లేరు’ https://www.sakshi.com/telugu-news/politics/ajit-pawar-says-no-alternative-pm-modi-2024-lok-sabha-polls-1894850 #Alternative #AjitPawar #LokSabha,2023-12-25 08:24:00,0,0,2024,‘దేశంలో మోదీకి ప్రత్యామ్నయ నేత ఎవరూ లేరు’ Alternative AjitPawar LokSabha,neutral,0.7913888692855835
Congress ke purv rashtriy Adhyaksh Shrimati Sonia Gandhi MP Lok Sabha tatha Congress ke purv rashtriy Adhyaksh Rahul Gandhi MP Loksabha tatha Congress ke rashtriy mahasachiv Shrimati Priyanka Gandhi ko Christmas de ke avsar per Hardik Badhai aur shubhkamnaen tatha Sadar Pranam,2023-12-25 08:23:00,0,0,2024,Congress ke purv rashtriy Adhyaksh Shrimati Sonia Gandhi MP Lok Sabha tatha Congress ke purv rashtriy Adhyaksh Rahul Gandhi MP Loksabha tatha Congress ke rashtriy mahasachiv Shrimati Priyanka Gandhi ko Christmas de ke avsar per Hardik Badhai aur shubhkamnaen tatha Sadar Pranam,neutral,0.8590944409370422
Uttar Pradesh was a game changer.. Bjp was literally wiped out of up Gujrat extensive seat loss Also allies performed badly..,2023-12-25 08:23:00,2,0,2024,Uttar Pradesh was a game changer.. Bjp was literally wiped out of up Gujrat extensive seat loss Also allies performed badly..,negative,0.8893305659294128
tumhari harkate hi aaisi hai..kabhi to dhang ka Kam Karo..na khud kuch karte ho na dusro ko karne dete ho..ye mirchi to tabhi lagi hai jab chunavi natije aaye aur janta ne latad diya tumhare dhongi pan ko. Aur hum firse latadenge loksabha main.,2023-12-25 08:22:00,0,0,2024,tumhari harkate hi aaisi hai..kabhi to dhang ka Kam Karo..na khud kuch karte ho na dusro ko karne dete ho..ye mirchi to tabhi lagi hai jab chunavi natije aaye aur janta ne latad diya tumhare dhongi pan ko. Aur hum firse latadenge loksabha main.,neutral,0.7315255403518677
"#WATCH | ""NDA alliance will break before (Lok Sabha) elections,"" says #Karnataka Deputy CM #DKShivakumar on Union Minister #AnuragThakur's statement regarding the INDIA alliance (📹ANI)",2023-12-25 08:22:00,10,0,2024,"WATCH | ""NDA alliance will break before (Lok Sabha) elections,"" says Karnataka Deputy CM DKShivakumar on Union Minister AnuragThakur's statement regarding the INDIA alliance (📹ANI)",neutral,0.9177201390266418
Congress is nothing but an extended regional party..its not a national party ..anymore..,2023-12-25 08:21:00,0,0,2024,Congress is nothing but an extended regional party..its not a national party ..anymore..,negative,0.7319130897521973
When a party has nothing to lose party becomes dangerous that's why i think Congress is a dangerous party they can spring a surprise in Loksabha election. Surprise means close to 80 seats.,2023-12-25 08:20:00,0,2,2024,When a party has nothing to lose party becomes dangerous that's why i think Congress is a dangerous party they can spring a surprise in Loksabha election. Surprise means close to 80 seats.,negative,0.7671133279800415
1 lakh loker sabha toke flop mone hoy tahole tui to uneducated manus re..tor vat de sabhar theke anek beshi lok hoyeche r panchayat er sathe loksabha compare koris gandu,2023-12-25 08:19:00,0,0,2024,1 lakh loker sabha toke flop mone hoy tahole tui to uneducated manus re..tor vat de sabhar theke anek beshi lok hoyeche r panchayat er sathe loksabha compare koris gandu,neutral,0.5499473214149475
Defence Minister Rajnath Singh and Lok Sabha Speaker Om Birla arrive in Haridwar; received by Uttarakhand Chief Minister Pushkar Singh Dhami #rajnathsingh #ombirla #pushkarsinghdhami,2023-12-25 08:18:00,1,0,2024,Defence Minister Rajnath Singh and Lok Sabha Speaker Om Birla arrive in Haridwar; received by Uttarakhand Chief Minister Pushkar Singh Dhami rajnathsingh ombirla pushkarsinghdhami,neutral,0.92415452003479
Milk rates increased by KMF to support the farmers But looks like the farmers are getting far less than what they received in BJP govt Congress and its activist only agenda is to collect funds for Loksabha,2023-12-25 08:18:00,1,1,2024,Milk rates increased by KMF to support the farmers But looks like the farmers are getting far less than what they received in BJP govt Congress and its activist only agenda is to collect funds for Loksabha,negative,0.6925792694091797
"despite all these, you will not get nominated for a Loksabha or Assembly seat",2023-12-25 08:17:00,0,0,2024,"despite all these, you will not get nominated for a Loksabha or Assembly seat",negative,0.6253942251205444
"भारतीय राजनीति के शिखर पुरुष, करोड़ों भाजपा कार्यकर्ताओं के प्रेरणास्रोत और हमारे पथ प्रदर्शक पूर्व प्रधानमंत्री 'भारत रत्न' श्रद्धेय अटल बिहारी वाजपेयी जी की जयंती पर कोटि-कोटि नमन।",2023-12-25 08:16:00,1,0,2024,"भारतीय राजनीति के शिखर पुरुष, करोड़ों भाजपा कार्यकर्ताओं के प्रेरणास्रोत और हमारे पथ प्रदर्शक पूर्व प्रधानमंत्री 'भारत रत्न' श्रद्धेय अटल बिहारी वाजपेयी जी की जयंती पर कोटि-कोटि नमन।",neutral,0.8125248551368713
Where and how well will INDIA bloc perform on Lok Sabha chessboard? https://www.indiatoday.in/diu/story/where-and-how-well-will-the-india-bloc-perform-on-lok-sabha-chessboard-2478002-2023-12-19?utm_source=rss #NewsInTweetsIndia #NewsInTweetsIn #NewsInTweets,2023-12-25 08:15:00,0,0,2024,Where and how well will INDIA bloc perform on Lok Sabha chessboard? NewsInTweetsIndia NewsInTweetsIn NewsInTweets,neutral,0.8485122919082642
"Total number of times MMS won his own lok sabha seat - ZERO Hence He was just a ramu kaka of Gandys Modi has lost an election, has won two general elections with highest number of MPs in last 40 years and has highest approval ratings amongst all the world leaders Hence he is the strongest PM",2023-12-25 07:37:00,119,16,2024,"Total number of times MMS won his own lok sabha seat - ZERO Hence He was just a ramu kaka of Gandys Modi has lost an election, has won two general elections with highest number of MPs in last 40 years and has highest approval ratings amongst all the world leaders Hence he is the strongest PM",neutral,0.4841758608818054
Well said . I am rahe to see impact of @annamalai_k anna in lok sabha 2024 election How much Bjp vote share will increase !,2023-12-25 08:13:00,0,0,2024,Well said . I am rahe to see impact of anna in lok sabha 2024 election How much Bjp vote share will increase !,positive,0.8541303277015686
"My dear,many are not opting for free electricity because the terms and conditions are stringent. Karnataka is getting ruined. Loksabha polls will reverse the situation",2023-12-25 08:13:00,0,1,2024,"My dear,many are not opting for free electricity because the terms and conditions are stringent. Karnataka is getting ruined. Loksabha polls will reverse the situation",negative,0.866718053817749
"WATCH | सुशील मोदी का नीतीश कुमार पर वार, 'नीतीश को मीडिया से दूर रख रही JDU' देखिए '12 से 2- पॉलिटिकल शो' @vivekstake के साथ https://abplive.com/live-tv | @ReporterAnkitG #AbpCVoter #OponionPolls #Loksabha #Bihar",2023-12-25 07:11:00,8,0,2024,"WATCH | सुशील मोदी का नीतीश कुमार पर वार, 'नीतीश को मीडिया से दूर रख रही JDU' देखिए '12 से 2- पॉलिटिकल शो' के साथ | AbpCVoter OponionPolls Loksabha Bihar",neutral,0.8770599961280823
Excellent post @Gargac da 👍 Etodwara janai je - JAMINI ROY moshai er jamata bongosontan PRASHANTA KUMAR GHOSH Ranchi (Bengal / Bhr & Orsa united province / Bihar & now #JhaDkhand / #ঝাড়খণ্ড nor #JhaRkhand / #ঝারখণ্ড) Lok Sabha constituency'r hatrick MP (1962 to 1977) chiln 🙏🌹,2023-12-25 08:10:00,1,0,2024,Excellent post da 👍 Etodwara janai je - JAMINI ROY moshai er jamata bongosontan PRASHANTA KUMAR GHOSH Ranchi (Bengal / Bhr & Orsa united province / Bihar & now JhaDkhand / ঝাড়খণ্ড nor JhaRkhand / ঝারখণ্ড) Lok Sabha constituency'r hatrick MP (1962 to 1977) chiln 🙏🌹,positive,0.8601226210594177
"#WATCH | On Union Minister Anurag Thakur's statement regarding the INDIA alliance, Karnataka Deputy CM DK Shivakumar says ""NDA alliance will break before (Lok Sabha) elections...""",2023-12-25 08:10:00,0,0,2024,"WATCH | On Union Minister Anurag Thakur's statement regarding the INDIA alliance, Karnataka Deputy CM DK Shivakumar says ""NDA alliance will break before (Lok Sabha) elections...""",neutral,0.86209636926651
Over 9500 Jan Aushadi Centers set up since launch of scheme in 2008: Union Health Minister Mansukh Mandaviya in Lok Sabha https://www.etvbharat.com/english/state/delhi/over-9500-jan-aushadi-centers-set-up-since-launch-of-scheme-in-2008-union-health-minister-mansukh-mandaviya-in-lok-sabha/na20230721162546596596433 via NaMo App,2023-12-25 08:09:00,0,0,2024,Over 9500 Jan Aushadi Centers set up since launch of scheme in 2008: Union Health Minister Mansukh Mandaviya in Lok Sabha via NaMo App,neutral,0.9103246331214905
"PM Modi, President Murmu pay tributes to Atal Bihari Vajpayee on his 99th birth anniversary #BharatRatna #AtalBihariVajpayeeJi #AtalBihariVajpayeeJi #BirthAnniversary #भारतरत्न #PMModi #DroupadiMurmu #SadaivAtal #Delhi #BJP #presidentmurmu #सदैव_अटल #GoodGovernanceDay #loksabha",2023-12-25 07:37:00,2,0,2024,"PM Modi, President Murmu pay tributes to Atal Bihari Vajpayee on his 99th birth anniversary BharatRatna AtalBihariVajpayeeJi AtalBihariVajpayeeJi BirthAnniversary भारतरत्न PMModi DroupadiMurmu SadaivAtal Delhi BJP presidentmurmu सदैव_अटल GoodGovernanceDay loksabha",positive,0.6080417633056641
#InPics | Defence Minister @rajnathsingh and Lok Sabha Speaker @ombirlakota arrive in Haridwar; received by #Uttarakhand Chief Minister @pushkardhami 📷ANI,2023-12-25 07:57:00,24,0,2024,InPics | Defence Minister and Lok Sabha Speaker arrive in Haridwar; received by Uttarakhand Chief Minister 📷ANI,neutral,0.9284772276878357
WATCH | ओपिनियन पोल पर यूपी बीजेपी का बयान मोदी के आगे कोई गठबंधन नहीं चलेगा- बीजेपी देखिए '12 से 2- पॉलिटिकल शो' @vivekstake के साथ https://abplive.com/live-tv #AbpCVoter #OponionPolls #Loksabha #UttarPradesh,2023-12-25 06:56:00,37,3,2024,WATCH | ओपिनियन पोल पर यूपी बीजेपी का बयान मोदी के आगे कोई गठबंधन नहीं चलेगा- बीजेपी देखिए '12 से 2- पॉलिटिकल शो' के साथ AbpCVoter OponionPolls Loksabha UttarPradesh,neutral,0.8539079427719116
बिहार में सियासी अटकलें तेज.. https://hittv.in/p/3FD30DD2136126 #jdu #meeting #delhi #loksabha #election,2023-12-25 08:06:00,0,0,2024,बिहार में सियासी अटकलें तेज.. jdu meeting delhi loksabha election,neutral,0.8048726320266724
MP Lok Sabha Sh. @mpjugalkishore participated in #ViksitBharatSankalpYatra at Nagrota in Jammu North .,2023-12-23 15:47:00,27,0,2024,MP Lok Sabha Sh. participated in ViksitBharatSankalpYatra at Nagrota in Jammu North .,neutral,0.9394960403442383
Delhi wala bote BJP in Lok Sabha. And it’s no major loss if BJP doesn’t win assembly. Delhi CM is basically chaprasi.,2023-12-24 00:33:00,2,0,2024,Delhi wala bote BJP in Lok Sabha. And it’s no major loss if BJP doesn’t win assembly. Delhi CM is basically chaprasi.,neutral,0.6218061447143555
"WATCH | लोकसभा चुनाव को लेकर पश्चिम बंगाल का ओपिनियन पोल, BJP को मिलीं चौंकाने वाली सीटें देखिए '12 से 2- पॉलिटिकल शो' @vivekstake के साथ https://abplive.com/live-tv #AbpCVoter #OponionPolls #Loksabha #WestBengal",2023-12-25 07:37:00,37,6,2024,"WATCH | लोकसभा चुनाव को लेकर पश्चिम बंगाल का ओपिनियन पोल, BJP को मिलीं चौंकाने वाली सीटें देखिए '12 से 2- पॉलिटिकल शो' के साथ AbpCVoter OponionPolls Loksabha WestBengal",neutral,0.8496299386024475
Lok Sabha Election Opinion Poll 2024 लोकसभा 2024 च्या निवडणुकीत महाराष्ट्रात महायुतीला मोठा फटका बसण्याची शक्यता आहे. सी व्होटरच्या ओपिनियन पोलनुसार महायुतीला 19 ते 21 जागा मिळण्याची शक्यता आहे.  तर महाविकास आघाडीच्या पारड्यात 26 ते 28 जागा पडण्याचा अंदाज आहे.,2023-12-25 08:03:00,1,0,2024,Lok Sabha Election Opinion Poll 2024 लोकसभा 2024 च्या निवडणुकीत महाराष्ट्रात महायुतीला मोठा फटका बसण्याची शक्यता आहे. सी व्होटरच्या ओपिनियन पोलनुसार महायुतीला 19 ते 21 जागा मिळण्याची शक्यता आहे. तर महाविकास आघाडीच्या पारड्यात 26 ते 28 जागा पडण्याचा अंदाज आहे.,neutral,0.8321704268455505
There are high chances of Congress winning the uttar kannada Loksabha constituency in upcoming elections. Uk District has elected 5 Congress MLA out of 7 seats & 2 seats bjp has won with a very narrow margin. There are rumours that bjp mla shivaram hebbar is going to join inc,2023-12-25 08:03:00,4,2,2024,There are high chances of Congress winning the uttar kannada Loksabha constituency in upcoming elections. Uk District has elected 5 Congress MLA out of 7 seats & 2 seats bjp has won with a very narrow margin. There are rumours that bjp mla shivaram hebbar is going to join inc,neutral,0.6298691034317017
"Nifty may log 17% gains in Lok Sabha election yr; levels of 24,000 likely in 2024 - @thenileshdesai - https://bit.ly/41EQ2bY #TheHinduPatrika #Latest #News",2023-12-25 08:00:00,0,0,2024,"Nifty may log 17% gains in Lok Sabha election yr; levels of 24,000 likely in 2024 - - TheHinduPatrika Latest News",neutral,0.6877351403236389
టార్గెట్‌ 45 సీట్లు..! దక్షిణాదిలో లోక్‌సభ స్థానాలపై కాంగ్రెస్‌ గురి!! || Congress targets Lok Sabha #loksabha #congress #loksabhaseats #ts #kerala #tamilnadu #abnnews,2023-12-25 08:00:00,14,0,2024,టార్గెట్‌ 45 సీట్లు..! దక్షిణాదిలో లోక్‌సభ స్థానాలపై కాంగ్రెస్‌ గురి!! || Congress targets Lok Sabha loksabha congress loksabhaseats ts kerala tamilnadu abnnews,neutral,0.6915818452835083
Vinamra shastri ji Om sai ram aache jagruti kar rahe ho evidence ke sath God bless you whatsup or call no 9021295833vanchit bahujan aagadi taluka karjat district ahmednagar Maharashtra India aap please loksabha election ladhaye esime aapki bhalahi hai,2023-12-25 07:59:00,0,0,2024,Vinamra shastri ji Om sai ram aache jagruti kar rahe ho evidence ke sath God bless you whatsup or call no 9021295833vanchit bahujan aagadi taluka karjat district ahmednagar Maharashtra India aap please loksabha election ladhaye esime aapki bhalahi hai,positive,0.8052866458892822
BRS IS playing do or die game for loksabha elections,2023-12-25 07:59:00,0,0,2024,BRS IS playing do or die game for loksabha elections,negative,0.5250528454780579
Policy continuity as BJP likely to retain power in 2024 Lok Sabha elections: Fitch Ratings https://indianexpress.com/article/business/economy/policy-continuity-as-bjp-likely-to-retain-power-in-2024-lok-sabha-elections-fitch-ratings-9065682/ via NaMo App,2023-12-25 07:55:00,0,0,2024,Policy continuity as BJP likely to retain power in 2024 Lok Sabha elections: Fitch Ratings via NaMo App,neutral,0.8029017448425293
Please watch and keep sharing till 2024 Loksabha elections 🙏 #ModiAgainIn2024 #LokSabhaElections2024 #Modiji4Nation,2023-12-25 04:36:00,3,0,2024,Please watch and keep sharing till 2024 Loksabha elections 🙏 ModiAgainIn2024 LokSabhaElections2024 Modiji4Nation,positive,0.8360130190849304
"लोकसभा चुनाव 2024 (Lok Sabha Election 2024) में अभी करीब चार महीने का वक्त बाकी है। कांग्रेस पार्टी सभी पार्टियों को एक कर भाजपा को चुनाव में हराने की रणनीति बना रही है लेकिन उसके ही नेता ऐसे बयान दें रहे है जिससे जिससे गठबंधन को लेकर सवाल उठ रहे है। दरअसल, कांग्रेस नेता आचार्य प्रमोद कृष्णम ने इंडिया गठबंधन को लेकर बड़ा बयान दिया है। उन्होंने संभल जिले में एक निजी कार्यक्रम में कहा कि अखिलेश यादव इंडिया गठबंधन का हिस्सा नहीं है। नेता ने बातचीत के दौरान कहा कि अखिलेश यादव की दुकान बंद चुकी है। ईडी और सीबीआई से डरकर ढोल बजा रहे हैं। उन्होंने कहा कि मोदी जी बीजेपी के पीएम नहीं मोदी जी हमारे भी पीएम है। #samabhal @samajwadiparty @yadavakhilesh @INCIndia @RahulGandhi @BJP4UP",2023-12-25 07:53:00,0,0,2024,"लोकसभा चुनाव 2024 (Lok Sabha Election 2024) में अभी करीब चार महीने का वक्त बाकी है। कांग्रेस पार्टी सभी पार्टियों को एक कर भाजपा को चुनाव में हराने की रणनीति बना रही है लेकिन उसके ही नेता ऐसे बयान दें रहे है जिससे जिससे गठबंधन को लेकर सवाल उठ रहे है। दरअसल, कांग्रेस नेता आचार्य प्रमोद कृष्णम ने इंडिया गठबंधन को लेकर बड़ा बयान दिया है। उन्होंने संभल जिले में एक निजी कार्यक्रम में कहा कि अखिलेश यादव इंडिया गठबंधन का हिस्सा नहीं है। नेता ने बातचीत के दौरान कहा कि अखिलेश यादव की दुकान बंद चुकी है। ईडी और सीबीआई से डरकर ढोल बजा रहे हैं। उन्होंने कहा कि मोदी जी बीजेपी के पीएम नहीं मोदी जी हमारे भी पीएम है। samabhal",neutral,0.8902302980422974
PM मोदी ने Lok Sabha में दी अटल बिहारी वाजपेयी को श्रद्धांजलि#atalbihari... https://invidious.perennialte.ch/NsDyPI2ZZLI?si=sNloAM6TNj9bAqb0 via @YouTube,2023-12-25 07:53:00,0,0,2024,PM मोदी ने Lok Sabha में दी अटल बिहारी वाजपेयी को श्रद्धांजलिatalbihari... via,neutral,0.8166851997375488
#Churu Lok Sabha Seat: Assembly constituencies 1) Nohar 2) Bhadra 3) Sadulpur 4)Taranagar 5)Sardarshahar 6) Churu 7)Ratangarh 8) Sujangarh Caste Equation: Muslim- 9.4% SC- 22.3% Jat- 23% Sikh- 3.0% #RuralVoters: 75.6% #UrbanVoters: 24.4%,2023-12-25 05:47:00,3,0,2024,Churu Lok Sabha Seat: Assembly constituencies 1) Nohar 2) Bhadra 3) Sadulpur 4)Taranagar 5)Sardarshahar 6) Churu 7)Ratangarh 8) Sujangarh Caste Equation: Muslim- 9.4% SC- 22.3% Jat- 23% Sikh- 3.0% RuralVoters: 75.6% UrbanVoters: 24.4%,neutral,0.917259693145752
How many seats Congress will win in Telangana out of 28 loksabha seats,2023-12-25 07:53:00,0,1,2024,How many seats Congress will win in Telangana out of 28 loksabha seats,neutral,0.8958183526992798
"#WATCH | Lok Sabha MPs C Thomas and AM Ariff suspended for the winter session of Parliament for ""displaying placards and entering the Well of the House""",2023-12-20 09:13:00,270,12,2024,"WATCH | Lok Sabha MPs C Thomas and AM Ariff suspended for the winter session of Parliament for ""displaying placards and entering the Well of the House""",negative,0.5654313564300537
Congress walo se Twitter me bakloli karwa lo. Loksabha me 2 seat se jyada nahi milane wali. Start working day and night to increase your numbers.,2023-12-25 07:51:00,1,0,2024,Congress walo se Twitter me bakloli karwa lo. Loksabha me 2 seat se jyada nahi milane wali. Start working day and night to increase your numbers.,neutral,0.736818253993988
Loksabha jaenge wo,2023-12-25 07:49:00,1,0,2024,Loksabha jaenge wo,neutral,0.8019905686378479
"‘Loot ki Dukaan', 'failed product': PM Modi targets Rahul Gandhi in Lok Sabha speech https://timesofindia.indiatimes.com/india/loot-ki-dukaan-failed-product-pm-modi-targets-rahul-gandhi-in-lok-sabha-speech/articleshow/102614770.cms?from=mdr via NaMo App",2023-12-25 07:49:00,0,0,2024,"‘Loot ki Dukaan', 'failed product': PM Modi targets Rahul Gandhi in Lok Sabha speech via NaMo App",negative,0.7542538642883301
"Had the privilege to speak on the BN (2nd) Sanhita, NS (2nd) Sanhita & Sakshya (2nd) Bills, 2023 in Lok Sabha. In addition to thanking our Hon. Prime Minister Shri @narendramodi ji & Hon. Home Minister Shri @AmitShah ji for bringing this important bill, I have requested the inclusion of stricter punishment for cases related to sexual assault on animals. Justice must not evade those who cannot ask for it.",2023-12-20 12:02:00,215,22,2024,"Had the privilege to speak on the BN (2nd) Sanhita, NS (2nd) Sanhita & Sakshya (2nd) Bills, 2023 in Lok Sabha. In addition to thanking our Hon. Prime Minister Shri ji & Hon. Home Minister Shri ji for bringing this important bill, I have requested the inclusion of stricter punishment for cases related to sexual assault on animals. Justice must not evade those who cannot ask for it.",positive,0.5509374737739563
WATCH | ओपिनियन पोल पर बोले सांसद मनोज तिवारी सर्वे से भी बेहतर नतीजा होगा- मनोज देखिए '12 से 2- पॉलिटिकल शो' @vivekstake के साथ https://abplive.com/live-tv | @ahmadbelalji #AbpCVoter #OponionPolls #Loksabha #BJP #ManojTiwari,2023-12-25 07:47:00,17,3,2024,WATCH | ओपिनियन पोल पर बोले सांसद मनोज तिवारी सर्वे से भी बेहतर नतीजा होगा- मनोज देखिए '12 से 2- पॉलिटिकल शो' के साथ | AbpCVoter OponionPolls Loksabha BJP ManojTiwari,neutral,0.8670485615730286
Congress has zero seats in West Bengal Assembly & 2 seats in Lok Sabha. Recently won Sagar Dighi assembly seat but your MLA jumped ship & joined TMC. BJP seats are more in rural & North Bengal.,2023-12-25 07:48:00,0,0,2024,Congress has zero seats in West Bengal Assembly & 2 seats in Lok Sabha. Recently won Sagar Dighi assembly seat but your MLA jumped ship & joined TMC. BJP seats are more in rural & North Bengal.,neutral,0.5383243560791016
In 2022 Assembly Elections @INCIndia lost it's Security Deposits on all 5 Assembly segments forming part of Amethi Lok Sabha Constituency. If they really cared then they would visited the Constituency every month or two.,2023-12-25 07:47:00,0,0,2024,In 2022 Assembly Elections lost it's Security Deposits on all 5 Assembly segments forming part of Amethi Lok Sabha Constituency. If they really cared then they would visited the Constituency every month or two.,negative,0.716398298740387
"""Our target is to get 51% vote share in 2024 elections. Prime Minister #Narendra & Home Minister #AmitShah held the meeting till late night. Different strategies will be prepared for Lok Sabha & Assembly elections. More focus will be given to Odisha. Central leaders will visit Odisha soon. Strategies have been prepared for a record win in 2024 in comparison to 2019,"" says #Odisha #BJP chief Manmohan Samal on BJP office bearers’ meet in Delhi (File Photo)",2023-12-25 07:47:00,4,0,2024,"""Our target is to get 51% vote share in 2024 elections. Prime Minister Narendra & Home Minister AmitShah held the meeting till late night. Different strategies will be prepared for Lok Sabha & Assembly elections. More focus will be given to Odisha. Central leaders will visit Odisha soon. Strategies have been prepared for a record win in 2024 in comparison to 2019,"" says Odisha BJP chief Manmohan Samal on BJP office bearers’ meet in Delhi (File Photo)",neutral,0.5515367984771729
"Bhajpa ko tabadtod videshi company ko bulakar berojgari door Krna chahiye anyatha kshetriya party loksabha me hawi hongi....Bhajpa diwaswapna me nhi rhe,sirf Ram mandir ,p.o.k.ya laddakh se kaam nhi chlega clean vision public ko chahiye.@_nupursharma @AmitShah @DrSJaishankar",2023-12-25 07:45:00,0,0,2024,"Bhajpa ko tabadtod videshi company ko bulakar berojgari door Krna chahiye anyatha kshetriya party loksabha me hawi hongi....Bhajpa diwaswapna me nhi rhe,sirf Ram mandir ,p.o.k.ya laddakh se kaam nhi chlega clean vision public ko chahiye.",neutral,0.6716077923774719
"For Lok Sabha Elections 2024, BJP will focus on positive campaigning and avoid mentioning negative topics. #LokSabhaElections2024 #ModiHaiNaa",2023-12-25 07:45:00,0,0,2024,"For Lok Sabha Elections 2024, BJP will focus on positive campaigning and avoid mentioning negative topics. LokSabhaElections2024 ModiHaiNaa",neutral,0.5523765087127686
"J&K Congress leaders to meet Kharge, discuss Lok Sabha election preparations https://www.takeonedigitalnetwork.com/jk-congress-leaders-to-meet-kharge-discuss-lok-sabha-election-preparations/",2023-12-25 07:44:00,0,0,2024,"J&K Congress leaders to meet Kharge, discuss Lok Sabha election preparations",neutral,0.9501651525497437
“Why Is He Crying Like A Child?”: Kalyan Banerjee #KalyanBanerjee #mimicry #LokSabha #JagdeepDhankhar Read Article: https://hwnews.in/news/national/why-is-he-crying-like-a-child-kalyan-banerjee/,2023-12-25 07:43:00,0,0,2024,“Why Is He Crying Like A Child?”: Kalyan Banerjee KalyanBanerjee mimicry LokSabha JagdeepDhankhar Read Article:,neutral,0.5662472248077393
"KARNATAKA LOKSABHA POLITICAL BREAKING: #SumalataGoogly: Mandya MP Sumalata MISLEADS KARNATAKA.! #STATEMENT: I'M STILL AN INDEPENDENT MP; I'VE NO CONNECTION WITH THE BJP. 📌I HAD JUST SUPPORTED THE BJP in Assembly Polls. 📌My contest in Mandya is Certain, if BJP denies me to offer Mandya ticket, I'll contest as an INDEPENDENT.!",2023-12-24 08:22:00,267,9,2024,"KARNATAKA LOKSABHA POLITICAL BREAKING: SumalataGoogly: Mandya MP Sumalata MISLEADS KARNATAKA.! STATEMENT: I'M STILL AN INDEPENDENT MP; I'VE NO CONNECTION WITH THE BJP. 📌I HAD JUST SUPPORTED THE BJP in Assembly Polls. 📌My contest in Mandya is Certain, if BJP denies me to offer Mandya ticket, I'll contest as an INDEPENDENT.!",neutral,0.7805846333503723
"Isko ghanta kuch nhi milega, sunil konugulu dekhega loksabha ke bad se",2023-12-25 07:40:00,4,0,2024,"Isko ghanta kuch nhi milega, sunil konugulu dekhega loksabha ke bad se",neutral,0.4904748499393463
BREAKING | Parliament Passes Bill On Election Commissioners Appointment; CJI Dropped From Selection Panel #LokSabha #ElectionCommission @awstika https://www.livelaw.in/top-stories/lok-sabha-appointment-chief-election-commissioner-election-commissioners-245090,2023-12-21 08:19:00,1393,240,2024,BREAKING | Parliament Passes Bill On Election Commissioners Appointment; CJI Dropped From Selection Panel LokSabha ElectionCommission,neutral,0.8408408761024475
विरोधी पक्ष एकत्र आला नाही तर महाराष्ट्रातील लोकसभेच्या ४८ जागा ताकदीनं लढवणार - प्रकाश आंबेडकर . . . #prakashambedekar #SujatAmbedkar #pune #election #LokSabha #maharashtra #Opposition #rashtrasanchar #maharashtranews #marathinews #Devara #SalmanKhan #ArrestSandeepSingh,2023-12-25 07:39:00,0,0,2024,विरोधी पक्ष एकत्र आला नाही तर महाराष्ट्रातील लोकसभेच्या ४८ जागा ताकदीनं लढवणार - प्रकाश आंबेडकर . . . prakashambedekar SujatAmbedkar pune election LokSabha maharashtra Opposition rashtrasanchar maharashtranews marathinews Devara SalmanKhan ArrestSandeepSingh,neutral,0.7880692481994629
No Alternative To PM Modi In 2024 Lok Sabha Polls: Ajit Pawar https://www.ndtv.com/india-news/no-alternative-to-pm-narendra-modi-in-2024-lok-sabha-polls-ajit-pawar-4738366,2023-12-25 06:51:00,17,6,2024,No Alternative To PM Modi In 2024 Lok Sabha Polls: Ajit Pawar,neutral,0.8753761649131775
From file: A war of words broke out between the BJP and the Congress on Wednesday over senior lawyer and Congress leader Kapil Sibal’s submission in the Supreme Court requesting it to defer hearing on the Ram Mandir till the 2019 Lok Sabha polls.,2023-12-25 07:37:00,0,0,2024,From file: A war of words broke out between the BJP and the Congress on Wednesday over senior lawyer and Congress leader Kapil Sibal’s submission in the Supreme Court requesting it to defer hearing on the Ram Mandir till the 2019 Lok Sabha polls.,neutral,0.7986308932304382
"Lok Sabha recorded 74% productivity, says Speaker https://timesofindia.indiatimes.com/india/lok-sabha-recorded-74-productivity-says-speaker/articleshow/106195067.cms via NaMo App",2023-12-25 07:37:00,0,0,2024,"Lok Sabha recorded 74% productivity, says Speaker via NaMo App",neutral,0.5273207426071167
https://www.teluguone.com/news/content/sharmila-to-contest-from-kadapa-loksabha-as-tdp-candidate-25-167615.html కడప నుంచి టీడీపీ అభ్యర్థిగా లోక్ సభకు షర్మిల.. లోకేష్ కు క్రిస్మస్ గిఫ్ట్ సంకేతం ఇదేనా? #sharmila #Lokesh #gifted #Jagan #shock #Kadapa #LokSabha #TDP #candidates #Contest,2023-12-25 07:36:00,0,0,2024,కడప నుంచి టీడీపీ అభ్యర్థిగా లోక్ సభకు షర్మిల.. లోకేష్ కు క్రిస్మస్ గిఫ్ట్ సంకేతం ఇదేనా? sharmila Lokesh gifted Jagan shock Kadapa LokSabha TDP candidates Contest,neutral,0.765057384967804
AAP will struggle to get more than 2 seats in Lok Sabha in 2024 .. both from Punjab,2023-12-25 07:35:00,0,0,2024,AAP will struggle to get more than 2 seats in Lok Sabha in 2024 .. both from Punjab,negative,0.6393913626670837
"Wishing Happy Birthday to Hon'ble Minister of State for Social Justice and Empowerment, Govt. of India🇮🇳 Shri @RamdasAthawale Ji. Prayers to god for his happiness and good health.",2023-12-25 05:30:00,8,0,2024,"Wishing Happy Birthday to Hon'ble Minister of State for Social Justice and Empowerment, Govt. of India🇮🇳 Shri Ji. Prayers to god for his happiness and good health.",positive,0.984039843082428
I pay my humble tributes to Bharat🇮🇳 Ratna #AtalBihariVajpayee Ji on his Jayanti. Today we stand strong as a nation with commitment of progress & growth by following the path of Atal Ji. He inspired and ruled millions of hearts with his work. @BJP4India | @narendramodi,2023-12-25 06:31:00,9,0,2024,I pay my humble tributes to Bharat🇮🇳 Ratna AtalBihariVajpayee Ji on his Jayanti. Today we stand strong as a nation with commitment of progress & growth by following the path of Atal Ji. He inspired and ruled millions of hearts with his work. |,positive,0.9516434669494629
"Baune Duryodhan…” Lok Sabha MP Ramesh Bidhuri rains fire at Opposition with ‘hard-hitting’ facts about their leaders including Nehru ji, and so-called democracy during their rule",2023-12-24 06:55:00,210,1,2024,"Baune Duryodhan…” Lok Sabha MP Ramesh Bidhuri rains fire at Opposition with ‘hard-hitting’ facts about their leaders including Nehru ji, and so-called democracy during their rule",neutral,0.7363787293434143
😂is se ye to pta chala atleast aayega to Modi he....... Tum likh kr le lo iss loksabha election mai 25% yadav bjp ke sath Jane Wale h. Aur 20% muslim v...🤤 Aur up mai 72+ seat aana v fix h..,2023-12-25 07:31:00,0,0,2024,😂is se ye to pta chala atleast aayega to Modi he....... Tum likh kr le lo iss loksabha election mai 25% yadav bjp ke sath Jane Wale h. Aur 20% muslim v...🤤 Aur up mai 72+ seat aana v fix h..,neutral,0.7654649019241333
"Bihar CM Nitish Kumar expressed support for an early determination of seat-sharing formula in a recent meeting, emphasizing the need for timely decisions to enable a united front in the 2024 Lok Sabha elections for the INDIA alliance.",2023-12-25 07:31:00,0,0,2024,"Bihar CM Nitish Kumar expressed support for an early determination of seat-sharing formula in a recent meeting, emphasizing the need for timely decisions to enable a united front in the 2024 Lok Sabha elections for the INDIA alliance.",neutral,0.6432004570960999
Rayalaseema lo Loksabha constituency ki min oka assembly seat 💯,2023-12-25 07:30:00,1,0,2024,Rayalaseema lo Loksabha constituency ki min oka assembly seat 💯,neutral,0.8365588188171387
@PMOIndia @HMOIndia @ECISVEEP Our literacy percentage has climbed to 80%. It is high time a law is enacted to prescribe minimum education qualification for all elected representative from panchayat to Loksabha. It is absurd that MP level person boasting in parliament on record,2023-12-09 15:10:00,2,1,2024,Our literacy percentage has climbed to 80%. It is high time a law is enacted to prescribe minimum education qualification for all elected representative from panchayat to Loksabha. It is absurd that MP level person boasting in parliament on record,negative,0.5890018939971924
Kapil Sibal on Speaker's Bipartisanship | Lok Sabha's Role | Rajya Sabha MP Insights #LokSabha #RajyaSabha #KapilSibal #SpeakerRole #Bipartisanship #HouseRepresentation #ConstitutionalSignificance https://invidious.perennialte.ch/WUi761ddh7A,2023-12-25 07:27:00,0,0,2024,Kapil Sibal on Speaker's Bipartisanship | Lok Sabha's Role | Rajya Sabha MP Insights LokSabha RajyaSabha KapilSibal SpeakerRole Bipartisanship HouseRepresentation ConstitutionalSignificance,neutral,0.9493487477302551
Policy continuity as BJP likely to retain power in 2024 Lok Sabha elections: Fitch Ratings https://indianexpress.com/article/business/economy/policy-continuity-as-bjp-likely-to-retain-power-in-2024-lok-sabha-elections-fitch-ratings-9065682/ via NaMo App,2023-12-25 07:26:00,0,0,2024,Policy continuity as BJP likely to retain power in 2024 Lok Sabha elections: Fitch Ratings via NaMo App,neutral,0.8029017448425293
शीतकालीन सत्र में निलंबित सांसदों द्वारा पूछे गए 264 प्रश्न संसद की कार्यवाही से हटाए गए https://thewirehindi.com/264382/264-questions-raised-by-suspended-opposition-mps-deleted-from-records/ #ParliamentSecurityBreach #MPSuspended #LokSabha #RajyaSabha #संसदसुरक्षाचूक #सांसदनिलंबित #लोकसभा #राज्यसभा,2023-12-23 15:40:00,312,9,2024,शीतकालीन सत्र में निलंबित सांसदों द्वारा पूछे गए 264 प्रश्न संसद की कार्यवाही से हटाए गए ParliamentSecurityBreach MPSuspended LokSabha RajyaSabha संसदसुरक्षाचूक सांसदनिलंबित लोकसभा राज्यसभा,neutral,0.7308651208877563
News channels have already started programming for Lok Sabha elections. 5-6 months of this? Ufff …,2023-12-25 04:08:00,14,3,2024,News channels have already started programming for Lok Sabha elections. 5-6 months of this? Ufff …,neutral,0.6954075694084167
"Samajwadi Party Akhilesh Yadav Own Trap And Trouble By BSP Chief Mayawati Situation Lok Sabha Elections | UP Politics: अपने बनाए जाल में फंसी सपा, BSP भी परेशानी का सबब, असमंजस की हालत, नेता खुद करने लगे खंडन https://www.abplive.com/states/up-uk/samajwadi-party-akhilesh-yadav-own-trap-and-trouble-by-bsp-chief-mayawati-situation-lok-sabha-elections-2568897",2023-12-25 07:21:00,0,1,2024,"Samajwadi Party Akhilesh Yadav Own Trap And Trouble By BSP Chief Mayawati Situation Lok Sabha Elections | UP Politics: अपने बनाए जाल में फंसी सपा, BSP भी परेशानी का सबब, असमंजस की हालत, नेता खुद करने लगे खंडन",neutral,0.8170232176780701
BIG NEWS Like recently concluded Assembly elections BJP is expected to announce candidates for several Lok Sabha seats in advance. Few candidates for Bihar and Jharkhand will be announced in January itself.,2023-12-24 07:17:00,2183,11,2024,BIG NEWS Like recently concluded Assembly elections BJP is expected to announce candidates for several Lok Sabha seats in advance. Few candidates for Bihar and Jharkhand will be announced in January itself.,neutral,0.7602099776268005
"Opinion Poll 2024 : महाराष्ट्रात ठाकरे, पवारच पॉवरफुल्ल, महायुतीची पिछेहाट, ओपिनियन पोलची आकडेवारी पाहा https://marathi.abplive.com/news/maharashtra/lok-sabha-election-2024-maharashtra-opinion-poll-mha-vikas-aghadi-has-more-advantage-than-nda-eknath-shinde-devendra-fadanvis-ajit-pawar-1240656 #LokSabhaElection2024 #LokSabha",2023-12-25 06:04:00,54,9,2024,"Opinion Poll 2024 : महाराष्ट्रात ठाकरे, पवारच पॉवरफुल्ल, महायुतीची पिछेहाट, ओपिनियन पोलची आकडेवारी पाहा LokSabhaElection2024 LokSabha",neutral,0.8053150773048401
@kharge @RahulGandhi @priyankagandhi @NANA_PATOLE Please try hard in Maharashtra. It's the financial capital state of India. It's also a pro Congress state. Try to win double digit Lok Sabha seats & 80 assembly seats next year!,2023-12-25 07:19:00,1,0,2024,Please try hard in Maharashtra. It's the financial capital state of India. It's also a pro Congress state. Try to win double digit Lok Sabha seats & 80 assembly seats next year!,positive,0.7772296071052551
Bjp has nothing to gain in kerla.. Its better to focus more on Tamil nadu,2023-12-25 07:18:00,2,1,2024,Bjp has nothing to gain in kerla.. Its better to focus more on Tamil nadu,negative,0.6810269951820374
Congress will get below 50 seats in next Lok Sabha elections and regional parties are also going to get a take big hit as well in 2024 because of their Alliance with Congress. @narendramodi ji will form a govt with over 350 seats. The problem of Congress and Alliance partners is,2023-12-25 07:17:00,0,1,2024,Congress will get below 50 seats in next Lok Sabha elections and regional parties are also going to get a take big hit as well in 2024 because of their Alliance with Congress. ji will form a govt with over 350 seats. The problem of Congress and Alliance partners is,neutral,0.547583818435669
#Dhartiputra: 'एक दिन सपा नेता स्वामी प्रसाद मौर्य गाली देते हैं.. दूसरे दिन आप ब्राह्मणों का सम्मेलन और उनका सम्मान करते हैं.. इसे दोगलापन कहा जाएगा..'- राजनीतिक विश्लेषक @arvindvnsingh @VidyaNathJha #SamajwadiParty #UPPolitics #BJP #Loksabha,2023-12-24 13:28:00,23,4,2024,Dhartiputra: 'एक दिन सपा नेता स्वामी प्रसाद मौर्य गाली देते हैं.. दूसरे दिन आप ब्राह्मणों का सम्मेलन और उनका सम्मान करते हैं.. इसे दोगलापन कहा जाएगा..'- राजनीतिक विश्लेषक SamajwadiParty UPPolitics BJP Loksabha,neutral,0.8189961910247803
Sir BJP leaders should get under siddaramaiah's skin now. Tempered comments can irritate him no end. Start galvanizing the electorate against him after the lok sabha elections,2023-12-25 07:17:00,0,0,2024,Sir BJP leaders should get under siddaramaiah's skin now. Tempered comments can irritate him no end. Start galvanizing the electorate against him after the lok sabha elections,negative,0.8204715847969055
"The BJP aims for a 10% increase in vote share in the upcoming 2024 Lok Sabha polls. Senior party leaders urged the workers to prioritize effective booth management, aiming for a more than 10% increase in vote share in the 2024 Lok Sabha polls compared to 2019. @esha__mishra",2023-12-24 02:02:00,27,5,2024,"The BJP aims for a 10% increase in vote share in the upcoming 2024 Lok Sabha polls. Senior party leaders urged the workers to prioritize effective booth management, aiming for a more than 10% increase in vote share in the 2024 Lok Sabha polls compared to 2019.",neutral,0.622520923614502
Lok Sabha = Bjpa 9 Congress 1,2023-12-25 07:14:00,0,0,2024,Lok Sabha = Bjpa 9 Congress 1,neutral,0.9288668036460876
BJP is Planning to field Deputy CM Keshav Prasad Maurya from the Badaun Loksabha against Dharmendra Yadav #LoksabhaElection2024,2023-12-24 17:05:00,98,4,2024,BJP is Planning to field Deputy CM Keshav Prasad Maurya from the Badaun Loksabha against Dharmendra Yadav LoksabhaElection2024,neutral,0.9246395230293274
"Lok Sabha recorded 74% productivity, says Speaker https://timesofindia.indiatimes.com/india/lok-sabha-recorded-74-productivity-says-speaker/articleshow/106195067.cms via NaMo App",2023-12-25 07:13:00,0,0,2024,"Lok Sabha recorded 74% productivity, says Speaker via NaMo App",neutral,0.5273207426071167
WATCH | बिहार के ओपिनियन पोल पर बोली RJD बिहार में BJP का खाता नहीं खुलेगा- RJD देखिए '12 से 2- पॉलिटिकल शो' @vivekstake के साथ https://abplive.com/live-tv #AbpCVoter #OponionPolls #Loksabha #Bihar,2023-12-25 07:06:00,18,5,2024,WATCH | बिहार के ओपिनियन पोल पर बोली RJD बिहार में BJP का खाता नहीं खुलेगा- RJD देखिए '12 से 2- पॉलिटिकल शो' के साथ AbpCVoter OponionPolls Loksabha Bihar,neutral,0.846754252910614
Ise kehte hai kaala akshar bhais barabar...Abe ponga pandit...main 303 or 70 loksabha seats ko baat kar Raha tha..aarakshan ki nahi..yahi hota hai jab padhayi likhayi chodh ke joota chatayi me lag jaate hai log..aarakshan or dusro ki bhikh PE plne waale ganwar se or kya ummed kre,2023-12-25 07:13:00,0,0,2024,Ise kehte hai kaala akshar bhais barabar...Abe ponga pandit...main 303 or 70 loksabha seats ko baat kar Raha tha..aarakshan ki nahi..yahi hota hai jab padhayi likhayi chodh ke joota chatayi me lag jaate hai log..aarakshan or dusro ki bhikh PE plne waale ganwar se or kya ummed kre,neutral,0.7585499286651611
There’s no shortcut to victory. Only hard work pays. And BJP knows it even after comfort of 2 consecutive Loksabha terms. You can’t just waltz your way. Those days are gone.,2023-12-25 06:55:00,10,0,2024,There’s no shortcut to victory. Only hard work pays. And BJP knows it even after comfort of 2 consecutive Loksabha terms. You can’t just waltz your way. Those days are gone.,neutral,0.5047593116760254
...जब PM Modi ने Lok Sabha में बाघ को बंदूक का लाइसेंस दिखाने की कहानी सुनाई! https://nm-4.com/oq1TPT via NaMo App,2023-12-25 07:10:00,0,0,2024,...जब PM Modi ने Lok Sabha में बाघ को बंदूक का लाइसेंस दिखाने की कहानी सुनाई! via NaMo App,neutral,0.8510270714759827
By @mhandistodaa,2023-12-24 15:54:00,7447,371,2024,By,neutral,0.4882940649986267
"And the wait is over. Chief Electoral Officer, Gujarat presents Digital Content Competition. If you can create that encourage voters to #Vote during Lok Sabha Elections 2024, then the stage is yours. https://chunavsetu.gujarat.gov.in/DigitalCreator Bring out the best. #sveep #gujarat @CEOGujarat",2023-12-25 07:09:00,4,0,2024,"And the wait is over. Chief Electoral Officer, Gujarat presents Digital Content Competition. If you can create that encourage voters to Vote during Lok Sabha Elections 2024, then the stage is yours. Bring out the best. sveep gujarat",positive,0.9069730043411255
"95% villages in India have schools within 5 km, government tells Lok Sabha  https://timesofindia.indiatimes.com/india/95-villages-in-india-have-schools-within-5-km-government-tells-lok-sabha/articleshow/90353723.cms via NaMo App",2023-12-25 07:09:00,0,0,2024,"95% villages in India have schools within 5 km, government tells Lok Sabha via NaMo App",neutral,0.81441330909729
"শুভেন্দু অধিকারী সেই ব্যক্তি, যাঁকে দেখলে সাধারণ মানুষ, অরাজনৈতিক সর্বত্যাগী সন্ন্যাসী, গৃহবধূ, স্কুল পড়ুয়া, রিক্সা চালক, ফিল্মি নায়ক নায়িকা , আইআইটির বিজ্ঞানী থেকে শুরু করে সমাজের সর্বস্তরের সবাই সেলফি নিতে চায়, ছবি তুলতে চায়। চায় কাছে যেতে,চায় এইবার ছুঁয়ে দেখতে।জনপ্রিয়তম রাজনৈতিক নক্ষত্র জননায়ক শুভেন্দু অধিকারীর ক্যারিশমা আকাশস্পর্শী @SuvenduWB",2023-12-24 15:53:00,127,19,2024,"শুভেন্দু অধিকারী সেই ব্যক্তি, যাঁকে দেখলে সাধারণ মানুষ, অরাজনৈতিক সর্বত্যাগী সন্ন্যাসী, গৃহবধূ, স্কুল পড়ুয়া, রিক্সা চালক, ফিল্মি নায়ক নায়িকা , আইআইটির বিজ্ঞানী থেকে শুরু করে সমাজের সর্বস্তরের সবাই সেলফি নিতে চায়, ছবি তুলতে চায়। চায় কাছে যেতে,চায় এইবার ছুঁয়ে দেখতে।জনপ্রিয়তম রাজনৈতিক নক্ষত্র জননায়ক শুভেন্দু অধিকারীর ক্যারিশমা আকাশস্পর্শী",neutral,0.743057370185852
"According to Muslims around the world, Santa was also Muslim so let me present you with AHMAD CLAUS. ~ @Kobra_bites",2023-12-24 15:59:00,4006,728,2024,"According to Muslims around the world, Santa was also Muslim so let me present you with AHMAD CLAUS. ~",neutral,0.7789047360420227
গ্রামবাংলায় এদের সেয়ানা পাগল বলে। ডাক্তারের চিকিৎসায় কাজ হয় না। গ্রামবাসীদের হাতের চিকিৎসাই যথেষ্ট।,2023-12-24 14:05:00,89,24,2024,গ্রামবাংলায় এদের সেয়ানা পাগল বলে। ডাক্তারের চিকিৎসায় কাজ হয় না। গ্রামবাসীদের হাতের চিকিৎসাই যথেষ্ট।,neutral,0.7339882254600525
#GeetaJayanti,2023-12-24 08:45:00,1246,23,2024,GeetaJayanti,neutral,0.6305258870124817
Please fight the Loksabha election for BJP . Don't disrespect your chair by doing this .,2023-12-24 11:31:00,93,4,2024,Please fight the Loksabha election for BJP . Don't disrespect your chair by doing this .,negative,0.6407822370529175
"BJP leadership in Delhi has been in question for years now. But for loksabha elections, Modi performance/guarantee/magic is expected to win over all challenges. @ANI @JPNadda @aajtak",2023-12-25 07:06:00,0,0,2024,"BJP leadership in Delhi has been in question for years now. But for loksabha elections, Modi performance/guarantee/magic is expected to win over all challenges.",neutral,0.6066969633102417
His speech on reply to 1996 confidence motion still reverberates in the old Lok Sabha. Giant of a man 🫡,2023-12-25 07:06:00,0,0,2024,His speech on reply to 1996 confidence motion still reverberates in the old Lok Sabha. Giant of a man 🫡,positive,0.9039814472198486
महायुती की मविआ लोकसभेत कोण कोणावर भारी? ओपिनियन पोलमध्ये समोर #LokSabha #EknathShinde #UddhavThackeray,2023-12-24 15:09:00,37,1,2024,महायुती की मविआ लोकसभेत कोण कोणावर भारी? ओपिनियन पोलमध्ये समोर LokSabha EknathShinde UddhavThackeray,neutral,0.814020574092865
"Brs dhi adhey avvuddi le. Wait and see. Entho time ledu, you will see what happens in the loksabha and next 2 years that follow.",2023-12-25 07:05:00,0,0,2024,"Brs dhi adhey avvuddi le. Wait and see. Entho time ledu, you will see what happens in the loksabha and next 2 years that follow.",neutral,0.8802575469017029
"टीएमसी सांसद ने फिर की उपराष्ट्रपति की मिमिक्री बोले,जरूरत पड़ी तो बार-बार करूंगा #TMC #mimicked #VicePresident #KalyanBanerjee #PMModi #JagdeepDhankhar #LoksabhaElection2024 #LokSabha https://primetvindia.com/mc-mp-again-mimicked-the-vice-president/",2023-12-25 07:05:00,0,0,2024,"टीएमसी सांसद ने फिर की उपराष्ट्रपति की मिमिक्री बोले,जरूरत पड़ी तो बार-बार करूंगा TMC mimicked VicePresident KalyanBanerjee PMModi JagdeepDhankhar LoksabhaElection2024 LokSabha",neutral,0.8040114641189575
WATCH | यूपी में 75 सीट से जीत रही है BJP? वरिष्ठ पत्रकार राम कृपाल सिंह से समझिए! देखिए '12 से 2- पॉलिटिकल शो' @vivekstake के साथ https://abplive.com/live-tv #AbpCVoter #OponionPolls #Loksabha #UttarPradesh,2023-12-25 06:55:00,16,2,2024,WATCH | यूपी में 75 सीट से जीत रही है BJP? वरिष्ठ पत्रकार राम कृपाल सिंह से समझिए! देखिए '12 से 2- पॉलिटिकल शो' के साथ AbpCVoter OponionPolls Loksabha UttarPradesh,neutral,0.8335865139961243
"Despite losing Lok Sabha elections in 2004, he continued to serve as a member of the Rajya Sabha until 2009.@narendramodi @AmitShah @JPNadda #सदैव_अटल",2023-12-25 07:05:00,0,0,2024,"Despite losing Lok Sabha elections in 2004, he continued to serve as a member of the Rajya Sabha until 2009. सदैव_अटल",neutral,0.8581896424293518
Congress will get below 50 seats in next Lok Sabha elections and regional parties are also going to get a take big hit as well in 2024 because of their Alliance with Congress. @narendramodi ji will form a govt with over 350 seats. The problem of Congress and Alliance partners is,2023-12-25 07:03:00,0,1,2024,Congress will get below 50 seats in next Lok Sabha elections and regional parties are also going to get a take big hit as well in 2024 because of their Alliance with Congress. ji will form a govt with over 350 seats. The problem of Congress and Alliance partners is,neutral,0.547583818435669
"Bhai Italy jakar celebrate karo , yaha to sanatan dharm wale festival manaye jate hai , ek trip maar do fresh hokar aao loksabha ka election bhi to Harna hai",2023-12-25 02:03:00,73,7,2024,"Bhai Italy jakar celebrate karo , yaha to sanatan dharm wale festival manaye jate hai , ek trip maar do fresh hokar aao loksabha ka election bhi to Harna hai",neutral,0.7767285704612732
"The government may not make big announcements in the coming #Budget2024 as it will be a Vote on Account before the Lok Sabha elections, says Yogesh Patil, CIO-Equity at LIC Mutual Fund. https://www.livemint.com/budget/expectations/budget-2024-expect-no-big-announcements-market-to-see-stock-specific-movements-says-yogesh-patil-of-lic-mutual-fund-11703342769782.html",2023-12-24 16:00:00,15,6,2024,"The government may not make big announcements in the coming Budget2024 as it will be a Vote on Account before the Lok Sabha elections, says Yogesh Patil, CIO-Equity at LIC Mutual Fund.",neutral,0.8486823439598083
"Prime Minister Shri @narendramodi and @loksabhaspeaker Shri @ombirlakota led parliamentarians in paying floral tributes at the portrait of #PanditMadanMohanMalaviya in the Central Hall of Samvidhan Sadan on his Birth Anniversary, today.",2023-12-25 07:03:00,18,1,2024,"Prime Minister Shri and Shri led parliamentarians in paying floral tributes at the portrait of PanditMadanMohanMalaviya in the Central Hall of Samvidhan Sadan on his Birth Anniversary, today.",positive,0.5148314237594604
"Delhi: Prime Minister Narendra Modi, Lok Sabha Speaker Om Birla, Rajya Sabha Deputy Chairman Harivansh, Defence Minister Rajnath Singh, BJP national president JP Nadda and other leaders pay tribute to Pandit Madan Mohan Malaviya at Central Hall in the Parliament, on his birth anniversary. #MadanMohanMalaviya #BirthAnniversary #BharatRatna #TheStatesman",2023-12-25 07:02:00,0,0,2024,"Delhi: Prime Minister Narendra Modi, Lok Sabha Speaker Om Birla, Rajya Sabha Deputy Chairman Harivansh, Defence Minister Rajnath Singh, BJP national president JP Nadda and other leaders pay tribute to Pandit Madan Mohan Malaviya at Central Hall in the Parliament, on his birth anniversary. MadanMohanMalaviya BirthAnniversary BharatRatna TheStatesman",neutral,0.5808263421058655
27 women judges appointed in high courts in one year: Govt in Lok Sabha https://timesofindia.indiatimes.com/india/27-women-judges-appointed-in-high-courts-in-one-year-govt-in-lok-sabha/articleshow/90593339.cms via NaMo App,2023-12-25 07:02:00,0,0,2024,27 women judges appointed in high courts in one year: Govt in Lok Sabha via NaMo App,neutral,0.8775016665458679
"भारतीय राजनीति में उत्कृष्ट लोकतांत्रिक मूल्यों के संवाहक, पूर्व प्रधानमंत्री, 'भारत रत्न' श्रद्धेय अटल बिहारी वाजपेयी जी की जयंती 'सुशासन दिवस' के अवसर पर उनकी प्रतिमा पर पुष्पांजलि कर श्रद्धांजलि दी। श्रद्धेय अटल जी की पावन स्मृतियां हम सभी के हृदय में सदैव जीवंत रहेंगी।",2023-12-25 05:05:00,7196,536,2024,"भारतीय राजनीति में उत्कृष्ट लोकतांत्रिक मूल्यों के संवाहक, पूर्व प्रधानमंत्री, 'भारत रत्न' श्रद्धेय अटल बिहारी वाजपेयी जी की जयंती 'सुशासन दिवस' के अवसर पर उनकी प्रतिमा पर पुष्पांजलि कर श्रद्धांजलि दी। श्रद्धेय अटल जी की पावन स्मृतियां हम सभी के हृदय में सदैव जीवंत रहेंगी।",neutral,0.8254637122154236
"प्रधानमंत्री श्री @narendramodi एवं राष्ट्रीय अध्यक्ष श्री @JPNadda ने कल भाजपा केंद्रीय कार्यालय, नई दिल्ली में ""राष्ट्रीय पदाधिकारी बैठक"" का शुभारम्भ किया। इस अवसर पर प्रधानमंत्री मोदी जी एवं राष्ट्रीय अध्यक्ष जी ने बैठक को संबोधित किया। #BJP4IND #BJP4UP",2023-12-23 05:38:00,400,14,2024,"प्रधानमंत्री श्री एवं राष्ट्रीय अध्यक्ष श्री ने कल भाजपा केंद्रीय कार्यालय, नई दिल्ली में ""राष्ट्रीय पदाधिकारी बैठक"" का शुभारम्भ किया। इस अवसर पर प्रधानमंत्री मोदी जी एवं राष्ट्रीय अध्यक्ष जी ने बैठक को संबोधित किया। BJP4IND BJP4UP",neutral,0.8111644983291626
उच्च गुणवत्ता और किफायती स्वास्थ्य देखभाल हेतु प्रतिबद्ध भाजपा सरकार 1.59 लाख से अधिक आयुष्मान भारत स्वास्थ्य और आरोग्य केंद्र देश में क्रियाशील #ModiKiGuarantee,2023-12-23 11:30:00,328,8,2024,उच्च गुणवत्ता और किफायती स्वास्थ्य देखभाल हेतु प्रतिबद्ध भाजपा सरकार 1.59 लाख से अधिक आयुष्मान भारत स्वास्थ्य और आरोग्य केंद्र देश में क्रियाशील ModiKiGuarantee,neutral,0.788679838180542
"महान स्वतंत्रता सेनानी, समाज सुधारक एवं शिक्षाविद, भारत रत्न महामना पंडित मदन मोहन मालवीय जी की जयंती पर उन्हें शत्-शत् नमन। युवाओं में शिक्षा की अलख जगाकर राष्ट्र-प्रेम जाग्रत करने हेतु समर्पित उनका जीवन अनुकरणीय है।",2023-12-25 06:27:00,40,2,2024,"महान स्वतंत्रता सेनानी, समाज सुधारक एवं शिक्षाविद, भारत रत्न महामना पंडित मदन मोहन मालवीय जी की जयंती पर उन्हें शत्-शत् नमन। युवाओं में शिक्षा की अलख जगाकर राष्ट्र-प्रेम जाग्रत करने हेतु समर्पित उनका जीवन अनुकरणीय है।",neutral,0.7830642461776733
"आज लखनऊ स्थित लोक भवन में मा0 मुख्यमंत्री श्री योगी आदित्यनाथ जी, मा0 प्रदेश अध्यक्ष श्री भूपेंद्र सिंह चौधरी जी तथा मा0 उपमुख्यमंत्री श्री ब्रजेश पाठक जी एवं वरिष्ठ मंत्री गणों के साथ भारत रत्न श्रद्धेय स्व0 अटल बिहारी वाजपेयी जी की जयंती पर उनकी प्रतिमा पर पुष्पांजलि अर्पित कर नमन किया। @myogiadityanath @Bhupendraupbjp @brajeshpathakup #AtalBihariVajpayeeJi #SushashanDiwas #GoodGovernanceDay",2023-12-25 05:55:00,429,30,2024,"आज लखनऊ स्थित लोक भवन में मा0 मुख्यमंत्री श्री योगी आदित्यनाथ जी, मा0 प्रदेश अध्यक्ष श्री भूपेंद्र सिंह चौधरी जी तथा मा0 उपमुख्यमंत्री श्री ब्रजेश पाठक जी एवं वरिष्ठ मंत्री गणों के साथ भारत रत्न श्रद्धेय स्व0 अटल बिहारी वाजपेयी जी की जयंती पर उनकी प्रतिमा पर पुष्पांजलि अर्पित कर नमन किया। AtalBihariVajpayeeJi SushashanDiwas GoodGovernanceDay",neutral,0.823974609375
"महाप्रसाद जननी, सर्व सौभाग्यवर्धिनी। आधि व्याधि हरा नित्यं, तुलसी त्वं नमोस्तुते।। आप सभी प्रदेशवासियों को 'तुलसी पूजन' दिवस की हार्दिक बधाई एवं शुभकामनाएं।",2023-12-25 03:18:00,512,26,2024,"महाप्रसाद जननी, सर्व सौभाग्यवर्धिनी। आधि व्याधि हरा नित्यं, तुलसी त्वं नमोस्तुते।। आप सभी प्रदेशवासियों को 'तुलसी पूजन' दिवस की हार्दिक बधाई एवं शुभकामनाएं।",neutral,0.780055582523346
"आज भारतीय जनता पार्टी के पितामह,भारतीय राजनीति के अजातशत्रु व हमारे प्रेरणास्रोत पूर्व प्रधानमंत्री 'भारत रत्न' श्रद्धेय अटल बिहारी वाजपेयी जी की जयंती 'सुशासन दिवस' के अवसर पर अटल बिहारी साइंटिफिक कंवेंशन सेंटर, लखनऊ में श्रद्धेय अटल जी की प्रतिमा पर पुष्पांजलि अर्पित कर उन्हें कोटिशः नमन करते हुए। @PMOIndia @BJP4India @BJP4UP",2023-12-25 06:40:00,241,24,2024,"आज भारतीय जनता पार्टी के पितामह,भारतीय राजनीति के अजातशत्रु व हमारे प्रेरणास्रोत पूर्व प्रधानमंत्री 'भारत रत्न' श्रद्धेय अटल बिहारी वाजपेयी जी की जयंती 'सुशासन दिवस' के अवसर पर अटल बिहारी साइंटिफिक कंवेंशन सेंटर, लखनऊ में श्रद्धेय अटल जी की प्रतिमा पर पुष्पांजलि अर्पित कर उन्हें कोटिशः नमन करते हुए।",neutral,0.821616530418396
पूर्व प्रधानमंत्री आदरणीय अटल बिहारी वाजपेयी जी को उनकी जयंती पर देश के सभी परिवारजनों की ओर से मेरा कोटि-कोटि नमन। वे जीवनपर्यंत राष्ट्र निर्माण को गति देने में जुटे रहे। मां भारती के लिए उनका समर्पण और सेवा भाव अमृतकाल में भी प्रेरणास्रोत बना रहेगा।,2023-12-25 03:05:00,46418,6022,2024,पूर्व प्रधानमंत्री आदरणीय अटल बिहारी वाजपेयी जी को उनकी जयंती पर देश के सभी परिवारजनों की ओर से मेरा कोटि-कोटि नमन। वे जीवनपर्यंत राष्ट्र निर्माण को गति देने में जुटे रहे। मां भारती के लिए उनका समर्पण और सेवा भाव अमृतकाल में भी प्रेरणास्रोत बना रहेगा।,neutral,0.8141434192657471
"@RAJAGOPALAN1951 ji, are you expecting the Loksabha elections to be preponed to early March? Can I take this one as one of your famous Delhi leaks? 🙂. I also tweeted immediately after the 5 state election results that BJP.must do so given the momentum! https://invidious.perennialte.ch/UXWPTRTFECc?si=2GqEJbeZ03sZSuJQ",2023-12-25 07:01:00,0,0,2024,"ji, are you expecting the Loksabha elections to be preponed to early March? Can I take this one as one of your famous Delhi leaks? 🙂. I also tweeted immediately after the 5 state election results that BJP.must do so given the momentum!",neutral,0.8040263652801514
"पूर्व प्रधानमंत्री श्रद्धेय अटल बिहारी वाजपेयी जी की जयंती पर उनका स्मरण कर उन्हें नमन करता हूँ। अटल जी ने निःस्वार्थ भाव से देश व समाज की सेवा की और भाजपा की स्थापना के माध्यम से देश में राष्ट्रवादी राजनीति को नई दिशा दी। जहाँ एक ओर उन्होंने परमाणु परीक्षण और कारगिल युद्ध में विश्व को उभरते भारत की शक्ति का एहसास करवाया, तो वहीं दूसरी ओर देश में सुशासन की परिकल्पना को चरितार्थ किया। उनके विराट योगदान को देश हमेशा याद रखेगा।",2023-12-25 01:53:00,14880,4803,2024,"पूर्व प्रधानमंत्री श्रद्धेय अटल बिहारी वाजपेयी जी की जयंती पर उनका स्मरण कर उन्हें नमन करता हूँ। अटल जी ने निःस्वार्थ भाव से देश व समाज की सेवा की और भाजपा की स्थापना के माध्यम से देश में राष्ट्रवादी राजनीति को नई दिशा दी। जहाँ एक ओर उन्होंने परमाणु परीक्षण और कारगिल युद्ध में विश्व को उभरते भारत की शक्ति का एहसास करवाया, तो वहीं दूसरी ओर देश में सुशासन की परिकल्पना को चरितार्थ किया। उनके विराट योगदान को देश हमेशा याद रखेगा।",neutral,0.8131057620048523
"सुशासन के संवाहक, राष्ट्रवाद के प्रणेता एवं विश्व पटल पर भारत का मान बढ़ाने वाले देश के पूर्व प्रधानमंत्री एवं ‘भारत रत्न’ श्रद्धेय पंडित अटल बिहारी वाजपेयी जी की जयंती के अवसर पर आज लोक भवन, लखनऊ में माननीय मुख्यमंत्री श्री @myogiadityanath जी एवं माननीय उपमुख्यमंत्री द्वय श्री @kpmaurya1 जी, श्री @brajeshpathakup जी, प्रदेश महामंत्री (संगठन) श्री @idharampalsingh सहित माननीय मंत्री-गण के साथ उनकी प्रतिमा पर पुष्प अर्पित कर उन्हें नमन किया। श्रद्धेय अटल जी द्वारा राष्ट्रहित में किया गया अद्वितीय कार्य हम सभी के लिए सदैव अविस्मरणीय रहेगा।",2023-12-25 05:59:00,572,19,2024,"सुशासन के संवाहक, राष्ट्रवाद के प्रणेता एवं विश्व पटल पर भारत का मान बढ़ाने वाले देश के पूर्व प्रधानमंत्री एवं ‘भारत रत्न’ श्रद्धेय पंडित अटल बिहारी वाजपेयी जी की जयंती के अवसर पर आज लोक भवन, लखनऊ में माननीय मुख्यमंत्री श्री जी एवं माननीय उपमुख्यमंत्री द्वय श्री जी, श्री जी, प्रदेश महामंत्री (संगठन) श्री सहित माननीय मंत्री-गण के साथ उनकी प्रतिमा पर पुष्प अर्पित कर उन्हें नमन किया। श्रद्धेय अटल जी द्वारा राष्ट्रहित में किया गया अद्वितीय कार्य हम सभी के लिए सदैव अविस्मरणीय रहेगा।",neutral,0.8152351379394531
Central agar jyada surprise degi to ab janta bhi loksabha me surprise de degi. State politics me central jyada interfere na kare,2023-12-25 07:01:00,0,0,2024,Central agar jyada surprise degi to ab janta bhi loksabha me surprise de degi. State politics me central jyada interfere na kare,neutral,0.7658711075782776
"#UPCM @myogiadityanath ने कहा कि विश्वविद्यालय सिर्फ डिग्री देने का अड्डा न बनें, बल्कि छात्रों को व्यावहारिक ज्ञान भी दें। इससे छात्र जब शिक्षण संस्थाओं से निकलेंगे तो उन्हें अपना रास्ता पता होगा। मुख्यमंत्री जी ने छात्रों को गौतम बुद्ध के जीवन से प्रेरणा लेने का आह्वान करते हुए कहा कि समस्या को स्वीकारना चाहिए। इससे समाधान का रास्ता मिल जाता है।",2023-12-25 05:16:00,720,95,2024,"UPCM ने कहा कि विश्वविद्यालय सिर्फ डिग्री देने का अड्डा न बनें, बल्कि छात्रों को व्यावहारिक ज्ञान भी दें। इससे छात्र जब शिक्षण संस्थाओं से निकलेंगे तो उन्हें अपना रास्ता पता होगा। मुख्यमंत्री जी ने छात्रों को गौतम बुद्ध के जीवन से प्रेरणा लेने का आह्वान करते हुए कहा कि समस्या को स्वीकारना चाहिए। इससे समाधान का रास्ता मिल जाता है।",neutral,0.8250287175178528
Lok Sabha Election 2024: ಕಳೆದ ಸಲಕ್ಕಿಂತ ಶೇ.10 ಮತ ಹೆಚ್ಚು ಪಡೆಯುವುದೇ ಬಿಜೆಪಿ ಗುರಿ! #vistaranews #vistarakannadanews #LokSabhaElection2024 #BJPNEWS https://vistaranews.com/national/lok-sabha-election-2024-bjp-sets-sights-on-10-increase-in-vote-share-in-2024-ls-polls/540563.html,2023-12-25 07:01:00,0,0,2024,Lok Sabha Election 2024: ಕಳೆದ ಸಲಕ್ಕಿಂತ ಶೇ.10 ಮತ ಹೆಚ್ಚು ಪಡೆಯುವುದೇ ಬಿಜೆಪಿ ಗುರಿ! vistaranews vistarakannadanews LokSabhaElection2024 BJPNEWS,neutral,0.8435612916946411
मां भारती के सच्चे सपूत और करोड़ों भाजपा कार्यकर्ताओं के पथ प्रदर्शक पूर्व प्रधानमंत्री ‘भारत रत्न’ श्रद्धेय अटल बिहारी वाजपेयी जी की जयंती पर शत-शत नमन।,2023-12-25 06:43:00,80,8,2024,मां भारती के सच्चे सपूत और करोड़ों भाजपा कार्यकर्ताओं के पथ प्रदर्शक पूर्व प्रधानमंत्री ‘भारत रत्न’ श्रद्धेय अटल बिहारी वाजपेयी जी की जयंती पर शत-शत नमन।,neutral,0.7842400670051575
आज सांकेतिक तौर पर 224 करोड़ रुपये का चेक सौंपा गया है। आने वाले दिनों में ये राशि श्रमिक भाई-बहनों तक पहुंचेगी। मैं जानता हूं कि आपने कईं चुनौतियों का सामना किया है। लेकिन आपके सामने अब सुनहरे भविष्य की सुबह है। - पीएम @narendramodi,2023-12-25 07:00:00,380,16,2024,आज सांकेतिक तौर पर 224 करोड़ रुपये का चेक सौंपा गया है। आने वाले दिनों में ये राशि श्रमिक भाई-बहनों तक पहुंचेगी। मैं जानता हूं कि आपने कईं चुनौतियों का सामना किया है। लेकिन आपके सामने अब सुनहरे भविष्य की सुबह है। - पीएम,neutral,0.8061227202415466
"CM of Madhya Pradesh, @DrMohanYadav51 Ji, along with Deputy CMs @rshuklabjp Ji and @JagdishDevdaBJP Ji met PM @narendramodi.",2023-12-22 07:13:00,7933,389,2024,"CM of Madhya Pradesh, Ji, along with Deputy CMs Ji and Ji met PM .",neutral,0.9275583624839783
2036 ની ઓલિમ્પિક સરદાર પટેલ સ્પોર્ટસ એન્કલેવમાં રમાશે.,2023-12-25 07:00:00,10,0,2024,2036 ની ઓલિમ્પિક સરદાર પટેલ સ્પોર્ટસ એન્કલેવમાં રમાશે.,neutral,0.8023709654808044
"CM of Chhattisgarh, Shri @vishnudsai, along with Deputy CMs, Shri @ArunSao3 and Shri @vijayratankwd met PM @narendramodi.",2023-12-23 08:26:00,5414,346,2024,"CM of Chhattisgarh, Shri , along with Deputy CMs, Shri and Shri met PM .",neutral,0.9292696118354797
"Union Minister @mansukhmandviya explains how the advancement of kisan drones provides an effective and efficient technique for the application of liquid fertilisers, leading to increase in farmers' earnings and improving their quality of life.",2023-12-24 04:35:00,1624,215,2024,"Union Minister explains how the advancement of kisan drones provides an effective and efficient technique for the application of liquid fertilisers, leading to increase in farmers' earnings and improving their quality of life.",positive,0.8445234894752502
Iska matlab lok sabha elections ke baad ise CM pad se htaya ja skta h,2023-12-25 07:00:00,0,0,2024,Iska matlab lok sabha elections ke baad ise CM pad se htaya ja skta h,neutral,0.7905433177947998
The settlement of long pending demands of Hukumchand Mill workers of Indore is a significant moment. https://nitter.perennialte.ch/i/broadcasts/1BRKjPaBaAWJw,2023-12-25 06:43:00,7621,568,2024,The settlement of long pending demands of Hukumchand Mill workers of Indore is a significant moment.,positive,0.7147290706634521
मुझे बताया गया है कि जब हुकुमचंद मिल के श्रमिकों के लिए पैकेज का एलान किया गया तो इंदौर में उत्सव का माहौल हो गया था। इस निर्णय ने हमारे श्रमिक भाई-बहनों में त्योहारों के उल्लास और बढ़ा दिया है: PM,2023-12-25 06:46:00,1022,94,2024,मुझे बताया गया है कि जब हुकुमचंद मिल के श्रमिकों के लिए पैकेज का एलान किया गया तो इंदौर में उत्सव का माहौल हो गया था। इस निर्णय ने हमारे श्रमिक भाई-बहनों में त्योहारों के उल्लास और बढ़ा दिया है: PM,neutral,0.78489089012146
"गरीबों की सेवा, श्रमिकों का सम्मान और वंचितों को मान हमारी प्राथमिकता है। हमारा प्रयास है कि देश का श्रमिक सशक्त बने और समृद्ध भारत के निर्माण में अपना महत्वपूर्ण योगदान दे: PM",2023-12-25 06:49:00,832,127,2024,"गरीबों की सेवा, श्रमिकों का सम्मान और वंचितों को मान हमारी प्राथमिकता है। हमारा प्रयास है कि देश का श्रमिक सशक्त बने और समृद्ध भारत के निर्माण में अपना महत्वपूर्ण योगदान दे: PM",neutral,0.7976052761077881
स्वच्छता और स्वाद के लिए मशहूर इंदौर कितने ही क्षेत्रों में अग्रणी रहा है। इंदौर के विकास में यहां के कपड़ा उद्योग की महत्वपूर्ण भूमिका रही है: PM,2023-12-25 06:50:00,931,118,2024,स्वच्छता और स्वाद के लिए मशहूर इंदौर कितने ही क्षेत्रों में अग्रणी रहा है। इंदौर के विकास में यहां के कपड़ा उद्योग की महत्वपूर्ण भूमिका रही है: PM,neutral,0.7811862826347351
बहुत ही उत्साहित करने वाली जानकारी! विकसित भारत संकल्प यात्रा का उद्देश्य भी तो यही है कि देशभर के मेरे सभी गरीब भाई-बहनों तक हमारी योजनाओं का लाभ पहुंचे।,2023-12-23 03:46:00,18428,2249,2024,बहुत ही उत्साहित करने वाली जानकारी! विकसित भारत संकल्प यात्रा का उद्देश्य भी तो यही है कि देशभर के मेरे सभी गरीब भाई-बहनों तक हमारी योजनाओं का लाभ पहुंचे।,neutral,0.7273232936859131
आपके कुशल नेतृत्व में उत्तर प्रदेश में भारतीय जनता पार्टी 2024 के लोकसभा चुनाव में 80 की 80 लोकसभा जीतेगी।,2023-12-23 17:05:00,10,0,2024,आपके कुशल नेतृत्व में उत्तर प्रदेश में भारतीय जनता पार्टी 2024 के लोकसभा चुनाव में 80 की 80 लोकसभा जीतेगी।,neutral,0.8392571210861206
"आज नई दिल्ली में केन्द्र के भारी उद्योग मंत्री और पूर्व प्रदेश अध्यक्ष भाजपा उत्तर प्रदेश आदरणीय श्री @DrMNPandeyMP जी भेंट कर मार्गदर्शन,आशीर्वाद प्राप्त किया🙏",2023-12-24 02:27:00,139,16,2024,"आज नई दिल्ली में केन्द्र के भारी उद्योग मंत्री और पूर्व प्रदेश अध्यक्ष भाजपा उत्तर प्रदेश आदरणीय श्री जी भेंट कर मार्गदर्शन,आशीर्वाद प्राप्त किया🙏",neutral,0.7952502965927124
"करोड़ों करोड़ भाजपा कार्यकर्ताओं के आदर्श, भारतीय राजनीति के ""अजातशत्रु"" भारत के ""अभूतपूर्व"" प्रधानमंत्री ""भारत रत्न"" श्रद्धेय श्री अटल बिहारी वाजपेयी जी को 99वीं जयंती पर भावपूर्ण स्मरण कर कोटि कोटि नमन करता हूं🙏।",2023-12-25 06:49:00,5,1,2024,"करोड़ों करोड़ भाजपा कार्यकर्ताओं के आदर्श, भारतीय राजनीति के ""अजातशत्रु"" भारत के ""अभूतपूर्व"" प्रधानमंत्री ""भारत रत्न"" श्रद्धेय श्री अटल बिहारी वाजपेयी जी को 99वीं जयंती पर भावपूर्ण स्मरण कर कोटि कोटि नमन करता हूं🙏।",neutral,0.8483782410621643
"India's defence reached new highs in 2023, making it one of the strongest in the world. #NavBharat2023",2023-12-25 02:32:00,1453,52,2024,"India's defence reached new highs in 2023, making it one of the strongest in the world. NavBharat2023",positive,0.951616644859314
"Senior Kerala leader, Shri C Raghunath, and a popular film personality, Shri Major Ravi, joined the Bharatiya Janata Party. Visuals of the BJP National President Shri @JPNadda offering a warm welcome to them in New Delhi.",2023-12-25 03:27:00,1919,33,2024,"Senior Kerala leader, Shri C Raghunath, and a popular film personality, Shri Major Ravi, joined the Bharatiya Janata Party. Visuals of the BJP National President Shri offering a warm welcome to them in New Delhi.",positive,0.6228141784667969
Regret to observe TMC cringingly recapitulate once again. In the first instance @MahuaMoitra was expelled from Lok Sabha & @MamataOfficial just made some bland symbolic statements. NOTHING further Now TMC accepts high handed humiliation Of it’s MP Kalyan Bannerjee 🥶😱😖🙏,2023-12-25 06:59:00,0,0,2024,Regret to observe TMC cringingly recapitulate once again. In the first instance was expelled from Lok Sabha & just made some bland symbolic statements. NOTHING further Now TMC accepts high handed humiliation Of it’s MP Kalyan Bannerjee 🥶😱😖🙏,negative,0.9251032471656799
"घमंडिया फाइल्स के एपिसोड-22 में देखिए, कैसे राष्ट्र से पहले परिवार को प्राथमिकता देने वाली कांग्रेस ने देश की आजादी के बाद से ही सत्ता में बने रहने के लिए तुष्टिकरण को हथियार की तरह इस्तेमाल किया।",2023-12-25 03:39:00,1320,49,2024,"घमंडिया फाइल्स के एपिसोड-22 में देखिए, कैसे राष्ट्र से पहले परिवार को प्राथमिकता देने वाली कांग्रेस ने देश की आजादी के बाद से ही सत्ता में बने रहने के लिए तुष्टिकरण को हथियार की तरह इस्तेमाल किया।",neutral,0.8498575091362
Pushpanjali and Prarthana Sabha on birth anniversary of Bharat Ratna Atal Bihari Vajpayee ji at Sadaiv Atal. https://nitter.perennialte.ch/i/broadcasts/1BdxYrLnEZBKX,2023-12-25 03:53:00,2606,86,2024,Pushpanjali and Prarthana Sabha on birth anniversary of Bharat Ratna Atal Bihari Vajpayee ji at Sadaiv Atal.,neutral,0.879730224609375
"Celebrating the ATAL Resolutions for a Viksit Bharat! 🇮🇳 Remembering the great statesman of the nation, Shri Atal Bihari Vajpayee, on his birth anniversary! His splendid contributions to Bharat's progress will remain etched in the history!",2023-12-25 04:34:00,9207,4823,2024,"Celebrating the ATAL Resolutions for a Viksit Bharat! 🇮🇳 Remembering the great statesman of the nation, Shri Atal Bihari Vajpayee, on his birth anniversary! His splendid contributions to Bharat's progress will remain etched in the history!",positive,0.9824612736701965
"अटल, अडिग, अद्वितीय, अद्भुत, भाजपा के आधारस्तंभ, करोड़ों कार्यकर्ताओं के प्रेरणास्रोत, भारत रत्न, पूर्व प्रधानमंत्री श्री अटल बिहारी वाजपेयी जी की जयंती पर कोटि-कोटि नमन।",2023-12-25 06:23:00,2099,81,2024,"अटल, अडिग, अद्वितीय, अद्भुत, भाजपा के आधारस्तंभ, करोड़ों कार्यकर्ताओं के प्रेरणास्रोत, भारत रत्न, पूर्व प्रधानमंत्री श्री अटल बिहारी वाजपेयी जी की जयंती पर कोटि-कोटि नमन।",neutral,0.8524518013000488
"Lok Sabha recorded 74% productivity, says Speaker https://timesofindia.indiatimes.com/india/lok-sabha-recorded-74-productivity-says-speaker/articleshow/106195067.cms via NaMo App",2023-12-25 06:58:00,0,0,2024,"Lok Sabha recorded 74% productivity, says Speaker via NaMo App",neutral,0.5273207426071167
PM Shri @narendramodi addresses 'Mazdooron Ka Hit Mazdooron Ko Samarpit' programme in Indore. https://nitter.perennialte.ch/i/broadcasts/1lPJqbjXaYAxb,2023-12-25 06:39:00,1086,32,2024,PM Shri addresses 'Mazdooron Ka Hit Mazdooron Ko Samarpit' programme in Indore.,neutral,0.8607354164123535
आज का ये कार्यक्रम हमारे श्रमिक भाइयों-बहनों की वर्षों की तपस्या और उनके कईं वर्षों के सपनों और संकल्पों का परिणाम है। - पीएम @narendramodi,2023-12-25 06:53:00,316,21,2024,आज का ये कार्यक्रम हमारे श्रमिक भाइयों-बहनों की वर्षों की तपस्या और उनके कईं वर्षों के सपनों और संकल्पों का परिणाम है। - पीएम,neutral,0.7920584082603455
"मुझे विश्वास है कि डबल इंजन की सरकार की नई टीम को हमारे श्रमिक परिवारों का भरपूर आशीर्वाद मिलेगा। गरीब का आशीर्वाद, उनका स्नेह और उनका प्यार क्या कमाल कर सकता है, ये मैं अच्छी तरह जानता हूं। - पीएम @narendramodi",2023-12-25 06:56:00,359,20,2024,"मुझे विश्वास है कि डबल इंजन की सरकार की नई टीम को हमारे श्रमिक परिवारों का भरपूर आशीर्वाद मिलेगा। गरीब का आशीर्वाद, उनका स्नेह और उनका प्यार क्या कमाल कर सकता है, ये मैं अच्छी तरह जानता हूं। - पीएम",neutral,0.7933645844459534
मुझे बताया गया है कि जब हुकमचंद मिल के श्रमिकों के लिए पैकेज का एलान किया गया तो इंदौर में उत्सव का माहौल हो गया था। इस निर्णय ने हमारे श्रमिक भाई-बहनों में त्योहारों के उल्लास और बढ़ा दिया है। - पीएम @narendramodi,2023-12-25 06:57:00,341,22,2024,मुझे बताया गया है कि जब हुकमचंद मिल के श्रमिकों के लिए पैकेज का एलान किया गया तो इंदौर में उत्सव का माहौल हो गया था। इस निर्णय ने हमारे श्रमिक भाई-बहनों में त्योहारों के उल्लास और बढ़ा दिया है। - पीएम,neutral,0.789310097694397
It's premature to celebrate yet. One can celebrate in April 2024 if this gentleman is denied ruling party in the coming loksabha elections. Otherwise it's a tactical move and nothing much to be read into it.,2023-12-25 06:58:00,1,0,2024,It's premature to celebrate yet. One can celebrate in April 2024 if this gentleman is denied ruling party in the coming loksabha elections. Otherwise it's a tactical move and nothing much to be read into it.,neutral,0.6165940165519714
#सुशासनदिवस_अवध,2023-12-25 06:58:00,0,0,2024,सुशासनदिवस_अवध,neutral,0.7127797603607178
#WATCH | PM #NarendraModi and Lok Sabha Speaker Om Birla pay tributes to former PM #AtalBihariVajpayee at Parliament on his birth anniversary 📹 ANI,2023-12-25 05:57:00,25,1,2024,WATCH | PM NarendraModi and Lok Sabha Speaker Om Birla pay tributes to former PM AtalBihariVajpayee at Parliament on his birth anniversary 📹 ANI,neutral,0.7398772835731506
"Lok Sabha चुनावों से पहले Congress ने किया बड़ा फेरबदल, Pilot को क्यों सौंपी छत्तीसगढ़ की जिम्मेदारी #sachinpilot #chhattisgarh #congress #congressparty #priyankagandhi #AvinashPandey #KumariSelja #RandeepSurjewala #SachinPilot #gehlot #rahulgandhi #TheNagariMedia",2023-12-24 14:45:00,5,0,2024,"Lok Sabha चुनावों से पहले Congress ने किया बड़ा फेरबदल, Pilot को क्यों सौंपी छत्तीसगढ़ की जिम्मेदारी sachinpilot chhattisgarh congress congressparty priyankagandhi AvinashPandey KumariSelja RandeepSurjewala SachinPilot gehlot rahulgandhi TheNagariMedia",neutral,0.7888103723526001
Check out Mahendra singh Solanki Loksabha Sansad Dewas Shajapur mp's task 'वात्सल्य..!' https://nm-4.com/Hw85Cf वात्सल्य..! on NaMo App,2023-12-25 06:56:00,0,0,2024,Check out Mahendra singh Solanki Loksabha Sansad Dewas Shajapur mp's task 'वात्सल्य..!' वात्सल्य..! on NaMo App,neutral,0.8497921228408813
Check out Mahendra singh Solanki Loksabha Sansad Dewas Shajapur mp's task 'मेरठ के उद्योगपति श्री अजय सहगल जी व श्री राकेश विज़ जी का दिल्ली निवास पर आगमन हुआ। मेरे द्वारा सांसद युवा खेल महोत्सव में निभाई गई भूमिका के प्रति सम्मान प्रतीक प्रदान कर आभार व्यक्त किया गया।',2023-12-25 06:56:00,0,0,2024,Check out Mahendra singh Solanki Loksabha Sansad Dewas Shajapur mp's task 'मेरठ के उद्योगपति श्री अजय सहगल जी व श्री राकेश विज़ जी का दिल्ली निवास पर आगमन हुआ। मेरे द्वारा सांसद युवा खेल महोत्सव में निभाई गई भूमिका के प्रति सम्मान प्रतीक प्रदान कर आभार व्यक्त किया गया।',neutral,0.8829044103622437
Check out Mahendra singh Solanki Loksabha Sansad Dewas Shajapur mp's task 'कट्टर बेईमान का सच!' https://nm-4.com/mE6va3 कट्टर बेईमान का सच! on NaMo App,2023-12-25 06:55:00,0,0,2024,Check out Mahendra singh Solanki Loksabha Sansad Dewas Shajapur mp's task 'कट्टर बेईमान का सच!' कट्टर बेईमान का सच! on NaMo App,neutral,0.8333391547203064
Check out Mahendra singh Solanki Loksabha Sansad Dewas Shajapur mp's task 'https://www.facebook.com/100064928850532/posts/pfbid02qmFW11MWy4c2BFbmFAm665myYdWP57GvSeggdkqAmVeLc28a71hmc12Eke73LFNWl/?mibextid=Nif5oz' https://nm-4.com/VieZJG https://www.facebook.com/100064928850532/posts/pfbid02qmFW11MWy4c2BFbmFAm665myYdWP57GvSeggdkqAmVeLc28a71hmc12Eke73LFNWl/?mibextid=Nif5oz on NaMo App,2023-12-25 06:55:00,0,0,2024,Check out Mahendra singh Solanki Loksabha Sansad Dewas Shajapur mp's task ' on NaMo App,neutral,0.9000118374824524
"WATCH | यूपी में 75 सीटें, कैसे जीत रहे हैं मोदी? देखिए '12 से 2- पॉलिटिकल शो' @vivekstake के साथ https://abplive.com/live-tv | @AshishSinghLIVE #AbpCVoter #OponionPolls #Loksabha #UttarPradesh",2023-12-25 06:50:00,19,1,2024,"WATCH | यूपी में 75 सीटें, कैसे जीत रहे हैं मोदी? देखिए '12 से 2- पॉलिटिकल शो' के साथ | AbpCVoter OponionPolls Loksabha UttarPradesh",neutral,0.8990790247917175
I think he and others asking people which party they are voting for they should simply ask you will vote modi or against that will clear picture also he is giving 22% to others that is too much in loksabha election,2023-12-25 06:55:00,0,0,2024,I think he and others asking people which party they are voting for they should simply ask you will vote modi or against that will clear picture also he is giving 22% to others that is too much in loksabha election,neutral,0.7909808158874512
PM Modi's 'NaMo' App Launches 'Jan Man Survey' Ahead of Lok Sabha Polls https://www.deccanchronicle.com/nation/in-other-news/201223/pm-modis-namo-app-launches-jan-man-survey-ahead-of-lok-sabha-poll.html via NaMo App,2023-12-25 06:55:00,0,0,2024,PM Modi's 'NaMo' App Launches 'Jan Man Survey' Ahead of Lok Sabha Polls via NaMo App,neutral,0.8495508432388306
"Check out Mahendra singh Solanki Loksabha Sansad Dewas Shajapur mp's task 'राहुल गांधी का अहंकार बहुत बड़ा और समझ बहुत छोटी है। - श्री J.P.Nadda जी राष्ट्रीय अध्यक्ष, भारतीय जनता पार्टी' https://nm-4.com/bX7ET5 राहुल गांधी का अहंकार बहुत बड़ा और समझ बहुत छोटी है। -",2023-12-25 06:54:00,0,0,2024,"Check out Mahendra singh Solanki Loksabha Sansad Dewas Shajapur mp's task 'राहुल गांधी का अहंकार बहुत बड़ा और समझ बहुत छोटी है। - श्री J.P.Nadda जी राष्ट्रीय अध्यक्ष, भारतीय जनता पार्टी' राहुल गांधी का अहंकार बहुत बड़ा और समझ बहुत छोटी है। -",neutral,0.8651265501976013
2024 Lok Sabha Election is the last chance we as Indians have got to save Democracy in India. 🔷 INDIA Alliance that is formed to counter NDA is a very good Concept which can turn the tables in the upcoming elections. 🔷 In 2019 Elections BJP won 40 seats with a margin less than,2023-12-25 06:54:00,11,2,2024,2024 Lok Sabha Election is the last chance we as Indians have got to save Democracy in India. 🔷 INDIA Alliance that is formed to counter NDA is a very good Concept which can turn the tables in the upcoming elections. 🔷 In 2019 Elections BJP won 40 seats with a margin less than,neutral,0.5570998787879944
Vote Bank 😁 for Loksabha Elections 2024,2023-12-25 06:54:00,0,0,2024,Vote Bank 😁 for Loksabha Elections 2024,neutral,0.584083616733551
Hon'ble Home Minister Shri @AmitShah Ji is speaking in the Lok Sabha on #NayeBharatKeNayeKanoon,2023-12-20 09:56:00,28,1,2024,Hon'ble Home Minister Shri Ji is speaking in the Lok Sabha on NayeBharatKeNayeKanoon,neutral,0.8372399806976318
"Lok Sabha Speaker Shri @ombirlakota greets Shri @idevadhikari, MP on his birthday. @loksabhaspeaker @sansad_tv",2023-12-25 04:53:00,3,0,2024,"Lok Sabha Speaker Shri greets Shri , MP on his birthday.",positive,0.5402644872665405
Loksabha Election 2024 : महाविकास आघाडी मुसंडी मारेल तर महायुतीचं काळजी वाढणार https://www.loksa.in/zZkleq << येथे वाचा सविस्तर वृत्त #loksabhaelection2024 #opinionpoll #mahavikasaghadi #mahayuti,2023-12-25 06:51:00,0,0,2024,Loksabha Election 2024 : महाविकास आघाडी मुसंडी मारेल तर महायुतीचं काळजी वाढणार << येथे वाचा सविस्तर वृत्त loksabhaelection2024 opinionpoll mahavikasaghadi mahayuti,neutral,0.7935056090354919
Good afternoon sir 💐💐🙏🙏 I'm SYED JALAL UDDIN QUADRI karwan constituency please i request you sir for MP tickets from Hyderabad Lok Sabha constituency upcoming election Jai Telangana jai KCR SAHAB ❤💐💐 @BRSparty @KTRBRS @YadavTalasani @RaoKavitha @unrealKCR @BRSHarish,2023-12-25 06:50:00,0,0,2024,Good afternoon sir 💐💐🙏🙏 I'm SYED JALAL UDDIN QUADRI karwan constituency please i request you sir for MP tickets from Hyderabad Lok Sabha constituency upcoming election Jai Telangana jai KCR SAHAB ❤💐💐,positive,0.7875727415084839
"Lok Sabha Speaker Shri @ombirlakota paid tributes to former Prime Minister Shri #AtalBihariVajpayee at Sadaiv Atal on his birth anniversary, today.",2023-12-25 05:35:00,25,0,2024,"Lok Sabha Speaker Shri paid tributes to former Prime Minister Shri AtalBihariVajpayee at Sadaiv Atal on his birth anniversary, today.",neutral,0.5662603378295898
WATCH | यूपी के डिप्टी सीएम केशव प्रसाद मौर्य का बयान 2024 को लेकर विपक्ष हताश- केशव देखिए '12 से 2- पॉलिटिकल शो' @vivekstake के साथ https://abplive.com/live-tv #AbpCVoter #OponionPolls #Loksabha #UttarPradesh,2023-12-25 06:44:00,8,2,2024,WATCH | यूपी के डिप्टी सीएम केशव प्रसाद मौर्य का बयान 2024 को लेकर विपक्ष हताश- केशव देखिए '12 से 2- पॉलिटिकल शो' के साथ AbpCVoter OponionPolls Loksabha UttarPradesh,neutral,0.8853175044059753
"“हुकूमशाहीचा उदय की अंताकडे प्रवास?”, संसदेतील खासदारांच्या निलंबनानंतर तेजस्विनी पंडितचा सवाल! #TejaswiniPandit #Loksabha #MPsuspended #MTCard",2023-12-20 04:13:00,3697,132,2024,"“हुकूमशाहीचा उदय की अंताकडे प्रवास?”, संसदेतील खासदारांच्या निलंबनानंतर तेजस्विनी पंडितचा सवाल! TejaswiniPandit Loksabha MPsuspended MTCard",neutral,0.7317517995834351
"Shri Om Birla Loksabha, Adhyaksh Bharat. Christmas ke avsar per aapko Aseem shubhkamnaen aur badhai ho",2023-12-25 06:47:00,0,0,2024,"Shri Om Birla Loksabha, Adhyaksh Bharat. Christmas ke avsar per aapko Aseem shubhkamnaen aur badhai ho",neutral,0.832139790058136
@2Rajababu raja bhai mere hisaab se bjp 280 + minimum hain lok sabha main,2023-12-25 06:47:00,0,0,2024,raja bhai mere hisaab se bjp 280 + minimum hain lok sabha main,neutral,0.8475512266159058
"Delhi: Prime Minister Narendra Modi, Lok Sabha Speaker Om Birla, Rajya Sabha Deputy Chairman Harivansh, Defence Minister Rajnath Singh, BJP national president JP Nadda and other leaders pay tribute to Pandit Madan Mohan Malaviya at Samvidhan Sadan on his birth anniversary.",2023-12-25 06:45:00,0,0,2024,"Delhi: Prime Minister Narendra Modi, Lok Sabha Speaker Om Birla, Rajya Sabha Deputy Chairman Harivansh, Defence Minister Rajnath Singh, BJP national president JP Nadda and other leaders pay tribute to Pandit Madan Mohan Malaviya at Samvidhan Sadan on his birth anniversary.",neutral,0.6571031212806702
Even though I am from karnataka this time out of 26 seats bjp is going to get 23 -24 seats in loksabha election . Abki bar modi sarkar,2023-12-25 06:43:00,2,0,2024,Even though I am from karnataka this time out of 26 seats bjp is going to get 23 -24 seats in loksabha election . Abki bar modi sarkar,neutral,0.7804272174835205
Kahe ko drama laga rakha hain,2023-12-25 06:42:00,0,0,2024,Kahe ko drama laga rakha hain,neutral,0.7809306383132935
"Sir, take care of Rajasthan is equally most important for winning of complete seats of Lok Sabha election 2024. Make a plan with top leadership and execute. No time has left. Importantly take care of your party workers & add more as much as possible all over state. Work hard sir.",2023-12-25 06:42:00,0,0,2024,"Sir, take care of Rajasthan is equally most important for winning of complete seats of Lok Sabha election 2024. Make a plan with top leadership and execute. No time has left. Importantly take care of your party workers & add more as much as possible all over state. Work hard sir.",positive,0.67399001121521
"@INCIndia @RahulGandhi @priyankagandhi 2024 loksabha is a golden opportunity for INC to bounce back in WB, Maharashtra, Bihar & UP by fighting on all loksabha alone & show once detractors Pawar & Mamta their real place in Indian Politics",2023-12-25 06:41:00,0,0,2024,"2024 loksabha is a golden opportunity for INC to bounce back in WB, Maharashtra, Bihar & UP by fighting on all loksabha alone & show once detractors Pawar & Mamta their real place in Indian Politics",positive,0.8032416701316833
Ha aisehi ghumte rahna chahiye...rajniti mein kuch hone wala nahi hain,2023-12-25 06:41:00,0,0,2024,Ha aisehi ghumte rahna chahiye...rajniti mein kuch hone wala nahi hain,neutral,0.7701712250709534
Hypocrite @PMOIndia @narendramodi we Christians don’t need your hypocritical wishes. Your party with its frontal organisations have unceasingly persecuted Christians & Pastors for 9+ years now. We’ll be your retribution next LokSabha election make sure you & BJP are defeated.,2023-12-25 06:40:00,1,0,2024,Hypocrite we Christians don’t need your hypocritical wishes. Your party with its frontal organisations have unceasingly persecuted Christians & Pastors for 9+ years now. We’ll be your retribution next LokSabha election make sure you & BJP are defeated.,negative,0.932400643825531
Don’t keep your hopes high for Karnataka. BJP can win majority of seats of Karnataka easily. Last time they won 25/28 seats. Karnataka Congress is incompetent when it comes to Loksabha,2023-12-25 06:39:00,0,0,2024,Don’t keep your hopes high for Karnataka. BJP can win majority of seats of Karnataka easily. Last time they won 25/28 seats. Karnataka Congress is incompetent when it comes to Loksabha,negative,0.6002941131591797
"Prime Minister @narendramodi, Lok Sabha Speaker @ombirlakota, Defence Minister @rajnathsingh, BJP national president @JPNadda and other leaders pay tribute to Pandit Madan Mohan Malaviya at Samvidhan Sadan, on his birth anniversary. Download editorji app: bit.ly/3PxzONf",2023-12-25 06:39:00,1,0,2024,"Prime Minister , Lok Sabha Speaker , Defence Minister , BJP national president and other leaders pay tribute to Pandit Madan Mohan Malaviya at Samvidhan Sadan, on his birth anniversary. Download editorji app: bit.ly/3PxzONf",positive,0.514751672744751
"In loksabha election the Karnataka seats will be BJP plus JDS and Sonia Congress will be wiped off. The state govt has ruined the life's of poor KRTC employees, Rickshaw drivers and the people of Karnataka. If Opposition INDIA is elected then they will consult Pakistan for action",2023-12-25 06:39:00,0,0,2024,"In loksabha election the Karnataka seats will be BJP plus JDS and Sonia Congress will be wiped off. The state govt has ruined the life's of poor KRTC employees, Rickshaw drivers and the people of Karnataka. If Opposition INDIA is elected then they will consult Pakistan for action",negative,0.8113958835601807
U.P. mein jeetna @INCUttarPradesh ke bas ki baat nahi hai accha hoga ki aagami Loksabha chunav mein aap U.P. se sabhi seats par Samajwadi Party ko hi chunav ladne de wo aap se behtar pradarshan karke dikhayegi U.P. mein,2023-12-25 06:39:00,0,0,2024,U.P. mein jeetna ke bas ki baat nahi hai accha hoga ki aagami Loksabha chunav mein aap U.P. se sabhi seats par Samajwadi Party ko hi chunav ladne de wo aap se behtar pradarshan karke dikhayegi U.P. mein,neutral,0.7728592157363892
"The new Act provides a three-member committee consisting of the Prime Minister (PM), a Union cabinet minister of his choice and Leader of Opposition in Lok Sabha, all but ensuring that the PM’s choice always goes through. https://theleaflet.in/parliament-clears-new-election-commissioner-bill-that-removes-cji-from-the-appointment-committee/",2023-12-25 05:11:00,5,0,2024,"The new Act provides a three-member committee consisting of the Prime Minister (PM), a Union cabinet minister of his choice and Leader of Opposition in Lok Sabha, all but ensuring that the PM’s choice always goes through.",neutral,0.839360237121582
"#Delhi | Prime Minister Narendra Modi, Lok Sabha Speaker Om Birla, Rajya Sabha Deputy Chairman Harivansh, Defence Minister Rajnath Singh, BJP national president JP Nadda and other leaders pay tribute to Pandit Madan Mohan Malaviya at Samvidhan Sadan*, on his birth anniversary. #narendermodi",2023-12-25 06:37:00,1,0,2024,"Delhi | Prime Minister Narendra Modi, Lok Sabha Speaker Om Birla, Rajya Sabha Deputy Chairman Harivansh, Defence Minister Rajnath Singh, BJP national president JP Nadda and other leaders pay tribute to Pandit Madan Mohan Malaviya at Samvidhan Sadan*, on his birth anniversary. narendermodi",neutral,0.5375760793685913
DMK has decided to destroy INDI Alliance partners from North in the upcoming Lok Sabha Elections. That's for sure. #DayanidhiMaran,2023-12-23 14:00:00,649,61,2024,DMK has decided to destroy INDI Alliance partners from North in the upcoming Lok Sabha Elections. That's for sure. DayanidhiMaran,negative,0.5132248401641846
Haryana lok sabha mein Sonipat or Rohtak chor ke sab seat 3 lakh+ margin se jeeti bjp Bas yhi 2 seat se umeed hai Baaki phir bjp le jayegi,2023-12-25 06:36:00,0,0,2024,Haryana lok sabha mein Sonipat or Rohtak chor ke sab seat 3 lakh+ margin se jeeti bjp Bas yhi 2 seat se umeed hai Baaki phir bjp le jayegi,neutral,0.7862460017204285
"Fact is congress can do very well in Karnataka Lok sabha if will to win is there. Even in 2014 Modi wave congress good performance in assembly carried over to lok sabha. This time a lot of seats Cong hasn't won since 1999 can be potentially won, but will and candidate is needed.",2023-12-25 06:36:00,1,0,2024,"Fact is congress can do very well in Karnataka Lok sabha if will to win is there. Even in 2014 Modi wave congress good performance in assembly carried over to lok sabha. This time a lot of seats Cong hasn't won since 1999 can be potentially won, but will and candidate is needed.",positive,0.7401289939880371
"Prime Minister Shri @narendramodi and @loksabhaspeaker Shri @ombirlakota led parliamentarians in paying floral tributes at the portrait of former Prime Minister Shri #AtalBihariVajpayee in the Central Hall of Samvidhan Sadan on his Birth Anniversary, today.",2023-12-25 06:35:00,37,2,2024,"Prime Minister Shri and Shri led parliamentarians in paying floral tributes at the portrait of former Prime Minister Shri AtalBihariVajpayee in the Central Hall of Samvidhan Sadan on his Birth Anniversary, today.",neutral,0.5387725830078125
Jo dikhne se hi corrupt ho usse kya hi ummid ki ja sakti hai. Bas Modi Shah ne loksabha seat ke liye ek land mafia ko CM bna diya.,2023-12-25 06:33:00,1,2,2024,Jo dikhne se hi corrupt ho usse kya hi ummid ki ja sakti hai. Bas Modi Shah ne loksabha seat ke liye ek land mafia ko CM bna diya.,negative,0.49746835231781006
"#WATCH | Delhi: Former President Ram Nath Kovind, BJP national president JP Nadda, Defence Minister Rajnath Singh, Lok Sabha Speaker Om Birla, Rajya Sabha Deputy Chairman Harivansh and other leaders pay floral tribute to former Prime Minister Atal Bihari Vajpayee at 'Sadaiv Atal' memorial, on his birth anniversary. #AtalBihariVajpayee #JPNadda #rajnathsingh",2023-12-25 04:15:00,0,0,2024,"WATCH | Delhi: Former President Ram Nath Kovind, BJP national president JP Nadda, Defence Minister Rajnath Singh, Lok Sabha Speaker Om Birla, Rajya Sabha Deputy Chairman Harivansh and other leaders pay floral tribute to former Prime Minister Atal Bihari Vajpayee at 'Sadaiv Atal' memorial, on his birth anniversary. AtalBihariVajpayee JPNadda rajnathsingh",neutral,0.8035336136817932
Year Ender 2023: BJP victories in Hindi heartland set stage for ensuing Lok Sabha polls Read @ANI Story | https://aninews.in/news/national/politics/year-ender-2023-bjp-victories-in-hindi-heartland-sets-stage-for-ensuing-lok-sabha-polls20231224231947/ #BJP #LokSabha,2023-12-24 18:29:00,143,8,2024,Year Ender 2023: BJP victories in Hindi heartland set stage for ensuing Lok Sabha polls Read Story | BJP LokSabha,neutral,0.627509355545044
Year Ender: While INDIA bloc searches for PM face; BJP targets 50 pc vote share in 2024 Lok Sabha polls Read @ANI Story | https://aninews.in/news/national/politics/year-ender-while-india-bloc-searches-for-pm-face-bjp-targets-50-pc-vote-share-in-2024-lok-sabha-polls20231224222805/ #INDIAbloc #LokSabha,2023-12-24 18:38:00,168,5,2024,Year Ender: While INDIA bloc searches for PM face; BJP targets 50 pc vote share in 2024 Lok Sabha polls Read Story | INDIAbloc LokSabha,neutral,0.8713237047195435
ABP CVoter Lok Sabha Opinion Poll 2024 West Bengal : 42 seats TMC : 23-25 | 44% Vote Share BJP : 16-18 | 39% CPM-INC : 0-2 | 8%,2023-12-24 14:24:00,361,10,2024,ABP CVoter Lok Sabha Opinion Poll 2024 West Bengal : 42 seats TMC : 23-25 | 44% Vote Share BJP : 16-18 | 39% CPM-INC : 0-2 | 8%,neutral,0.9122146964073181
"#WinterSession Snapshot | Record Number of Lok Sabha MPs Suspended; No Bills Sent to Committees Lok Sabha functioned for 74% of its scheduled time, and Rajya Sabha for 81%. #Governance https://thewire.in/government/winter-session-snapshot-record-number-of-lok-sabha-mps-suspended-no-bills-sent-to-committees",2023-12-25 06:10:00,22,3,2024,"WinterSession Snapshot | Record Number of Lok Sabha MPs Suspended; No Bills Sent to Committees Lok Sabha functioned for 74% of its scheduled time, and Rajya Sabha for 81%. Governance",negative,0.6221346855163574
"PM Modi, HM Amit Shah and BJP President JP Nadda will start roadshows and rallies from 15th January to start preparations for 2024 Lok Sabha elections.",2023-12-23 14:50:00,3757,18,2024,"PM Modi, HM Amit Shah and BJP President JP Nadda will start roadshows and rallies from 15th January to start preparations for 2024 Lok Sabha elections.",neutral,0.826144278049469
Jaha jaha yeah seat jyada dikha rahey hei waha sabsay pahlay Loksabha election hongay Naritiv banaya ja raha hei,2023-12-25 06:26:00,0,0,2024,Jaha jaha yeah seat jyada dikha rahey hei waha sabsay pahlay Loksabha election hongay Naritiv banaya ja raha hei,neutral,0.7369477152824402
@ShashiTharoor Sir! While Mr. Om Birla as SPEAKER Lok Sabha is supposed to be above politics he has repeatedly shown partisan behaviour He will gloat on your request because it shows a manifestation of opposition DISUNITY Your redressal request to him was was inappropriate 🙏,2023-12-25 06:26:00,0,0,2024,Sir! While Mr. Om Birla as SPEAKER Lok Sabha is supposed to be above politics he has repeatedly shown partisan behaviour He will gloat on your request because it shows a manifestation of opposition DISUNITY Your redressal request to him was was inappropriate 🙏,negative,0.7693464159965515
"With #WFI disbanded,Brij Bhushan Sharan Singh who had very confidently declared that he will fight the Lok Sabha polls from Kaiserganj,is saying that he has quit wrestling.What’s in store for the #bahubali MP who is now jittery about his political future, only time will tell!",2023-12-25 06:25:00,1,0,2024,"With WFI disbanded,Brij Bhushan Sharan Singh who had very confidently declared that he will fight the Lok Sabha polls from Kaiserganj,is saying that he has quit wrestling.What’s in store for the bahubali MP who is now jittery about his political future, only time will tell!",neutral,0.7031992077827454
"भारतीय जनता पार्टी, गंगापूर-खुलताबाद विधानसभा मतदार संघाची कोअर कमिटी बैठक केंद्रीय मंत्री ना.श्री.भूपेंद्रजी यादव यांच्या उपस्थितीत संपन्न झाली.. महाविजय - २०२४ हा संकल्प सिद्धीस नेण्यासाठी आम्ही कटिबद्ध आहोत!! #भाजपा #लोकसभा #मतदारसंघ #बैठक #BJP #Loksabha #meeting",2023-12-25 06:20:00,1,0,2024,"भारतीय जनता पार्टी, गंगापूर-खुलताबाद विधानसभा मतदार संघाची कोअर कमिटी बैठक केंद्रीय मंत्री ना.श्री.भूपेंद्रजी यादव यांच्या उपस्थितीत संपन्न झाली.. महाविजय - २०२४ हा संकल्प सिद्धीस नेण्यासाठी आम्ही कटिबद्ध आहोत!! भाजपा लोकसभा मतदारसंघ बैठक BJP Loksabha meeting",neutral,0.8047575354576111
Loksabha election 2024 Ground report today BJP=310-313 Congress=53-55 #LoksabhaElection2024,2023-12-24 06:18:00,72,8,2024,Loksabha election 2024 Ground report today BJP=310-313 Congress=53-55 LoksabhaElection2024,neutral,0.9129924178123474
"लोकसभा निवडणुकीच्या तोंडावर यात्रा 2.0 मध्ये दिसणार प्रियांका गांधी, राहुल गांधींसाठी खास प्लॅन? #congress #PriyankaGandhi #RahulGandhi #BharatJodoYatra #loksabha https://www.lokmat.com/national/priyanka-gandhi-to-appear-in-bharat-jodo-yatra-20-with-rahul-gandhi-ahead-of-lok-sabha-elections-2024-special-plan-for-rahul-gandhi-a-a653/",2023-12-25 06:22:00,1,0,2024,"लोकसभा निवडणुकीच्या तोंडावर यात्रा 2.0 मध्ये दिसणार प्रियांका गांधी, राहुल गांधींसाठी खास प्लॅन? congress PriyankaGandhi RahulGandhi BharatJodoYatra loksabha",neutral,0.785494327545166
"Women’s Reservation Bill, 2023 - reserves seats for women in Lok Sabha and State Legislative Assemblies Telecommunications Bill, 2023 - Repeals the Indian Telegraph Act, 1885 and Indian Wireless Telegraphy Act, 1933 and regulates the telecommunication sector",2023-12-25 06:22:00,1,1,2024,"Women’s Reservation Bill, 2023 - reserves seats for women in Lok Sabha and State Legislative Assemblies Telecommunications Bill, 2023 - Repeals the Indian Telegraph Act, 1885 and Indian Wireless Telegraphy Act, 1933 and regulates the telecommunication sector",neutral,0.940406322479248
"You are the Actors, and ur director is Priyanka Gandhi ji. अगली बार और अच्छे से acting करना, Loksabha का टिकट मिल जाएगा । 😊🙏🏻 #SakshiMalik #BajrangPunia",2023-12-25 06:21:00,0,0,2024,"You are the Actors, and ur director is Priyanka Gandhi ji. अगली बार और अच्छे से acting करना, Loksabha का टिकट मिल जाएगा । 😊🙏🏻 SakshiMalik BajrangPunia",neutral,0.5916024446487427
"@iBalkaurSidhu ji election vich khade ho jao, bina andar warhe koi solution nahi nikalna. Lok sabha pahauncho. We will support you.",2023-12-25 06:20:00,0,0,2024,"ji election vich khade ho jao, bina andar warhe koi solution nahi nikalna. Lok sabha pahauncho. We will support you.",neutral,0.5099337100982666
"He suffered in JD so went to INC. He suffered defeat in Lok Sabha elections in 1991 from Ajmer, and suffered in the next general election from Jhunjhunu. Then he went to BJP. Suffered in West Bengal. Now...",2023-12-25 06:19:00,0,0,2024,"He suffered in JD so went to INC. He suffered defeat in Lok Sabha elections in 1991 from Ajmer, and suffered in the next general election from Jhunjhunu. Then he went to BJP. Suffered in West Bengal. Now...",negative,0.7675408720970154
VIDEO | PM Modi and Lok Sabha Speaker Om Birla pay tributes to Madan Mohan Malaviya at Parliament on his birth anniversary.,2023-12-25 06:10:00,74,4,2024,VIDEO | PM Modi and Lok Sabha Speaker Om Birla pay tributes to Madan Mohan Malaviya at Parliament on his birth anniversary.,neutral,0.5659192800521851
"गूंगा पहलवान या विश्व प्रसिद्ध पहलवान? क्या वीरेंद्र यादव ब्राह्मण होते तो ये मीडिया गूंगा लिखती उसके लिए? यह पहलवान ही नहीं देश का अपमान है। @news24tvchannel को तुरंत माफी मांगनी चाहिए! जब पूरा सिस्टम मीडिया तंत्र गूंगा हो चुका है और नई पीढ़ी धर्म के नशे में है तब एक गूंगा पहलवान इतनी जोर से बोला कि अच्छों-अच्छों का दबदबा ढह गया। पूरा सिस्टम ब्रजभूषण को बचाने में लगा था । इतने आंदोलन, विरोध के बाद भी सरकार के कान में जूं तक नहीं जा रहा था एक गूंगा ने अवार्ड लौटाने का घोषणा किया और कुश्ती संघ भंग करना पड़ा सरकार को। यह शक्ति है वीर अहीर पहलवान का।🔥",2023-12-25 04:09:00,400,18,2024,"गूंगा पहलवान या विश्व प्रसिद्ध पहलवान? क्या वीरेंद्र यादव ब्राह्मण होते तो ये मीडिया गूंगा लिखती उसके लिए? यह पहलवान ही नहीं देश का अपमान है। को तुरंत माफी मांगनी चाहिए! जब पूरा सिस्टम मीडिया तंत्र गूंगा हो चुका है और नई पीढ़ी धर्म के नशे में है तब एक गूंगा पहलवान इतनी जोर से बोला कि अच्छों-अच्छों का दबदबा ढह गया। पूरा सिस्टम ब्रजभूषण को बचाने में लगा था । इतने आंदोलन, विरोध के बाद भी सरकार के कान में जूं तक नहीं जा रहा था एक गूंगा ने अवार्ड लौटाने का घोषणा किया और कुश्ती संघ भंग करना पड़ा सरकार को। यह शक्ति है वीर अहीर पहलवान का।🔥",neutral,0.8218157887458801
Lok Sabha Ethics Committee is a kangaroo court? Wow?,2023-12-08 12:55:00,5,0,2024,Lok Sabha Ethics Committee is a kangaroo court? Wow?,negative,0.8423406481742859
"She is leader of CONgress, LOP in Lok Sabha is Kharge. LOP in Rajya Sabha is vacant. She has no status except being member of Z parliament. She is not even President of CONgress",2023-12-25 06:16:00,1,0,2024,"She is leader of CONgress, LOP in Lok Sabha is Kharge. LOP in Rajya Sabha is vacant. She has no status except being member of Z parliament. She is not even President of CONgress",negative,0.6224769949913025
आज जो लोग इस हैशटैग पर पोस्ट करेंगे मैं उन सभी लोगों को फॉलोबैक करुंगा। जोर लगाओ सभी साथियों 1 नंबर ट्रेंड करवाना है.. आप लोग ट्वीट करके अपने पोस्ट का लिंक कमेंट बॉक्स में डालिए। #मनुस्मृति_दहन_दिवस,2023-12-25 03:48:00,492,76,2024,आज जो लोग इस हैशटैग पर पोस्ट करेंगे मैं उन सभी लोगों को फॉलोबैक करुंगा। जोर लगाओ सभी साथियों 1 नंबर ट्रेंड करवाना है.. आप लोग ट्वीट करके अपने पोस्ट का लिंक कमेंट बॉक्स में डालिए। मनुस्मृति_दहन_दिवस,neutral,0.8120113015174866
ये वीडियो 21 वी शताब्दी में बहुजन समाज की मुक्ति की प्रस्तावना है। आप सभी को मनुस्मृति दहन दिवस की बधाई।,2023-12-25 05:14:00,1104,43,2024,ये वीडियो 21 वी शताब्दी में बहुजन समाज की मुक्ति की प्रस्तावना है। आप सभी को मनुस्मृति दहन दिवस की बधाई।,neutral,0.8402516841888428
"Bookmark this tweet. In 2024 Lok sabha election, under Malkajgiri LS,BJP will definitely get lead in Sec'bad Cantonment, LB Nagar, Malkajgiri & Uppal.These 4 segments for sure BJP in Sec'bad Cantt will easily cross 50% voteshare. In LB Nagar too unless Cong fields Reddy candidate",2023-12-25 04:05:00,45,1,2024,"Bookmark this tweet. In 2024 Lok sabha election, under Malkajgiri LS,BJP will definitely get lead in Sec'bad Cantonment, LB Nagar, Malkajgiri & Uppal.These 4 segments for sure BJP in Sec'bad Cantt will easily cross 50% voteshare. In LB Nagar too unless Cong fields Reddy candidate",positive,0.506209671497345
"The Lok Sabha Ethics Committee is headed by the BJP MP Vinod Kumar Sonkar and includes Vishnu Datt Sharma, Sumedhanand Saraswati, Aparajita Sarangi, Rajdeep Roy, Sunita Duggal, and Subhash Bhamre of the BJP; Ve Vaithilingam, N Uttam Kumar Reddy, and Preneet Kaur of the Congress; Balashowry Vallabbhaneni (YSRCP); Hemant Godse (Shiv Sena); Giridhari Yadav (JD-U); P R Natarajan (CPI-M); and Kunwar Danish Ali (BSP). Are all of them the target of @MahuaMoitra's ire? Did these members not hold consultations with their respective parties before making up their minds? They did. It would be better if @MahuaMoitra and @MamataOfficial openly castigate other parties too, represented in the Committee.",2023-12-08 13:23:00,8,0,2024,"The Lok Sabha Ethics Committee is headed by the BJP MP Vinod Kumar Sonkar and includes Vishnu Datt Sharma, Sumedhanand Saraswati, Aparajita Sarangi, Rajdeep Roy, Sunita Duggal, and Subhash Bhamre of the BJP; Ve Vaithilingam, N Uttam Kumar Reddy, and Preneet Kaur of the Congress; Balashowry Vallabbhaneni (YSRCP); Hemant Godse (Shiv Sena); Giridhari Yadav (JD-U); P R Natarajan (CPI-M); and Kunwar Danish Ali (BSP). Are all of them the target of 's ire? Did these members not hold consultations with their respective parties before making up their minds? They did. It would be better if and openly castigate other parties too, represented in the Committee.",neutral,0.9248402118682861
"And the wait is over... 🎀🎉🎊🎉🎀🎊🎉🎀🎊💐🎀 CEO, Gujarat presents Digital Content Competition..🥳🥳If you can create that encourage voters to #Vote during Lok Sabha Elections 2024, then the stage is yours chunavsetu.gujarat.gov.in/Di… #sveep #gujarat @collectorkheda",2023-12-25 05:41:00,2,0,2024,"And the wait is over... 🎀🎉🎊🎉🎀🎊🎉🎀🎊💐🎀 CEO, Gujarat presents Digital Content Competition..🥳🥳If you can create that encourage voters to Vote during Lok Sabha Elections 2024, then the stage is yours chunavsetu.gujarat.gov.in/Di… sveep gujarat",positive,0.9736455678939819
"Ye ""10 din"" kaha se layaa hoga isne..? Advocate hai. Bewkoof bhi hai. But exactly 10 din pehle hack hua ye kaise pata isko..! Pakka isine kiya hoga. Agar #MahuaMoitra LokSabha ka login de sakti hai to mai bhi FB ka login dunga bol ke kiya hoga isne kaand..!",2023-12-25 04:58:00,1,0,2024,"Ye ""10 din"" kaha se layaa hoga isne..? Advocate hai. Bewkoof bhi hai. But exactly 10 din pehle hack hua ye kaise pata isko..! Pakka isine kiya hoga. Agar MahuaMoitra LokSabha ka login de sakti hai to mai bhi FB ka login dunga bol ke kiya hoga isne kaand..!",neutral,0.5323489904403687
Op is talking about state level lol that's why I said at state level in west bengal lok sabha they got 39%,2023-12-25 06:10:00,0,1,2024,Op is talking about state level lol that's why I said at state level in west bengal lok sabha they got 39%,neutral,0.8026242256164551
Is Dhankar planning to contest Lok Sabha elections from Rajasthan?,2023-12-25 06:10:00,2,3,2024,Is Dhankar planning to contest Lok Sabha elections from Rajasthan?,neutral,0.9536936283111572
"Attended the organisational meeting in Nagaon, Assam. Along with @JoinNeerajKumar representative of national general secretary (organisation) @SandeepPathak04 reviewed organisation of all districts falling under Nagaon Lok Sabha. Assam is getting ready to bring the change.",2023-12-24 05:33:00,79,2,2024,"Attended the organisational meeting in Nagaon, Assam. Along with representative of national general secretary (organisation) reviewed organisation of all districts falling under Nagaon Lok Sabha. Assam is getting ready to bring the change.",neutral,0.5681188106536865
VIDEO | PM Modi and Lok Sabha Speaker Om Birla pay tributes to former PM Atal Bihari Vajpayee at Parliament on his birth anniversary.,2023-12-25 05:33:00,179,5,2024,VIDEO | PM Modi and Lok Sabha Speaker Om Birla pay tributes to former PM Atal Bihari Vajpayee at Parliament on his birth anniversary.,neutral,0.571017861366272
"Lok Sabha has the maximum number of 80 seats in Uttar Pradesh. According to opinion poll data, BJP seems to be in a strong position here. If elections were held today, NDA would have got 73-75 seats, Congress + SP would have got 4-6 seats and BSP would have got 0-2 seats in UP.",2023-12-25 03:21:00,27,2,2024,"Lok Sabha has the maximum number of 80 seats in Uttar Pradesh. According to opinion poll data, BJP seems to be in a strong position here. If elections were held today, NDA would have got 73-75 seats, Congress + SP would have got 4-6 seats and BSP would have got 0-2 seats in UP.",neutral,0.6379399299621582
If PM Narendra Modi fights from Pune in Loksabha election then NDA will win 40+ seats in Maharashtra. State BJP unit must request to PM about this. @narendramodi @AmitShah @BJP4India @BJP4Maharashtra @JPNadda @Dev_Fadnavis @AbhiPawarBJP @cbawankule #LoksabhaElection2024,2023-12-25 06:05:00,0,0,2024,If PM Narendra Modi fights from Pune in Loksabha election then NDA will win 40+ seats in Maharashtra. State BJP unit must request to PM about this. LoksabhaElection2024,neutral,0.6924692988395691
Yes dear it was not 1% but actually 3.84% . I'm talking about Lok sabha 2014 election and even BJP or NDA not received 39% Votes in 2014,2023-12-25 06:03:00,0,1,2024,Yes dear it was not 1% but actually 3.84% . I'm talking about Lok sabha 2014 election and even BJP or NDA not received 39% Votes in 2014,neutral,0.6742969155311584
"No Loksabha is always different. BJP has always an edge in karnataka since 2004.By adding JDS votes, it will be a sweep for NDA. Congress have uppercaste votes in UP, which will not transfered to SP, and BJP has strong Non-yadav OBC support.",2023-12-25 06:03:00,0,1,2024,"No Loksabha is always different. BJP has always an edge in karnataka since 2004.By adding JDS votes, it will be a sweep for NDA. Congress have uppercaste votes in UP, which will not transfered to SP, and BJP has strong Non-yadav OBC support.",neutral,0.7410504221916199
"Former President #RamNathKovind, BJP national prez #JPNadda, Defence Min #RajnathSingh, Lok Sabha Speaker #OmBirla, Rajya Sabha Deputy Chairman Harivansh & other leaders pay floral tribute to former PM #AtalBihariVajpayee at 'Sadaiv Atal' memorial, on his birth anniversary.",2023-12-25 06:02:00,0,0,2024,"Former President RamNathKovind, BJP national prez JPNadda, Defence Min RajnathSingh, Lok Sabha Speaker OmBirla, Rajya Sabha Deputy Chairman Harivansh & other leaders pay floral tribute to former PM AtalBihariVajpayee at 'Sadaiv Atal' memorial, on his birth anniversary.",neutral,0.7328703999519348
Winter Session Snapshot: Record Number of Lok Sabha MPs Suspended; No Bills Sent to Committees https://thewire.in/government/winter-session-snapshot-record-number-of-lok-sabha-mps-suspended-no-bills-sent-to-committees,2023-12-25 06:01:00,0,0,2024,Winter Session Snapshot: Record Number of Lok Sabha MPs Suspended; No Bills Sent to Committees,negative,0.6847450137138367
Udhav plus Kala will win that's joke they can't win gram panchayats what about lok sabha,2023-12-25 06:00:00,0,0,2024,Udhav plus Kala will win that's joke they can't win gram panchayats what about lok sabha,negative,0.7553327679634094
"There are 40 Lok Sabha seats in Bihar. Here Congress+ seems to be in a better position than BJP+. According to public opinion if elections were held today, BJP+ would have got 16-18 seats, Congress+ would have got 21-23 seats and others would have got 0-2 seats.",2023-12-25 03:20:00,36,0,2024,"There are 40 Lok Sabha seats in Bihar. Here Congress+ seems to be in a better position than BJP+. According to public opinion if elections were held today, BJP+ would have got 16-18 seats, Congress+ would have got 21-23 seats and others would have got 0-2 seats.",neutral,0.5791903734207153
"Year: 1996 Shri #AtalBihariVajpayeeJi delivered an indelible speech in Lok Sabha. Witnessing this Live, tears welled in my eyes! Marking a profound connection that has endured through time! Forever a staunch supporter of the BJP! https://invidious.perennialte.ch/hegsvz6VpuY?si=bHk-ZgN0F4m8E5WE #GoodGovernanceDay",2023-12-25 05:59:00,0,0,2024,"Year: 1996 Shri AtalBihariVajpayeeJi delivered an indelible speech in Lok Sabha. Witnessing this Live, tears welled in my eyes! Marking a profound connection that has endured through time! Forever a staunch supporter of the BJP! GoodGovernanceDay",positive,0.9720377326011658
Periyar legacy is necessary for BJP to get 400 Lok Sabha seats,2023-12-25 05:58:00,0,0,2024,Periyar legacy is necessary for BJP to get 400 Lok Sabha seats,neutral,0.7462664842605591
नाताळ या पवित्र सणाच्या सर्वांना हार्दिक शुभेच्छा ! @AshokNeteMP #MerryChristmas,2023-12-25 05:53:00,9,0,2024,नाताळ या पवित्र सणाच्या सर्वांना हार्दिक शुभेच्छा ! MerryChristmas,neutral,0.5692635178565979
श्रद्धेय अटल बिहारी वाजपेयी जी यांना जयंती निमित्त कोटी-कोटी नमन ! @AshokNeteMP #atalbiharivajpayeejayanti,2023-12-25 05:52:00,8,0,2024,श्रद्धेय अटल बिहारी वाजपेयी जी यांना जयंती निमित्त कोटी-कोटी नमन ! atalbiharivajpayeejayanti,neutral,0.766310453414917
Print version will be circulated in North West and East India to make sure BJP gets 400 seats in Lok Sabha. Thank you Stalin sir,2023-12-25 05:56:00,0,0,2024,Print version will be circulated in North West and East India to make sure BJP gets 400 seats in Lok Sabha. Thank you Stalin sir,positive,0.7922436594963074
"#BreakingNews #Delhi ""लोकसभा चुनाव की तैयारियों में जुटी कांग्रेस"" https://vikalptimes.com/congress-busy-preparing-for-lok-sabha-elections/ #LokSabha #LokSabhaElection2024 #LokSabhaElections #HindiNews #Congress #HindiNews #SawaiMadhopurApp #VikalpTimes @kharge @RahulGandhi @INCIndia",2023-12-25 05:56:00,0,0,2024,"BreakingNews Delhi ""लोकसभा चुनाव की तैयारियों में जुटी कांग्रेस"" LokSabha LokSabhaElection2024 LokSabhaElections HindiNews Congress HindiNews SawaiMadhopurApp VikalpTimes",neutral,0.8273175954818726
"#BreakingNews #Delhi ""लोकसभा चुनाव की तैयारियों में जुटी कांग्रेस"" https://vikalptimes.com/congress-busy-preparing-for-lok-sabha-elections/ #LokSabha #LokSabhaElection2024 #LokSabhaElections #HindiNews #Congress #HindiNews #SawaiMadhopurApp #VikalpTimes",2023-12-25 05:56:00,0,0,2024,"BreakingNews Delhi ""लोकसभा चुनाव की तैयारियों में जुटी कांग्रेस"" LokSabha LokSabhaElection2024 LokSabhaElections HindiNews Congress HindiNews SawaiMadhopurApp VikalpTimes",neutral,0.8273175954818726
HUGE - Ladakh MP Tsering Namgyal lists out 'Nehruvian blunders' in loksabha. says 'Jawaharlal Nehru gave Aksai Chin to China' 🔥🔥 He accused Congress governments of ruining Jammu and Kashmir by following 'appeasement' policy during hostile situations. He said 'Nehruvian blunders' resulted in territorial losses.,2023-12-15 16:29:00,12872,109,2024,HUGE - Ladakh MP Tsering Namgyal lists out 'Nehruvian blunders' in loksabha. says 'Jawaharlal Nehru gave Aksai Chin to China' 🔥🔥 He accused Congress governments of ruining Jammu and Kashmir by following 'appeasement' policy during hostile situations. He said 'Nehruvian blunders' resulted in territorial losses.,negative,0.709757924079895
"No bro, they should all learn Hindi. Its non negotiable. If a Gujarati person can learn Hindi and be PM, then others too can. Let Stalin win from Mathura. We even let Tamil actresses like Hema, win our loksabha seats if they can speak broken Hindi.",2023-12-25 05:52:00,0,1,2024,"No bro, they should all learn Hindi. Its non negotiable. If a Gujarati person can learn Hindi and be PM, then others too can. Let Stalin win from Mathura. We even let Tamil actresses like Hema, win our loksabha seats if they can speak broken Hindi.",neutral,0.7482914328575134
Shri Amit Shah announced in Loksabha that doctors to be exempted from criminal medical negligence. Medical negligence decriminalised‼️,2023-12-21 06:13:00,7,1,2024,Shri Amit Shah announced in Loksabha that doctors to be exempted from criminal medical negligence. Medical negligence decriminalised‼️,positive,0.6010804772377014
"KARNATAKA POLITICAL BREAKING: #DakshinaKannada: CONGRESS CONTINUED ITS CONSOLIDATION across State ahead of Loksabha Polls; after Raichur now Coastal. 📌BJP Farmer Morcha President, Former Dakshina Kannada District BJP President, Radhakrishna Bollur officially joined the Congress in the presence of District In-charge Minister Dinesh Gundurao. 📌BJP leaders— Sathyaprasad Pulimaradka, and former director of cooperative society DK Suresh also joined the Congress. —Former Minister B. Ramanatha Rai, Sulya Block Congress President PC Jayaram, KPCC General Secretary Mamata Gatti, Venkappa Gowda, Shahul Hameed, Praveenchandra Alva, P.S. Gangadhar Gowda, Sadananda Mawaji, Suresh MH, Ittigundi Venkataramana, Sashidhar.J, KM Mustafa, Jayaprakash Nekrappadi, Satyakumar Adinja, Jayaram Bollaje, Bhavani Shankar Kalmadka, Ravi Pujari, Chetan, Pawan Mundraje were present.",2023-12-24 05:44:00,332,2,2024,"KARNATAKA POLITICAL BREAKING: DakshinaKannada: CONGRESS CONTINUED ITS CONSOLIDATION across State ahead of Loksabha Polls; after Raichur now Coastal. 📌BJP Farmer Morcha President, Former Dakshina Kannada District BJP President, Radhakrishna Bollur officially joined the Congress in the presence of District In-charge Minister Dinesh Gundurao. 📌BJP leaders— Sathyaprasad Pulimaradka, and former director of cooperative society DK Suresh also joined the Congress. —Former Minister B. Ramanatha Rai, Sulya Block Congress President PC Jayaram, KPCC General Secretary Mamata Gatti, Venkappa Gowda, Shahul Hameed, Praveenchandra Alva, P.S. Gangadhar Gowda, Sadananda Mawaji, Suresh MH, Ittigundi Venkataramana, Sashidhar.J, KM Mustafa, Jayaprakash Nekrappadi, Satyakumar Adinja, Jayaram Bollaje, Bhavani Shankar Kalmadka, Ravi Pujari, Chetan, Pawan Mundraje were present.",neutral,0.9300154447555542
LIVE: Union Home Minister Shri @AmitShah speaks in the Lok Sabha. #NayeBharatKeNayeKanoon https://nitter.perennialte.ch/i/broadcasts/1lDGLPENaeyGm?t=48s,2023-12-20 09:46:00,252,1,2024,LIVE: Union Home Minister Shri speaks in the Lok Sabha. NayeBharatKeNayeKanoon,neutral,0.9317622184753418
"The landmark announcement by Hon'ble Home Minister Shri @AmitShah ji in the Lok Sabha: Doctors will be exempted from criminal medical negligence, a monumental step towards decriminalization. #MedicalReform #IMA #NayeBharatKeNayeKanoon",2023-12-20 15:29:00,153,1,2024,"The landmark announcement by Hon'ble Home Minister Shri ji in the Lok Sabha: Doctors will be exempted from criminal medical negligence, a monumental step towards decriminalization. MedicalReform IMA NayeBharatKeNayeKanoon",positive,0.8735792636871338
"Agle 15 saal tere ko yahi ranti rona krna h aadat daal le, or loksabha m tere pappu ki pilayi waise hi krenge",2023-12-25 05:50:00,0,0,2024,"Agle 15 saal tere ko yahi ranti rona krna h aadat daal le, or loksabha m tere pappu ki pilayi waise hi krenge",neutral,0.7392551302909851
Bihar me loksabha me 40 me 30+bjp lekar aayegi Janta Modi ji ke liye vote karegi Vidhaanasabha me gathbandhan lead kar sakti hi 2024 me aayega to modi he,2023-12-25 05:49:00,0,0,2024,Bihar me loksabha me 40 me 30+bjp lekar aayegi Janta Modi ji ke liye vote karegi Vidhaanasabha me gathbandhan lead kar sakti hi 2024 me aayega to modi he,neutral,0.8528311252593994
"वक्त है बदलाव का, हाथ में हाथ दें, कांग्रेस का साथ दें। जुड़ेगा भारत, जीतेगा INDIA 🇮🇳 📍बहराइच लोकसभा – 56 #Congress #LalanKumar",2023-12-25 05:47:00,5,0,2024,"वक्त है बदलाव का, हाथ में हाथ दें, कांग्रेस का साथ दें। जुड़ेगा भारत, जीतेगा INDIA 🇮🇳 📍बहराइच लोकसभा – 56 Congress LalanKumar",neutral,0.7861671447753906
वीर शिरोमणि महाराज बिजली पासी जी की जयंती पर कोटि-कोटि नमन।,2023-12-25 03:17:00,6,0,2024,वीर शिरोमणि महाराज बिजली पासी जी की जयंती पर कोटि-कोटि नमन।,neutral,0.777381956577301
"भाजपा का असली नारा- 'सबका साथ, सिर्फ महंगाई का विकास' है।",2023-12-25 05:43:00,5,0,2024,"भाजपा का असली नारा- 'सबका साथ, सिर्फ महंगाई का विकास' है।",neutral,0.7530104517936707
PM Modi की इस Lady MP ने दुर्गा बनकर Lok Sabha में Rahul Gandhi और Congr... https://invidious.perennialte.ch/qfhKC1OXkME?si=AYDlNNoDA8dGZPyJ via @YouTube,2023-12-25 05:46:00,0,0,2024,PM Modi की इस Lady MP ने दुर्गा बनकर Lok Sabha में Rahul Gandhi और Congr... via,neutral,0.893698513507843
"संविधान में विश्वास रखने वाले सभी भारतीयों को ""मनु विधान"" दहन दिवस की हार्दिक शुभकामनाएं 💐🙏🔥 #मनुस्मृति_दहन_दिवस",2023-12-25 05:13:00,480,18,2024,"संविधान में विश्वास रखने वाले सभी भारतीयों को ""मनु विधान"" दहन दिवस की हार्दिक शुभकामनाएं 💐🙏🔥 मनुस्मृति_दहन_दिवस",neutral,0.798333466053009
"आप सभी को मनुस्मृति दहन दिवस कि हार्दिक शुभकामनाएं। अगर आज आग ताप रहें हैं तो मनुस्मृति और तुलसीदास दूबे कि मानस ज़रूर जलाएं। आखिर तुलसीदास दूबे ने कहा है, ""शर्मा मिश्रा दूबे शुक्ला और तिवारी ये सब हैं ताड़न के अधिकारी।।"" #ManusmritiDahanDiwas #मनुस्मृति_दहन_दिवस",2023-12-25 03:22:00,1141,144,2024,"आप सभी को मनुस्मृति दहन दिवस कि हार्दिक शुभकामनाएं। अगर आज आग ताप रहें हैं तो मनुस्मृति और तुलसीदास दूबे कि मानस ज़रूर जलाएं। आखिर तुलसीदास दूबे ने कहा है, ""शर्मा मिश्रा दूबे शुक्ला और तिवारी ये सब हैं ताड़न के अधिकारी।।"" ManusmritiDahanDiwas मनुस्मृति_दहन_दिवस",neutral,0.8068492412567139
"There is no doubt that he uses,nay misuses,name of every hindu god for furthering his personal interest..In Karnataka,it was Bajrangbali,now Lord Ram for Lok Sabha..While Bajrangbali didn't oblige him,and rightly so,it is to be seen what Lord Ram does to him...",2023-12-25 05:46:00,0,0,2024,"There is no doubt that he uses,nay misuses,name of every hindu god for furthering his personal interest..In Karnataka,it was Bajrangbali,now Lord Ram for Lok Sabha..While Bajrangbali didn't oblige him,and rightly so,it is to be seen what Lord Ram does to him...",neutral,0.5225599408149719
"Main reason... C Voter is a BJP supporter. AAP is strong in Punjab. INDIA alliance may ask Congress not to fight the election in PUNJAB Lok sabha. If AAP vs BJP means AAP will get 13 seats even with 5% tampered EVM. But doing this fake survey, they want AAP vs Congress to divide",2023-12-25 05:45:00,0,0,2024,"Main reason... C Voter is a BJP supporter. AAP is strong in Punjab. INDIA alliance may ask Congress not to fight the election in PUNJAB Lok sabha. If AAP vs BJP means AAP will get 13 seats even with 5% tampered EVM. But doing this fake survey, they want AAP vs Congress to divide",neutral,0.6940376162528992
"EVM Hai Toh Mumkin Hai Kaha MP Sanjay Raut Ne, PM Modi Ne Kaha Tha 50 Percent Se Zyada Seat Jeetenge Loksabha Me Read Full News: https://bit.ly/48fOI1K #breakingnews #dailynews #Election2024 #EVMHaiTohMumkinHai #Gallinews #LoksabhaElection2024 #Mumbai #mumbainews #news",2023-12-23 13:33:00,2,1,2024,"EVM Hai Toh Mumkin Hai Kaha MP Sanjay Raut Ne, PM Modi Ne Kaha Tha 50 Percent Se Zyada Seat Jeetenge Loksabha Me Read Full News: breakingnews dailynews Election2024 EVMHaiTohMumkinHai Gallinews LoksabhaElection2024 Mumbai mumbainews news",neutral,0.9089222550392151
"My speech on the Bharatiya Nyaya (Second) Sanhita, 2023 , The Bharatiya Nagarik Suraksha (Second) Sanhita, 2023 & The Bharatiya Sakshya (Second) Bill, 2023 in the Lok Sabha, while leading the debate on the behalf of my party. https://invidious.perennialte.ch/gR_rsRm4Yhk?si=-KIyeuls_B8Tb_G",2023-12-25 05:45:00,0,0,2024,"My speech on the Bharatiya Nyaya (Second) Sanhita, 2023 , The Bharatiya Nagarik Suraksha (Second) Sanhita, 2023 & The Bharatiya Sakshya (Second) Bill, 2023 in the Lok Sabha, while leading the debate on the behalf of my party.",neutral,0.8911463022232056
"Which questions,you people asked in the Parliament and Modi didn't answered, let country wants to know. Let us come with list from loksabha and Rajyasabha chairperson office.",2023-12-25 05:45:00,0,0,2024,"Which questions,you people asked in the Parliament and Modi didn't answered, let country wants to know. Let us come with list from loksabha and Rajyasabha chairperson office.",neutral,0.6553771495819092
"Maharashtra, Goa, Haryana, all N.E states, Gujarat, etc are also BIMARU? They also voted BJP even Karnataka had BJP govt and still havinh 27/28 Lok Sabha members from BJP. You chutiyas only know to divide people this is why BJP is becoming more powerful inspite of it's bad policy",2023-12-25 05:44:00,1,1,2024,"Maharashtra, Goa, Haryana, all N.E states, Gujarat, etc are also BIMARU? They also voted BJP even Karnataka had BJP govt and still havinh 27/28 Lok Sabha members from BJP. You chutiyas only know to divide people this is why BJP is becoming more powerful inspite of it's bad policy",neutral,0.7098555564880371
"JP Nadda, Rajnath Singh, Lok Sabha speaker Om Birla and others paying respects to former PM Atal Bihari Vajpayee on his Birth Anniversary #AtalBihariVajpayeeJi",2023-12-25 05:44:00,1,0,2024,"JP Nadda, Rajnath Singh, Lok Sabha speaker Om Birla and others paying respects to former PM Atal Bihari Vajpayee on his Birth Anniversary AtalBihariVajpayeeJi",positive,0.6145017743110657
Shame on Modi Government. 146 MPs from different Opposition parties 100 in Lok Sabha and 46 in Rajya Sabha were suspended for the remainder of the Winter Session @AamAadmiParty @ArvindKejriwal @SandeepPathak04 @raghav_chadha @GurlalAap @harjotbains #SaveDemocracy @jpsinghaap,2023-12-24 16:44:00,3,0,2024,Shame on Modi Government. 146 MPs from different Opposition parties 100 in Lok Sabha and 46 in Rajya Sabha were suspended for the remainder of the Winter Session SaveDemocracy,negative,0.8425348401069641
"@AmitShah Sir, kindly arrest those who involved in liquor scam in Telangana to win Lok Sabha seats to the maximum.If certain parties are put on hold due to their corruption, people generally chose the honest party like BJP.Jai Amit Shah,Jai Modi.",2023-12-25 05:42:00,0,0,2024,"Sir, kindly arrest those who involved in liquor scam in Telangana to win Lok Sabha seats to the maximum.If certain parties are put on hold due to their corruption, people generally chose the honest party like BJP.Jai Amit Shah,Jai Modi.",neutral,0.5000073313713074
< 5 seats in loksabha You are confirming by such the above post,2023-12-25 05:42:00,0,0,2024,< 5 seats in loksabha You are confirming by such the above post,neutral,0.8745379447937012
"Land Acquisition Act, 2013 with amendments of 2015 which was passed by Lok Sabha but could not get through Rajya Sabha must be brought back . Land Acquisition is major hinderance in the development and stalling of major projects",2023-12-25 05:42:00,4,0,2024,"Land Acquisition Act, 2013 with amendments of 2015 which was passed by Lok Sabha but could not get through Rajya Sabha must be brought back . Land Acquisition is major hinderance in the development and stalling of major projects",negative,0.8313044905662537
VBA Loksabha: लोकसभेसाठी 'वंचित'च्या हालचालींना वेग; राज्य कार्यकारिणीची बोलावली तातडीची बैठक #VBA #MVA #INDIA #PrakashAmbedkar #SakalNews https://www.esakal.com/maharashtra/speed-up-movement-of-vba-for-lok-sabha-election-an-emergency-meeting-has-been-called-aau85,2023-12-25 05:42:00,0,0,2024,VBA Loksabha: लोकसभेसाठी 'वंचित'च्या हालचालींना वेग; राज्य कार्यकारिणीची बोलावली तातडीची बैठक VBA MVA INDIA PrakashAmbedkar SakalNews,neutral,0.8568100929260254
this strategy was used by AAP in 2014 to achieve ZERO seats in lok sabha elections,2023-12-25 05:41:00,0,0,2024,this strategy was used by AAP in 2014 to achieve ZERO seats in lok sabha elections,negative,0.6979767680168152
"There are total 48 Lok Sabha seats in Maharashtra. Here Congress+ seems to have the upper hand. If Lok Sabha elections were held in Maharashtra today, then according to the poll, BJP+ would have got 19-21 seats Congress would have got 26-28 seats and others would have got 0-2 seats. (C voters survey )",2023-12-25 03:18:00,11,0,2024,"There are total 48 Lok Sabha seats in Maharashtra. Here Congress+ seems to have the upper hand. If Lok Sabha elections were held in Maharashtra today, then according to the poll, BJP+ would have got 19-21 seats Congress would have got 26-28 seats and others would have got 0-2 seats. (C voters survey )",neutral,0.8311247825622559
"West bengal nein durga puja,kali puja k baad Christmas ek aisa feetival hain jo huge scale mein manai jati hain.. Or ye manane wala christian nahi..99% hindu hi hain..",2023-12-25 05:39:00,2,0,2024,"West bengal nein durga puja,kali puja k baad Christmas ek aisa feetival hain jo huge scale mein manai jati hain.. Or ye manane wala christian nahi..99% hindu hi hain..",neutral,0.8009487986564636
"Loksabha 2024 Survey : महायुतीला धक्का तर महाविकास आघाडीला लोकांची पसंती, संजय राऊत म्हणाले, “आम्ही…” https://www.loksatta.com/maharashtra/sanjay-raut-on-abp-c-voter-survey-loksabha-election-maharashtra-mahavikas-aghadi-and-bjp-shinde-ajit-pawar-group-ssa-97-4120197/",2023-12-25 05:38:00,4,0,2024,"Loksabha 2024 Survey : महायुतीला धक्का तर महाविकास आघाडीला लोकांची पसंती, संजय राऊत म्हणाले, “आम्ही…”",neutral,0.8389132022857666
We will discuss this after loksabha result ....But i'm sure you will cry in bathroom on that day,2023-12-25 05:37:00,0,0,2024,We will discuss this after loksabha result ....But i'm sure you will cry in bathroom on that day,negative,0.7066959142684937
"#JammuAndKashmir #Congress leaders to meet with Congress leadership tomorrow at AICC HQs to discuss the election preparedness for Lok Sabha, Congress president #MallikarjunKharge, party leaders #RahulGandhi, KC Venugopal will be in present in the meeting.",2023-12-25 05:37:00,0,0,2024,"JammuAndKashmir Congress leaders to meet with Congress leadership tomorrow at AICC HQs to discuss the election preparedness for Lok Sabha, Congress president MallikarjunKharge, party leaders RahulGandhi, KC Venugopal will be in present in the meeting.",neutral,0.9144896268844604
Very good . Major Ravi is good leader. He can bring some weight to BJP. There are lots of People in I.N.D.I Alliance who wants to switch to BJP but there are some constraints. I believe in before Loksabha Elections more people will join BJP. #AmritKaal is waiting...,2023-12-25 05:37:00,7,0,2024,Very good . Major Ravi is good leader. He can bring some weight to BJP. There are lots of People in I.N.D.I Alliance who wants to switch to BJP but there are some constraints. I believe in before Loksabha Elections more people will join BJP. AmritKaal is waiting...,positive,0.9202632308006287
महाराष्ट्रात सत्ताधारी महायुतीला झटका?: लोकसभा निवडणुकीत 'मविआ'ला मिळणार कौल; सर्व्हेच्या आकडेवारीने सत्ताधाऱ्यांत खळबळ #LokSabha #OpinionPoll #CVoterPredicts https://divya-m.in/dMNSCV9fOFb,2023-12-25 05:36:00,0,0,2024,महाराष्ट्रात सत्ताधारी महायुतीला झटका?: लोकसभा निवडणुकीत 'मविआ'ला मिळणार कौल; सर्व्हेच्या आकडेवारीने सत्ताधाऱ्यांत खळबळ LokSabha OpinionPoll CVoterPredicts,neutral,0.7905836701393127
Policy continuity as BJP likely to retain power in 2024 Lok Sabha elections: Fitch Ratings https://indianexpress.com/article/business/economy/policy-continuity-as-bjp-likely-to-retain-power-in-2024-lok-sabha-elections-fitch-ratings-9065682/ via NaMo App,2023-12-25 05:33:00,0,0,2024,Policy continuity as BJP likely to retain power in 2024 Lok Sabha elections: Fitch Ratings via NaMo App,neutral,0.8029017448425293
"Saw chhau was brought today . After loksabha one MELA can be organised in brigade where all local dances and songs of WB will be showcased. Such as Baul, Gambhira, Gajan , Purulia Chhau,Domphu nritya of North Bengal. Name can be given after HINDU MELA ( freedom connection)",2023-12-24 13:57:00,90,2,2024,"Saw chhau was brought today . After loksabha one MELA can be organised in brigade where all local dances and songs of WB will be showcased. Such as Baul, Gambhira, Gajan , Purulia Chhau,Domphu nritya of North Bengal. Name can be given after HINDU MELA ( freedom connection)",neutral,0.8039687871932983
Bhai lok sabha ka telecast live TV pe hota hai .. all have seen wt u guys were doing,2023-12-25 05:32:00,0,0,2024,Bhai lok sabha ka telecast live TV pe hota hai .. all have seen wt u guys were doing,neutral,0.5641535520553589
The Congress announced a 16-member Manifesto Committee for the 2024 Lok Sabha election under the chairmanship of former Finance Minister P Chidambaram. https://trib.al/Gq4hj3L,2023-12-23 03:00:00,59,7,2024,The Congress announced a 16-member Manifesto Committee for the 2024 Lok Sabha election under the chairmanship of former Finance Minister P Chidambaram.,neutral,0.9367684721946716
"Baune Duryodhan…” Lok Sabha MP Ramesh Bidhuri rains fire at Opposition with ‘hard-hitting’ facts about their leaders including Nehru ji, and so-called democracy during their rule",2023-12-23 18:08:00,42,0,2024,"Baune Duryodhan…” Lok Sabha MP Ramesh Bidhuri rains fire at Opposition with ‘hard-hitting’ facts about their leaders including Nehru ji, and so-called democracy during their rule",neutral,0.7363787293434143
p voter sarve Loksabha-48 MVA -48 त्यात vbh सोबत आली तर 50 जागा येणार महायुती -0 -0000 - मध्ये जाणार😂 मतांची टक्ेवारी MVA -101% युती - -0% 😂😂😂,2023-12-25 05:30:00,0,0,2024,p voter sarve Loksabha-48 MVA -48 त्यात vbh सोबत आली तर 50 जागा येणार महायुती -0 -0000 - मध्ये जाणार😂 मतांची टक्ेवारी MVA -101% युती - -0% 😂😂😂,neutral,0.7812150120735168
Bengal News - Home Minister Amit Shah will arrive in Kolkata today for two days visit. Shah will offer prayers at Kalighat Temple & MG Road Gurudwara tomorrow. He will interact with party functionaries and evaluate party’s position ahead of Lok Sabha elections.,2023-12-25 05:30:00,0,0,2024,Bengal News - Home Minister Amit Shah will arrive in Kolkata today for two days visit. Shah will offer prayers at Kalighat Temple & MG Road Gurudwara tomorrow. He will interact with party functionaries and evaluate party’s position ahead of Lok Sabha elections.,neutral,0.8995116353034973
Watch | महाराष्ट्र के ओपिनियन पोल पर संजय निरुपम का बयान @vivekstake | @rajendradev6 | @rajeshtripath1 https://abplive.com/live-tv #AbpCVoter #OponionPolls #Loksabha #Maharashtra,2023-12-25 04:50:00,27,0,2024,Watch | महाराष्ट्र के ओपिनियन पोल पर संजय निरुपम का बयान | | AbpCVoter OponionPolls Loksabha Maharashtra,neutral,0.8821521401405334
🔴Aaj Ki Taaja Khabar LIVE: Rajouri Encounter Updates | Loksabha Election... https://invidious.perennialte.ch/live/UDPRnFMUHjY?si=HAtc-sTLc7rhYjQ_ via @YouTube,2023-12-25 05:28:00,0,0,2024,🔴Aaj Ki Taaja Khabar LIVE: Rajouri Encounter Updates | Loksabha Election... via,neutral,0.9668176770210266
US & Canada based Khalistani #terrorist Gurpatwant Pannu had threatened on 6 Dec. that #Indian #Parliament would be shaken on 13 Dec. Shouldn't security agencies investigate the #Khalistani connections of those who attacked the Lok Sabha? #ParliamentSecurityBreach,2023-12-25 05:27:00,0,0,2024,US & Canada based Khalistani terrorist Gurpatwant Pannu had threatened on 6 Dec. that Indian Parliament would be shaken on 13 Dec. Shouldn't security agencies investigate the Khalistani connections of those who attacked the Lok Sabha? ParliamentSecurityBreach,negative,0.7818249464035034
Lagta hai samay aa gaya hai rajnitik entry ka. Loksabha se pehle Aisa statement 🧐,2023-12-25 05:27:00,0,1,2024,Lagta hai samay aa gaya hai rajnitik entry ka. Loksabha se pehle Aisa statement 🧐,neutral,0.8764075040817261
"கார்கில் வெற்றி வீரர், தங்க நாற்கர சாலை தந்த நாயகன், பாரத ரத்னா, முன்னாள் இந்திய பிரதமர், அடல் பிஹாரி வாஜ்பாய் அவர்களின் பிறந்த தினமான இன்று அவரது புகழை போற்றுவோம்!",2023-12-25 05:25:00,1,0,2024,"கார்கில் வெற்றி வீரர், தங்க நாற்கர சாலை தந்த நாயகன், பாரத ரத்னா, முன்னாள் இந்திய பிரதமர், அடல் பிஹாரி வாஜ்பாய் அவர்களின் பிறந்த தினமான இன்று அவரது புகழை போற்றுவோம்!",neutral,0.7397204637527466
"கார்கில் வெற்றி வீரர், தங்க நாற்கர சாலை தந்த நாயகன், பாரத ரத்னா, முன்னாள் இந்திய பிரதமர், அடல் பிஹாரி வாஜ்பாய் அவர்களின் பிறந்த தினமான இன்று அவரது புகழை போற்றுவோம்!",2023-12-25 02:53:00,2245,48,2024,"கார்கில் வெற்றி வீரர், தங்க நாற்கர சாலை தந்த நாயகன், பாரத ரத்னா, முன்னாள் இந்திய பிரதமர், அடல் பிஹாரி வாஜ்பாய் அவர்களின் பிறந்த தினமான இன்று அவரது புகழை போற்றுவோம்!",neutral,0.7397204637527466
"Every Hindu is heart with Nitish Kumar's apathy towards hindu sentiments. Remember, you will face unprecedented defeat in comming Lok Sabha & assembly elections. This is shrap from a dejected Hindus. God will discard you and your party. जय श्रीराम जय श्रीकृष्ण भारत माता की जय",2023-12-25 05:24:00,0,1,2024,"Every Hindu is heart with Nitish Kumar's apathy towards hindu sentiments. Remember, you will face unprecedented defeat in comming Lok Sabha & assembly elections. This is shrap from a dejected Hindus. God will discard you and your party. जय श्रीराम जय श्रीकृष्ण भारत माता की जय",negative,0.8770636916160583
"After losing the 2024 Lok Sabha elections, the TMC party can start performing mimicry on the streets and Rahul can record as many videos as he wants 😂😂😂",2023-12-22 09:12:00,620,56,2024,"After losing the 2024 Lok Sabha elections, the TMC party can start performing mimicry on the streets and Rahul can record as many videos as he wants 😂😂😂",neutral,0.470201700925827
"Kaha rahta h tu punjab m🤣 m khud punjab m rahta hu log aaj bhi cong ko gaali de rahe h, cong 25% vote cross nhi krega loksabha m, AAP 35 se below nhi jayega, tujhe shrm to h nhi, vrna punjab election k bad tu aatmhatya kr leta",2023-12-25 05:23:00,0,1,2024,"Kaha rahta h tu punjab m🤣 m khud punjab m rahta hu log aaj bhi cong ko gaali de rahe h, cong 25% vote cross nhi krega loksabha m, AAP 35 se below nhi jayega, tujhe shrm to h nhi, vrna punjab election k bad tu aatmhatya kr leta",neutral,0.5964632630348206
"#WATCH | On the mimicry row, Former Lok Sabha Speaker and Congress leader Meira Kumar says, ""No one has been insulted. We should not link everything with caste. This is wrong.''",2023-12-21 14:07:00,2957,72,2024,"WATCH | On the mimicry row, Former Lok Sabha Speaker and Congress leader Meira Kumar says, ""No one has been insulted. We should not link everything with caste. This is wrong.''",negative,0.5484067797660828
लोकसभा द्वारा पारित आधे विधेयकों में से प्रत्येक पर दो घंटे से भी कम समय तक चर्चा हुई: रिपोर्ट https://thewirehindi.com/264361/half-of-bills-passed-by-lok-sabha-discussed-for-less-than-2-hours-each-report/ #PassedBills #LokSabha #ModiGovt #पारितविधेयक #लोकसभा #मोदीसरकार,2023-12-23 14:26:00,188,5,2024,लोकसभा द्वारा पारित आधे विधेयकों में से प्रत्येक पर दो घंटे से भी कम समय तक चर्चा हुई: रिपोर्ट PassedBills LokSabha ModiGovt पारितविधेयक लोकसभा मोदीसरकार,neutral,0.7327038645744324
"Lok Sabha Speaker Shri @ombirlakota greets Shri @manoj_kotak, MP on his birthday. @loksabhaspeaker @sansad_tv",2023-12-25 04:54:00,3,0,2024,"Lok Sabha Speaker Shri greets Shri , MP on his birthday.",positive,0.5402644872665405
"With over 46 MPs suspended from the Lok Sabha, the supposed sanctum of India’s democracy, we can only assume that @BJP4India and HM @AmitShah are finally settling into their comfort zones in Parliament. A masterstroke in silencing dissent, HM @AmitShah can now effortlessly and comfortably make a statement. Quite the strategic move, isn't it?",2023-12-18 10:01:00,354,24,2024,"With over 46 MPs suspended from the Lok Sabha, the supposed sanctum of India’s democracy, we can only assume that and HM are finally settling into their comfort zones in Parliament. A masterstroke in silencing dissent, HM can now effortlessly and comfortably make a statement. Quite the strategic move, isn't it?",neutral,0.5941598415374756
सऊदी अरब से तेल लेकर जो जहाज़ भारत आ रहा था उस पर ड्रोन हमले के बाद अब भारतीय तटरक्षक दल का जहाज़ विक्रम उसे अपनी निगरानी में लेकर भारत की ओर बढ़ रहा है। पूरी रिपोर्ट 👇 https://invidious.perennialte.ch/rcN2S4ZfouI?si=7VK3tAeHS5KzZK0c,2023-12-24 07:02:00,1106,5,2024,सऊदी अरब से तेल लेकर जो जहाज़ भारत आ रहा था उस पर ड्रोन हमले के बाद अब भारतीय तटरक्षक दल का जहाज़ विक्रम उसे अपनी निगरानी में लेकर भारत की ओर बढ़ रहा है। पूरी रिपोर्ट 👇,neutral,0.8031368851661682
"Ma'am it's all due to upcoming lok sabha elections, after that you will see. This is just like ₹ 450 gas cylinder Modi ki Guarantee un Rajasthan elections, which is now ₹ 950. Don't believe them. They are just playing LLTT (Looking London Talking Tokyo).",2023-12-25 05:16:00,0,0,2024,"Ma'am it's all due to upcoming lok sabha elections, after that you will see. This is just like ₹ 450 gas cylinder Modi ki Guarantee un Rajasthan elections, which is now ₹ 950. Don't believe them. They are just playing LLTT (Looking London Talking Tokyo).",negative,0.48765459656715393
Jo nhi aaye the wo bhi #suspended 🤣🤣. Inko suspension Minister banao koi.!! #LokSabha,2023-12-14 12:28:00,1512,42,2024,Jo nhi aaye the wo bhi suspended 🤣🤣. Inko suspension Minister banao koi.!! LokSabha,negative,0.6001542210578918
"Lok Sabha Speaker Shri @ombirlakota pays tributes to #MaharajaSurajmal, on his Punyatithi. @loksabhaspeaker @Sansad_tv",2023-12-25 04:58:00,5,0,2024,"Lok Sabha Speaker Shri pays tributes to MaharajaSurajmal, on his Punyatithi.",neutral,0.5529908537864685
I express my sincere gratitudes to @IYCKarnataka for showing faith upon me and appointing me as Incharge for youth Congress social media for Uttarakannada and shivamogga Parliament Loksabha election- 2024. Thank you for giving me this responsibility & I'll fulfill it with utmost sincerity and dedication. #nimmapavan #YuvaKarnataka,2023-12-16 04:09:00,13,2,2024,I express my sincere gratitudes to for showing faith upon me and appointing me as Incharge for youth Congress social media for Uttarakannada and shivamogga Parliament Loksabha election- 2024. Thank you for giving me this responsibility & I'll fulfill it with utmost sincerity and dedication. nimmapavan YuvaKarnataka,positive,0.9264838695526123
You are rfring to SA in Bengal and HBS in Assam right but it's lok sabha election anyhow bjp wins max seats is important and whatever no of seats bjp will win all due to modi no one else,2023-12-25 05:12:00,0,1,2024,You are rfring to SA in Bengal and HBS in Assam right but it's lok sabha election anyhow bjp wins max seats is important and whatever no of seats bjp will win all due to modi no one else,neutral,0.6520466208457947
Aam Aadmi Party National Organization General Secretary and Gujarat In-charge Mr. @SandeepPathak04 will visit Gujarat tomorrow on 26/12/2023 as part of preparations for the upcoming Lok Sabha elections. @manoj_sorathiya,2023-12-25 05:12:00,0,0,2024,Aam Aadmi Party National Organization General Secretary and Gujarat In-charge Mr. will visit Gujarat tomorrow on 26/12/2023 as part of preparations for the upcoming Lok Sabha elections.,neutral,0.9186851978302002
"Lok Sabha speaker Om birla suspends 31 opposition members, including Congress leader Adhir Ranjan Chowdhury, from House for remainder of Winter Session! Message is very clear don’t question Modi, Parliament is just for namesake and Modi will do his Manmani & others has to obey it ☝🏼",2023-12-18 10:15:00,545,141,2024,"Lok Sabha speaker Om birla suspends 31 opposition members, including Congress leader Adhir Ranjan Chowdhury, from House for remainder of Winter Session! Message is very clear don’t question Modi, Parliament is just for namesake and Modi will do his Manmani & others has to obey it ☝🏼",neutral,0.643616795539856
"BJP suspended 47 MP's from Loksabha and 34 MP's from Rajyasabha. Total 81 MP's they suspended bcoz all were asking question on parliament security. First he purchased Media and when MP's started questioning, He suspended MP's also. Tanashah ek Darpok aadmi hai...",2023-12-18 11:48:00,26,3,2024,"BJP suspended 47 MP's from Loksabha and 34 MP's from Rajyasabha. Total 81 MP's they suspended bcoz all were asking question on parliament security. First he purchased Media and when MP's started questioning, He suspended MP's also. Tanashah ek Darpok aadmi hai...",negative,0.6950162649154663
"Celebrated #Christmas & provided school kits to children of #SouthChennai Lok Sabha, #Velachery, Adyar, Periyar Nagar Ward - 173. #தென்சென்னை எம்.பி தொகுதி, #வேளச்சேரி, அடையார் பெரியார் நகரில் குழந்தைகளுடன் #கிறுஸ்துமஸ் கொண்டாடி மாணவர்களுக்கு நலத்திட்ட உதவிகளை வழங்கினோம்.",2023-12-24 05:54:00,158,4,2024,"Celebrated Christmas & provided school kits to children of SouthChennai Lok Sabha, Velachery, Adyar, Periyar Nagar Ward - 173. தென்சென்னை எம்.பி தொகுதி, வேளச்சேரி, அடையார் பெரியார் நகரில் குழந்தைகளுடன் கிறுஸ்துமஸ் கொண்டாடி மாணவர்களுக்கு நலத்திட்ட உதவிகளை வழங்கினோம்.",positive,0.7336312532424927
#Dhartiputra: कांग्रेस नेता #GinniSahni के साथ तीखी बहस में बोले राजनीतिक विश्लेषक @Surya_Maithil- 'इस देश के संसाधनों पर पहला हक मुसलमानों का है किस पार्टी ने कहा था?' @VidyaNathJha #SamajwadiParty #UPPolitics #BJP #Loksabha,2023-12-24 13:25:00,31,0,2024,Dhartiputra: कांग्रेस नेता GinniSahni के साथ तीखी बहस में बोले राजनीतिक विश्लेषक - 'इस देश के संसाधनों पर पहला हक मुसलमानों का है किस पार्टी ने कहा था?' SamajwadiParty UPPolitics BJP Loksabha,neutral,0.8335502743721008
"""Crying Like A Child"": Trinamool MP's Swipe At Veep Amid Mimicry Row Addressing a political meeting at Seram pore in Bengal, Kalyan Banerjee said the first person to perform mimicry inside Lok Sabha was Prime Minister Narendra Modi. https://qr.ae/pKZ84G",2023-12-25 05:10:00,0,0,2024,"""Crying Like A Child"": Trinamool MP's Swipe At Veep Amid Mimicry Row Addressing a political meeting at Seram pore in Bengal, Kalyan Banerjee said the first person to perform mimicry inside Lok Sabha was Prime Minister Narendra Modi.",neutral,0.7448063492774963
Isi k sath tumhari Loksabha ki 10 seats aur gayi.,2023-12-25 05:09:00,0,0,2024,Isi k sath tumhari Loksabha ki 10 seats aur gayi.,neutral,0.8437095880508423
Lok Sabha elections around the corner.,2023-12-25 05:09:00,0,0,2024,Lok Sabha elections around the corner.,neutral,0.936444103717804
"Madhya Pradesh Vidhan Sabha Election 2023 Result in terms of Lok Sabha seat. 15, Balaghat BJP- 45.9 (50.7-2019) INC- 45.7 (33.1-2019) BSP+GGP- 3.3 (6.8) OTH- 5.1 (9.3) 16, Chhindwara BJP- 41.5 (44.1-2019) INC- 48.5 (47.1-2019) OTH- 10.0 (8.9) #MadhyaPradesh",2023-12-21 10:16:00,9,0,2024,"Madhya Pradesh Vidhan Sabha Election 2023 Result in terms of Lok Sabha seat. 15, Balaghat BJP- 45.9 (50.7-2019) INC- 45.7 (33.1-2019) BSP+GGP- 3.3 (6.8) OTH- 5.1 (9.3) 16, Chhindwara BJP- 41.5 (44.1-2019) INC- 48.5 (47.1-2019) OTH- 10.0 (8.9) MadhyaPradesh",neutral,0.9162341356277466
Mahua you are #congressi pimp. You've done nothing to be a member of loksabha other than creating drama to get media attention. 🥱,2023-12-25 05:08:00,0,0,2024,Mahua you are congressi pimp. You've done nothing to be a member of loksabha other than creating drama to get media attention. 🥱,negative,0.9111379981040955
"😂😂😂 Phir Bhi Modi Led BJP Govt Ne Jat Betiyon Ko Sadak Pe Le Aaya Sirf Ek Brijbhushan Ke Liye Loksabha 2024 Nahi Hota Toh Jat Betiyan Sadak Pe Hi Reh Jaati ... Your Organisation is useless, dumb",2023-12-25 05:08:00,0,1,2024,"😂😂😂 Phir Bhi Modi Led BJP Govt Ne Jat Betiyon Ko Sadak Pe Le Aaya Sirf Ek Brijbhushan Ke Liye Loksabha 2024 Nahi Hota Toh Jat Betiyan Sadak Pe Hi Reh Jaati ... Your Organisation is useless, dumb",negative,0.6747893691062927
Dear Mr .Senthil...do you need all these..we are living in 2024..common change yourself..this is not 1980's or 1990's to make people believe your propaganda..any way people of Dharmapuri district know what to do in coming Loksabha elections.,2023-12-25 05:06:00,0,0,2024,Dear Mr .Senthil...do you need all these..we are living in 2024..common change yourself..this is not 1980's or 1990's to make people believe your propaganda..any way people of Dharmapuri district know what to do in coming Loksabha elections.,negative,0.550983190536499
Already bjp number one in south bharat in lok sabha seats,2023-12-25 05:06:00,2,0,2024,Already bjp number one in south bharat in lok sabha seats,neutral,0.5220980644226074
Bihar ke lok sabha chunav me rjd dafan ho jayegi,2023-12-25 05:06:00,0,0,2024,Bihar ke lok sabha chunav me rjd dafan ho jayegi,neutral,0.7584952712059021
See 2014 Loksabha See 2019 Loksabha Today RJD has zero MP in Bihar,2023-12-25 05:06:00,0,0,2024,See 2014 Loksabha See 2019 Loksabha Today RJD has zero MP in Bihar,neutral,0.7775194644927979
ABP CVoter Lok Sabha Opinion Poll 2024 Maharashtra : 48 seats n Vote Share BJP+ : 19-21 | 37% MVA : 26-28 | 41% OTH : 0-2 | 22% This survey is giving MVA good edge. MVA should fight more on the ground and they can even cross 40+ in Lok Sabha elections. #opinionpoll,2023-12-24 13:26:00,27,7,2024,ABP CVoter Lok Sabha Opinion Poll 2024 Maharashtra : 48 seats n Vote Share BJP+ : 19-21 | 37% MVA : 26-28 | 41% OTH : 0-2 | 22% This survey is giving MVA good edge. MVA should fight more on the ground and they can even cross 40+ in Lok Sabha elections. opinionpoll,neutral,0.6258219480514526
"MP Pratap Simha said, ""Goddess Chamundeshwari, Goddess Kaveri, and my readers know whether I am patriotic or anti-national. People will give their mandate in this regard in the upcoming Mysuru-Kodagu Lok Sabha election."" #IndiaNews #KarnatakaNews #BJP https://www.deccanherald.com/india/karnataka/people-will-decide-in-ls-polls-if-i-am-a-patriot-or-otherwise-mp-pratap-simha-2823824",2023-12-24 07:30:00,175,0,2024,"MP Pratap Simha said, ""Goddess Chamundeshwari, Goddess Kaveri, and my readers know whether I am patriotic or anti-national. People will give their mandate in this regard in the upcoming Mysuru-Kodagu Lok Sabha election."" IndiaNews KarnatakaNews BJP",neutral,0.8465086817741394
#abcofparliament,2023-12-25 05:04:00,13,0,2024,abcofparliament,neutral,0.7610864639282227
Watch | छत्तीसगढ़ का ओपिनियन पोल छत्तीसगढ़ CM विष्णु देव साय EXCLUSIVE इंटरव्यू @rajendradev6 | @rajeshtripath1 https://abplive.com/live-tv #AbpCVoter #OponionPolls #Loksabha #Chhattisgarh,2023-12-25 05:04:00,19,2,2024,Watch | छत्तीसगढ़ का ओपिनियन पोल छत्तीसगढ़ CM विष्णु देव साय EXCLUSIVE इंटरव्यू | AbpCVoter OponionPolls Loksabha Chhattisgarh,neutral,0.8972429633140564
Sharif Loka nu vote paunda vee kon aa Manmohan Singh kadi vee Loksabha dean vota nahi jitiaya,2023-12-25 05:04:00,0,0,2024,Sharif Loka nu vote paunda vee kon aa Manmohan Singh kadi vee Loksabha dean vota nahi jitiaya,neutral,0.8600255250930786
DMK is bulshitting bully and rest of the INDI alliance partners are playing apologia. Why can't you openly condemn. You don'tneed them to win elections. They will anyways not win much in Loksabha. @yadavtejashwi @RahulGandhi #bihari @NitishKumar,2023-12-25 05:04:00,0,0,2024,DMK is bulshitting bully and rest of the INDI alliance partners are playing apologia. Why can't you openly condemn. You don'tneed them to win elections. They will anyways not win much in Loksabha. bihari,negative,0.9002655744552612
Watch | पश्चिम बंगाल का ओपिनियन पोल किसे मिलेगी कितनी सीट ? @vivekstake | @rajendradev6 https://abplive.com/live-tv #AbpCVoter #OponionPolls #Loksabha #WestBengal,2023-12-25 05:03:00,10,2,2024,Watch | पश्चिम बंगाल का ओपिनियन पोल किसे मिलेगी कितनी सीट ? | AbpCVoter OponionPolls Loksabha WestBengal,neutral,0.8803949952125549
"Watch | पंजाब का ओपिनियन पोल, जानिए किसे कितने वोट? @vivekstake | @rajendradev6 | https://abplive.com/live-tv #AbpCVoter #OponionPolls #Loksabha #Punjab",2023-12-25 05:03:00,10,0,2024,"Watch | पंजाब का ओपिनियन पोल, जानिए किसे कितने वोट? | | AbpCVoter OponionPolls Loksabha Punjab",neutral,0.8972811698913574
PM Modi's 'NaMo' App Launches 'Jan Man Survey' Ahead of Lok Sabha Polls https://www.deccanchronicle.com/nation/in-other-news/201223/pm-modis-namo-app-launches-jan-man-survey-ahead-of-lok-sabha-poll.html via NaMo App,2023-12-25 05:03:00,0,0,2024,PM Modi's 'NaMo' App Launches 'Jan Man Survey' Ahead of Lok Sabha Polls via NaMo App,neutral,0.8495508432388306
J&K bills to provide justice to those deprived for 70 years: Amit Shah in Lok Sabha https://timesofindia.indiatimes.com/india/jk-bills-to-provide-justice-to-those-who-were-insulted-ignored-amit-shah-in-lok-sabha/articleshow/105780875.cms via NaMo App,2023-12-25 05:01:00,0,0,2024,J&K bills to provide justice to those deprived for 70 years: Amit Shah in Lok Sabha via NaMo App,neutral,0.8307710289955139
লোকসভা ভোটে মহিলা মুখ খুঁজছে বিজেপি #FemaleCandidate #LokSabha #BJP #NewszNow,2023-12-25 05:00:00,0,0,2024,লোকসভা ভোটে মহিলা মুখ খুঁজছে বিজেপি FemaleCandidate LokSabha BJP NewszNow,neutral,0.8432371020317078
"Ye ""10 din"" kaha se layaa hoga isne..? Advocate hai.? But exactly 10 din pehle hack hua ye kaise pata isko.! Pakka isine kiya hoga. Agar #MahuaMoitra LokSabha ka login de sakti hai to mai bhi FB ka login dunga bol ke kiya hoga isne kaand..! Ethics Committee please come in..!",2023-12-25 04:59:00,0,0,2024,"Ye ""10 din"" kaha se layaa hoga isne..? Advocate hai.? But exactly 10 din pehle hack hua ye kaise pata isko.! Pakka isine kiya hoga. Agar MahuaMoitra LokSabha ka login de sakti hai to mai bhi FB ka login dunga bol ke kiya hoga isne kaand..! Ethics Committee please come in..!",neutral,0.543667197227478
Honorable Home Minister Shri @AmitShah ji is going to speak in the Lok Sabha on three new Criminal Law Bills which will make the legal process of the country more simple. #NayeBharatKeNayeKanoon,2023-12-20 10:10:00,0,0,2024,Honorable Home Minister Shri ji is going to speak in the Lok Sabha on three new Criminal Law Bills which will make the legal process of the country more simple. NayeBharatKeNayeKanoon,positive,0.7680405378341675
"See this Pappu-Panuti's language, full of arrogance and hatred, People of 3 Hindi heartland states taught him a lesson of life time, and Congress will be marginalized in 2024 Lok Sabha polls.",2023-12-25 04:59:00,0,0,2024,"See this Pappu-Panuti's language, full of arrogance and hatred, People of 3 Hindi heartland states taught him a lesson of life time, and Congress will be marginalized in 2024 Lok Sabha polls.",negative,0.8975903987884521
"Lok Sabha Election 2024: 'नीतीश ने जो माहौल बनाया, उसे पंचर किया जा रहा...', इंडी गठबंधन को आनंद मोहन की सलाह https://zeenews.india.com/hindi/india/bihar-jharkhand/politics/anand-mohan-advice-to-congress-said-indi-alliance-being-punctured-nitish-kumar-effort/2027307",2023-12-25 04:58:00,6,0,2024,"Lok Sabha Election 2024: 'नीतीश ने जो माहौल बनाया, उसे पंचर किया जा रहा...', इंडी गठबंधन को आनंद मोहन की सलाह",neutral,0.868285059928894
"Lok Sabha Speaker Shri @ombirlakota extends greetings to the people on the occasion of #Christmas, today. @loksabhaspeaker @sansad_tv #MerryChristmas",2023-12-25 04:57:00,2,0,2024,"Lok Sabha Speaker Shri extends greetings to the people on the occasion of Christmas, today. MerryChristmas",positive,0.9569322466850281
"#StopTheBlockade | Where is PM Modi? Is he busy inaugurating Vande Bharat? : @rahmantauseef19, Spokesperson, TMC #Parliament #LokSabha #RajyaSabha #BJP #Congress #NDA #Opposition #Manipur #ManipurViolence #Arnab #ArnabGoswami",2023-12-25 04:57:00,0,0,2024,"StopTheBlockade | Where is PM Modi? Is he busy inaugurating Vande Bharat? : , Spokesperson, TMC Parliament LokSabha RajyaSabha BJP Congress NDA Opposition Manipur ManipurViolence Arnab ArnabGoswami",neutral,0.6444106101989746
"Lok Sabha Speaker Shri @ombirlakota greets MoS, Ministry of Social Justice & Empowerment, Shri @RamdasAthawale on his birthday. @loksabhaspeaker @sansad_tv",2023-12-25 04:56:00,7,0,2024,"Lok Sabha Speaker Shri greets MoS, Ministry of Social Justice & Empowerment, Shri on his birthday.",positive,0.5803366303443909
Facebook Account hack ho gaya to buddhe ko problem ho gayi...! Vaha jaan bujhkar apna LokSabha ka ID kisi bande ko de diya #MahuaMoitra ne to usko defend karne chala tha ye...! Saare #Pappu hi bhare pade hai Opposition me..!,2023-12-25 04:56:00,2,0,2024,Facebook Account hack ho gaya to buddhe ko problem ho gayi...! Vaha jaan bujhkar apna LokSabha ka ID kisi bande ko de diya MahuaMoitra ne to usko defend karne chala tha ye...! Saare Pappu hi bhare pade hai Opposition me..!,negative,0.6004362106323242
"भारतीय जनता पक्षाचे संस्थापक, माजी प्रधानमंत्री, परम श्रद्धेय भारतरत्न पंडित ""अटल बिहारी वाजपेयी"" जी यांना जयंती निमित्त विनम्र अभिवादन...",2023-12-25 04:56:00,5,0,2024,"भारतीय जनता पक्षाचे संस्थापक, माजी प्रधानमंत्री, परम श्रद्धेय भारतरत्न पंडित ""अटल बिहारी वाजपेयी"" जी यांना जयंती निमित्त विनम्र अभिवादन...",neutral,0.7847089171409607
"J&K Congress leaders to meet with Congress leadership tomorrow at AICC HQs to discuss the election preparedness for Lok Sabha, Congress president Mallikarjun Kharge, party leaders Rahul Gandhi, KC Venugopal will be in present in the meeting.",2023-12-25 04:55:00,0,0,2024,"J&K Congress leaders to meet with Congress leadership tomorrow at AICC HQs to discuss the election preparedness for Lok Sabha, Congress president Mallikarjun Kharge, party leaders Rahul Gandhi, KC Venugopal will be in present in the meeting.",neutral,0.9024076461791992
It is for best - now all lok sabha cong will win Khattar is so (un)popular,2023-12-25 04:55:00,0,0,2024,It is for best - now all lok sabha cong will win Khattar is so (un)popular,neutral,0.4897253215312958
नाताळच्या हार्दिक शुभेच्छा..! #merrychristmas2023,2023-12-25 04:55:00,3,0,2024,नाताळच्या हार्दिक शुभेच्छा..! merrychristmas2023,positive,0.5870895385742188
"Lok Sabha recorded 74% productivity, says Speaker https://timesofindia.indiatimes.com/india/lok-sabha-recorded-74-productivity-says-speaker/articleshow/106195067.cms via NaMo App",2023-12-25 04:55:00,0,0,2024,"Lok Sabha recorded 74% productivity, says Speaker via NaMo App",neutral,0.5273207426071167
CBN unnanka lokesh ela aythadu,2023-12-25 04:54:00,0,1,2024,CBN unnanka lokesh ela aythadu,neutral,0.8547892570495605
Heartiest congratulations to Sh. @avinashpandeinc Ji AICC General Secretary In-charge of Uttar Pradesh which has highest 80 loksabha seats.,2023-12-25 04:54:00,0,0,2024,Heartiest congratulations to Sh. Ji AICC General Secretary In-charge of Uttar Pradesh which has highest 80 loksabha seats.,positive,0.9590003490447998
"भारतीय जनता पक्षाचे संस्थापक, माजी प्रधानमंत्री, परम श्रद्धेय भारतरत्न पंडित ""अटल बिहारी वाजपेयी"" जी यांना जयंती निमित्त विनम्र अभिवादन...",2023-12-25 03:41:00,7,0,2024,"भारतीय जनता पक्षाचे संस्थापक, माजी प्रधानमंत्री, परम श्रद्धेय भारतरत्न पंडित ""अटल बिहारी वाजपेयी"" जी यांना जयंती निमित्त विनम्र अभिवादन...",neutral,0.7847089171409607
"प्रधानमंत्री श्री.नरेंद्रजी मोदी यांच्या नेतृत्वातील केंद्र सरकारला १० वर्ष पूर्ण होण्यात असून, “एक बार फिर से मोदी सरकार” नारा देत राजुरा (मुक्ताईनगर) येथील बुथवर बूथप्रमुख व शक्तीकेंद्र प्रमुख यांच्यासह “संपर्क से समर्थन” व “घर चलो अभियान” राबविण्यात आले.",2023-12-24 18:00:00,18,0,2024,"प्रधानमंत्री श्री.नरेंद्रजी मोदी यांच्या नेतृत्वातील केंद्र सरकारला १० वर्ष पूर्ण होण्यात असून, “एक बार फिर से मोदी सरकार” नारा देत राजुरा (मुक्ताईनगर) येथील बुथवर बूथप्रमुख व शक्तीकेंद्र प्रमुख यांच्यासह “संपर्क से समर्थन” व “घर चलो अभियान” राबविण्यात आले.",neutral,0.8200249075889587
"रावेर लोकसभा अंतर्गत ""विकसित भारत संकल्प यात्रा"" मुक्ताईनगर तालुक्याच्या मोहिमेचा राजुरा (मुक्ताईनगर) येथे माझ्या उपस्थित समारोप झाला, यावेळी सदर मोहिम यशस्वीरीत्या राबविल्या बद्दल सर्व शासकीय कर्मचारी, अधिकारी यांचे आभार मानून अभिनंदन केले.",2023-12-24 17:58:00,16,1,2024,"रावेर लोकसभा अंतर्गत ""विकसित भारत संकल्प यात्रा"" मुक्ताईनगर तालुक्याच्या मोहिमेचा राजुरा (मुक्ताईनगर) येथे माझ्या उपस्थित समारोप झाला, यावेळी सदर मोहिम यशस्वीरीत्या राबविल्या बद्दल सर्व शासकीय कर्मचारी, अधिकारी यांचे आभार मानून अभिनंदन केले.",neutral,0.7985434532165527
Jaisalmer barmer loksabha se kon,2023-12-25 04:54:00,3,0,2024,Jaisalmer barmer loksabha se kon,neutral,0.7973491549491882
"प्रधानमंत्री श्री.नरेंद्रजी मोदी यांच्या नेतृत्वातील केंद्र सरकारला १० वर्ष पूर्ण होण्यात असून, “एक बार फिर से मोदी सरकार” नारा देत भाजपा #सुपर_वॉरियर म्हणून सालबर्डी (मुक्ताईनगर) येथील बुथवर बूथप्रमुख व शक्तीकेंद्र प्रमुखसह “संपर्क से समर्थन” व “घर चलो अभियान” राबविण्यात आले.",2023-12-24 09:10:00,17,0,2024,"प्रधानमंत्री श्री.नरेंद्रजी मोदी यांच्या नेतृत्वातील केंद्र सरकारला १० वर्ष पूर्ण होण्यात असून, “एक बार फिर से मोदी सरकार” नारा देत भाजपा सुपर_वॉरियर म्हणून सालबर्डी (मुक्ताईनगर) येथील बुथवर बूथप्रमुख व शक्तीकेंद्र प्रमुखसह “संपर्क से समर्थन” व “घर चलो अभियान” राबविण्यात आले.",neutral,0.823597252368927
"भाजपा #सुपर_वॉरियर म्हणून सालबर्डी (मुक्ताईनगर) येथील बुथ क्र.167 व 168 वर पदाधिकारी व कार्यकर्त्यांची बैठक माझ्या अध्यक्षतेखाली घेण्यात आली. सदर गावातील बूथनिहाय पक्ष संघटनेचा आढावा घेतला व आगामी निवडणुकांसाठी बूथ प्रमुख, शक्ती केंद्रप्रमुख व कार्यकर्ते यांना मार्गदर्शन केले.",2023-12-24 07:21:00,20,0,2024,"भाजपा सुपर_वॉरियर म्हणून सालबर्डी (मुक्ताईनगर) येथील बुथ क्र.167 व 168 वर पदाधिकारी व कार्यकर्त्यांची बैठक माझ्या अध्यक्षतेखाली घेण्यात आली. सदर गावातील बूथनिहाय पक्ष संघटनेचा आढावा घेतला व आगामी निवडणुकांसाठी बूथ प्रमुख, शक्ती केंद्रप्रमुख व कार्यकर्ते यांना मार्गदर्शन केले.",neutral,0.8114475011825562
"रावेर लोकसभा क्षेत्रांतर्गत ""यावल"" तालुक्यातील पूर्व तपसणी व नोंदणी झालेल्या दिव्यांग बांधवांसाठी ""कुत्रिम अवयव व सहाय्यभूत साधने मोफत वाटप शिबीर""... यावल - दिनांक : २५/१२/२०२३, सोमवार, सकाळी १०.०० वाजेपासून स्थळ : पंचायत समिती, यावल जि.जळगांव",2023-12-24 05:33:00,22,0,2024,"रावेर लोकसभा क्षेत्रांतर्गत ""यावल"" तालुक्यातील पूर्व तपसणी व नोंदणी झालेल्या दिव्यांग बांधवांसाठी ""कुत्रिम अवयव व सहाय्यभूत साधने मोफत वाटप शिबीर""... यावल - दिनांक : २५/१२/२०२३, सोमवार, सकाळी १०.०० वाजेपासून स्थळ : पंचायत समिती, यावल जि.जळगांव",neutral,0.8105052709579468
"प्रधानमंत्री आदरणीय श्री.नरेंद्रजी मोदी यांच्या नेतृत्वातील केंद्र सरकारला १० वर्ष पूर्ण होण्यात असून, “एक बार फिर से मोदी सरकार” नारा देत भाजपा तर्फे चोपडा शहर येथे “संपर्क से समर्थन” व “घर चलो अभियान” राबविण्यात येऊन, चोपडा शहरातील प्रतिष्ठित नागरिक घरी भेटी देण्यात आल्या.",2023-12-23 17:26:00,19,1,2024,"प्रधानमंत्री आदरणीय श्री.नरेंद्रजी मोदी यांच्या नेतृत्वातील केंद्र सरकारला १० वर्ष पूर्ण होण्यात असून, “एक बार फिर से मोदी सरकार” नारा देत भाजपा तर्फे चोपडा शहर येथे “संपर्क से समर्थन” व “घर चलो अभियान” राबविण्यात येऊन, चोपडा शहरातील प्रतिष्ठित नागरिक घरी भेटी देण्यात आल्या.",neutral,0.8204439878463745
"आज भाजपा केन्द्रीय कार्यालय विस्तार, नई दिल्ली में पार्टी के राष्ट्रीय अध्यक्ष श्री @JPNadda ने प्रधानमंत्री श्री @narendramodi की गरिमामयी उपस्थिति में दो दिवसीय 'राष्ट्रीय पदाधिकारी बैठक' का शुभारंभ किया।",2023-12-22 17:18:00,5183,80,2024,"आज भाजपा केन्द्रीय कार्यालय विस्तार, नई दिल्ली में पार्टी के राष्ट्रीय अध्यक्ष श्री ने प्रधानमंत्री श्री की गरिमामयी उपस्थिति में दो दिवसीय 'राष्ट्रीय पदाधिकारी बैठक' का शुभारंभ किया।",neutral,0.8014697432518005
"Lok Sabha Speaker Shri @ombirlakota greets Shri @FaiyazAhmadRJD, MP on his birthday. @loksabhaspeaker @sansad_tv",2023-12-25 04:53:00,10,0,2024,"Lok Sabha Speaker Shri greets Shri , MP on his birthday.",positive,0.5402644872665405
"चोपडा येथे सामाजिक न्याय व विशेष सहाय्य विभाग, भारत सरकार यांच्या द्वारा भारतीय कृत्रिम अंग निर्माण निगम यांच्या मार्फत दिव्यांग बांधवांसाठी माझ्या प्रयत्नाने “कृत्रिम अवयव व सहाय्यभूत साधने वाटप शिबिर”चे आयोजन करण्यात आले, यावेळी साहित्य वाटप करून दिव्यांग बांधवांशी संवाद साधला.",2023-12-23 13:35:00,26,1,2024,"चोपडा येथे सामाजिक न्याय व विशेष सहाय्य विभाग, भारत सरकार यांच्या द्वारा भारतीय कृत्रिम अंग निर्माण निगम यांच्या मार्फत दिव्यांग बांधवांसाठी माझ्या प्रयत्नाने “कृत्रिम अवयव व सहाय्यभूत साधने वाटप शिबिर”चे आयोजन करण्यात आले, यावेळी साहित्य वाटप करून दिव्यांग बांधवांशी संवाद साधला.",neutral,0.8073143362998962
"मध्य रेल्वे महाव्यवस्थापक श्री.राम करण यादव हे आज भुसावळ रेल्वे विभाग दौऱ्यावर आले असता, डीआरएम कार्यालय, भुसावळ येथे आमदार श्री.संजयजी सावकारे यांच्यासह त्यांची भेट घेऊन रावेर लोकसभा क्षेत्रातील रेल्वे विषयक विविध विषयांवर संवाद साधून, कामे तत्काळ मार्गी लावणे विषयी मागणी केली.",2023-12-22 16:51:00,29,1,2024,"मध्य रेल्वे महाव्यवस्थापक श्री.राम करण यादव हे आज भुसावळ रेल्वे विभाग दौऱ्यावर आले असता, डीआरएम कार्यालय, भुसावळ येथे आमदार श्री.संजयजी सावकारे यांच्यासह त्यांची भेट घेऊन रावेर लोकसभा क्षेत्रातील रेल्वे विषयक विविध विषयांवर संवाद साधून, कामे तत्काळ मार्गी लावणे विषयी मागणी केली.",neutral,0.8237622976303101
U can only do such comic acts …. 2024 u will lose ur Lok sabha seat .. Mark my words ….,2023-12-25 04:53:00,0,0,2024,U can only do such comic acts …. 2024 u will lose ur Lok sabha seat .. Mark my words ….,negative,0.8658902645111084
"#LokSabha | Speaker @ombirlakota extends greetings on the eve of #Christmas Wishing you a #MerryChristmas brimming with joy, peace & the spirit of giving. May the joyous Christmas fill your life with love, bring warmth to your heart and blessings to your life: Speaker",2023-12-24 12:52:00,20,1,2024,"LokSabha | Speaker extends greetings on the eve of Christmas Wishing you a MerryChristmas brimming with joy, peace & the spirit of giving. May the joyous Christmas fill your life with love, bring warmth to your heart and blessings to your life: Speaker",positive,0.9764524102210999
"राजनीति के दलदल में भी बेदाग रहकर कमल हो जाना, कहां किसी के लिये मुमकिन है,दूसरा अटल हो जाना । पूर्व प्रधानमंत्री अटल बिहारी वाजपेयी जी के अवतरण दिवस पर शत शत नमन । #atalbihariji #AtalBihariVajpayeeihari #Vision2047 #collectivegoodness #LokSabha #NarendraModi #अटल_बिहारी_बाजपेई",2023-12-25 02:52:00,2,0,2024,"राजनीति के दलदल में भी बेदाग रहकर कमल हो जाना, कहां किसी के लिये मुमकिन है,दूसरा अटल हो जाना । पूर्व प्रधानमंत्री अटल बिहारी वाजपेयी जी के अवतरण दिवस पर शत शत नमन । atalbihariji AtalBihariVajpayeeihari Vision2047 collectivegoodness LokSabha NarendraModi अटल_बिहारी_बाजपेई",neutral,0.7895646691322327
Congress ki dalali karunga Loksabha ka chunaav ladunga Wrestling me juniors ka haq marunga Padam shri ka istemal apne propaganda ke liye karunga @BajrangPunia,2023-12-25 04:49:00,0,0,2024,Congress ki dalali karunga Loksabha ka chunaav ladunga Wrestling me juniors ka haq marunga Padam shri ka istemal apne propaganda ke liye karunga,neutral,0.6800312995910645
"Jat, gurjar, meena sab dete hai congress kai hutiyo ko lagta hai log vidhanasabha and loksabha mai voting different karte hai , cm chaiye congress ka but pm chaiye yogi ya modi😂😂yehi bjp nai log hi hack kar rekhe hai",2023-12-25 04:49:00,1,0,2024,"Jat, gurjar, meena sab dete hai congress kai hutiyo ko lagta hai log vidhanasabha and loksabha mai voting different karte hai , cm chaiye congress ka but pm chaiye yogi ya modi😂😂yehi bjp nai log hi hack kar rekhe hai",neutral,0.7254514694213867
"According to the data revealed in the opinion poll of C-Voter, the wind of Congress is visible in Punjab. If elections were held today in the 13 Lok Sabha seats of Punjab, BJP would have got 0-2 seats, Congress would have got 5-7 seats, Aam Aadmi Party would have got 4-6 seats Shiromani Akali Dal would have got 0-2 seats. #LoksabhaElection2024",2023-12-25 03:16:00,35,1,2024,"According to the data revealed in the opinion poll of C-Voter, the wind of Congress is visible in Punjab. If elections were held today in the 13 Lok Sabha seats of Punjab, BJP would have got 0-2 seats, Congress would have got 5-7 seats, Aam Aadmi Party would have got 4-6 seats Shiromani Akali Dal would have got 0-2 seats. LoksabhaElection2024",neutral,0.8731226325035095
What is there to be surprised at? Every lion roams in the forest (a lion never roams in the street) in search of prey who just run away hearing the roar of the lion. Oppn leaders've started fighting among themselves crying wolf. They'd be laid low in 2024 Lok Sabha poll. Wait!,2023-12-25 04:48:00,0,0,2024,What is there to be surprised at? Every lion roams in the forest (a lion never roams in the street) in search of prey who just run away hearing the roar of the lion. Oppn leaders've started fighting among themselves crying wolf. They'd be laid low in 2024 Lok Sabha poll. Wait!,negative,0.51234370470047
same people to remove @narendramodi govt that works also for the unorganised sector of India as well. Next Lok Sabha elections citizens of UP & Bihar should keep in mind and chose progressive govt of @narendramodi ji that works for the people rather than talk them down.,2023-12-25 04:46:00,0,0,2024,same people to remove govt that works also for the unorganised sector of India as well. Next Lok Sabha elections citizens of UP & Bihar should keep in mind and chose progressive govt of ji that works for the people rather than talk them down.,neutral,0.5679022073745728
"Pagal ki aulad in 2014 bjp fought lok sabha without lok sabha and won 3/4th with alliance with Ram Vilas Paswan, yeh faltu k Gyan apne baap ko seekha",2023-12-24 17:06:00,1,0,2024,"Pagal ki aulad in 2014 bjp fought lok sabha without lok sabha and won 3/4th with alliance with Ram Vilas Paswan, yeh faltu k Gyan apne baap ko seekha",neutral,0.8151388168334961
"Watch | यूपी का ओपिनियन पोल, NDA और I.N.D.I.A को कितनी मिलेंगी सीट? @vivekstake | @rajendradev6 | @sanjayjourno https://abplive.com/live-tv #AbpCVoter #OponionPolls #Loksabha #UttarPradesh #UpNews",2023-12-25 04:44:00,9,0,2024,"Watch | यूपी का ओपिनियन पोल, NDA और I.N.D.I.A को कितनी मिलेंगी सीट? | | AbpCVoter OponionPolls Loksabha UttarPradesh UpNews",neutral,0.8905373215675354
Watch | महाराष्ट्र में INDIA या NDA! किसे मिलेंगी कितनी सीटें @vivekstake | @rajendradev6 | @rajeshtripath1 https://abplive.com/live-tv #AbpCVoter #OponionPolls #Loksabha #Maharashtra,2023-12-25 04:44:00,20,4,2024,Watch | महाराष्ट्र में INDIA या NDA! किसे मिलेंगी कितनी सीटें | | AbpCVoter OponionPolls Loksabha Maharashtra,neutral,0.8535168766975403
Loksabha me sab ak sath dete hai bcz candidate itna matter nahi karta.... Udaipurwati seat hi dekh lo...Rajput and Saini dono hi BJP ko denge vote vo bhi daba ke loksabha me...,2023-12-25 04:44:00,2,1,2024,Loksabha me sab ak sath dete hai bcz candidate itna matter nahi karta.... Udaipurwati seat hi dekh lo...Rajput and Saini dono hi BJP ko denge vote vo bhi daba ke loksabha me...,neutral,0.7645092010498047
"ABP CVoter Lok Sabha Opinion Poll 2024 Punjab : 13 seats INC : 5-7 | 27% Vote Share AAP : 4-6 | 25% BJP : 0-2 | 16% SAD : 0-2 | 14% As per this survey, in a four-cornered contest, Congress can become the largest party in Punjab in terms of both vote share and seats.",2023-12-24 12:56:00,243,25,2024,"ABP CVoter Lok Sabha Opinion Poll 2024 Punjab : 13 seats INC : 5-7 | 27% Vote Share AAP : 4-6 | 25% BJP : 0-2 | 16% SAD : 0-2 | 14% As per this survey, in a four-cornered contest, Congress can become the largest party in Punjab in terms of both vote share and seats.",neutral,0.8939118385314941
"Rahul Gandhi की सजा पक्की, BJP करेगी विपक्ष को 'BAN' ? Jagdeep Dhankhar vs INDIA...#rahulgandhi #jagdeepdhankhar #rss #india #bjp #modi #modigovernment #modigovernment #parliamentsecuritybreach #Loksabha #pmmodi #modi #loksabhaelection2024 #parliamentattack #parliamentsecuritybreach #rahulgandhi #indiaalliancemeeting #mallikarjunkharge #amitshah #jagdeepdhankhar #kalyanbanerjee #jantarmantar",2023-12-25 04:43:00,1,0,2024,"Rahul Gandhi की सजा पक्की, BJP करेगी विपक्ष को 'BAN' ? Jagdeep Dhankhar vs INDIA...rahulgandhi jagdeepdhankhar rss india bjp modi modigovernment modigovernment parliamentsecuritybreach Loksabha pmmodi modi loksabhaelection2024 parliamentattack parliamentsecuritybreach rahulgandhi indiaalliancemeeting mallikarjunkharge amitshah jagdeepdhankhar kalyanbanerjee jantarmantar",neutral,0.8352479338645935
@3 seat pe loksabha pe vote h tumhare bus samjha,2023-12-25 04:43:00,0,0,2024,seat pe loksabha pe vote h tumhare bus samjha,neutral,0.8627973198890686
Sachin ji zindagi toh guzar hi jayegi lekin aap mere jaise logon ke santa ban jao iss year and Cong ko Kam se Kam 10 lok sabha seat dila do na pls,2023-12-25 04:41:00,0,0,2024,Sachin ji zindagi toh guzar hi jayegi lekin aap mere jaise logon ke santa ban jao iss year and Cong ko Kam se Kam 10 lok sabha seat dila do na pls,neutral,0.8239099383354187
"2/2--क्योंकि #संघीयों अनुसार, जनता ने उन्हें #MP_MLA चुनकर पाक-साफ घोषित कर दिया! बुड़बक ढोंगी, संघी! #BJP #Congress #INDIAAlliance #RahulGandhiVoiceOfIndia #ParliamentSecurityBreach #LokSabha #parliamentwintersession2023",2023-12-25 04:39:00,0,0,2024,"2/2--क्योंकि संघीयों अनुसार, जनता ने उन्हें MP_MLA चुनकर पाक-साफ घोषित कर दिया! बुड़बक ढोंगी, संघी! BJP Congress INDIAAlliance RahulGandhiVoiceOfIndia ParliamentSecurityBreach LokSabha parliamentwintersession2023",neutral,0.7778704166412354
Dmk party members afraid of Modi and bjp effect in 2024 election due to that they are trying to divide people in the name of south and north so atleast in south they can save loksabha seats to push back. Otherwise politician don't care for common people.,2023-12-25 04:37:00,0,0,2024,Dmk party members afraid of Modi and bjp effect in 2024 election due to that they are trying to divide people in the name of south and north so atleast in south they can save loksabha seats to push back. Otherwise politician don't care for common people.,negative,0.7131496071815491
@mayurjani @bhauwankhade Who can analyse Gujarat Loksabha 2024 seats. How many of 26 seats Congress + AAP votes > BJP Votes --- @isudan_gadhvi @SandeepPathak04 @SupriyaShrinate @Pawankhera @kcvenugopalmp,2023-12-25 04:34:00,0,0,2024,Who can analyse Gujarat Loksabha 2024 seats. How many of 26 seats Congress + AAP votes > BJP Votes ---,neutral,0.9170792102813721
He is the leader of Laal Bhars 😂🙏🏻 if he goes then left party will lose deposit in each and every constituency of the country ...surely a national party with 2 loksabha seats cannot afford this 🥳🥳🥳,2023-12-25 04:33:00,0,1,2024,He is the leader of Laal Bhars 😂🙏🏻 if he goes then left party will lose deposit in each and every constituency of the country ...surely a national party with 2 loksabha seats cannot afford this 🥳🥳🥳,negative,0.42240506410598755
🚀 #AnalyzerChronicles: BJP's 2024 Vision Unveiled! 🎯 - BJP eyes ambitious target of 50%+ vote share & 350 seats alone (400+ for NDA) in 2024 Loksabha elections. Party leadership has instructed national office bearers to leave no stone unturned to achieve this🔥,2023-12-23 06:27:00,2162,17,2024,🚀 AnalyzerChronicles: BJP's 2024 Vision Unveiled! 🎯 - BJP eyes ambitious target of 50%+ vote share & 350 seats alone (400+ for NDA) in 2024 Loksabha elections. Party leadership has instructed national office bearers to leave no stone unturned to achieve this🔥,positive,0.7829996347427368
"I think he is not a Lok Sabha speaker, he is the Uttar Pradesh speaker.",2023-12-25 04:30:00,0,0,2024,"I think he is not a Lok Sabha speaker, he is the Uttar Pradesh speaker.",neutral,0.8826055526733398
"Last time MP elections appudu granted ga teskuntaru, bounce back ayindi Siricilla lo kuda, esari they will fight kani result ela untadho chudali",2023-12-25 04:30:00,1,1,2024,"Last time MP elections appudu granted ga teskuntaru, bounce back ayindi Siricilla lo kuda, esari they will fight kani result ela untadho chudali",neutral,0.7642321586608887
Chief Justice Nariman Warns: Bill's Election Commissioner Appointment Threatens Fair Elections #FaliNariman #ChiefJustice #Parliament #LokSabha #RajyaSabha #ElectionCommission #ParliamentBillPassed #CECBill2023 #DravidianVision,2023-12-25 04:30:00,0,0,2024,Chief Justice Nariman Warns: Bill's Election Commissioner Appointment Threatens Fair Elections FaliNariman ChiefJustice Parliament LokSabha RajyaSabha ElectionCommission ParliamentBillPassed CECBill2023 DravidianVision,neutral,0.5923013687133789
1989 Murasoli Maran took oath as central Minister. DMK won 0 seats in Lok Sabha elections “தேர்தலில் ஜெயிக்க தெம்பற்றவர்கள்”,2023-12-25 04:29:00,0,0,2024,1989 Murasoli Maran took oath as central Minister. DMK won 0 seats in Lok Sabha elections “தேர்தலில் ஜெயிக்க தெம்பற்றவர்கள்”,neutral,0.7531960010528564
"Speaking on the Parliament breach issue, Simha on December 24 said people will ultimately decide whether he was a patriot or a traitor during the 2024 Lok Sabha polls #PratapSimha #Congress #Parliamentsecuritybreach https://www.telegraphindia.com/india/congress-slams-bharatiya-janata-partys-member-of-parliament-pratap-simha-says-hes-running-away-from-questions-on-parliament-security-breach/cid/1989186?utm_source=twitter&utm_medium=social&utm_campaign=tt_daily_twit",2023-12-25 04:29:00,0,1,2024,"Speaking on the Parliament breach issue, Simha on December 24 said people will ultimately decide whether he was a patriot or a traitor during the 2024 Lok Sabha polls PratapSimha Congress Parliamentsecuritybreach",neutral,0.7231496572494507
Kaun si loksabha seat hai jo Mva jit rahi hai ye batao,2023-12-25 04:27:00,0,0,2024,Kaun si loksabha seat hai jo Mva jit rahi hai ye batao,neutral,0.7998061776161194
Over 9500 Jan Aushadi Centers set up since launch of scheme in 2008: Union Health Minister Mansukh Mandaviya in Lok Sabha https://www.etvbharat.com/english/state/delhi/over-9500-jan-aushadi-centers-set-up-since-launch-of-scheme-in-2008-union-health-minister-mansukh-mandaviya-in-lok-sabha/na20230721162546596596433 via NaMo App,2023-12-25 04:26:00,0,0,2024,Over 9500 Jan Aushadi Centers set up since launch of scheme in 2008: Union Health Minister Mansukh Mandaviya in Lok Sabha via NaMo App,neutral,0.9103246331214905
"Between protecting Modi before 2024 Lok Sabha elections and the Gujjar Bakkarwal folks who once told us about intruders in Kargil, for the ruling party, the national interest is clear",2023-12-25 04:26:00,0,0,2024,"Between protecting Modi before 2024 Lok Sabha elections and the Gujjar Bakkarwal folks who once told us about intruders in Kargil, for the ruling party, the national interest is clear",neutral,0.7681885361671448
"#TMC MP, #KalyanBanerjee, who was suspended from #LokSabha, termed his mimicry an “art form”, and asserted he would continue to do so a “thousand times” because it comes under his fundamental rights. An arrogant, impolite, undemocratic fellow without Sanskar & Sanskriti.",2023-12-25 04:24:00,0,0,2024,"TMC MP, KalyanBanerjee, who was suspended from LokSabha, termed his mimicry an “art form”, and asserted he would continue to do so a “thousand times” because it comes under his fundamental rights. An arrogant, impolite, undemocratic fellow without Sanskar & Sanskriti.",negative,0.7319465279579163
Make this woman lose big time if she dares to contest Lok Sabha elections,2023-12-25 04:23:00,0,0,2024,Make this woman lose big time if she dares to contest Lok Sabha elections,negative,0.8829967975616455
"BJP president JP Nadda, Defence minister Rajnath Singh, Lok Sabha Speaker Om Birla and Union Finance minister Nirmala Sitharaman pay tributes to former PM Atal Bihari Vajpayee at Sadaiv Atal in Delhi on his birth anniversary. https://sagarmediaincom.wordpress.com/2023/12/25/sagar-media-in-55/",2023-12-25 04:23:00,0,0,2024,"BJP president JP Nadda, Defence minister Rajnath Singh, Lok Sabha Speaker Om Birla and Union Finance minister Nirmala Sitharaman pay tributes to former PM Atal Bihari Vajpayee at Sadaiv Atal in Delhi on his birth anniversary.",neutral,0.7398075461387634
HVS will heap praise if akalis win 1-2 seats in upcoming lok sabha elections and every word in this tweet will become worthless.,2023-12-25 04:20:00,0,0,2024,HVS will heap praise if akalis win 1-2 seats in upcoming lok sabha elections and every word in this tweet will become worthless.,neutral,0.5361576676368713
Loksabha Election 2024 : निवडणुकीआधीच महायुतीत बिनसणार?; मावळ लोकसभेच्या जागेवरुन तिन्ही पक्षात रस्सीखेच https://saamtv.esakal.com/mumbai-pune/mahayuti-all-3-parties-intrested-for-maval-loksabha-constituency-shivsena-bjp-ncp-political-news-pvw88 #LoksabhaElection #Mahayuti #PoliticalNews,2023-12-25 04:19:00,2,0,2024,Loksabha Election 2024 : निवडणुकीआधीच महायुतीत बिनसणार?; मावळ लोकसभेच्या जागेवरुन तिन्ही पक्षात रस्सीखेच LoksabhaElection Mahayuti PoliticalNews,neutral,0.8256799578666687
BJP 135 sure Shinde 35 Ajit 30 Assembly election hold wity loksabha sure,2023-12-25 04:18:00,0,1,2024,BJP 135 sure Shinde 35 Ajit 30 Assembly election hold wity loksabha sure,neutral,0.8417901396751404
"#Nifty might rise as much as 17 percent in 2024 after 18 percent rally this year Irrespective of the outcome of 2024 Lok Sabha elections, brokerages expect the 50-share Nifty to reach the range of 23,000-24,000 points by the end of 2024.",2023-12-25 04:17:00,1,1,2024,"Nifty might rise as much as 17 percent in 2024 after 18 percent rally this year Irrespective of the outcome of 2024 Lok Sabha elections, brokerages expect the 50-share Nifty to reach the range of 23,000-24,000 points by the end of 2024.",neutral,0.5017377138137817
in the Lok Sabha on December 13th? Isn’t this a serious matter that needs investigation and explanation? The signal being given to the nation by the Prime Minister and the Home Minister is that BJP and anyone associated with the party is above all accountability.,2023-12-25 04:17:00,0,0,2024,in the Lok Sabha on December 13th? Isn’t this a serious matter that needs investigation and explanation? The signal being given to the nation by the Prime Minister and the Home Minister is that BJP and anyone associated with the party is above all accountability.,negative,0.6677431464195251
"The BJP MP from Mysuru, Pratap Simha, says that his voters will decide whether he is a patriot or not when the Lok Sabha polls will be held. But the question he’s running away from is very simple Why and how did he facilitate entry of two youth who caused a huge security breach",2023-12-25 04:16:00,1,1,2024,"The BJP MP from Mysuru, Pratap Simha, says that his voters will decide whether he is a patriot or not when the Lok Sabha polls will be held. But the question he’s running away from is very simple Why and how did he facilitate entry of two youth who caused a huge security breach",neutral,0.587241530418396
BJP is all set to win 25-30/42 in West Bengal Lok Sabha 24. Only in Kolkata BJP will lose which we don't care also as rest of Bengal has made up it's mind to vote BJP.,2023-12-25 04:12:00,0,1,2024,BJP is all set to win 25-30/42 in West Bengal Lok Sabha 24. Only in Kolkata BJP will lose which we don't care also as rest of Bengal has made up it's mind to vote BJP.,neutral,0.6780726313591003
லோக்சபா தேர்தலில் யாருடன் கூட்டணி? #EPS | #ADMK | #LOKSABHA | #GeneralCommittee dinamalar.com,2023-12-25 03:51:00,14,8,2024,லோக்சபா தேர்தலில் யாருடன் கூட்டணி? EPS | ADMK | LOKSABHA | GeneralCommittee dinamalar.com,neutral,0.8332971930503845
Bro is high on some high quality weed 😂 Kharge couldn’t even win his own loksabha seat in 2019 and dotted alliance expects Kharge will make them win in UP Chattisgarh Gujarat etc 😂😂😂😂😂,2023-12-25 04:00:00,1,0,2024,Bro is high on some high quality weed 😂 Kharge couldn’t even win his own loksabha seat in 2019 and dotted alliance expects Kharge will make them win in UP Chattisgarh Gujarat etc 😂😂😂😂😂,negative,0.7752287983894348
Heartiest congratulations to member CWC & Loksabha MP Shri @manickamtagore ji on being appointed as an AICC incharge of Andhra Pradesh and Andaman & Nicobar. This is a new hope for @INC_Andhra You have already shown your able leadership & vision in #Telangana.🙏💐,2023-12-24 03:12:00,6,0,2024,Heartiest congratulations to member CWC & Loksabha MP Shri ji on being appointed as an AICC incharge of Andhra Pradesh and Andaman & Nicobar. This is a new hope for You have already shown your able leadership & vision in Telangana.🙏💐,positive,0.9484387636184692
"Heartiest congratulations to member CWC & former Loksabha MP @drajoykumar ji on being appointed as an AICC incharge of Odisha, Tamil Nadu & Puducherry.🙏💐",2023-12-24 04:32:00,5,0,2024,"Heartiest congratulations to member CWC & former Loksabha MP ji on being appointed as an AICC incharge of Odisha, Tamil Nadu & Puducherry.🙏💐",positive,0.9433277249336243
Hon 'ble chief minister Sir On becoming BJP govt said to deliver 8 hours 3 fz-lite but sawai madhopur bolee area only one hour. does double engine do this? Next lok sabha elections are also coming.,2023-12-25 04:08:00,0,0,2024,Hon 'ble chief minister Sir On becoming BJP govt said to deliver 8 hours 3 fz-lite but sawai madhopur bolee area only one hour. does double engine do this? Next lok sabha elections are also coming.,neutral,0.81057208776474
Ha. Bjp will be distant no 1 party in MH. (Mujhe laga loksabha ka bata rahe),2023-12-25 04:08:00,1,1,2024,Ha. Bjp will be distant no 1 party in MH. (Mujhe laga loksabha ka bata rahe),neutral,0.7160245776176453
"#BreakingNews | Congress leader Shashi Tharoor writes to Lok Sabha Speaker over Kerala Police action in Thiruvananthapuram during a rally, calls it 'violation of parliamentary privileges' @_pallavighosh shares more details #Congress #Kerala #ShashiTharoor | @SakshiLitoriya_",2023-12-25 03:41:00,7,0,2024,"BreakingNews | Congress leader Shashi Tharoor writes to Lok Sabha Speaker over Kerala Police action in Thiruvananthapuram during a rally, calls it 'violation of parliamentary privileges' shares more details Congress Kerala ShashiTharoor |",neutral,0.7669990062713623
"This is the true face of Indi Alliance, shameful. They need to be taught during the Loksabha elections. #शहजादा_बेशर्म_है",2023-12-25 04:06:00,0,0,2024,"This is the true face of Indi Alliance, shameful. They need to be taught during the Loksabha elections. शहजादा_बेशर्म_है",negative,0.8713861703872681
Hon 'ble chief minister Sir On becoming BJP govt said to deliver 8 hours 3 fz-lite but sawai madhopur bolee area only one hour. does double engine do this? Next lok sabha elections are also coming.,2023-12-25 04:06:00,0,0,2024,Hon 'ble chief minister Sir On becoming BJP govt said to deliver 8 hours 3 fz-lite but sawai madhopur bolee area only one hour. does double engine do this? Next lok sabha elections are also coming.,neutral,0.81057208776474
My vote for the next Loksabha speaker: Dr. Sasmit Patra. @sasmitpatra Attn: @narendramodi jI. @PMOIndia,2023-12-24 16:29:00,1,0,2024,My vote for the next Loksabha speaker: Dr. Sasmit Patra. Attn: jI.,neutral,0.6645423769950867
"MAHUA YOU SHOULD BE ASHAMED OF YOURSELF, YOU SHOULD STOP TALKING NONSENSE, YOU SHOULD STOP SPREADING FALSE-RUMORS PEOPLE OF INDIA ARE AWARE OF UNPRECEDENTED CRIME COMMITTED BY YOU FOR WHICH YOU WERE THROWN OUT OF LOK SABHA FOR THIS CRIME YOU SHOULD BE BANNED FOR LIFE TIME.",2023-12-25 04:03:00,0,0,2024,"MAHUA YOU SHOULD BE ASHAMED OF YOURSELF, YOU SHOULD STOP TALKING NONSENSE, YOU SHOULD STOP SPREADING FALSE-RUMORS PEOPLE OF INDIA ARE AWARE OF UNPRECEDENTED CRIME COMMITTED BY YOU FOR WHICH YOU WERE THROWN OUT OF LOK SABHA FOR THIS CRIME YOU SHOULD BE BANNED FOR LIFE TIME.",negative,0.9338896870613098
"No wonder they didn't vote for Bhajipao in Karnataka elections 2023. After this, Con-rss will sweep Lok Sabha too? No Dindutva politics for Lingayats?",2023-12-25 04:03:00,3,0,2024,"No wonder they didn't vote for Bhajipao in Karnataka elections 2023. After this, Con-rss will sweep Lok Sabha too? No Dindutva politics for Lingayats?",negative,0.7669046521186829
Wonder what kind of discourse she'd deliver in Lok Sabha!🤔,2023-12-25 03:59:00,0,0,2024,Wonder what kind of discourse she'd deliver in Lok Sabha!🤔,neutral,0.7615547776222229
Parvez bhai 01 or 00 me koi khas fark nahi Hai. UP me lok sabha me agar koi party <5 hai to vo 0 Saman hi Hai.,2023-12-25 03:58:00,1,0,2024,Parvez bhai 01 or 00 me koi khas fark nahi Hai. UP me lok sabha me agar koi party <5 hai to vo 0 Saman hi Hai.,neutral,0.7763091921806335
"Please understand that the Indian army is not what if was. And perhaps now it houses an RSS unofficial wing. Right now the PM, the Vice President,the Lok Sabha Speaker and the Home Minister are RSS or RSS approved in the case of the VP. The effects have filtered down.",2023-12-25 03:56:00,1,1,2024,"Please understand that the Indian army is not what if was. And perhaps now it houses an RSS unofficial wing. Right now the PM, the Vice President,the Lok Sabha Speaker and the Home Minister are RSS or RSS approved in the case of the VP. The effects have filtered down.",neutral,0.49887725710868835
@ECISVEEP @narendramodi @AmitShah @JPNadda kindly make necessary changes in Loksabha election process. Voter must be allowed to vote from anywhere in India. This will help voters who are working at other place to cast their vote.,2023-12-25 03:56:00,1,0,2024,kindly make necessary changes in Loksabha election process. Voter must be allowed to vote from anywhere in India. This will help voters who are working at other place to cast their vote.,neutral,0.7076526880264282
"Your so-called 'logics' are as illogical as your aka's answers to questions in the Lok Sabha. And, as long as this person is visible in this picture, you people will not see anything wrong in it. As simple as that. LoL😁😁",2023-12-25 03:55:00,1,1,2024,"Your so-called 'logics' are as illogical as your aka's answers to questions in the Lok Sabha. And, as long as this person is visible in this picture, you people will not see anything wrong in it. As simple as that. LoL😁😁",negative,0.6118831634521484
"Problem is people have seen and tested Modi,,while kharge is not a national figure,,not much is known about him across India,,, what's more he's not sure of winning his own seat in Gulbarga,,,core Congress voter doesn't vote for congress in lok sabha",2023-12-25 03:52:00,1,0,2024,"Problem is people have seen and tested Modi,,while kharge is not a national figure,,not much is known about him across India,,, what's more he's not sure of winning his own seat in Gulbarga,,,core Congress voter doesn't vote for congress in lok sabha",negative,0.4917542040348053
"The Bill had been referred to a selection committee, which had given its report in July 2015. However, Congress, Left and AIADMK had expressed their reservations on the report through dissent notes. The Rajya Sabha approved the bill on 10th March 2016 and the Lok Sabha approved.",2023-12-25 03:52:00,0,0,2024,"The Bill had been referred to a selection committee, which had given its report in July 2015. However, Congress, Left and AIADMK had expressed their reservations on the report through dissent notes. The Rajya Sabha approved the bill on 10th March 2016 and the Lok Sabha approved.",neutral,0.8562266826629639
#LokSabha adjourned sine die. #ParliamentWinterSession2023,2023-12-21 11:20:00,51,0,2024,LokSabha adjourned sine die. ParliamentWinterSession2023,neutral,0.5486366152763367
"Half of the bills passed by the 17th Lok Sabha were discussed for less than two hours each, and only 16 per cent were referred to parliamentary standing committees. https://www.newindianexpress.com/nation/2023/dec/23/half-of-bills-passed-by-ls-discussed-for-less-than-2-hrs-2644181.html",2023-12-23 09:35:00,6,0,2024,"Half of the bills passed by the 17th Lok Sabha were discussed for less than two hours each, and only 16 per cent were referred to parliamentary standing committees.",neutral,0.7013399600982666
पूर्व प्रधानमंत्री श्रद्धेय #AtalBihariVajpayee जी की जयंती पर सादर नमन। अटल जी ने देश को सदैव सर्वोपरि रखा। राष्ट्र प्रथम की भावना उनके प्रत्येक निर्णय का आधार होती थी। उनकी स्मृति में आज मनाए जा रहे #SushasanDiwas पर हम जनकल्याणकारी शासन के प्रति प्रतिबद्धता दोहराते हैं।,2023-12-25 02:36:00,224,14,2024,पूर्व प्रधानमंत्री श्रद्धेय AtalBihariVajpayee जी की जयंती पर सादर नमन। अटल जी ने देश को सदैव सर्वोपरि रखा। राष्ट्र प्रथम की भावना उनके प्रत्येक निर्णय का आधार होती थी। उनकी स्मृति में आज मनाए जा रहे SushasanDiwas पर हम जनकल्याणकारी शासन के प्रति प्रतिबद्धता दोहराते हैं।,neutral,0.7805502414703369
महामना पं. मदन मोहन मालवीय जी की जयंती पर सादर नमन। स्वतंत्रता संग्राम में महत्वपूर्ण योगदान देने के साथ उन्होंने देशवासियों के उत्थान के लिए शिक्षा के विकास पर विशेष बल दिया। हिन्दी के गौरव को नई ऊंचाइयां देने में भी अहम भूमिका रही। उनकी स्मृतियां हमें सदैव प्रेरित करती रहेंगी।,2023-12-25 02:12:00,238,8,2024,महामना पं. मदन मोहन मालवीय जी की जयंती पर सादर नमन। स्वतंत्रता संग्राम में महत्वपूर्ण योगदान देने के साथ उन्होंने देशवासियों के उत्थान के लिए शिक्षा के विकास पर विशेष बल दिया। हिन्दी के गौरव को नई ऊंचाइयां देने में भी अहम भूमिका रही। उनकी स्मृतियां हमें सदैव प्रेरित करती रहेंगी।,neutral,0.7953013777732849
भरतपुर के #महाराजा_सूरजमल जी की पुण्यतिथि पर भावभीनी श्रद्धांजलि। विदेशी आक्रांताओं का शौर्य और वीरता से प्रतिकार करते हुए उन्होंने मरूधरा का गौरव बढ़ाया। मातृभूमि के स्वाभिमान की रक्षा करते सर्वोच्च बलिदान देने वाले इस पराक्रमी शासक की शौर्य गाथाएं चिरकाल तक प्रेरणादायी रहेंगी।,2023-12-25 01:56:00,228,11,2024,भरतपुर के महाराजा_सूरजमल जी की पुण्यतिथि पर भावभीनी श्रद्धांजलि। विदेशी आक्रांताओं का शौर्य और वीरता से प्रतिकार करते हुए उन्होंने मरूधरा का गौरव बढ़ाया। मातृभूमि के स्वाभिमान की रक्षा करते सर्वोच्च बलिदान देने वाले इस पराक्रमी शासक की शौर्य गाथाएं चिरकाल तक प्रेरणादायी रहेंगी।,neutral,0.7915379405021667
"Wishing you a Merry Christmas brimming with joy, peace and the spirit of giving. May the joyous Christmas fill your life with love, bring warmth to your heart and blessings to your life. #MerryChristmas",2023-12-25 01:42:00,100,18,2024,"Wishing you a Merry Christmas brimming with joy, peace and the spirit of giving. May the joyous Christmas fill your life with love, bring warmth to your heart and blessings to your life. MerryChristmas",positive,0.98710697889328
"Home Minister @AmitShah in Lok Sabha says, ""Now the accused will get seven days to file a plea for acquittal. The judge has to hold the hearing in those seven days and in a maximum time of 120 days, the case would come to trial. There was no time limit for plea bargaining earlier. Now if one accepts their crime within 30 days of the crime then the punishment would be less. There was no provision to present documents during trials. We have made it compulsory to produce all documents within 30 days. No delays will be made in that."" @HMOIndia",2023-12-20 12:30:00,56,0,2024,"Home Minister in Lok Sabha says, ""Now the accused will get seven days to file a plea for acquittal. The judge has to hold the hearing in those seven days and in a maximum time of 120 days, the case would come to trial. There was no time limit for plea bargaining earlier. Now if one accepts their crime within 30 days of the crime then the punishment would be less. There was no provision to present documents during trials. We have made it compulsory to produce all documents within 30 days. No delays will be made in that.""",neutral,0.910461962223053
"#StopTheBlockade | Where is PM Modi? Is he busy inaugurating Vande Bharat? : @rahmantauseef19, Spokesperson, TMC #Parliament #LokSabha #RajyaSabha #BJP #Congress #NDA #Opposition #Manipur #ManipurViolence #Arnab #ArnabGoswami Tune in- https://invidious.perennialte.ch/watch?v=wshLu1c7oXw https://www.",2023-12-25 03:48:00,0,0,2024,"StopTheBlockade | Where is PM Modi? Is he busy inaugurating Vande Bharat? : , Spokesperson, TMC Parliament LokSabha RajyaSabha BJP Congress NDA Opposition Manipur ManipurViolence Arnab ArnabGoswami Tune in-",neutral,0.7681373953819275
"@AmitShah @myogiadityanath @narendramodi sir, Pls develop anjanadri birth place of lord hanuman in Karnataka also in line with ayodhya ram mandir without delay atleast announce this plan before loksabha election. Plan for rope way also since no tree S to be cut",2023-12-25 03:47:00,0,0,2024,"sir, Pls develop anjanadri birth place of lord hanuman in Karnataka also in line with ayodhya ram mandir without delay atleast announce this plan before loksabha election. Plan for rope way also since no tree S to be cut",neutral,0.8191705346107483
"Cannot win a single election to form the government, reflecting his greatness. Let us face the reality. He brought his party to 2 seats in Lok Sabha.",2023-12-25 03:47:00,0,0,2024,"Cannot win a single election to form the government, reflecting his greatness. Let us face the reality. He brought his party to 2 seats in Lok Sabha.",neutral,0.4903506338596344
"Lok Sabha Speaker @ombirlakota met #VicePresident and Chairman, #RajyaSabha #JagdeepDhankar and conveyed his deep concerns and anguish about serious misdemeanor by MPs in Parliament complex demeaning and denigrating the constitutional office of Vice President. @LokSabhaSectt @VPIndia",2023-12-20 09:13:00,58,0,2024,"Lok Sabha Speaker met VicePresident and Chairman, RajyaSabha JagdeepDhankar and conveyed his deep concerns and anguish about serious misdemeanor by MPs in Parliament complex demeaning and denigrating the constitutional office of Vice President.",neutral,0.82291179895401
"In a circular, the @LokSabhaSectt issued orders barring the 141 suspended Members of Parliament (#MPs) from the Parliament chamber, lobby and galleries. A total of 95 MPs were suspended from #LokSabha, while 46 were suspended from #RajyaSabha, prompting the INDI coalition to announce nationwide anti-government protests on Friday.",2023-12-20 05:21:00,61,0,2024,"In a circular, the issued orders barring the 141 suspended Members of Parliament (MPs) from the Parliament chamber, lobby and galleries. A total of 95 MPs were suspended from LokSabha, while 46 were suspended from RajyaSabha, prompting the INDI coalition to announce nationwide anti-government protests on Friday.",negative,0.5793622732162476
HM clearly told last yr in LOK SABHA that there wont be any pp as they r trying to adjust schedule back to normal.notice they r reducing the time by a month every yr irrespective of internship completion and our woes. so it wont help their agenda.forget about pp.,2023-12-25 03:46:00,0,2,2024,HM clearly told last yr in LOK SABHA that there wont be any pp as they r trying to adjust schedule back to normal.notice they r reducing the time by a month every yr irrespective of internship completion and our woes. so it wont help their agenda.forget about pp.,negative,0.7520779967308044
Jan 31 lopala 6 guarantee meda edo okati cheyali After that mostly Loksabha Elections Notification ostadi,2023-12-25 03:23:00,8,4,2024,Jan 31 lopala 6 guarantee meda edo okati cheyali After that mostly Loksabha Elections Notification ostadi,neutral,0.8638099431991577
"Maharashtra 2024 Lok Sabha ABP C voters Opinion Poll INDIA ( Cong + NCP + SS ) - 29 NDA ( BJP + Eknath + Ajit ) - 19 INDIA takes a massive lead in Maharashtra compared to 2019 when it got 5/48, NDA down from 42 to 19 in India's Second largest state.",2023-12-25 03:46:00,0,0,2024,"Maharashtra 2024 Lok Sabha ABP C voters Opinion Poll INDIA ( Cong + NCP + SS ) - 29 NDA ( BJP + Eknath + Ajit ) - 19 INDIA takes a massive lead in Maharashtra compared to 2019 when it got 5/48, NDA down from 42 to 19 in India's Second largest state.",neutral,0.8922553062438965
Yha vidhansabha wala mahaul nhi h vidhansabha me log cendidate dekhte h lekin loksabha me indirectly vote modi ko jata h isliye modi ko dete h Mera pure gav me 5-10 vote congress ko milenge baki pure modi ke name pe jayenge,2023-12-25 03:46:00,0,0,2024,Yha vidhansabha wala mahaul nhi h vidhansabha me log cendidate dekhte h lekin loksabha me indirectly vote modi ko jata h isliye modi ko dete h Mera pure gav me 5-10 vote congress ko milenge baki pure modi ke name pe jayenge,neutral,0.8263790607452393
"Agar janta yeh manti ki Sonia Gandhi ka bada haath hai toh 2014, 2018 aur 2019 mein Congress ka safaya nahi hota, filal Cong ki hawa iska faida milega par Lok Sabha clean sweep nahi horaha, aur Sonia Gandhi bilkul factor nahi hai.",2023-12-25 03:45:00,1,1,2024,"Agar janta yeh manti ki Sonia Gandhi ka bada haath hai toh 2014, 2018 aur 2019 mein Congress ka safaya nahi hota, filal Cong ki hawa iska faida milega par Lok Sabha clean sweep nahi horaha, aur Sonia Gandhi bilkul factor nahi hai.",neutral,0.7252538800239563
"Bestest wishes to @Jairam_Ramesh on being appointed as the General Secretary incharge of Communications once again. It’s a good decision at the perfect time. When we are at the doorstep of 2024 Loksabha elections, with the government not leaving any stone unturned to spread their lies and propaganda, when the media has sold its soul, when the Adanis of the world are backing the government with the money they have looted from Indian people, I am more than confident that we will counter their lies and defeat them in this battle for the future of India under your able leadership. Let the fight begin 💪",2023-12-23 17:35:00,138,9,2024,"Bestest wishes to on being appointed as the General Secretary incharge of Communications once again. It’s a good decision at the perfect time. When we are at the doorstep of 2024 Loksabha elections, with the government not leaving any stone unturned to spread their lies and propaganda, when the media has sold its soul, when the Adanis of the world are backing the government with the money they have looted from Indian people, I am more than confident that we will counter their lies and defeat them in this battle for the future of India under your able leadership. Let the fight begin 💪",positive,0.9260790348052979
Rahul bhai baatein karne se kuch nahi hota.First try n win loksabha seats then do the talking.If your party doesn't win 70seats at least then you can't form a strong opposition.Forget India Alliance.Its absolute bullshit.,2023-12-25 03:43:00,0,0,2024,Rahul bhai baatein karne se kuch nahi hota.First try n win loksabha seats then do the talking.If your party doesn't win 70seats at least then you can't form a strong opposition.Forget India Alliance.Its absolute bullshit.,negative,0.6545867919921875
லோக்சபா தேர்தல்: 10 மாநிலங்களில் 333 தொகுதிகளில் பாஜக 226; காங்கிரஸ் 89 இடங்கள்: ABP-C Voter https://tamil.oneindia.com/news/delhi/lok-sabha-election-2024-who-will-win-abp-c-voter-opinion-poll-for-10-states-568883.html #LokSabha #BJP #Congress,2023-12-25 02:41:00,3,0,2024,லோக்சபா தேர்தல்: 10 மாநிலங்களில் 333 தொகுதிகளில் பாஜக 226; காங்கிரஸ் 89 இடங்கள்: ABP-C Voter LokSabha BJP Congress,neutral,0.8038075566291809
"Andhra Pradesh CM Jagan sister.. YS Sharmila, president of YSRTP, is likely to merge her party with Congress in January 2024. She can become the face of Congress in Andhra Pradesh during the state assembly and Lok Sabha polls in 2024 . https://timesofindia.indiatimes.com/city/vijayawada/ys-sharmila-may-join-congress-in-january-campaign-in-andhra-pradesh-during-polls/articleshow/105971518.cms",2023-12-14 09:54:00,25,5,2024,"Andhra Pradesh CM Jagan sister.. YS Sharmila, president of YSRTP, is likely to merge her party with Congress in January 2024. She can become the face of Congress in Andhra Pradesh during the state assembly and Lok Sabha polls in 2024 .",neutral,0.8549869656562805
30 opposition #MPs in #LokSabha suspended for the remaining part of the #WinterSession2023 for their unruly behaviour. Three opposition MPs have been suspended for their grave misconduct in the House till the report of privilege committee comes. @LokSabhaSectt,2023-12-18 10:40:00,55,0,2024,30 opposition MPs in LokSabha suspended for the remaining part of the WinterSession2023 for their unruly behaviour. Three opposition MPs have been suspended for their grave misconduct in the House till the report of privilege committee comes.,negative,0.7791445851325989
"He will stay in BJP, no second thoughts",2023-12-25 03:40:00,1,0,2024,"He will stay in BJP, no second thoughts",neutral,0.5359073877334595
"💡ODISHA has 21 Lok Sabha seats (Aska, Balasore, Bargarh, Berhampur, Bhadrak, Bhubaneswar, Bolangir, Cuttack, Dhenkanal, Jagatsinghpur, Jajpur, Kalahandi, Kandhamal, Kendrapara, Keonjhar, Koraput, Mayurbhanj, Nabarangpur, Puri, Sambalpur, Sundargarh) and 10 Rajya Sabha seats.",2023-12-25 03:40:00,0,0,2024,"💡ODISHA has 21 Lok Sabha seats (Aska, Balasore, Bargarh, Berhampur, Bhadrak, Bhubaneswar, Bolangir, Cuttack, Dhenkanal, Jagatsinghpur, Jajpur, Kalahandi, Kandhamal, Kendrapara, Keonjhar, Koraput, Mayurbhanj, Nabarangpur, Puri, Sambalpur, Sundargarh) and 10 Rajya Sabha seats.",neutral,0.9172189235687256
"Maharashtra: Protests were held all over Maharashtra condemning suspension of MPs from Lok Sabha and Rajya Sabha. In Kolhapur, CPI(M) State Secretary and CC Member Comrade Uday Narkar participated in the protest along with leaders of other parties.",2023-12-23 08:20:00,91,3,2024,"Maharashtra: Protests were held all over Maharashtra condemning suspension of MPs from Lok Sabha and Rajya Sabha. In Kolhapur, CPI(M) State Secretary and CC Member Comrade Uday Narkar participated in the protest along with leaders of other parties.",neutral,0.70381098985672
Post 2024 (loksabha elections) .....,2023-12-25 03:39:00,0,0,2024,Post 2024 (loksabha elections) .....,neutral,0.9401644468307495
"Odisha: At the call of the INDIA bloc , protest demonstrations were held all over the state against suspension of MPs from Lok Sabha and Rajya Sabha. CPI(M) State Secretary Com.  Ali Kishor Patnaik participated in the protest in Bhubaneswar along with leaders of other parties.",2023-12-23 07:23:00,89,0,2024,"Odisha: At the call of the INDIA bloc , protest demonstrations were held all over the state against suspension of MPs from Lok Sabha and Rajya Sabha. CPI(M) State Secretary Com. Ali Kishor Patnaik participated in the protest in Bhubaneswar along with leaders of other parties.",neutral,0.885254442691803
"Communist leader Sitaram Yechury who struggles hard to win a couple of seats in Lok Sabha turns down invitation for Ram Mandir inauguration. भूत पिशाच निकट नहीं आवे, महावीर जब नाम सुनावे 🙏🙏",2023-12-24 12:57:00,30,3,2024,"Communist leader Sitaram Yechury who struggles hard to win a couple of seats in Lok Sabha turns down invitation for Ram Mandir inauguration. भूत पिशाच निकट नहीं आवे, महावीर जब नाम सुनावे 🙏🙏",negative,0.5677359700202942
He switched from JD to INC lost 2 Lok Sabha elections (one each from Ajmer & Jhunjhunu) went to BJP in 2003 (source Wikipedia). Just wondering when was he farming (in the fields)?,2023-12-25 01:47:00,4,1,2024,He switched from JD to INC lost 2 Lok Sabha elections (one each from Ajmer & Jhunjhunu) went to BJP in 2003 (source Wikipedia). Just wondering when was he farming (in the fields)?,neutral,0.6688612103462219
2024 में हाजीपुर लोकसभा का सांसद आप किसे चुनेगें....!!! #आपका_MP_कौन....??? A. पशुपति कुमार पारस (RLJP) B. शिवचंदर राम (RJD) C. इंजी. राजकुमार पासवान (YBS) #LoksabhaElection2024,2023-12-25 03:06:00,1,0,2024,2024 में हाजीपुर लोकसभा का सांसद आप किसे चुनेगें....!!! आपका_MP_कौन....??? A. पशुपति कुमार पारस (RLJP) B. शिवचंदर राम (RJD) C. इंजी. राजकुमार पासवान (YBS) LoksabhaElection2024,neutral,0.8292158842086792
"देशभक्ति और आत्मत्याग की प्रतिमूर्ति... बनारस हिंदू विश्वविद्यालय के संस्थापक, एक महान शिक्षाविद् भारत रत्न 'महामना' पंडित मदन मोहन मालवीय जी की जयंती पर कोटिशः प्रणाम🙏 #MadanMohanMalaviya #BHU",2023-12-25 03:35:00,0,0,2024,"देशभक्ति और आत्मत्याग की प्रतिमूर्ति... बनारस हिंदू विश्वविद्यालय के संस्थापक, एक महान शिक्षाविद् भारत रत्न 'महामना' पंडित मदन मोहन मालवीय जी की जयंती पर कोटिशः प्रणाम🙏 MadanMohanMalaviya BHU",neutral,0.786467969417572
"सदैव अटल !!! भाजपा के पितृ पुरुष, लाखो कार्यकर्ताओं के पथ प्रदर्शक, हमारे प्रेरणा स्रोत भारत रत्न, पूर्व प्रधानमंत्री श्रद्धेय श्री अटल बिहारी वाजपेयी जी की जयंती पर सादर नमन🙏 सभी देशवासियों को सुशासन दिवस की शुभकामनाएं #AtalBihariVajpayeeJi #SushasanDiwas",2023-12-25 03:34:00,0,0,2024,"सदैव अटल !!! भाजपा के पितृ पुरुष, लाखो कार्यकर्ताओं के पथ प्रदर्शक, हमारे प्रेरणा स्रोत भारत रत्न, पूर्व प्रधानमंत्री श्रद्धेय श्री अटल बिहारी वाजपेयी जी की जयंती पर सादर नमन🙏 सभी देशवासियों को सुशासन दिवस की शुभकामनाएं AtalBihariVajpayeeJi SushasanDiwas",neutral,0.7649548649787903
Can congress win the Cuttack loksabha seat in Odisha? I am asking this because they fought very well in the Mayor election .,2023-12-24 05:00:00,289,37,2024,Can congress win the Cuttack loksabha seat in Odisha? I am asking this because they fought very well in the Mayor election .,positive,0.6711856126785278
"Birthday wishes to Shri Manoj Kishorbhai Kotak Ji, Lok Sabha MP from Mumbai-North-East(Maharashtra). I pray for your long and healthy life.  लोक सभा खासदार श्री मनोज किशोरभाई कोटक यांना वाढदिवसाच्या हार्दिक शुभेच्छा. मी आपल्या निरामय दीर्घायुष्याची कामना करतो. @manoj_kotak",2023-12-25 03:32:00,0,0,2024,"Birthday wishes to Shri Manoj Kishorbhai Kotak Ji, Lok Sabha MP from Mumbai-North-East(Maharashtra). I pray for your long and healthy life. लोक सभा खासदार श्री मनोज किशोरभाई कोटक यांना वाढदिवसाच्या हार्दिक शुभेच्छा. मी आपल्या निरामय दीर्घायुष्याची कामना करतो.",positive,0.8943852186203003
"Modi addresses election strategy meeting at BJP headquarters, sounds poll bugle for Lok Sabha 2024 , https://www.trendradars.com/h/article-321430-modi-addresses-election-strategy-meeting-at-bjp-headquarters-sounds-poll-bugle-for-lok-sabha-2024/",2023-12-25 03:30:00,0,0,2024,"Modi addresses election strategy meeting at BJP headquarters, sounds poll bugle for Lok Sabha 2024 ,",neutral,0.8755250573158264
Probably and most unfortunately INDI Alliance may face severe setbacks in the forthcoming 2024 Lok Sabha elections. Congress efforts to turns a new page is always undone by an inherent gentic flaw. I will delete this post if wrong. Will regretfully retain if correct.,2023-12-25 03:28:00,1,0,2024,Probably and most unfortunately INDI Alliance may face severe setbacks in the forthcoming 2024 Lok Sabha elections. Congress efforts to turns a new page is always undone by an inherent gentic flaw. I will delete this post if wrong. Will regretfully retain if correct.,negative,0.8397884368896484
"Very interesting perspective on the Lok Sabha Elections 2024. I agree that Rahul Gandhi's work is worth noting. However, I believe it's crucial to analyze all the candidates and parties thoroughly before making a decision. Let's hope for a fair and transparent election process.",2023-12-25 03:27:00,0,0,2024,"Very interesting perspective on the Lok Sabha Elections 2024. I agree that Rahul Gandhi's work is worth noting. However, I believe it's crucial to analyze all the candidates and parties thoroughly before making a decision. Let's hope for a fair and transparent election process.",positive,0.8943939805030823
Gopal etaliya ko loksabha tkt do,2023-12-25 03:24:00,0,0,2024,Gopal etaliya ko loksabha tkt do,neutral,0.8636711239814758
ABP C-Voter Lok Sabha Survey: पुढील पंतप्रधान कोण मोदी की खर्गे; काय सांगतो ओपिनियम पोल? @kharge @narendramodi @BJP4India https://www.mymahanagar.com/desh-videsh/abp-c-voter-lok-sabha-survey-who-will-be-the-next-prime-minister-modi-or-kharge-what-do-you-say-pup/685047/,2023-12-25 03:22:00,0,0,2024,ABP C-Voter Lok Sabha Survey: पुढील पंतप्रधान कोण मोदी की खर्गे; काय सांगतो ओपिनियम पोल?,neutral,0.8448953032493591
"The entire Modi ecosystem now being galvanised on the so-called mimicry non-issue, while it remains silent on the real issue of why and how a BJP MP from Mysuru facilitated entry of two intruders into Lok Sabha on December 13th — who are now charged under the anti-terror law UAPA. The entire ecosystem is also silent on the summary suspension of 142 MPs for making a perfectly legitimate demand.",2023-12-20 06:18:00,1256,230,2024,"The entire Modi ecosystem now being galvanised on the so-called mimicry non-issue, while it remains silent on the real issue of why and how a BJP MP from Mysuru facilitated entry of two intruders into Lok Sabha on December 13th — who are now charged under the anti-terror law UAPA. The entire ecosystem is also silent on the summary suspension of 142 MPs for making a perfectly legitimate demand.",negative,0.6590685844421387
"Watch when Legendary Actor , A TMC Lok Sabha MP & Former Cabinet Minister Shatrugan Sinha was asked on National Mainstream Channel Who is now the bravest leader in India ? @ShatruganSinha without any hesitation says @ArvindKejriwal is the Bravest Leader in our Country 🔥🔥",2023-12-24 05:02:00,23,0,2024,"Watch when Legendary Actor , A TMC Lok Sabha MP & Former Cabinet Minister Shatrugan Sinha was asked on National Mainstream Channel Who is now the bravest leader in India ? without any hesitation says is the Bravest Leader in our Country 🔥🔥",positive,0.8219928741455078
Ye loksabha elections tak aise hi rota rahega..,2023-12-25 03:21:00,8,0,2024,Ye loksabha elections tak aise hi rota rahega..,neutral,0.8146911263465881
"Mr. Ramesh, pass issue is not a crime, After taking the pass, the pass holder misuse the pass to enter loksabha hall with colour powder etc., No doubt hear is a security lapse for not checking the culprit from top to bottom.How can say prathap is responsible.",2023-12-25 03:21:00,0,0,2024,"Mr. Ramesh, pass issue is not a crime, After taking the pass, the pass holder misuse the pass to enter loksabha hall with colour powder etc., No doubt hear is a security lapse for not checking the culprit from top to bottom.How can say prathap is responsible.",negative,0.5171965956687927
"#ElectionsWithBS |With #BJP on a roll, UP a sour grape for Opposition ahead of #LokSabha polls The question lingers: Is the heady blend of a bold excise policy & airport expansion enough of a pick-me-up, writes Aditi Phadnis #UttarPradesh #Elections2024 https://mybs.in/2cKB6lC",2023-12-25 03:20:00,2,0,2024,"ElectionsWithBS |With BJP on a roll, UP a sour grape for Opposition ahead of LokSabha polls The question lingers: Is the heady blend of a bold excise policy & airport expansion enough of a pick-me-up, writes Aditi Phadnis UttarPradesh Elections2024",neutral,0.8419121503829956
"There are 42 Lok Sabha seats in West Bengal. The ruling Trinamool Congress still looks powerful here. According to the c voter opinion poll, if elections were held today, BJP would have got 16-18 seats, TMC would have got 23-25 ​​seats and Congress+ would have got 0-2 seats in Bengal.",2023-12-25 03:19:00,6,0,2024,"There are 42 Lok Sabha seats in West Bengal. The ruling Trinamool Congress still looks powerful here. According to the c voter opinion poll, if elections were held today, BJP would have got 16-18 seats, TMC would have got 23-25 ​​seats and Congress+ would have got 0-2 seats in Bengal.",neutral,0.7441677451133728
"Banerjee, who was suspended from Lok Sabha, termed his mimicry an “art form”, and asserted that he would continue to do so a “thousand times” Full story: https://www.news18.com/politics/tmc-kalyan-banerjee-again-mimics-jagdeep-dhankhar-my-fundamental-right-vp-says-he-is-a-sufferer-8716603.html #tmc #trinamoolcongress #kalyanbanerjee #jagdeepdhankar #loksabha #parliament #wintersession",2023-12-25 03:19:00,1,0,2024,"Banerjee, who was suspended from Lok Sabha, termed his mimicry an “art form”, and asserted that he would continue to do so a “thousand times” Full story: tmc trinamoolcongress kalyanbanerjee jagdeepdhankar loksabha parliament wintersession",neutral,0.7802781462669373
बिहार से राज्य सभा सांसद डा. फैयाज अहमद जी को जन्मदिवस की हार्दिक शुभकामनाएं। हम आपके सुखद एवं स्वस्थ जीवन की मंगल कामना करते हैं। @FaiyazAhmadRJD,2023-12-25 03:18:00,23,2,2024,बिहार से राज्य सभा सांसद डा. फैयाज अहमद जी को जन्मदिवस की हार्दिक शुभकामनाएं। हम आपके सुखद एवं स्वस्थ जीवन की मंगल कामना करते हैं।,neutral,0.7648265361785889
Amit Shah eyes 10% vote-share boost for BJP in 2024 Lok Sabha polls toi.in/GnPL6Y/a24gk,2023-12-24 03:15:00,83,0,2024,Amit Shah eyes 10% vote-share boost for BJP in 2024 Lok Sabha polls toi.in/GnPL6Y/a24gk,neutral,0.5345694422721863
"The BJP is attempting to destablise India's federal and secular structures. The INDIA alliance will oust the BJP in the 2024 Lok Sabha elections. A journey of a thousand miles begins with a single step.  The work begins today!  : Shri @tiruchisiva, DMK's Rajya Sabha MP #SaveDemocracy",2023-12-22 10:37:00,819,28,2024,"The BJP is attempting to destablise India's federal and secular structures. The INDIA alliance will oust the BJP in the 2024 Lok Sabha elections. A journey of a thousand miles begins with a single step. The work begins today! : Shri , DMK's Rajya Sabha MP SaveDemocracy",negative,0.5749081373214722
"ABP news in kitty of Ruling Party,that is why he targets Rahul Gandhi even he doesn't have any post except Lok sabha members To please Master doing fake survey sitting in A/C roomi",2023-12-24 16:24:00,1,0,2024,"ABP news in kitty of Ruling Party,that is why he targets Rahul Gandhi even he doesn't have any post except Lok sabha members To please Master doing fake survey sitting in A/C roomi",negative,0.6794705390930176
BJP banks on January rollout of UCC in Uttarakhand to secure votes for Lok Sabha polls toi.in/lYNszZ/a24gk,2023-12-24 04:45:00,10,0,2024,BJP banks on January rollout of UCC in Uttarakhand to secure votes for Lok Sabha polls toi.in/lYNszZ/a24gk,neutral,0.8710377812385559
"BSP ll give more tickets to Muslim candidates,because BSP wants to defeat SP in 2024 lok sabha election in UP.",2023-12-25 03:15:00,1,0,2024,"BSP ll give more tickets to Muslim candidates,because BSP wants to defeat SP in 2024 lok sabha election in UP.",neutral,0.748862087726593
आज लोकसभा झाल्या तर कुणाला किती जागा मिळणार? सर्व्हे आला समोर #Loksabha #BJP #MahavikasAghadi #Maharshtra https://www.lokmat.com/maharashtra/lok-sabha-election-survey-bjp-shiv-sena-grand-alliance-suffers-in-maharashtra-congress-ncp-uddhav-thackeray-group-gains-a-a629/,2023-12-25 03:14:00,6,0,2024,आज लोकसभा झाल्या तर कुणाला किती जागा मिळणार? सर्व्हे आला समोर Loksabha BJP MahavikasAghadi Maharshtra,neutral,0.7969062328338623
"VIDEO | ""The BJP will beat Lalu Prasad Yadav and Nitish Kumar - the two members of the INDI alliance - in 2024 (Lok Sabha elections),"" says Bihar BJP president @samrat4bjp.",2023-12-24 05:37:00,165,2,2024,"VIDEO | ""The BJP will beat Lalu Prasad Yadav and Nitish Kumar - the two members of the INDI alliance - in 2024 (Lok Sabha elections),"" says Bihar BJP president .",neutral,0.6772948503494263
Are you still a Lok Sabha MP?,2023-12-25 03:14:00,0,0,2024,Are you still a Lok Sabha MP?,neutral,0.9531027674674988
"📜 #AnalyzerChronicles: Ahead of the 2024 Lok Sabha polls, a nationwide Uniform Civil Code (UCC) is BJP's prime agenda! - Also, Sources indicate Home Ministry's extensive meetings to ensure the implementation of CAA before elections :)",2023-12-21 14:03:00,531,6,2024,"📜 AnalyzerChronicles: Ahead of the 2024 Lok Sabha polls, a nationwide Uniform Civil Code (UCC) is BJP's prime agenda! - Also, Sources indicate Home Ministry's extensive meetings to ensure the implementation of CAA before elections :)",neutral,0.6366172432899475
"In June 2012, Lal Krishna Advani, suggested that appointment of CEC should be made by a bipartisan collegium consisting of the PM, the CJ, the Law Minister and the Leaders of the Opposition in the Lok Sabha and the Rajya Sabha till then especially during CON Govt rule all these CEC were appointed by the President on the advice of Council of Ministers. All that was fair between 2004-2014 is not fair now #DoubleStandards",2023-12-24 05:57:00,25,1,2024,"In June 2012, Lal Krishna Advani, suggested that appointment of CEC should be made by a bipartisan collegium consisting of the PM, the CJ, the Law Minister and the Leaders of the Opposition in the Lok Sabha and the Rajya Sabha till then especially during CON Govt rule all these CEC were appointed by the President on the advice of Council of Ministers. All that was fair between 2004-2014 is not fair now DoubleStandards",neutral,0.8757911324501038
"""BJP will win 400 plus seats in 2024 Lok Sabha polls"": Union Minister Gajendra Singh Shekhawat #BJP",2023-12-25 03:11:00,1,0,2024,"""BJP will win 400 plus seats in 2024 Lok Sabha polls"": Union Minister Gajendra Singh Shekhawat BJP",neutral,0.5052374005317688
"It was year 1998. BJP was single largest party and NDA was the strongest alliance in Loksabha. Vajpayee was elected as the PM. Confidence motion was put before the house. Congress and CPM had joined hands to vote against NDA government. Leaders of both parties were sitting together and attacking BJP NDA. Whenever Congress leader spoke, the CPM leaders were thumping the desks and vice-versa. Whenever a leader from NDA was attacking Congress, leaders from CPM were counter attacking fiercely. All 'secular' forces were united to dethrone the Vajpayee government. Veteran leader George Fernandez was defending the government. He said ""Speaker sir, I want to inform you what a strong organisation has to say something on Congress party"".He took out a book while speaking so and started reading. ""Congress party is the fountainhead of corruption...(big shouting from congress benches)...The British left and the Congress party replaced them. Over the past 50 years, Congress has established ever new records in corruption. (again big shouting from congress ) Congress ministers have often been found embroiled in several scams, including Mundra scam, Churhat Lottery scam, Bofors scam, Sukhram scam, Harshad Mehta scam, JMM Bribery scam and Hawala, that took place during its regime. Congress has corrupted and misused every institution of the Indian democracy."" At this point, both Congress and CPM got charged up and said ""Speaker sir! Please ask the honourable member to name the source, We can't allow him to read from any unnamed document. Please restrain him."" George Fernandez said ""Please don't get impatient. I'll definitely name the source. But first let me complete what it says. It says, ""The Congress party's record on Secularism too has been chequered. At various times in history, Congressi goondas took active part in riots and killed people. 3000 Sikhs were butchered by them on streets of Delhi and prime minister Rajiv Gandhi watched it silently."" Big shouting and noise again from benches of Congress and CPM. George Fernandez, ""Just give me two minutes...and then I'll reveal the source"" He continued to read from book ""Speaker sir, it says, ""No country in history has ever progressed with bad governance and excessive corruption as partners. None! The Congress suffers from this twin ailment since decades. Its survival is detrimental to the progress of India.Therefore, in the interest this nation, it's important that Congress party is wiped out from this land for ever."" Big shouting and noise again from benches of Congress and CPM. ""Speaker sir! It cannot go on like this. We will not allow him to speak any further if he doesn't give the source he is quoting from."" ""Ok,Ok"" said George ,""There is more to read. But since our friends from Congress. and CPM are so desperate to know the source, let me tell you what I am reading from... ...I'm reading from the Manifesto of CPI(M) issued just before these Lok Sabha elections."" Pin drop silence in the house. Leaders from Congress and CPM were starring each other.. George Fernandes , ""What happened, why silent ? You were shouting we want to know the source, we want to know the source. Once you heard the name of the source, your voices were mute. Shame on your selves ! Definitely you should be ashamed ... My friends from the Left! Either you don't read your own manifesto or you don't mean a word of it. In either case, you should be ashamed of yourselves. In the name of secularism, you have joined hands with Congress that has broken all records in corruption. I urge you to introspect to determine your future course of action. And if you do not mend your ways, your party will become history, sooner rather than later."" - George Fernandez What a foreseen future, infact communists are getting wiped one by one in BHARAT now' ....... courtesy @BS_Prasad",2023-12-22 06:11:00,4433,94,2024,"It was year 1998. BJP was single largest party and NDA was the strongest alliance in Loksabha. Vajpayee was elected as the PM. Confidence motion was put before the house. Congress and CPM had joined hands to vote against NDA government. Leaders of both parties were sitting together and attacking BJP NDA. Whenever Congress leader spoke, the CPM leaders were thumping the desks and vice-versa. Whenever a leader from NDA was attacking Congress, leaders from CPM were counter attacking fiercely. All 'secular' forces were united to dethrone the Vajpayee government. Veteran leader George Fernandez was defending the government. He said ""Speaker sir, I want to inform you what a strong organisation has to say something on Congress party"".He took out a book while speaking so and started reading. ""Congress party is the fountainhead of corruption...(big shouting from congress benches)...The British left and the Congress party replaced them. Over the past 50 years, Congress has established ever new records in corruption. (again big shouting from congress ) Congress ministers have often been found embroiled in several scams, including Mundra scam, Churhat Lottery scam, Bofors scam, Sukhram scam, Harshad Mehta scam, JMM Bribery scam and Hawala, that took place during its regime. Congress has corrupted and misused every institution of the Indian democracy."" At this point, both Congress and CPM got charged up and said ""Speaker sir! Please ask the honourable member to name the source, We can't allow him to read from any unnamed document. Please restrain him."" George Fernandez said ""Please don't get impatient. I'll definitely name the source. But first let me complete what it says. It says, ""The Congress party's record on Secularism too has been chequered. At various times in history, Congressi goondas took active part in riots and killed people. 3000 Sikhs were butchered by them on streets of Delhi and prime minister Rajiv Gandhi watched it silently."" Big shouting and noise again from benches of Congress and CPM. George Fernandez, ""Just give me two minutes...and then I'll reveal the source"" He continued to read from book ""Speaker sir, it says, ""No country in history has ever progressed with bad governance and excessive corruption as partners. None! The Congress suffers from this twin ailment since decades. Its survival is detrimental to the progress of India.Therefore, in the interest this nation, it's important that Congress party is wiped out from this land for ever."" Big shouting and noise again from benches of Congress and CPM. ""Speaker sir! It cannot go on like this. We will not allow him to speak any further if he doesn't give the source he is quoting from."" ""Ok,Ok"" said George ,""There is more to read. But since our friends from Congress. and CPM are so desperate to know the source, let me tell you what I am reading from... ...I'm reading from the Manifesto of CPI(M) issued just before these Lok Sabha elections."" Pin drop silence in the house. Leaders from Congress and CPM were starring each other.. George Fernandes , ""What happened, why silent ? You were shouting we want to know the source, we want to know the source. Once you heard the name of the source, your voices were mute. Shame on your selves ! Definitely you should be ashamed ... My friends from the Left! Either you don't read your own manifesto or you don't mean a word of it. In either case, you should be ashamed of yourselves. In the name of secularism, you have joined hands with Congress that has broken all records in corruption. I urge you to introspect to determine your future course of action. And if you do not mend your ways, your party will become history, sooner rather than later."" - George Fernandez What a foreseen future, infact communists are getting wiped one by one in BHARAT now' ....... courtesy",neutral,0.786528468132019
"Modi ji ko kya ho gya aaj , santa claus lgta hai raat ko Loksabha mai majority ka gift rkh k gaye hai..",2023-12-25 03:09:00,2,0,2024,"Modi ji ko kya ho gya aaj , santa claus lgta hai raat ko Loksabha mai majority ka gift rkh k gaye hai..",neutral,0.7969322800636292
"This is again a wrong prediction, NDA is set to win 80% of lok sabha seats in Bihar, due to huge anti incumbancy and consolidation of hindu votes. Ram Mandir ll also prove to be a big factor while voting. So BJP ll win around 80% seats in Bihar in 2024.",2023-12-25 03:09:00,5,0,2024,"This is again a wrong prediction, NDA is set to win 80% of lok sabha seats in Bihar, due to huge anti incumbancy and consolidation of hindu votes. Ram Mandir ll also prove to be a big factor while voting. So BJP ll win around 80% seats in Bihar in 2024.",neutral,0.6899498105049133
"""Baune Duryodhan...."" Lok Sabha MP Ramesh Bidhuri rains fire at Opposition with ""Hand-hitting"" Facts 😊😊😊👇",2023-12-24 03:36:00,153,2,2024,"""Baune Duryodhan...."" Lok Sabha MP Ramesh Bidhuri rains fire at Opposition with ""Hand-hitting"" Facts 😊😊😊👇",neutral,0.6802436709403992
Tactical retreats for strategic gains …. Sanjay ji Keep the faith Can go full throttle again post the lok sabha + Haryana assembly elections,2023-12-24 08:24:00,124,9,2024,Tactical retreats for strategic gains …. Sanjay ji Keep the faith Can go full throttle again post the lok sabha + Haryana assembly elections,neutral,0.5121113657951355
"This is India’s Lok Sabha now. Mother of democracy, indeed.",2023-12-22 10:49:00,3458,19,2024,"This is India’s Lok Sabha now. Mother of democracy, indeed.",positive,0.7990554571151733
"Kharge has adopted a lame-duck approach towards Rajasthan, refusing to punish Ashok Gehlot. Clearly Kharge, for some inexplicable reasons, wants to retain or try out Gehlot till the Lok Sabha polls. @rasheedkidwai writes https://www.indiatoday.in/opinion/story/mallikarjun-kharge-congress-revamp-rahul-gandhi-sonia-gandhi-priyanka-gandhi-sachin-pilot-lok-sabha-polls-2479894-2023-12-24?utm_source=washare&utm_medium=socialicons&utm_campaign=shareurltracking",2023-12-25 01:35:00,7,0,2024,"Kharge has adopted a lame-duck approach towards Rajasthan, refusing to punish Ashok Gehlot. Clearly Kharge, for some inexplicable reasons, wants to retain or try out Gehlot till the Lok Sabha polls. writes",negative,0.6933485269546509
🚨No🚨 Who loves Indian army 🇮🇳 never pass without liking this post ❤️ #शहजादा_बेशर्म_है #INDIAAlliance #Pappu #GauriKhan #BookMyShow #bumrah #Modi_ji #ChennaiSuperKings #DunkiBoxOfficeScam #LokSabha,2023-12-19 16:07:00,72,4,2024,🚨No🚨 Who loves Indian army 🇮🇳 never pass without liking this post ❤️ शहजादा_बेशर्म_है INDIAAlliance Pappu GauriKhan BookMyShow bumrah Modi_ji ChennaiSuperKings DunkiBoxOfficeScam LokSabha,positive,0.7149696350097656
"He will make sure Congress puts a dummy candidate in Chevella, He has his contacts.",2023-12-25 03:03:00,4,1,2024,"He will make sure Congress puts a dummy candidate in Chevella, He has his contacts.",neutral,0.48462462425231934
"This ll reverse, because TMC is facing huge anti-incumbancy and hindu votes are getting consolidated this time more than ever,due to various factors including Ram Mandir. So it is obvious that BJP ll win more lok sabha seats than TMC in 2024.",2023-12-25 03:03:00,1,0,2024,"This ll reverse, because TMC is facing huge anti-incumbancy and hindu votes are getting consolidated this time more than ever,due to various factors including Ram Mandir. So it is obvious that BJP ll win more lok sabha seats than TMC in 2024.",neutral,0.676389217376709
"Sabseh kathin yatra I.N.D.I. ALLIANCE meh Akhilesh aur Rahul kee hai...dono Vamshwad keh Pappu , vidhan sabha aur lok sabha harr teh jah rahe hai...ek hai tottichor aur dusra hai bhrashtachari aur Tax chor...",2023-12-25 03:01:00,0,0,2024,"Sabseh kathin yatra I.N.D.I. ALLIANCE meh Akhilesh aur Rahul kee hai...dono Vamshwad keh Pappu , vidhan sabha aur lok sabha harr teh jah rahe hai...ek hai tottichor aur dusra hai bhrashtachari aur Tax chor...",neutral,0.8169065713882446
Bhai tumhari inhi harkato ki vjh se Pilot saab 2018 m CM nhi bn paaye kyu unko khtm krne pr tule huye ho Jis BJP k liye vote de rhe ho uska thora pta kro ki uska kya seen hai desh ki kya halat kr di hai rhi Baat Pilot saab bo Rajasthan m hi rhinge bs Lok sabha k liye vha kaam h,2023-12-25 03:00:00,0,0,2024,Bhai tumhari inhi harkato ki vjh se Pilot saab 2018 m CM nhi bn paaye kyu unko khtm krne pr tule huye ho Jis BJP k liye vote de rhe ho uska thora pta kro ki uska kya seen hai desh ki kya halat kr di hai rhi Baat Pilot saab bo Rajasthan m hi rhinge bs Lok sabha k liye vha kaam h,neutral,0.7878738045692444
"Very well said, when a leader couldnt win an election why same person is given back to back charge. Kumari seilja should have focussed on upcoming haryana elections. Strange to see. Pilot should hv been entrusted Raj to consolidate for Lok sabha @RahulGandhi",2023-12-25 02:59:00,1,0,2024,"Very well said, when a leader couldnt win an election why same person is given back to back charge. Kumari seilja should have focussed on upcoming haryana elections. Strange to see. Pilot should hv been entrusted Raj to consolidate for Lok sabha",negative,0.6204755306243896
